Date,Adj Close,Close,High,Low,Open,Volume
2009-12-01,5.891300678253174,7.034643173217773,7.241786003112793,7.0296430587768555,7.2228569984436035,465763200
2009-12-02,5.869166374206543,7.008213996887207,7.193571090698242,6.9910712242126465,7.105713844299316,715260000
2009-12-03,5.876641750335693,7.0171427726745605,7.106429100036621,7.009643077850342,7.050714015960693,448719600
2009-12-04,5.782129764556885,6.904285907745361,7.138570785522461,6.795713901519775,7.132143020629883,826884800
2009-12-07,5.651426315307617,6.748213768005371,6.9203572273254395,6.7385711669921875,6.904285907745361,714758800
2009-12-08,5.67894172668457,6.781071186065674,6.869643211364746,6.739285945892334,6.762856960296631,690398800
2009-12-09,5.916125774383545,7.064286231994629,7.07714319229126,6.796785831451416,6.8314290046691895,684782000
2009-12-10,5.875148773193359,7.01535701751709,7.132143020629883,7.00428581237793,7.125,489669600
2009-12-11,5.822507381439209,6.952499866485596,7.0714287757873535,6.908214092254639,7.063570976257324,429774800
2009-12-14,5.891597747802734,7.034999847412109,7.0510711669921875,6.877142906188965,6.977499961853027,495790400
2009-12-15,5.807552814483643,6.934642791748047,7.053928852081299,6.902500152587891,6.993928909301758,419459600
2009-12-16,5.833277225494385,6.965356826782227,7.017857074737549,6.948214054107666,6.9678568840026855,352984800
2009-12-17,5.738461017608643,6.852142810821533,6.964285850524902,6.8214287757873535,6.937857151031494,388838800
2009-12-18,5.845240592956543,6.979642868041992,6.982142925262451,6.878571033477783,6.898929119110107,608770400
2009-12-21,5.928985118865967,7.0796427726745605,7.1339287757873535,6.988214015960693,7.001786231994629,611906400
2009-12-22,5.9926934242248535,7.15571403503418,7.173213958740234,7.09499979019165,7.122857093811035,349515600
2009-12-23,6.044734954833984,7.2178568840026855,7.2278571128845215,7.171785831451416,7.185713768005371,345525600
2009-12-24,6.2523088455200195,7.465713977813721,7.476786136627197,7.262499809265137,7.2696428298950195,500889200
2009-12-28,6.3291778564453125,7.557499885559082,7.64107084274292,7.4860711097717285,7.561429023742676,644565600
2009-12-29,6.2541046142578125,7.4678568840026855,7.597143173217773,7.4546427726745605,7.593928813934326,445205600
2009-12-30,6.330075740814209,7.558570861816406,7.5714287757873535,7.439642906188965,7.458213806152344,412084400
2009-12-31,6.302855491638184,7.526071071624756,7.619643211364746,7.519999980926514,7.611785888671875,352410800
2010-01-04,6.400958061218262,7.643214225769043,7.660714149475098,7.585000038146973,7.622499942779541,493729600
2010-01-05,6.412024974822998,7.656428813934326,7.699643135070801,7.6160712242126465,7.664286136627197,601904800
2010-01-06,6.310034275054932,7.534643173217773,7.68678617477417,7.526785850524902,7.656428813934326,552160000
2010-01-07,6.298370361328125,7.520713806152344,7.5714287757873535,7.466071128845215,7.5625,477131200
2010-01-08,6.340244770050049,7.570713996887207,7.5714287757873535,7.466429233551025,7.510714054107666,447610800
2010-01-11,6.284313201904297,7.503929138183594,7.607142925262451,7.444643020629883,7.599999904632568,462229600
2010-01-12,6.212827205657959,7.4185709953308105,7.491786003112793,7.372142791748047,7.471070766448975,594459600
2010-01-13,6.3004631996154785,7.523213863372803,7.533214092254639,7.289286136627197,7.423929214477539,605892000
2010-01-14,6.263974189758301,7.479642868041992,7.5164289474487305,7.465000152587891,7.503929138183594,432894000
2010-01-15,6.159291744232178,7.354642868041992,7.557143211364746,7.352499961853027,7.533214092254639,594067600
2010-01-19,6.431766986846924,7.679999828338623,7.685357093811035,7.401429176330566,7.440357208251953,730007600
2010-01-20,6.332765579223633,7.56178617477417,7.698214054107666,7.482142925262451,7.675356864929199,612152800
2010-01-21,6.223297595977783,7.431070804595947,7.618214130401611,7.400356769561768,7.574285984039307,608154400
2010-01-22,5.914629936218262,7.0625,7.410714149475098,7.041429042816162,7.385000228881836,881767600
2010-01-25,6.07374906539917,7.252500057220459,7.310713768005371,7.1496429443359375,7.232500076293945,1065699600
2010-01-26,6.1595892906188965,7.355000019073486,7.632500171661377,7.235000133514404,7.3553571701049805,1867110000
2010-01-27,6.217615127563477,7.424285888671875,7.520713806152344,7.126070976257324,7.387499809265137,1722568400
2010-01-28,5.96068811416626,7.117499828338623,7.339285850524902,7.096428871154785,7.318929195404053,1173502400
2010-01-29,5.744443893432617,6.859285831451416,7.221428871154785,6.794642925262451,7.181428909301758,1245952400
2010-02-01,5.824302673339844,6.9546427726745605,7.0,6.8321428298950195,6.870357036590576,749876400
2010-02-02,5.858098030090332,6.994999885559082,7.0114288330078125,6.906428813934326,6.996786117553711,698342400
2010-02-03,5.958893775939941,7.115356922149658,7.150000095367432,6.943571090698242,6.9703569412231445,615328000
2010-02-04,5.744144439697266,6.85892915725708,7.0846428871154785,6.841785907745361,7.026071071624756,757652000
2010-02-05,5.846136569976807,6.980713844299316,7.0,6.816071033477783,6.879642963409424,850306800
2010-02-08,5.806057929992676,6.932857036590576,7.067142963409424,6.9285712242126465,6.98892879486084,478270800
2010-02-09,5.867969989776611,7.006785869598389,7.0535712242126465,6.955357074737549,7.014999866485596,632886800
2010-02-10,5.835967063903809,6.968571186065674,7.021429061889648,6.937857151031494,6.996070861816406,370361600
2010-02-11,5.942144870758057,7.0953569412231445,7.1339287757873535,6.930714130401611,6.960000038146973,550345600
2010-02-12,5.993292331695557,7.156428813934326,7.2014288902282715,6.982142925262451,7.075356960296631,655468800
2010-02-16,6.083617210388184,7.264286041259766,7.2746429443359375,7.197143077850342,7.2121429443359375,543737600
2010-02-17,6.058197021484375,7.23392915725708,7.296785831451416,7.1735711097717285,7.292500019073486,436396800
2010-02-18,6.069561958312988,7.247499942779541,7.28178596496582,7.175714015960693,7.201070785522461,422825200
2010-02-19,6.03187370300293,7.202499866485596,7.257143020629883,7.182499885559082,7.209286212921143,415469600
2010-02-22,5.9944891929626465,7.1578569412231445,7.232142925262451,7.11392879486084,7.226428985595703,390563600
2010-02-23,5.893989086151123,7.0378570556640625,7.190357208251953,6.989643096923828,7.142857074737549,575094800
2010-02-24,6.001667499542236,7.166429042816162,7.194285869598389,7.065713882446289,7.0796427726745605,460566400
2010-02-25,6.041745662689209,7.214285850524902,7.244999885559082,7.03178596496582,7.049285888671875,665126000
2010-02-26,6.1201090812683105,7.307857036590576,7.327499866485596,7.214285850524902,7.2278571128845215,507460800
2010-03-01,6.250812530517578,7.463929176330566,7.482142925262451,7.337500095367432,7.348214149475098,550093600
2010-03-02,6.2466278076171875,7.458929061889648,7.5296430587768555,7.419285774230957,7.497499942779541,566546400
2010-03-03,6.260982513427734,7.476070880889893,7.495357036590576,7.42642879486084,7.4621429443359375,372052800
2010-03-04,6.302258014678955,7.525356769561768,7.5328569412231445,7.451070785522461,7.474286079406738,366041200
2010-03-05,6.548711776733398,7.819643020629883,7.846428871154785,7.6653571128845215,7.67642879486084,899620400
2010-03-08,6.552600860595703,7.824285984039307,7.86035680770874,7.794642925262451,7.857500076293945,429889600
2010-03-09,6.670445919036865,7.965000152587891,8.035714149475098,7.78178596496582,7.796785831451416,920259200
2010-03-10,6.724880695343018,8.029999732971191,8.052857398986816,7.971428871154785,7.993928909301758,596218000
2010-03-11,6.744619369506836,8.053570747375488,8.053570747375488,7.975714206695557,7.996786117553711,405700400
2010-03-12,6.77752161026001,8.092857360839844,8.133213996887207,8.0625,8.120356559753418,416323600
2010-03-15,6.694972991943359,7.994286060333252,8.053570747375488,7.8660712242126465,8.049285888671875,493502800
2010-03-16,6.7132158279418945,8.016071319580078,8.03499984741211,7.946785926818848,8.006428718566895,446908000
2010-03-17,6.703344821929932,8.00428581237793,8.087499618530273,7.973928928375244,8.032142639160156,450956800
2010-03-18,6.719198703765869,8.023214340209961,8.035714149475098,7.950356960296631,8.003570556640625,342109600
2010-03-19,6.647415637969971,7.9375,8.044285774230957,7.901071071624756,8.028214454650879,559445600
2010-03-22,6.722190856933594,8.026785850524902,8.071429252624512,7.862500190734863,7.873929023742676,456419600
2010-03-23,6.830164909362793,8.15571403503418,8.170714378356934,8.003570556640625,8.058570861816406,602431200
2010-03-24,6.8603739738464355,8.19178581237793,8.221428871154785,8.125356674194336,8.130000114440918,597780400
2010-03-25,6.779018402099609,8.094642639160156,8.248929023742676,8.08035659790039,8.247142791748047,542284400
2010-03-26,6.906133651733398,8.246429443359375,8.283928871154785,8.162500381469727,8.176786422729492,640875200
2010-03-29,6.950699329376221,8.299642562866211,8.352499961853027,8.272143363952637,8.321429252624512,540744400
2010-03-30,7.05418586730957,8.423213958740234,8.481429100036621,8.366070747375488,8.449999809265137,527310000
2010-03-31,7.028761386871338,8.39285659790039,8.450357437133789,8.373571395874023,8.410357475280762,430659600
2010-04-01,7.05777645111084,8.427499771118164,8.526070594787598,8.3125,8.478928565979004,603145200
2010-04-05,7.133148193359375,8.517499923706055,8.518214225769043,8.384642601013184,8.392143249511719,684507600
2010-04-06,7.164551734924316,8.555000305175781,8.579999923706055,8.464285850524902,8.507143020629883,447017200
2010-04-07,7.196255683898926,8.592857360839844,8.640000343322754,8.523571014404297,8.555356979370117,628502000
2010-04-08,7.176815986633301,8.569643020629883,8.626428604125977,8.501428604125977,8.587142944335938,572989200
2010-04-09,7.231847763061523,8.635356903076172,8.63892936706543,8.587857246398926,8.6225004196167,334182800
2010-04-12,7.2468037605285645,8.653214454650879,8.681071281433105,8.63607120513916,8.649999618530273,333026400
2010-04-13,7.250990867614746,8.65821361541748,8.671428680419922,8.61107063293457,8.637857437133789,306210800
2010-04-14,7.3484978675842285,8.774642944335938,8.778928756713867,8.71678638458252,8.760000228881836,404076400
2010-04-15,7.445104122161865,8.890000343322754,8.893928527832031,8.768214225769043,8.777856826782227,376784800
2010-04-16,7.399644374847412,8.835714340209961,8.96928596496582,8.733928680419922,8.8774995803833,750545600
2010-04-19,7.389772891998291,8.823928833007812,8.853214263916016,8.634642601013184,8.822500228881836,566924400
2010-04-20,7.315596580505371,8.735357284545898,8.901785850524902,8.677143096923828,8.876428604125977,738326400
2010-04-21,7.753174781799316,9.257857322692871,9.29464340209961,9.133213996887207,9.242856979370117,982391200
2010-04-22,7.970016002655029,9.516785621643066,9.526785850524902,9.149999618530273,9.222857475280762,793424800
2010-04-23,8.100427627563477,9.672499656677246,9.72071361541748,9.535714149475098,9.571070671081543,796955600
2010-04-26,8.060647010803223,9.625,9.730713844299316,9.578213691711426,9.710000038146973,479068800
2010-04-27,7.837517738342285,9.35857105255127,9.565713882446289,9.304286003112793,9.545356750488281,709343600
2010-04-28,7.824358940124512,9.342857360839844,9.428570747375488,9.157500267028809,9.401785850524902,758402400
2010-04-29,8.034924507141113,9.59428596496582,9.64285659790039,9.357500076293945,9.393570899963379,558840800
2010-04-30,7.809103965759277,9.3246431350708,9.663213729858398,9.321429252624512,9.618213653564453,542463600
2010-05-03,7.966429233551025,9.512499809265137,9.567143440246582,9.388570785522461,9.422857284545898,454342000
2010-05-04,7.737024307250977,9.238571166992188,9.403214454650879,9.16964340209961,9.38892936706543,723819600
2010-05-05,7.656564235687256,9.142499923706055,9.21928596496582,8.883213996887207,9.036786079406738,883103200
2010-05-06,7.365250587463379,8.79464340209961,9.223214149475098,7.1160712242126465,9.065357208251953,1285860800
2010-05-07,7.054484844207764,8.42357063293457,8.806071281433105,8.043213844299316,8.70392894744873,1676018400
2010-05-10,7.596746444702148,9.071070671081543,9.094642639160156,8.876070976257324,8.9375,984306400
2010-05-11,7.672420978546143,9.161429405212402,9.28178596496582,8.946429252624512,8.994285583496094,848906800
2010-05-12,7.839015483856201,9.360357284545898,9.397500038146973,9.239286422729492,9.258570671081543,654379600
2010-05-13,7.72745418548584,9.227143287658691,9.464285850524902,9.157142639160156,9.400713920593262,599712400
2010-05-14,7.591662406921387,9.0649995803833,9.15999984741211,8.910714149475098,9.1128568649292,759362800
2010-05-17,7.603626728057861,9.079285621643066,9.149286270141602,8.846785545349121,9.096428871154785,762834800
2010-05-18,7.5479960441589355,9.012857437133789,9.233928680419922,8.937856674194336,9.177857398986816,782678400
2010-05-19,7.427756309509277,8.869285583496094,9.032856941223145,8.744643211364746,8.910714149475098,1025726800
2010-05-20,7.1113152503967285,8.491429328918457,8.708929061889648,8.436071395874023,8.638570785522461,1282915200
2010-05-21,7.247702121734619,8.65428638458252,8.73214340209961,8.262499809265137,8.3149995803833,1223891200
2010-05-24,7.380500316619873,8.812856674194336,8.960714340209961,8.795000076293945,8.831428527832031,754238800
2010-05-25,7.3344407081604,8.757857322692871,8.812856674194336,8.470000267028809,8.548213958740234,1048006400
2010-05-26,7.301239490509033,8.71821403503418,9.004643440246582,8.70535659790039,8.931428909301758,850654000
2010-05-27,7.5776047706604,9.048213958740234,9.067500114440918,8.896785736083984,8.949999809265137,666282400
2010-05-28,7.683185577392578,9.174285888671875,9.264286041259766,9.048213958740234,9.26392936706543,815614800
2010-06-01,7.801329612731934,9.315357208251953,9.497857093811035,9.248571395874023,9.274642944335938,876472800
2010-06-02,7.894647121429443,9.426786422729492,9.45714282989502,9.297499656677246,9.447856903076172,688548000
2010-06-03,7.869823932647705,9.397143363952637,9.483928680419922,9.3003568649292,9.47071361541748,650106800
2010-06-04,7.655670166015625,9.14142894744873,9.353570938110352,9.093929290771484,9.221785545349121,758304400
2010-06-07,7.505520343780518,8.962142944335938,9.255356788635254,8.948213577270508,9.224642753601074,886942000
2010-06-08,7.457369804382324,8.904643058776855,9.064286231994629,8.773214340209961,9.044285774230957,1000770400
2010-06-09,7.27402400970459,8.685713768005371,8.996429443359375,8.660357475280762,8.981071472167969,854630000
2010-06-10,7.492663860321045,8.946785926818848,8.963570594787598,8.649999618530273,8.744285583496094,776356000
2010-06-11,7.582393169403076,9.053929328918457,9.066429138183594,8.834643363952637,8.865357398986816,545759200
2010-06-14,7.605421543121338,9.081428527832031,9.255356788635254,9.071785926818848,9.14142894744873,602960400
2010-06-15,7.767232894897461,9.274642944335938,9.280357360839844,9.125,9.130000114440918,585074000
2010-06-16,7.99334716796875,9.54464340209961,9.5625,9.30821418762207,9.324999809265137,783678000
2010-06-17,8.131529808044434,9.709643363952637,9.746429443359375,9.625,9.664285659790039,872855200
2010-06-18,8.197333335876465,9.788213729858398,9.821429252624512,9.693571090698242,9.723214149475098,784621600
2010-06-21,8.080684661865234,9.64892864227295,9.964642524719238,9.59749984741211,9.917499542236328,776490400
2010-06-22,8.190752983093262,9.780357360839844,9.856071472167969,9.696429252624512,9.720000267028809,717262000
2010-06-23,8.104615211486816,9.677499771118164,9.809286117553711,9.567856788635254,9.806428909301758,768457200
2010-06-24,8.045687675476074,9.60714340209961,9.757143020629883,9.574999809265137,9.678570747375488,714277200
2010-06-25,7.976898670196533,9.524999618530273,9.65250015258789,9.493213653564453,9.645000457763672,549942400
2010-06-28,8.024755477905273,9.58214282989502,9.633929252624512,9.447142601013184,9.53321361541748,584948000
2010-06-29,7.661952495574951,9.14892864227295,9.442500114440918,9.08214282989502,9.432856559753418,1133344800
2010-06-30,7.523168563842773,8.983214378356934,9.213213920593262,8.928929328918457,9.168213844299316,739452000
2010-07-01,7.431946754455566,8.874285697937012,9.100000381469727,8.686429023742676,9.08214282989502,1022896000
2010-07-02,7.3858842849731445,8.819286346435547,8.961786270141602,8.685713768005371,8.946070671081543,693842800
2010-07-06,7.436432838439941,8.879643440246582,9.028571128845215,8.791428565979004,8.964285850524902,615235600
2010-07-07,7.736722946166992,9.238213539123535,9.241786003112793,8.91964340209961,8.946070671081543,654556000
2010-07-08,7.719375133514404,9.217499732971191,9.389286041259766,9.103214263916016,9.374285697937012,738144400
2010-07-09,7.765137195587158,9.272143363952637,9.282142639160156,9.1128568649292,9.174642562866211,433322400
2010-07-12,7.695448398590088,9.188928604125977,9.351785659790039,9.102143287658691,9.233214378356934,562878400
2010-07-13,7.531246662139893,8.992856979370117,9.157142639160156,8.801071166992188,9.15428638458252,1190924000
2010-07-14,7.55906343460083,9.026070594787598,9.135713577270508,8.89285659790039,8.906429290771484,812047600
2010-07-15,7.520773887634277,8.98035717010498,9.177499771118164,8.83214282989502,8.865357398986816,824866000
2010-07-16,7.474417686462402,8.925000190734863,9.106071472167969,8.871786117553711,9.042142868041992,1039858400
2010-07-19,7.345207214355469,8.770713806152344,8.924285888671875,8.557143211364746,8.924285888671875,1024478000
2010-07-20,7.533934116363525,8.996070861816406,9.032142639160156,8.571785926818848,8.675000190734863,1074950800
2010-07-21,7.604223251342773,9.079999923706055,9.469642639160156,9.071429252624512,9.467499732971191,1185671200
2010-07-22,7.747195720672607,9.250714302062988,9.285714149475098,9.118213653564453,9.20285701751709,645318800
2010-07-23,7.774710655212402,9.283571243286133,9.299285888671875,9.152856826782227,9.181785583496094,533388800
2010-07-26,7.754968643188477,9.260000228881836,9.289285659790039,9.20392894744873,9.285714149475098,420551600
2010-07-27,7.898540019989014,9.431428909301758,9.45714282989502,9.296428680419922,9.31678581237793,584771600
2010-07-28,7.80521821975708,9.319999694824219,9.499643325805664,9.29464340209961,9.416786193847656,519985200
2010-07-29,7.719976425170898,9.21821403503418,9.380356788635254,9.146429061889648,9.311071395874023,643806800
2010-07-30,7.69425630569458,9.1875,9.274999618530273,9.103570938110352,9.13892936706543,448210000
2010-08-02,7.8318352699279785,9.351785659790039,9.378213882446289,9.272143363952637,9.30142879486084,428055600
2010-08-03,7.834227085113525,9.354642868041992,9.402142524719238,9.265000343322754,9.321785926818848,417653600
2010-08-04,7.86563777923584,9.392143249511719,9.438570976257324,9.296786308288574,9.3871431350708,420375200
2010-08-05,7.827352046966553,9.346428871154785,9.399286270141602,9.305356979370117,9.34749984741211,289097200
2010-08-06,7.779195785522461,9.288928985595703,9.338929176330566,9.201070785522461,9.277856826782227,444897600
2010-08-09,7.828848838806152,9.348214149475098,9.362500190734863,9.270357131958008,9.338570594787598,303128000
2010-08-10,7.758858680725098,9.264642715454102,9.301786422729492,9.198213577270508,9.280357360839844,451920000
2010-08-11,7.483089447021484,8.935357093811035,9.131786346435547,8.921786308288574,9.121429443359375,620054400
2010-08-12,7.530946731567383,8.992500305175781,9.039285659790039,8.789999961853027,8.810357093811035,534920400
2010-08-13,7.4504899978637695,8.896429061889648,8.99571418762207,8.896071434020996,8.987500190734863,354869200
2010-08-16,7.406821250915527,8.84428596496582,8.928929328918457,8.807856559753418,8.842143058776855,318430000
2010-08-17,7.536332607269287,8.998929023742676,9.093929290771484,8.899999618530273,8.931428909301758,422640400
2010-08-18,7.569228172302246,9.038213729858398,9.095356941223145,8.984999656677246,9.012857437133789,339696000
2010-08-19,7.473819732666016,8.924285888671875,9.052857398986816,8.881428718566895,9.029999732971191,426706000
2010-08-20,7.466641426086426,8.915714263916016,9.068571090698242,8.89285659790039,8.90678596496582,384230000
2010-08-23,7.351785659790039,8.778571128845215,9.0,8.758929252624512,8.992500305175781,414041600
2010-08-24,7.1762166023254395,8.568928718566895,8.678570747375488,8.523214340209961,8.666786193847656,602565600
2010-08-25,7.264747142791748,8.674642562866211,8.713929176330566,8.471428871154785,8.501428604125977,596867600
2010-08-26,7.1866865158081055,8.581428527832031,8.776785850524902,8.581428527832031,8.766071319580078,466505200
2010-08-27,7.22676420211792,8.62928581237793,8.664643287658691,8.412857055664062,8.633929252624512,548391200
2010-08-30,7.253084182739258,8.660714149475098,8.776785850524902,8.59571361541748,8.598570823669434,383289200
2010-08-31,7.271032810211182,8.682143211364746,8.734286308288574,8.583929061889648,8.637499809265137,420786800
2010-09-01,7.487278461456299,8.940357208251953,8.980713844299316,8.795714378356934,8.838213920593262,697037600
2010-09-02,7.542311191558838,9.006071090698242,9.006071090698242,8.8774995803833,8.973570823669434,415427600
2010-09-03,7.7397141456604,9.241786003112793,9.242142677307129,9.089285850524902,9.110357284545898,520788800
2010-09-07,7.711003303527832,9.207500457763672,9.268928527832031,9.151785850524902,9.165714263916016,342557600
2010-09-08,7.863839626312256,9.390000343322754,9.442500114440918,9.253570556640625,9.277856826782227,526551200
2010-09-09,7.868327617645264,9.395357131958008,9.518570899963379,9.390000343322754,9.465714454650879,438575200
2010-09-10,7.878494739532471,9.407500267028809,9.446429252624512,9.335714340209961,9.399642944335938,387542400
2010-09-13,7.987066745758057,9.537142753601074,9.581428527832031,9.491429328918457,9.493571281433105,388780000
2010-09-14,8.017576217651367,9.57357120513916,9.613213539123535,9.482856750488281,9.507499694824219,408150400
2010-09-15,8.082184791564941,9.650713920593262,9.656429290771484,9.565713882446289,9.577500343322754,429368800
2010-09-16,8.272109031677246,9.8774995803833,9.881071090698242,9.625,9.651429176330566,652103200
2010-09-17,8.23621940612793,9.834643363952637,9.927143096923828,9.774286270141602,9.917499542236328,634477200
2010-09-20,8.471305847167969,10.115357398986816,10.135000228881836,9.851785659790039,9.859999656677246,658677600
2010-09-21,8.487454414367676,10.134642601013184,10.262499809265137,10.099642753601074,10.137857437133789,668074400
2010-09-22,8.606497764587402,10.276785850524902,10.28499984741211,10.086071014404297,10.096785545349121,585289600
2010-09-23,8.641487121582031,10.318571090698242,10.455714225769043,10.214285850524902,10.22607135772705,786116800
2010-09-24,8.743181228637695,10.4399995803833,10.483214378356934,10.376786231994629,10.432143211364746,649488000
2010-09-27,8.708488464355469,10.398571014404297,10.526070594787598,10.393214225769043,10.499285697937012,482834800
2010-09-28,8.579878807067871,10.244999885559082,10.420356750488281,9.821429252624512,10.420356750488281,1035042400
2010-09-29,8.595125198364258,10.263214111328125,10.350357055664062,10.214285850524902,10.258213996887207,469644000
2010-09-30,8.486858367919922,10.133929252624512,10.35714340209961,10.04464340209961,10.321429252624512,673391600
2010-10-01,8.450072288513184,10.09000015258789,10.234999656677246,10.048213958740234,10.219642639160156,448142800
2010-10-04,8.334020614624023,9.95142936706543,10.103570938110352,9.920356750488281,10.057143211364746,435302000
2010-10-05,8.642084121704102,10.319286346435547,10.337499618530273,10.0649995803833,10.071429252624512,501967200
2010-10-06,8.649567604064941,10.328213691711426,10.428214073181152,10.187856674194336,10.342499732971191,670868800
2010-10-07,8.650460243225098,10.329285621643066,10.374285697937012,10.246786117553711,10.369285583496094,408399600
2010-10-08,8.795523643493652,10.5024995803833,10.51785659790039,10.35714340209961,10.418213844299316,658403200
2010-10-11,8.834108352661133,10.54857063293457,10.615714073181152,10.521429061889648,10.526429176330566,427753200
2010-10-12,8.929224967956543,10.662142753601074,10.696429252624512,10.446070671081543,10.5503568649292,558544000
2010-10-13,8.97707462310791,10.71928596496582,10.784285545349121,10.70714282989502,10.721428871154785,630092400
2010-10-14,9.041977882385254,10.796786308288574,10.802499771118164,10.728570938110352,10.774642944335938,435296400
2010-10-15,9.41375732421875,11.240714073181152,11.25,10.889642715454102,10.979999542236328,922194000
2010-10-18,9.511263847351074,11.35714340209961,11.39285659790039,11.224642753601074,11.373929023742676,1093010800
2010-10-19,9.256733894348145,11.053214073181152,11.206070899963379,10.71500015258789,10.835714340209961,1232784000
2010-10-20,9.287839889526367,11.090356826782227,11.223214149475098,10.959643363952637,11.035714149475098,721624400
2010-10-21,9.25762939453125,11.054286003112793,11.240714073181152,10.95714282989502,11.15571403503418,551460000
2010-10-22,9.196310997009277,10.981071472167969,11.072856903076172,10.939286231994629,11.038213729858398,372778000
2010-10-25,9.237288475036621,11.029999732971191,11.128570556640625,11.015713691711426,11.038928985595703,392462000
2010-10-26,9.213662147521973,11.001786231994629,11.062143325805664,10.916070938110352,10.959643363952637,392929600
2010-10-27,9.207077980041504,10.993928909301758,11.067856788635254,10.914285659790039,10.987500190734863,399002800
2010-10-28,9.129618644714355,10.901429176330566,11.0,10.746429443359375,10.998213768005371,551051200
2010-10-29,9.002202033996582,10.749285697937012,10.924285888671875,10.745356559753418,10.865357398986816,430511200
2010-11-01,9.09791088104248,10.863571166992188,10.914285659790039,10.79285717010498,10.793571472167969,423889200
2010-11-02,9.252840995788574,11.04857063293457,11.078213691711426,10.964285850524902,10.964285850524902,433930000
2010-11-03,9.355731010437012,11.171428680419922,11.174285888671875,11.018928527832031,11.120356559753418,508348400
2010-11-04,9.51933765411377,11.366786003112793,11.4350004196167,11.251070976257324,11.266071319580078,642488000
2010-11-05,9.48523998260498,11.326070785522461,11.413213729858398,11.3125,11.356785774230957,361253200
2010-11-08,9.529803276062012,11.37928581237793,11.420356750488281,11.312856674194336,11.328571319580078,281758400
2010-11-09,9.453836441040039,11.28857135772705,11.475000381469727,11.23214340209961,11.466071128845215,383544000
2010-11-10,9.512160301208496,11.358214378356934,11.384642601013184,11.198213577270508,11.308570861816406,384227200
2010-11-11,9.47088623046875,11.308929443359375,11.371429443359375,11.223214149475098,11.25,361284000
2010-11-12,9.213061332702637,11.001070976257324,11.303570747375488,10.843929290771484,11.285714149475098,795846800
2010-11-15,9.183453559875488,10.965714454650879,11.090714454650879,10.938214302062988,11.01642894744873,403606000
2010-11-16,9.02044677734375,10.771071434020996,10.985713958740234,10.6899995803833,10.918571472167969,657650000
2010-11-17,8.987839698791504,10.73214340209961,10.856785774230957,10.634285926818848,10.757143020629883,479449600
2010-11-18,9.22502326965332,11.01535701751709,11.059642791748047,10.881786346435547,10.899999618530273,494491200
2010-11-19,9.174180030822754,10.954643249511719,11.014286041259766,10.901429176330566,10.998929023742676,384843200
2010-11-22,9.372483253479004,11.191429138183594,11.191429138183594,10.923929214477539,10.95285701751709,393075200
2010-11-23,9.234000205993652,11.026070594787598,11.133929252624512,10.94857120513916,11.087499618530273,519447600
2010-11-24,9.415548324584961,11.242856979370117,11.264286041259766,11.133929252624512,11.14285659790039,413725200
2010-11-26,9.421533584594727,11.25,11.346428871154785,11.17642879486084,11.204999923706055,237585600
2010-11-29,9.477462768554688,11.31678581237793,11.338570594787598,11.12071418762207,11.26785659790039,445785200
2010-11-30,9.30638313293457,11.112500190734863,11.227143287658691,11.102499961853027,11.197856903076172,501858000
2010-12-01,9.463411331176758,11.300000190734863,11.348214149475098,11.25,11.259642601013184,461750800
2010-12-02,9.5157470703125,11.362500190734863,11.39285659790039,11.246070861816406,11.340356826782227,462837200
2010-12-03,9.494512557983398,11.337142944335938,11.380356788635254,11.297857284545898,11.321785926818848,342092800
2010-12-06,9.575567245483398,11.433929443359375,11.511786460876465,11.372142791748047,11.380000114440918,448481600
2010-12-07,9.517539978027344,11.364643096923828,11.571070671081543,11.361429214477539,11.564286231994629,391454000
2010-12-08,9.601287841796875,11.464642524719238,11.46500015258789,11.325357437133789,11.415356636047363,321935600
2010-12-09,9.563905715942383,11.420000076293945,11.51785659790039,11.393570899963379,11.504643440246582,294151200
2010-12-10,9.587828636169434,11.44857120513916,11.466071128845215,11.378570556640625,11.416070938110352,262511200
2010-12-13,9.621030807495117,11.488213539123535,11.609286308288574,11.464285850524902,11.584643363952637,439815600
2010-12-14,9.579752922058105,11.438928604125977,11.519286155700684,11.39285659790039,11.490357398986816,351008000
2010-12-15,9.581846237182617,11.441429138183594,11.535714149475098,11.399642944335938,11.428570747375488,417312000
2010-12-16,9.608469009399414,11.473214149475098,11.521785736083984,11.432143211364746,11.467499732971191,322030800
2010-12-17,9.589324951171875,11.450357437133789,11.492500305175781,11.436785697937012,11.486785888671875,386929200
2010-12-20,9.637184143066406,11.507499694824219,11.54464340209961,11.365357398986816,11.485713958740234,385610400
2010-12-21,9.696703910827637,11.578571319580078,11.585356712341309,11.501786231994629,11.535714149475098,256354000
2010-12-22,9.72541332244873,11.6128568649292,11.632857322692871,11.555356979370117,11.584285736083984,265921600
2010-12-23,9.678757667541504,11.557143211364746,11.612500190734863,11.541786193847656,11.60714340209961,223157200
2010-12-27,9.711057662963867,11.59571361541748,11.622857093811035,11.482856750488281,11.530357360839844,249816000
2010-12-28,9.73469066619873,11.623929023742676,11.666428565979004,11.609286308288574,11.639642715454102,175924000
2010-12-29,9.729305267333984,11.617500305175781,11.658928871154785,11.610713958740234,11.650713920593262,163139200
2010-12-30,9.68055248260498,11.559286117553711,11.625356674194336,11.537500381469727,11.624285697937012,157494400
2010-12-31,9.647650718688965,11.520000457763672,11.552857398986816,11.475357055664062,11.533928871154785,193508000
2011-01-03,9.857317924499512,11.770357131958008,11.795000076293945,11.601428985595703,11.630000114440918,445138400
2011-01-04,9.908763885498047,11.831786155700684,11.875,11.719642639160156,11.872857093811035,309080800
2011-01-05,9.989814758300781,11.928570747375488,11.940713882446289,11.76785659790039,11.76964282989502,255519600
2011-01-06,9.981742858886719,11.918929100036621,11.973214149475098,11.889286041259766,11.954285621643066,300428800
2011-01-07,10.053228378295898,12.00428581237793,12.012499809265137,11.853570938110352,11.928214073181152,311931200
2011-01-10,10.2425537109375,12.23035717010498,12.258213996887207,12.041786193847656,12.10107135772705,448560000
2011-01-11,10.218327522277832,12.20142936706543,12.319999694824219,12.123929023742676,12.317143440246582,444108000
2011-01-12,10.301473617553711,12.300713539123535,12.301071166992188,12.214285850524902,12.258929252624512,302590400
2011-01-13,10.33915901184082,12.34571361541748,12.380000114440918,12.280357360839844,12.327142715454102,296780400
2011-01-14,10.422906875610352,12.445713996887207,12.445713996887207,12.30142879486084,12.353214263916016,308840000
2011-01-18,10.188714981079102,12.166070938110352,12.312856674194336,11.64285659790039,11.768570899963379,1880998000
2011-01-19,10.134578704833984,12.101428985595703,12.449999809265137,12.031429290771484,12.441070556640625,1135612800
2011-01-20,9.950335502624512,11.881428718566895,12.08214282989502,11.789999961853027,12.01535701751709,764789200
2011-01-21,9.772078514099121,11.668571472167969,11.960000038146973,11.665356636047363,11.920356750488281,754401200
2011-01-24,10.09300708770752,12.051786422729492,12.051786422729492,11.668571472167969,11.673929214477539,574683200
2011-01-25,10.211151123046875,12.192856788635254,12.194286346435547,11.948928833007812,12.011786460876465,546868000
2011-01-26,10.28442668914795,12.280357360839844,12.342857360839844,12.196429252624512,12.248571395874023,506875600
2011-01-27,10.265284538269043,12.257499694824219,12.310357093811035,12.243928909301758,12.277856826782227,285026000
2011-01-28,10.05262565612793,12.003570556640625,12.300000190734863,11.911786079406738,12.291786193847656,592057200
2011-01-31,10.148938179016113,12.118571281433105,12.144286155700684,11.939286231994629,11.992856979370117,377246800
2011-02-01,10.319722175598145,12.322500228881836,12.344642639160156,12.177857398986816,12.189286231994629,426633200
2011-02-02,10.298484802246094,12.29714298248291,12.33035659790039,12.26964282989502,12.301786422729492,258955200
2011-02-03,10.272165298461914,12.265713691711426,12.294285774230957,12.091071128845215,12.278571128845215,393797600
2011-02-04,10.363688468933105,12.375,12.382143020629883,12.268214225769043,12.272856712341309,321840400
2011-02-07,10.524600982666016,12.567143440246582,12.616070747375488,12.415714263916016,12.424642562866211,485021600
2011-02-08,10.623903274536133,12.685713768005371,12.697142601013184,12.576786041259766,12.631428718566895,381040800
2011-02-09,10.712430953979492,12.791428565979004,12.821429252624512,12.673929214477539,12.685357093811035,482745200
2011-02-10,10.604158401489258,12.662142753601074,12.85714340209961,12.428570747375488,12.76392936706543,928550000
2011-02-11,10.673250198364258,12.744643211364746,12.778571128845215,12.626428604125977,12.66964340209961,367572800
2011-02-14,10.742940902709961,12.82785701751709,12.838570594787598,12.739643096923828,12.742500305175781,310416400
2011-02-15,10.764476776123047,12.853570938110352,12.856071472167969,12.76964282989502,12.828213691711426,284174800
2011-02-16,10.86108684539795,12.968929290771484,13.032142639160156,12.875,12.885713577270508,481157600
2011-02-17,10.716621398925781,12.796428680419922,12.866786003112793,12.732856750488281,12.758929252624512,530583200
2011-02-18,10.485123634338379,12.520000457763672,12.839285850524902,12.482856750488281,12.811071395874023,816057200
2011-02-22,10.12769889831543,12.09321403503418,12.335714340209961,12.061429023742676,12.219642639160156,872555600
2011-02-23,10.247639656066895,12.236429214477539,12.308570861816406,12.09321403503418,12.098929405212402,671854400
2011-02-24,10.255412101745605,12.24571418762207,12.326786041259766,12.084643363952637,12.286429405212402,499900800
2011-02-25,10.413337707519531,12.434286117553711,12.443928718566895,12.314286231994629,12.330714225769043,380018800
2011-02-28,10.564377784729004,12.614643096923828,12.680356979370117,12.539999961853027,12.544285774230957,403074000
2011-03-01,10.447736740112305,12.475357055664062,12.704285621643066,12.417142868041992,12.695357322692871,456136800
2011-03-02,10.531779289245605,12.575714111328125,12.655357360839844,12.442856788635254,12.498571395874023,602590800
2011-03-03,10.754305839538574,12.841428756713867,12.849642753601074,12.71142864227295,12.756786346435547,500788400
2011-03-04,10.76746940612793,12.85714340209961,12.867500305175781,12.776785850524902,12.85964298248291,453266800
2011-03-07,10.628686904907227,12.691429138183594,12.916786193847656,12.546786308288574,12.907142639160156,546123200
2011-03-08,10.64065170288086,12.705714225769043,12.764286041259766,12.58035659790039,12.6753568649292,356316800
2011-03-09,10.542245864868164,12.588213920593262,12.670000076293945,12.521429061889648,12.667499542236328,453306000
2011-03-10,10.36877155303955,12.381071090698242,12.491786003112793,12.317856788635254,12.468570709228516,507539200
2011-03-11,10.52789306640625,12.571070671081543,12.582857131958008,12.321429252624512,12.333213806152344,471080400
2011-03-14,10.574849128723145,12.627142906188965,12.731429100036621,12.546786308288574,12.613571166992188,435957200
2011-03-15,10.331684112548828,12.336786270141602,12.422857284545898,12.146429061889648,12.217857360839844,721081200
2011-03-16,9.870477676391602,11.786070823669434,12.25,11.652142524719238,12.214285850524902,1162011200
2011-03-17,10.00895881652832,11.95142936706543,12.128929138183594,11.809286117553711,12.029643058776855,659422400
2011-03-18,9.890219688415527,11.809642791748047,12.078571319580078,11.785714149475098,12.040356636047363,753214000
2011-03-21,10.148337364196777,12.117856979370117,12.133570671081543,11.973570823669434,11.999643325805664,409402000
2011-03-22,10.205168724060059,12.185713768005371,12.236429214477539,12.112142562866211,12.234286308288574,325922800
2011-03-23,10.145047187805176,12.11392879486084,12.150713920593262,11.998213768005371,12.117142677307129,372996400
2011-03-24,10.317928314208984,12.320357322692871,12.35714340209961,12.102143287658691,12.208929061889648,404712000
2011-03-25,10.514432907104492,12.555000305175781,12.57357120513916,12.393570899963379,12.431071281433105,448910000
2011-03-28,10.48153018951416,12.515713691711426,12.65428638458252,12.515713691711426,12.612500190734863,309355200
2011-03-29,10.497085571289062,12.534285545349121,12.534285545349121,12.359286308288574,12.416428565979004,352900800
2011-03-30,10.427392959594727,12.451070785522461,12.531429290771484,12.408571243286133,12.522856712341309,329406000
2011-03-31,10.423803329467773,12.446785926818848,12.492856979370117,12.359286308288574,12.369999885559082,274019200
2011-04-01,10.305663108825684,12.305713653564453,12.556785583496094,12.260713577270508,12.539643287658691,418661600
2011-04-04,10.204866409301758,12.185357093811035,12.307143211364746,12.085714340209961,12.296786308288574,460084800
2011-04-05,10.136073112487793,12.103214263916016,12.223214149475098,12.0,12.035357475280762,482731200
2011-04-06,10.110649108886719,12.072856903076172,12.282142639160156,12.040714263916016,12.186429023742676,402539200
2011-04-07,10.111846923828125,12.074286460876465,12.15821361541748,12.001070976257324,12.074999809265137,373447200
2011-04-08,10.021519660949707,11.966428756713867,12.148214340209961,11.926786422729492,12.140000343322754,377535200
2011-04-11,9.894105911254883,11.814286231994629,11.988213539123535,11.786429405212402,11.930713653564453,398946800
2011-04-12,9.941959381103516,11.871429443359375,11.918929100036621,11.79285717010498,11.803214073181152,425639200
2011-04-13,10.053523063659668,12.004643440246582,12.005000114440918,11.875714302062988,11.96500015258789,346220000
2011-04-14,9.942556381225586,11.872142791748047,12.0,11.859286308288574,11.95714282989502,301800800
2011-04-15,9.794207572937012,11.694999694824219,11.915714263916016,11.671428680419922,11.903571128845215,453605600
2011-04-18,9.925508499145508,11.851785659790039,11.865357398986816,11.434286117553711,11.646429061889648,609898800
2011-04-19,10.105269432067871,12.066429138183594,12.070713996887207,11.846785545349121,11.896429061889648,419378400
2011-04-20,10.241353034973145,12.228928565979004,12.348214149475098,12.196429252624512,12.268214225769043,700666400
2011-04-21,10.489306449890137,12.524999618530273,12.68321418762207,12.447142601013184,12.678570747375488,753810400
2011-04-25,10.558401107788086,12.607500076293945,12.633929252624512,12.510713577270508,12.5121431350708,266546000
2011-04-26,10.48093318939209,12.515000343322754,12.678214073181152,12.476785659790039,12.62928581237793,338800000
2011-04-27,10.472858428955078,12.505356788635254,12.583929061889648,12.396429061889648,12.579999923706055,356213200
2011-04-28,10.371166229248047,12.383929252624512,12.491070747375488,12.34000015258789,12.36392879486084,360959200
2011-04-29,10.472258567810059,12.504643440246582,12.641071319580078,12.381071090698242,12.385000228881836,1006345200
2011-05-02,10.35710620880127,12.367142677307129,12.516785621643066,12.339285850524902,12.490714073181152,442713600
2011-05-03,10.41452693939209,12.435713768005371,12.496070861816406,12.343570709228516,12.428214073181152,313348000
2011-05-04,10.455512046813965,12.48464298248291,12.565357208251953,12.388570785522461,12.437856674194336,389250400
2011-05-05,10.371166229248047,12.383929252624512,12.533928871154785,12.358928680419922,12.442856788635254,335969200
2011-05-06,10.3684720993042,12.380714416503906,12.5,12.364643096923828,12.48892879486084,280134400
2011-05-09,10.396589279174805,12.414285659790039,12.471428871154785,12.376070976257324,12.42357063293457,204747200
2011-05-10,10.451921463012695,12.48035717010498,12.48892879486084,12.380714416503906,12.460356712341309,282091600
2011-05-11,10.385518074035645,12.401070594787598,12.5,12.329999923706055,12.46500015258789,336000000
2011-05-12,10.365781784057617,12.3774995803833,12.397143363952637,12.223929405212402,12.361429214477539,322000000
2011-05-13,10.184229850769043,12.160714149475098,12.366070747375488,12.155357360839844,12.345000267028809,326116000
2011-05-16,9.968880653381348,11.903571128845215,12.186429023742676,11.878570556640625,12.114286422729492,449775200
2011-05-17,10.053826332092285,12.005000114440918,12.005000114440918,11.811785697937012,11.85714340209961,452334400
2011-05-18,10.165385246276855,12.138214111328125,12.180356979370117,12.0,12.016785621643066,334776400
2011-05-19,10.185127258300781,12.161786079406738,12.228928565979004,12.095356941223145,12.217143058776855,261170000
2011-05-20,10.02630615234375,11.972143173217773,12.176786422729492,11.96500015258789,12.127142906188965,337968400
2011-05-23,10.001782417297363,11.942856788635254,11.999285697937012,11.765000343322754,11.784643173217773,383600000
2011-05-24,9.935680389404297,11.86392879486084,11.996429443359375,11.833571434020996,11.98214340209961,321927200
2011-05-25,10.072965621948242,12.027856826782227,12.091428756713867,11.887499809265137,11.90821361541748,294224000
2011-05-26,10.01972770690918,11.964285850524902,12.03178596496582,11.943928718566895,11.998929023742676,222560800
2011-05-27,10.091808319091797,12.0503568649292,12.05821418762207,11.939642906188965,11.95714282989502,203599200
2011-05-31,10.403467178344727,12.422499656677246,12.422499656677246,12.178570747375488,12.182143211364746,417754400
2011-06-01,10.334075927734375,12.339642524719238,12.576070785522461,12.308929443359375,12.459643363952637,554682800
2011-06-02,10.35172176361084,12.360713958740234,12.427857398986816,12.296428680419922,12.375,338783200
2011-06-03,10.272165298461914,12.265713691711426,12.333213806152344,12.214642524719238,12.256428718566895,313250000
2011-06-06,10.110649108886719,12.072856903076172,12.39464282989502,12.064642906188965,12.346428871154785,461941200
2011-06-07,9.931194305419922,11.85857105255127,12.079285621643066,11.853570938110352,12.077500343322754,529785200
2011-06-08,9.937177658081055,11.865714073181152,11.95714282989502,11.808929443359375,11.849286079406738,333723600
2011-06-09,9.91474437713623,11.838929176330566,11.916786193847656,11.8125,11.901785850524902,275088800
2011-06-10,9.74754810333252,11.639286041259766,11.845000267028809,11.625356674194336,11.805356979370117,433955200
2011-06-13,9.76848316192627,11.664285659790039,11.725357055664062,11.60964298248291,11.685713768005371,329473200
2011-06-14,9.943155288696289,11.872857093811035,11.901785850524902,11.76107120513916,11.785714149475098,334569200
2011-06-15,9.772970199584961,11.66964340209961,11.796428680419922,11.602856636047363,11.776785850524902,399196000
2011-06-16,9.72541332244873,11.6128568649292,11.738571166992188,11.368928909301758,11.675000190734863,510591200
2011-06-17,9.578859329223633,11.437856674194336,11.758929252624512,11.40571403503418,11.749643325805664,615020000
2011-06-20,9.431099891662598,11.261428833007812,11.346428871154785,11.089285850524902,11.334285736083984,640645600
2011-06-21,9.72960376739502,11.617856979370117,11.635713577270508,11.257143020629883,11.3100004196167,493382400
2011-06-22,9.649148941040039,11.521785736083984,11.746429443359375,11.513570785522461,11.6128568649292,390583200
2011-06-23,9.906970977783203,11.829643249511719,11.846071243286133,11.361429214477539,11.390713691711426,559759200
2011-06-24,9.76101016998291,11.655357360839844,11.898214340209961,11.610357284545898,11.834643363952637,439807200
2011-06-27,9.931194305419922,11.85857105255127,11.925000190734863,11.6875,11.6996431350708,339813600
2011-06-28,10.027503967285156,11.973570823669434,12.024999618530273,11.908571243286133,11.916070938110352,294299600
2011-06-29,9.991011619567871,11.930000305175781,12.013214111328125,11.852856636047363,12.001428604125977,352545200
2011-06-30,10.039766311645508,11.988213539123535,12.004643440246582,11.8871431350708,11.953571319580078,322954800
2011-07-01,10.266777992248535,12.259285926818848,12.26785659790039,11.935713768005371,11.998213768005371,435313200
2011-07-05,10.451319694519043,12.479642868041992,12.493928909301758,12.23214340209961,12.25,355054000
2011-07-06,10.521011352539062,12.562856674194336,12.646429061889648,12.382499694824219,12.462499618530273,444626000
2011-07-07,10.683724403381348,12.757143020629883,12.785714149475098,12.64285659790039,12.666786193847656,399663600
2011-07-08,10.758794784545898,12.846785545349121,12.85714340209961,12.578571319580078,12.619285583496094,489633200
2011-07-11,10.58800983428955,12.64285659790039,12.848929405212402,12.600713729858398,12.726428985595703,442674400
2011-07-12,10.58053207397461,12.633929252624512,12.774286270141602,12.450714111328125,12.626070976257324,451609200
2011-07-13,10.708243370056152,12.786429405212402,12.85714340209961,12.727856636047363,12.797499656677246,391638800
2011-07-14,10.700769424438477,12.77750015258789,12.914643287658691,12.726428985595703,12.893214225769043,430533600
2011-07-15,10.914623260498047,13.032856941223145,13.035714149475098,12.827500343322754,12.89892864227295,484467200
2011-07-18,11.180219650268555,13.350000381469727,13.380356788635254,13.045714378356934,13.051071166992188,572653200
2011-07-19,11.271445274353027,13.458929061889648,13.523214340209961,13.332857131958008,13.5,819145600
2011-07-20,11.572036743164062,13.817856788635254,14.15250015258789,13.785714149475098,14.147143363952637,941340400
2011-07-21,11.583703994750977,13.831786155700684,13.930713653564453,13.710714340209961,13.819643020629883,526534400
2011-07-22,11.763455390930176,14.046428680419922,14.108928680419922,13.848214149475098,13.868571281433105,516728800
2011-07-25,11.918988227844238,14.23214340209961,14.285714149475098,13.914999961853027,13.941070556640625,589806000
2011-07-26,12.065844535827637,14.407500267028809,14.446429252624512,14.274286270141602,14.285714149475098,476582400
2011-07-27,11.742217063903809,14.021071434020996,14.380000114440918,14.005356788635254,14.306785583496094,659324400
2011-07-28,11.719189643859863,13.993571281433105,14.178214073181152,13.861785888671875,13.986429214477539,594034000
2011-07-29,11.679110527038574,13.945713996887207,14.112500190734863,13.714285850524902,13.84428596496582,632584400
2011-08-01,11.866644859313965,14.16964340209961,14.26785659790039,14.013214111328125,14.206428527832031,612836000
2011-08-02,11.63215446472168,13.889642715454102,14.210714340209961,13.869643211364746,14.201786041259766,639539600
2011-08-03,11.741623878479004,14.020357131958008,14.055356979370117,13.651429176330566,13.963570594787598,732508000
2011-08-04,11.286996841430664,13.477499961853027,13.975713729858398,13.476785659790039,13.907500267028809,871407600
2011-08-05,11.174835205078125,13.343570709228516,13.696429252624512,12.948928833007812,13.587142944335938,1204590800
2011-08-08,10.564377784729004,12.614643096923828,13.134642601013184,12.607856750488281,12.917499542236328,1143833600
2011-08-09,11.186501502990723,13.357500076293945,13.378929138183594,12.678570747375488,12.903571128845215,1082583600
2011-08-10,10.877833366394043,12.98892879486084,13.380356788635254,12.946429252624512,13.255356788635254,878656800
2011-08-11,11.177230834960938,13.346428871154785,13.408928871154785,13.025713920593262,13.232856750488281,741969200
2011-08-12,11.275632858276367,13.463929176330566,13.558570861816406,13.365357398986816,13.5024995803833,528976000
2011-08-15,11.467653274536133,13.693214416503906,13.748929023742676,13.503213882446289,13.55821418762207,460544000
2011-08-16,11.380013465881348,13.588570594787598,13.69178581237793,13.430713653564453,13.625714302062988,498750000
2011-08-17,11.378819465637207,13.587142944335938,13.732856750488281,13.5,13.653928756713867,442061200
2011-08-18,10.948417663574219,13.073213577270508,13.308929443359375,12.906070709228516,13.244285583496094,851435200
2011-08-19,10.648727416992188,12.715356826782227,13.10714340209961,12.714285850524902,12.934642791748047,775888400
2011-08-22,10.660988807678223,12.729999542236328,13.031429290771484,12.681785583496094,13.018214225769043,535315200
2011-08-23,11.174242973327637,13.342857360839844,13.34428596496582,12.75,12.867856979370117,656835200
2011-08-24,11.25140380859375,13.4350004196167,13.534285545349121,13.235713958740234,13.338213920593262,626267600
2011-08-25,11.177826881408691,13.347143173217773,13.408928871154785,13.035714149475098,13.03857135772705,871346000
2011-08-26,11.472738265991211,13.699286460876465,13.70714282989502,13.242856979370117,13.256071090698242,641477200
2011-08-29,11.663860321044922,13.927499771118164,13.98214340209961,13.85714340209961,13.863571166992188,405269200
2011-08-30,11.66445541381836,13.928214073181152,13.994285583496094,13.793213844299316,13.866070747375488,417922400
2011-08-31,11.510126113891602,13.743928909301758,14.002857208251953,13.637857437133789,13.948928833007812,522586400
2011-09-01,11.396467208862305,13.608214378356934,13.833571434020996,13.597143173217773,13.77928638458252,343725200
2011-09-02,11.187701225280762,13.358928680419922,13.5,13.279643058776855,13.383570671081543,438939200
2011-09-06,11.357884407043457,13.562143325805664,13.583213806152344,13.088570594787598,13.120356559753418,509698000
2011-09-07,11.483205795288086,13.711786270141602,13.771429061889648,13.64285659790039,13.770000457763672,350576800
2011-09-08,11.489484786987305,13.71928596496582,13.878929138183594,13.653928756713867,13.657142639160156,416158400
2011-09-09,11.290289878845215,13.481429100036621,13.785714149475098,13.393570899963379,13.711786270141602,564813200
2011-09-12,11.363869667053223,13.569286346435547,13.602856636047363,13.282142639160156,13.321429252624512,467832400
2011-09-13,11.503841400146484,13.736429214477539,13.793213844299316,13.58035659790039,13.647856712341309,440560400
2011-09-14,11.643815040588379,13.903571128845215,14.007499694824219,13.777142524719238,13.822142601013184,534724400
2011-09-15,11.753283500671387,14.034285545349121,14.059286117553711,13.925000190734863,13.979642868041992,417818800
2011-09-16,11.978806495666504,14.303570747375488,14.303570747375488,14.108214378356934,14.126428604125977,698513200
2011-09-19,12.311699867248535,14.701070785522461,14.758213996887207,14.114286422729492,14.178570747375488,823860800
2011-09-20,12.36613941192627,14.766071319580078,15.102143287658691,14.685357093811035,14.83035659790039,775754000
2011-09-21,12.326955795288086,14.71928596496582,15.056785583496094,14.714285850524902,14.987142562866211,605976000
2011-09-22,12.018287658691406,14.350713729858398,14.636428833007812,14.16785717010498,14.322500228881836,968480800
2011-09-23,12.092464447021484,14.439286231994629,14.526429176330566,14.280357360839844,14.295714378356934,546277200
2011-09-26,12.058667182922363,14.39892864227295,14.427857398986816,13.975000381469727,14.28071403503418,812876400
2011-09-27,11.941718101501465,14.259285926818848,14.616070747375488,14.216428756713867,14.59749984741211,632497600
2011-09-28,11.874425888061523,14.178929328918457,14.419285774230957,14.161070823669434,14.292499542236328,429637600
2011-09-29,11.681804656982422,13.948928833007812,14.364643096923828,13.793213844299316,14.354286193847656,651086800
2011-09-30,11.405142784118652,13.618571281433105,13.88892936706543,13.613571166992188,13.825714111328125,547640800
2011-10-03,11.204146385192871,13.378570556640625,13.665714263916016,13.327500343322754,13.584643363952637,669099200
2011-10-04,11.141336441040039,13.303570747375488,13.635713577270508,12.651429176330566,13.3774995803833,1233677200
2011-10-05,11.313319206237793,13.508929252624512,13.5649995803833,12.867856979370117,13.137857437133789,786469600
2011-10-06,11.286996841430664,13.477499961853027,13.742142677307129,13.278571128845215,13.333213806152344,812582400
2011-10-07,11.060578346252441,13.20714282989502,13.490714073181152,13.160357475280762,13.420714378356934,535458000
2011-10-10,11.629162788391113,13.88607120513916,13.88607120513916,13.507499694824219,13.538928985595703,442514800
2011-10-11,11.972524642944336,14.29607105255127,14.399286270141602,13.98214340209961,14.020357131958008,605687600
2011-10-12,12.029354095458984,14.36392879486084,14.616070747375488,14.290714263916016,14.547857284545898,622286000
2011-10-13,12.21599292755127,14.586786270141602,14.586786270141602,14.387499809265137,14.463570594787598,426185200
2011-10-14,12.621867179870605,15.071429252624512,15.071429252624512,14.831070899963379,14.886786460876465,573367200
2011-10-17,12.561747550964355,14.999643325805664,15.239286422729492,14.854999542236328,15.062143325805664,686044800
2011-10-18,12.629042625427246,15.079999923706055,15.171786308288574,14.856785774230957,15.062856674194336,881602400
2011-10-19,11.922574996948242,14.236429214477539,14.58642864227295,14.20714282989502,14.333929061889648,1104059600
2011-10-20,11.823575019836426,14.118213653564453,14.298213958740234,14.07892894744873,14.285714149475098,549270400
2011-10-21,11.750597953796387,14.031070709228516,14.255000114440918,13.95535659790039,14.217857360839844,621244400
2011-10-24,12.136431694030762,14.491786003112793,14.51785659790039,14.121429443359375,14.149286270141602,502138000
2011-10-25,11.897154808044434,14.206070899963379,14.51964282989502,14.192143440246582,14.465356826782227,430427200
2011-10-26,11.981799125671387,14.307143211364746,14.376786231994629,14.041070938110352,14.348570823669434,456304800
2011-10-27,12.10412883758545,14.453213691711426,14.60714340209961,14.353214263916016,14.555713653564453,494664800
2011-10-28,12.111906051635742,14.462499618530273,14.512499809265137,14.375356674194336,14.39285659790039,322842800
2011-10-31,12.106819152832031,14.456428527832031,14.618928909301758,14.323213577270508,14.372142791748047,385501200
2011-11-01,11.859467506408691,14.161070823669434,14.26785659790039,14.043571472167969,14.193214416503906,531790000
2011-11-02,11.886387825012207,14.193214416503906,14.30142879486084,14.11107063293457,14.288928985595703,327350800
2011-11-03,12.05567741394043,14.395357131958008,14.407142639160156,14.119999885559082,14.2524995803833,441386400
2011-11-04,11.971028327941895,14.294285774230957,14.408571243286133,14.255714416503906,14.358214378356934,302229200
2011-11-07,11.95577621459961,14.276070594787598,14.285714149475098,14.147500038146973,14.282500267028809,270275600
2011-11-08,12.150188446044922,14.508213996887207,14.571429252624512,14.341428756713867,14.364643096923828,400442000
2011-11-09,11.822676658630371,14.117142677307129,14.317500114440918,14.079643249511719,14.177499771118164,558684000
2011-11-10,11.52178955078125,13.757857322692871,14.186071395874023,13.648214340209961,14.179642677307129,744752400
2011-11-11,11.503841400146484,13.736429214477539,13.882143020629883,13.580714225769043,13.807499885559082,653786000
2011-11-14,11.343521118164062,13.545000076293945,13.758929252624512,13.507143020629883,13.697142601013184,432905200
2011-11-15,11.629762649536133,13.886786460876465,13.910714149475098,13.551786422729492,13.600000381469727,430810800
2011-11-16,11.508325576782227,13.741786003112793,13.96928596496582,13.725713729858398,13.901785850524902,349210400
2011-11-17,11.288192749023438,13.478928565979004,13.734999656677246,13.410714149475098,13.713570594787598,479900400
2011-11-18,11.214315414428711,13.390713691711426,13.571070671081543,13.388570785522461,13.532856941223145,371938000
2011-11-21,11.036953926086426,13.178929328918457,13.274286270141602,13.068214416503906,13.228570938110352,447980400
2011-11-22,11.261277198791504,13.446785926818848,13.4975004196167,13.247857093811035,13.250714302062988,409021200
2011-11-23,10.976533889770508,13.106785774230957,13.422857284545898,13.102856636047363,13.375356674194336,428271200
2011-11-25,10.874245643615723,12.98464298248291,13.255356788635254,12.975713729858398,13.157856941223145,254760800
2011-11-28,11.249608993530273,13.432856559753418,13.454285621643066,13.22607135772705,13.298213958740234,346413200
2011-11-29,11.162274360656738,13.328571319580078,13.529643058776855,13.221428871154785,13.422857284545898,375855200
2011-11-30,11.4314603805542,13.649999618530273,13.652856826782227,13.510713577270508,13.617500305175781,405938400
2011-12-01,11.602839469909668,13.854642868041992,13.89285659790039,13.598214149475098,13.662142753601074,387181200
2011-12-02,11.65578556060791,13.91785717010498,14.05821418762207,13.877857208251953,13.922499656677246,379055600
2011-12-05,11.75478458404541,14.036070823669434,14.157500267028809,13.942500114440918,14.053214073181152,357210000
2011-12-06,11.693170547485352,13.962499618530273,14.093929290771484,13.906429290771484,14.018214225769043,283598000
2011-12-07,11.637541770935059,13.896071434020996,13.962142944335938,13.812856674194336,13.926071166992188,304746400
2011-12-08,11.684496879577637,13.952142715454102,14.125,13.936785697937012,13.98035717010498,376356400
2011-12-09,11.773026466369629,14.057856559753418,14.072856903076172,13.965356826782227,14.030357360839844,296993200
2011-12-12,11.719789505004883,13.994285583496094,14.067856788635254,13.908928871154785,13.988571166992188,301067200
2011-12-13,11.629162788391113,13.88607120513916,14.121429443359375,13.824999809265137,14.035714149475098,338928800
2011-12-14,11.371343612670898,13.578213691711426,13.835000038146973,13.488571166992188,13.810713768005371,406887600
2011-12-15,11.333954811096191,13.533571243286133,13.704999923706055,13.51107120513916,13.690357208251953,256200000
2011-12-16,11.396166801452637,13.607856750488281,13.719642639160156,13.556071281433105,13.584285736083984,421478400
2011-12-19,11.431763648986816,13.650357246398926,13.744643211364746,13.588570594787598,13.659643173217773,235530400
2011-12-20,11.842719078063965,14.141071319580078,14.146429061889648,13.830714225769043,13.848570823669434,337215200
2011-12-21,11.857672691345215,14.158928871154785,14.189286231994629,14.000356674194336,14.167499542236328,262948000
2011-12-22,11.92048454284668,14.233928680419922,14.254643440246582,14.146429061889648,14.178570747375488,202358800
2011-12-23,12.06345272064209,14.404643058776855,14.413928985595703,14.267499923706055,14.274642944335938,269399200
2011-12-27,12.159160614013672,14.518928527832031,14.610357284545898,14.393570899963379,14.396429061889648,265076000
2011-12-28,12.04281234741211,14.380000114440918,14.58035659790039,14.333571434020996,14.53178596496582,228662000
2011-12-29,12.116990089416504,14.468570709228516,14.487500190734863,14.303929328918457,14.407142639160156,215978000
2011-12-30,12.11340045928955,14.464285850524902,14.510000228881836,14.410357475280762,14.411070823669434,179662000
2012-01-03,12.299735069274902,14.686785697937012,14.73214340209961,14.60714340209961,14.621429443359375,302220800
2012-01-04,12.365837097167969,14.765713691711426,14.8100004196167,14.617142677307129,14.64285659790039,260022000
2012-01-05,12.50312614440918,14.929642677307129,14.948213577270508,14.738213539123535,14.819643020629883,271269600
2012-01-06,12.633828163146973,15.085714340209961,15.098214149475098,14.972143173217773,14.991786003112793,318292800
2012-01-09,12.613788604736328,15.061785697937012,15.276785850524902,15.048213958740234,15.196429252624512,394024400
2012-01-10,12.658950805664062,15.115714073181152,15.214285850524902,15.053570747375488,15.211071014404297,258196400
2012-01-11,12.638314247131348,15.091071128845215,15.101785659790039,14.975357055664062,15.09571361541748,215084800
2012-01-12,12.603618621826172,15.049642562866211,15.103570938110352,14.95535659790039,15.081428527832031,212587200
2012-01-13,12.556361198425293,14.993213653564453,15.016071319580078,14.952142715454102,14.989286422729492,226021600
2012-01-17,12.702620506286621,15.16785717010498,15.213929176330566,15.105713844299316,15.149999618530273,242897200
2012-01-18,12.83452320098877,15.325357437133789,15.338213920593262,15.225000381469727,15.248571395874023,276791200
2012-01-19,12.793842315673828,15.276785850524902,15.406070709228516,15.232500076293945,15.362500190734863,261738400
2012-01-20,12.571016311645508,15.010713577270508,15.26785659790039,14.991070747375488,15.267499923706055,413974400
2012-01-23,12.783674240112305,15.264642715454102,15.301786422729492,15.08214282989502,15.095356941223145,306062400
2012-01-24,12.574307441711426,15.014642715454102,15.182143211364746,14.983928680419922,15.182143211364746,547638000
2012-01-25,13.3594388961792,15.952142715454102,16.230356216430664,15.84749984741211,16.229999542236328,958314000
2012-01-26,13.298714637756348,15.879643440246582,16.028213500976562,15.82642936706543,16.01285743713379,323985200
2012-01-27,13.377979278564453,15.974286079406738,16.01714324951172,15.848929405212402,15.869285583496094,299709200
2012-01-30,13.549361228942871,16.17892837524414,16.21071434020996,15.90678596496582,15.918213844299316,379341200
2012-01-31,13.65314769744873,16.3028564453125,16.365713119506836,16.18107032775879,16.27107048034668,391683600
2012-02-01,13.644474983215332,16.292499542236328,16.392499923706055,16.269643783569336,16.37178611755371,270046000
2012-02-02,13.61247444152832,16.25428581237793,16.327499389648438,16.213571548461914,16.282142639160156,186796400
2012-02-03,13.748857498168945,16.417142868041992,16.428571701049805,16.270000457763672,16.332143783569336,286599600
2012-02-06,13.877172470092773,16.570356369018555,16.606428146362305,16.364286422729492,16.37071418762207,249412800
2012-02-07,14.022529602050781,16.743928909301758,16.77678680419922,16.59214210510254,16.616071701049805,316223600
2012-02-08,14.257323265075684,17.0242862701416,17.028213500976562,16.774999618530273,16.803571701049805,407890000
2012-02-09,14.750535011291504,17.61321449279785,17.741071701049805,17.162857055664062,17.170000076293945,884214800
2012-02-10,14.758011817932129,17.622142791748047,17.77214241027832,17.448213577270508,17.534286499023438,631302000
2012-02-13,15.03257942199707,17.950000762939453,17.993928909301758,17.75321388244629,17.840356826782227,517216000
2012-02-14,15.237759590148926,18.19499969482422,18.198570251464844,17.928571701049805,18.023571014404297,460398400
2012-02-15,14.88512134552002,17.773929595947266,18.796070098876953,17.746070861816406,18.36642837524414,1506120000
2012-02-16,15.020918846130371,17.936071395874023,18.03178596496582,17.379642486572266,17.553571701049805,944552000
2012-02-17,15.01822280883789,17.932857513427734,18.1346435546875,17.867856979370117,17.96821403503418,535805200
2012-02-21,15.398972511291504,18.387500762939453,18.387500762939453,18.00428581237793,18.10285758972168,605595200
2012-02-22,15.344840049743652,18.322856903076172,18.410356521606445,18.18107032775879,18.32428550720215,483302400
2012-02-23,15.44503402709961,18.4424991607666,18.493928909301758,18.196428298950195,18.395713806152344,568027600
2012-02-24,15.625086784362793,18.657499313354492,18.674999237060547,18.522857666015625,18.559642791748047,415072000
2012-02-27,15.725288391113281,18.777143478393555,18.875,18.43857192993164,18.618213653564453,547582000
2012-02-28,16.013917922973633,19.12178611755371,19.12178611755371,18.780357360839844,18.855714797973633,600387200
2012-02-29,16.224180221557617,19.37285614013672,19.5575008392334,19.132143020629883,19.341428756713867,952011200
2012-03-01,16.284896850585938,19.445356369018555,19.578929901123047,19.241785049438477,19.577499389648438,683270000
2012-03-02,16.306129455566406,19.470714569091797,19.5285701751709,19.375713348388672,19.437143325805664,431712400
2012-03-05,15.946621894836426,19.04142951965332,19.5528564453125,18.78571319580078,19.479286193847656,809124400
2012-03-06,15.859885215759277,18.937856674194336,19.06035614013672,18.43642807006836,18.7021427154541,810238800
2012-03-07,15.872742652893066,18.953214645385742,19.20642852783203,18.689285278320312,19.171428680419922,798520800
2012-03-08,16.210725784301758,19.356786727905273,19.392499923706055,19.00428581237793,19.096071243286133,516457200
2012-03-09,16.305835723876953,19.47035789489746,19.562143325805664,19.396785736083984,19.436071395874023,418919200
2012-03-12,16.51012420654297,19.71428680419922,19.71428680419922,19.53571319580078,19.606428146362305,407282400
2012-03-13,16.991653442382812,20.28928565979004,20.292142868041992,19.84821319580078,19.91214370727539,690855200
2012-03-14,17.634119033813477,21.056428909301758,21.239999771118164,20.549999237060547,20.644643783569336,1418844000
2012-03-15,17.513883590698242,20.912857055664062,21.42892837524414,20.662500381469727,21.414642333984375,1159718000
2012-03-16,17.514184951782227,20.9132137298584,21.042856216430664,20.64285659790039,20.882856369018555,825487600
2012-03-19,17.97867774963379,21.467857360839844,21.491785049438477,21.037500381469727,21.370357513427734,901236000
2012-03-20,18.12404441833496,21.641429901123047,21.674999237060547,21.124286651611328,21.41107177734375,816662000
2012-03-21,18.020553588867188,21.51785659790039,21.77321434020996,21.47892951965332,21.52642822265625,644042000
2012-03-22,17.926042556762695,21.405000686645508,21.58928680419922,21.26892852783203,21.349285125732422,623870800
2012-03-23,17.827634811401367,21.287500381469727,21.492856979370117,21.22857093811035,21.44607162475586,430488800
2012-03-26,18.1545467376709,21.6778564453125,21.683929443359375,21.259286880493164,21.421070098876953,595742000
2012-03-27,18.37887191772461,21.945714950561523,22.010000228881836,21.645000457763672,21.6492862701416,607129600
2012-03-28,18.47278594970703,22.057857513427734,22.194643020629883,21.796785354614258,22.084999084472656,655460400
2012-03-29,18.240686416625977,21.78071403503418,22.020000457763672,21.686786651611328,21.885000228881836,608238400
2012-03-30,17.932323455810547,21.412500381469727,21.805713653564453,21.354999542236328,21.741785049438477,731038000
2012-04-02,18.50299835205078,22.093929290771484,22.098928451538086,21.442142486572266,21.493928909301758,598351600
2012-04-03,18.822734832763672,22.4757137298584,22.578929901123047,22.232500076293945,22.4035701751709,834559600
2012-04-04,18.672882080078125,22.296785354614258,22.352142333984375,22.03571319580078,22.298213958740234,572980800
2012-04-05,18.95313835144043,22.63142967224121,22.66642951965332,22.264286041259766,22.39214324951172,641298000
2012-04-09,19.02939796447754,22.72249984741211,22.851428985595703,22.332143783569336,22.361785888671875,597536800
2012-04-10,18.79640769958496,22.444286346435547,23.0,22.35714340209961,22.854642868041992,889725200
2012-04-11,18.729412078857422,22.364286422729492,22.745357513427734,22.262142181396484,22.7214298248291,696614800
2012-04-12,18.62681770324707,22.241785049438477,22.547500610351562,22.16071319580078,22.321428298950195,614336800
2012-04-13,18.102201461791992,21.6153564453125,22.310714721679688,21.55392837524414,22.289642333984375,859644800
2012-04-16,17.351472854614258,20.718929290771484,21.795713424682617,20.65178680419922,21.787857055664062,1050786800
2012-04-17,18.235904693603516,21.774999618530273,21.78571319580078,20.425357818603516,20.676429748535156,1025528000
2012-04-18,18.195219039916992,21.726428985595703,22.15178680419922,21.52535629272461,21.91857147216797,954531200
2012-04-19,17.570112228393555,20.979999542236328,21.59749984741211,20.875713348388672,21.43642807006836,834719200
2012-04-20,17.13762092590332,20.463571548461914,21.23642921447754,20.372142791748047,21.12071418762207,1030985200
2012-04-23,17.099336624145508,20.417856216430664,20.59535789489746,19.87928581237793,20.378929138183594,966529200
2012-04-24,16.757762908935547,20.010000228881836,20.274642944335938,19.821428298950195,20.09321403503418,1076149200
2012-04-25,18.244876861572266,21.78571319580078,22.071428298950195,21.64285659790039,21.98714256286621,905777600
2012-04-26,18.17608070373535,21.703571319580078,21.953214645385742,21.504642486572266,21.938213348388672,536068400
2012-04-27,18.03550910949707,21.53571319580078,21.6492862701416,21.446428298950195,21.609643936157227,406722400
2012-04-30,17.46662712097168,20.856428146362305,21.371429443359375,20.821428298950195,21.350000381469727,506144800
2012-05-01,17.411291122436523,20.79035758972168,21.312856674194336,20.758214950561523,20.889286041259766,610999200
2012-05-02,17.526445388793945,20.9278564453125,20.97857093811035,20.67357063293457,20.722856521606445,427389200
2012-05-03,17.40201759338379,20.779285430908203,21.121429443359375,20.725000381469727,21.08928680419922,390549600
2012-05-04,16.90641975402832,20.1875,20.65571403503418,20.184642791748047,20.610000610351562,529992400
2012-05-07,17.032936096191406,20.338571548461914,20.456071853637695,20.043928146362305,20.053571701049805,460118400
2012-05-08,16.994056701660156,20.292142868041992,20.41071319580078,19.95464324951172,20.34214210510254,497252000
2012-05-09,17.023963928222656,20.327856063842773,20.499286651611328,20.030357360839844,20.132143020629883,480704000
2012-05-10,17.064041137695312,20.375713348388672,20.567142486572266,20.301429748535156,20.520713806152344,333200000
2012-05-11,16.950088500976562,20.239643096923828,20.516786575317383,20.155357360839844,20.178571701049805,399546000
2012-05-14,16.696151733398438,19.93642807006836,20.268213272094727,19.91428565979004,20.091785430908203,352626400
2012-05-15,16.54511070251465,19.756071090698242,20.114999771118164,19.70535659790039,20.051786422729492,476336000
2012-05-16,16.33304786682129,19.502857208251953,19.88892936706543,19.322856903076172,19.787500381469727,560896000
2012-05-17,15.855697631835938,18.932857513427734,19.553571701049805,18.932857513427734,19.475357055664062,717220000
2012-05-18,15.863463401794434,18.942142486572266,19.407499313354492,18.6492862701416,19.06999969482422,732292400
2012-05-21,16.787673950195312,20.045713424682617,20.05500030517578,19.073213577270508,19.08928680419922,631106000
2012-05-22,16.658763885498047,19.891786575317383,20.49571418762207,19.735000610351562,20.3410701751709,694870400
2012-05-23,17.065242767333984,20.37714385986328,20.457143783569336,19.758214950561523,19.91071319580078,584897600
2012-05-24,16.90851402282715,20.190000534057617,20.58928680419922,20.043928146362305,20.56678581237793,496230000
2012-05-25,16.81787872314453,20.081785202026367,20.20892906188965,19.945356369018555,20.163928985595703,328507200
2012-05-29,17.116384506225586,20.438213348388672,20.5,20.18964385986328,20.389286041259766,380508800
2012-05-30,17.322755813598633,20.684642791748047,20.71392822265625,20.234285354614258,20.328571319580078,529429600
2012-05-31,17.279691696166992,20.633214950561523,20.76785659790039,20.409286499023438,20.740713119506836,491674400
2012-06-01,16.779001235961914,20.035356521606445,20.451786041259766,20.018571853637695,20.3271427154541,520987600
2012-06-04,16.87769889831543,20.153213500976562,20.26785659790039,19.58928680419922,20.053571701049805,556995600
2012-06-05,16.834041595458984,20.101070404052734,20.23107147216797,19.940357208251953,20.04535675048828,388214400
2012-06-06,17.092153549194336,20.409286499023438,20.49464225769043,20.196428298950195,20.27750015258789,401455600
2012-06-07,17.099933624267578,20.41857147216797,20.61857032775879,20.375,20.61750030517578,379766800
2012-06-08,17.357158660888672,20.7257137298584,20.735000610351562,20.321428298950195,20.41428565979004,347516400
2012-06-11,17.08348274230957,20.398929595947266,21.01785659790039,20.379642486572266,20.989999771118164,591264800
2012-06-12,17.23273468017578,20.5771427154541,20.593570709228516,20.239286422729492,20.516429901123047,435380400
2012-06-13,17.11309242248535,20.43428611755371,20.65999984741211,20.37071418762207,20.518571853637695,293580000
2012-06-14,17.094249725341797,20.411785125732422,20.48214340209961,20.259286880493164,20.40142822265625,345573200
2012-06-15,17.17201042175293,20.504642486572266,20.52214241027832,20.3410701751709,20.39285659790039,335255200
2012-06-18,17.520462036132812,20.920713424682617,20.996070861816406,20.370357513427734,20.391429901123047,440412000
2012-06-19,17.5692195892334,20.97892951965332,21.071428298950195,20.825000762939453,20.83571434020996,361404400
2012-06-20,17.519268035888672,20.919286727905273,21.04464340209961,20.742856979370117,21.00749969482422,358943200
2012-06-21,17.27789306640625,20.631071090698242,21.007856369018555,20.62285614013672,20.908571243286133,326351200
2012-06-22,17.4103946685791,20.78928565979004,20.792499542236328,20.55071449279785,20.68000030517578,284471600
2012-06-25,17.07151985168457,20.3846435546875,20.707143783569336,20.370357513427734,20.617856979370117,304382400
2012-06-26,17.109203338623047,20.429643630981445,20.517499923706055,20.26178550720215,20.40464210510254,276536400
2012-06-27,17.18308448791504,20.51785659790039,20.597856521606445,20.42571449279785,20.53571319580078,202997200
2012-06-28,17.020078659057617,20.323213577270508,20.5,20.20035743713379,20.416786193847656,282836400
2012-06-29,17.46722412109375,20.85714340209961,20.85714340209961,20.508928298950195,20.64285659790039,421500800
2012-07-02,17.7220516204834,21.161428451538086,21.195356369018555,20.842857360839844,20.883214950561523,400092000
2012-07-03,17.928138732910156,21.407499313354492,21.428571701049805,21.21428680419922,21.24571418762207,241712800
2012-07-05,18.243087768554688,21.783571243286133,21.94071388244629,21.41607093811035,21.448570251464844,484383200
2012-07-06,18.121644973754883,21.63857078552246,21.729999542236328,21.485000610351562,21.681785583496094,418930400
2012-07-09,18.361217498779297,21.92464256286621,21.924999237060547,21.57535743713379,21.617856979370117,379405600
2012-07-10,18.191335678100586,21.721786499023438,22.138214111328125,21.618213653564453,22.070356369018555,511957600
2012-07-11,18.078283309936523,21.5867862701416,21.7021427154541,21.329286575317383,21.64714241027832,469322000
2012-07-12,17.912878036499023,21.389286041259766,21.552499771118164,21.167142868041992,21.437143325805664,428041600
2012-07-13,18.09442901611328,21.60607147216797,21.68535614013672,21.428571701049805,21.5339298248291,311427200
2012-07-16,18.15245819091797,21.675357818603516,21.843570709228516,21.60785675048828,21.61142921447754,301260400
2012-07-17,18.153358459472656,21.676429748535156,21.83928680419922,21.54107093811035,21.813928604125977,293624800
2012-07-18,18.133012771606445,21.652143478393555,21.726428985595703,21.555713653564453,21.663928985595703,252700000
2012-07-19,18.374080657958984,21.940000534057617,21.97678565979004,21.64285659790039,21.83142852783203,436861600
2012-07-20,18.07439613342285,21.582143783569336,21.944286346435547,21.560714721679688,21.89392852783203,397471200
2012-07-23,18.06032943725586,21.565357208251953,21.639286041259766,20.989643096923828,21.22857093811035,487975600
2012-07-24,17.973299026489258,21.461429595947266,21.7742862701416,21.375356674194336,21.692142486572266,565132400
2012-07-25,17.197145462036133,20.534643173217773,20.742856979370117,20.35714340209961,20.516429901123047,877312800
2012-07-26,17.19445037841797,20.531429290771484,20.72857093811035,20.3700008392334,20.705713272094727,406632800
2012-07-27,17.50191879272461,20.898571014404297,20.922500610351562,20.413928985595703,20.53607177734375,403936400
2012-07-30,17.7971248626709,21.25107192993164,21.408571243286133,20.99357032775879,21.104286193847656,379142400
2012-07-31,18.267606735229492,21.812856674194336,21.8464298248291,21.525714874267578,21.543928146362305,462327600
2012-08-01,18.149463653564453,21.671785354614258,22.014286041259766,21.53571319580078,21.99678611755371,384501600
2012-08-02,18.178773880004883,21.706785202026367,21.81035614013672,21.4375,21.530000686645508,332158400
2012-08-03,18.415355682373047,21.989286422729492,22.070714950561523,21.841428756713867,21.91535758972168,344920800
2012-08-06,18.620237350463867,22.233928680419922,22.31678581237793,21.97357177734375,22.046070098876953,302103200
2012-08-07,18.571189880371094,22.175357818603516,22.321428298950195,22.072856903076172,22.241785049438477,290446800
2012-08-08,18.53978729248047,22.13785743713379,22.281429290771484,22.03928565979004,22.121070861816406,244706000
2012-08-09,18.64552116394043,22.168928146362305,22.20464324951172,22.064285278320312,22.066070556640625,221642400
2012-08-10,18.67464828491211,22.203571319580078,22.205713272094727,22.0964298248291,22.096786499023438,194938800
2012-08-13,18.923973083496094,22.5,22.5,22.258928298950195,22.26392936706543,278832400
2012-08-14,18.9747371673584,22.56035614013672,22.8075008392334,22.50749969482422,22.56678581237793,340169200
2012-08-15,18.948896408081055,22.52964210510254,22.64285659790039,22.41964340209961,22.546428680419922,257342400
2012-08-16,19.11440658569336,22.726428985595703,22.74142837524414,22.51785659790039,22.543214797973633,254534000
2012-08-17,19.467958450317383,23.146785736083984,23.149642944335938,22.81464385986328,22.85714340209961,442761200
2012-08-20,19.979808807373047,23.75535774230957,23.75535774230957,23.21071434020996,23.214643478393555,613384800
2012-08-21,19.70676040649414,23.430713653564453,24.10285758972168,23.226070404052734,23.957857131958008,812719600
2012-08-22,20.0915470123291,23.888214111328125,23.89285659790039,23.146785736083984,23.372142791748047,565322800
2012-08-23,19.90411376953125,23.66535758972168,23.924999237060547,23.612499237060547,23.789642333984375,420128800
2012-08-24,19.921833038330078,23.68642807006836,23.90999984741211,23.412500381469727,23.55392837524414,437340400
2012-08-27,20.29610824584961,24.13142967224121,24.31678581237793,24.05500030517578,24.285356521606445,427008400
2012-08-28,20.269676208496094,24.100000381469727,24.14642906188965,23.952499389648438,24.106428146362305,267416800
2012-08-29,20.229724884033203,24.052499771118164,24.202499389648438,24.02142906188965,24.116071701049805,202806800
2012-08-30,19.941362380981445,23.70964241027832,23.983928680419922,23.673213958740234,23.95142936706543,302699600
2012-08-31,19.982511520385742,23.75857162475586,23.878570556640625,23.47321319580078,23.83035659790039,338321200
2012-09-04,20.274778366088867,24.10607147216797,24.11214256286621,23.73214340209961,23.777143478393555,367892000
2012-09-05,20.132400512695312,23.936786651611328,24.155357360839844,23.91428565979004,24.127500534057617,336375200
2012-09-06,20.31383514404297,24.15250015258789,24.22464370727539,23.957143783569336,24.041786193847656,391196400
2012-09-07,20.43909454345703,24.301429748535156,24.374286651611328,24.1346435546875,24.2160701751709,329666400
2012-09-10,19.90741539001465,23.669286727905273,24.403213500976562,23.64642906188965,24.301786422729492,487998000
2012-09-11,19.84283447265625,23.592500686645508,23.93214225769043,23.446428298950195,23.753929138183594,503983200
2012-09-12,20.119182586669922,23.921070098876953,23.924999237060547,23.428571701049805,23.816070556640625,712233200
2012-09-13,20.51538848876953,24.39214324951172,24.48214340209961,24.098928451538086,24.19178581237793,598360000
2012-09-14,20.76470184326172,24.68857192993164,24.89214324951172,24.5674991607666,24.641429901123047,600474000
2012-09-17,21.020023345947266,24.992143630981445,24.992856979370117,24.8075008392334,24.97678565979004,398031200
2012-09-18,21.084012985229492,25.068214416503906,25.083213806152344,24.872142791748047,24.99571418762207,373503200
2012-09-19,21.08971405029297,25.075000762939453,25.142499923706055,24.984643936157227,25.009286880493164,326874800
2012-09-20,20.987581253051758,24.953571319580078,25.00214385986328,24.77214241027832,24.969999313354492,336568400
2012-09-21,21.029340744018555,25.00321388244629,25.18107032775879,24.977142333984375,25.086071014404297,571589200
2012-09-24,20.74997901916504,24.671070098876953,24.825714111328125,24.39285659790039,24.53071403503418,639766400
2012-09-25,20.23182487487793,24.05500030517578,24.742143630981445,24.03571319580078,24.580713272094727,518789600
2012-09-26,19.98070526123047,23.75642967224121,24.024642944335938,23.614286422729492,23.88357162475586,576503200
2012-09-27,20.46552085876465,24.332857131958008,24.36321449279785,23.58392906188965,23.72464370727539,594090000
2012-09-28,20.03837776184082,23.825000762939453,24.32535743713379,23.8125,24.241071701049805,535110800
2012-10-01,19.80678367614746,23.54964256286621,24.16964340209961,23.446428298950195,23.969999313354492,543594800
2012-10-02,19.86446189880371,23.618213653564453,23.798213958740234,23.237499237060547,23.636070251464844,627992400
2012-10-03,20.16904640197754,23.980356216430664,23.9950008392334,23.66535758972168,23.7450008392334,424281200
2012-10-04,20.02937126159668,23.814285278320312,24.08035659790039,23.769643783569336,23.97321319580078,370725600
2012-10-05,19.602529525756836,23.306785583496094,23.78571319580078,23.260000228881836,23.757143020629883,594006000
2012-10-08,19.169389724731445,22.791786193847656,23.12714385986328,22.71821403503418,23.10285758972168,637994000
2012-10-09,19.099695205688477,22.70892906188965,22.874643325805664,22.269643783569336,22.808929443359375,838597200
2012-10-10,19.251684188842773,22.8896427154541,23.03499984741211,22.75,22.847856521606445,510356000
2012-10-11,18.86690330505371,22.43214225769043,23.114286422729492,22.43214225769043,23.08928680419922,546081200
2012-10-12,18.915260314941406,22.489643096923828,22.692142486572266,22.332143783569336,22.484285354614258,460014800
2012-10-15,19.066946029663086,22.670000076293945,22.68321418762207,22.280357360839844,22.58392906188965,432502000
2012-10-16,19.51841926574707,23.206785202026367,23.225000381469727,22.53571319580078,22.69178581237793,549771600
2012-10-17,19.362823486328125,23.021785736083984,23.313928604125977,23.0,23.17392921447754,389037600
2012-10-18,19.003273010253906,22.59428596496582,22.930713653564453,22.5,22.842500686645508,476624400
2012-10-19,18.318397521972656,21.780000686645508,22.563213348388672,21.77214241027832,22.537500381469727,744086000
2012-10-22,19.045021057128906,22.64392852783203,22.692142486572266,21.812856674194336,21.872142791748047,546730800
2012-10-23,18.424142837524414,21.90571403503418,22.639286041259766,21.8464298248291,22.53571319580078,707145600
2012-10-24,18.52836799621582,22.02964210510254,22.376785278320312,21.808570861816406,22.194286346435547,558527200
2012-10-25,18.309396743774414,21.769285202026367,22.21428680419922,21.626785278320312,22.14285659790039,656325600
2012-10-26,18.142980575561523,21.571428298950195,21.928571701049805,21.10714340209961,21.765356063842773,1018432800
2012-10-31,17.882251739501953,21.261428833007812,21.498571395874023,20.989286422729492,21.24571418762207,510003200
2012-11-01,17.91890525817871,21.30500030517578,21.53571319580078,21.22035789489746,21.364999771118164,361298000
2012-11-02,17.325946807861328,20.600000381469727,21.319643020629883,20.52678680419922,21.28178596496582,599373600
2012-11-05,17.56084442138672,20.87928581237793,20.991785049438477,20.628570556640625,20.84000015258789,529135600
2012-11-06,17.507673263549805,20.816070556640625,21.097856521606445,20.717500686645508,21.07964324951172,374917200
2012-11-07,16.837785720825195,19.928571701049805,20.519285202026367,19.84821319580078,20.494285583496094,793648800
2012-11-08,16.226741790771484,19.20535659790039,20.07964324951172,19.11750030517578,20.022499084472656,1056146000
2012-11-09,16.507667541503906,19.537857055664062,19.817142486572266,19.06142807006836,19.30071449279785,929913600
2012-11-12,16.38003158569336,19.38678550720215,19.803571701049805,19.237499237060547,19.79107093811035,515802000
2012-11-13,16.38213539123535,19.389286041259766,19.65999984741211,19.15571403503418,19.24678611755371,532949200
2012-11-14,16.20048713684082,19.174285888671875,19.551786422729492,19.1492862701416,19.48214340209961,477170400
2012-11-15,15.860710144042969,18.77214241027832,19.26785659790039,18.665000915527344,19.197500228881836,789910800
2012-11-16,15.92287540435791,18.845714569091797,18.928571701049805,18.0625,18.757143020629883,1266893600
2012-11-19,17.0710391998291,20.20464324951172,20.26785659790039,19.281429290771484,19.311071395874023,823317600
2012-11-20,16.92559051513672,20.032499313354492,20.426786422729492,19.806428909301758,20.425357818603516,642754000
2012-11-21,16.949434280395508,20.060714721679688,20.263214111328125,19.878570556640625,20.15178680419922,373002000
2012-11-23,17.245153427124023,20.41071319580078,20.428571701049805,20.092857360839844,20.256071090698242,272826400
2012-11-26,17.789216995239258,21.054643630981445,21.071428298950195,20.489643096923828,20.56785774230957,630579600
2012-11-27,17.645883560180664,20.885000228881836,21.086429595947266,20.717857360839844,21.055356979370117,533330000
2012-11-28,17.590356826782227,20.819286346435547,20.921428680419922,20.437856674194336,20.616785049438477,520864400
2012-11-29,17.784076690673828,21.04857063293457,21.22321319580078,20.90178680419922,21.079286575317383,514698800
2012-11-30,17.660961151123047,20.902856826782227,21.014286041259766,20.809999465942383,20.956785202026367,391319600
2012-12-03,17.688432693481445,20.93535614013672,21.2353572845459,20.91071319580078,21.201786041259766,364280000
2012-12-04,17.376407623291016,20.566070556640625,20.7785701751709,20.43321418762207,20.7785701751709,557068400
2012-12-05,16.258119583129883,19.24250030517578,20.33035659790039,19.241785049438477,20.318214416503906,1044638000
2012-12-06,16.513103485107422,19.544286727905273,19.761070251464844,18.522499084472656,18.890714645385742,1177212400
2012-12-07,16.090951919555664,19.04464340209961,19.828571319580078,18.928571701049805,19.764286041259766,787040800
2012-12-10,15.987443923950195,18.922143936157227,19.232500076293945,18.627857208251953,18.75,630484400
2012-12-11,16.336576461791992,19.335357666015625,19.62714385986328,19.19178581237793,19.27750015258789,592345600
2012-12-12,16.26445198059082,19.25,19.571428298950195,19.15250015258789,19.563213348388672,487144000
2012-12-13,15.983521461486816,18.917499542236328,19.20142936706543,18.7785701751709,18.969642639160156,625259600
2012-12-14,15.383039474487305,18.206785202026367,18.504642486572266,18.056428909301758,18.383928298950195,1009579200
2012-12-17,15.655826568603516,18.52964210510254,18.571428298950195,17.901071548461914,18.176071166992188,757607200
2012-12-18,16.110567092895508,19.06785774230957,19.10357093811035,18.58035659790039,18.75,625685200
2012-12-19,15.88153076171875,18.796785354614258,19.060714721679688,18.76785659790039,18.98107147216797,449369200
2012-12-20,15.74333381652832,18.633214950561523,18.935714721679688,18.531429290771484,18.928571701049805,481689600
2012-12-21,15.670905113220215,18.547500610351562,18.559642791748047,18.222856521606445,18.302499771118164,596268400
2012-12-24,15.696260452270508,18.577499389648438,18.72321319580078,18.52535629272461,18.58392906188965,175753200
2012-12-26,15.479901313781738,18.321428298950195,18.552143096923828,18.25428581237793,18.53571319580078,302436400
2012-12-27,15.542057991027832,18.395000457763672,18.4375,18.023571014404297,18.340713500976562,455120400
2012-12-28,15.377007484436035,18.199642181396484,18.374286651611328,18.14714241027832,18.22464370727539,354278400
2012-12-31,16.05835723876953,19.006071090698242,19.121429443359375,18.178571701049805,18.233213424682617,659492400
2013-01-02,16.567113876342773,19.608213424682617,19.821428298950195,19.343929290771484,19.779285430908203,560518000
2013-01-03,16.35799789428711,19.360713958740234,19.631071090698242,19.321428298950195,19.567142486572266,352965200
2013-01-04,15.902358055114746,18.821428298950195,19.236785888671875,18.77964210510254,19.177499771118164,594333600
2013-01-07,15.808809280395508,18.71071434020996,18.9035701751709,18.399999618530273,18.64285659790039,484156400
2013-01-08,15.851361274719238,18.761070251464844,18.996070861816406,18.616071701049805,18.90035629272461,458707200
2013-01-09,15.603607177734375,18.467857360839844,18.750356674194336,18.428213119506836,18.66071319580078,407604400
2013-01-10,15.79704475402832,18.696786880493164,18.882856369018555,18.411428451538086,18.876785278320312,601146000
2013-01-11,15.700173377990723,18.582143783569336,18.761428833007812,18.536428451538086,18.60714340209961,350506800
2013-01-14,15.140427589416504,17.91964340209961,18.125,17.80392837524414,17.952856063842773,734207600
2013-01-15,14.662755966186523,17.354286193847656,17.82107162475586,17.26357078552246,17.796428680419922,876772400
2013-01-16,15.271388053894043,18.074642181396484,18.194286346435547,17.58928680419922,17.665714263916016,690804800
2013-01-17,15.168488502502441,17.952856063842773,18.241071701049805,17.929643630981445,18.225357055664062,453678400
2013-01-18,15.087621688842773,17.85714340209961,17.93642807006836,17.72857093811035,17.804285049438477,472922800
2013-01-22,15.231563568115234,18.02750015258789,18.13857078552246,17.736785888671875,18.020000457763672,461546400
2013-01-23,15.510374069213867,18.357500076293945,18.392499923706055,18.02750015258789,18.171785354614258,861509600
2013-01-24,13.593949317932129,16.08928680419922,16.633214950561523,16.08035659790039,16.428571701049805,1460852400
2013-01-25,13.273488998413086,15.710000038146973,16.293928146362305,15.535714149475098,16.131786346435547,1208026400
2013-01-28,13.573731422424316,16.065357208251953,16.186071395874023,15.566429138183594,15.636786460876465,785517600
2013-01-29,13.828409194946289,16.366785049438477,16.435714721679688,16.14714241027832,16.375,571158000
2013-01-30,13.784955024719238,16.315357208251953,16.52142906188965,16.23214340209961,16.321428298950195,417155200
2013-01-31,13.74452018737793,16.267499923706055,16.402856826782227,16.249286651611328,16.320714950561523,319334400
2013-02-01,13.688093185424805,16.200714111328125,16.40999984741211,16.012500762939453,16.396785736083984,539484400
2013-02-04,13.347112655639648,15.79714298248291,16.283571243286133,15.785714149475098,16.211071014404297,477117200
2013-02-05,13.815435409545898,16.351428985595703,16.419286727905273,15.793571472167969,15.858928680419922,573347600
2013-02-06,13.800650596618652,16.33392906188965,16.66071319580078,16.163570404052734,16.302499771118164,593706400
2013-02-07,14.210996627807617,16.722143173217773,16.78571319580078,16.218570709228516,16.54464340209961,704580800
2013-02-08,14.416167259216309,16.963571548461914,17.100357055664062,16.72321319580078,16.928571701049805,633158400
2013-02-11,14.56640338897705,17.140356063842773,17.319286346435547,16.90178680419922,17.01785659790039,517490400
2013-02-12,14.201284408569336,16.71071434020996,17.22785758972168,16.704999923706055,17.125356674194336,609053200
2013-02-13,14.174274444580078,16.67892837524414,16.915714263916016,16.54357147216797,16.686071395874023,475207600
2013-02-14,14.161524772644043,16.663928985595703,16.84428596496582,16.5721435546875,16.59000015258789,355275200
2013-02-15,13.966365814208984,16.43428611755371,16.79142951965332,16.42571449279785,16.74464225769043,391745200
2013-02-19,13.961204528808594,16.428213119506836,16.526071548461914,16.20892906188965,16.467857360839844,435783600
2013-02-20,13.623092651367188,16.030357360839844,16.346071243286133,16.0285701751709,16.346071243286133,476302400
2013-02-21,13.538413047790527,15.930713653564453,16.041786193847656,15.8149995803833,15.928570747375488,447182400
2013-02-22,13.682581901550293,16.100357055664062,16.128570556640625,15.949999809265137,16.04464340209961,330654800
2013-02-25,13.439470291137695,15.814286231994629,16.25428581237793,15.806071281433105,16.20892906188965,372579200
2013-02-26,13.62673568725586,16.034643173217773,16.126428604125977,15.630714416503906,15.850713729858398,501499600
2013-02-27,13.49319076538086,15.8774995803833,16.158571243286133,15.737500190734863,16.015356063842773,587350400
2013-02-28,13.396978378295898,15.764286041259766,15.995356559753418,15.764286041259766,15.858928680419922,322515200
2013-03-01,13.065241813659668,15.373929023742676,15.649286270141602,15.356429100036621,15.64285659790039,552448400
2013-03-04,12.748981475830078,15.001786231994629,15.29285717010498,14.964285850524902,15.278571128845215,582755600
2013-03-05,13.085575103759766,15.397856712341309,15.542499542236328,15.026785850524902,15.052857398986816,638433600
2013-03-06,12.919252395629883,15.202142715454102,15.54464340209961,15.15821361541748,15.518214225769043,460250000
2013-03-07,13.068577766418457,15.377857208251953,15.428929328918457,15.037857055664062,15.160714149475098,468473600
2013-03-08,13.103178977966309,15.418571472167969,15.551071166992188,15.307499885559082,15.350000381469727,391482000
2013-03-11,13.289839744567871,15.638214111328125,15.678929328918457,15.183570861816406,15.348214149475098,474236000
2013-03-12,13.00332260131836,15.301071166992188,15.674285888671875,15.270357131958008,15.557143211364746,465911600
2013-03-13,13.000894546508789,15.298213958740234,15.51785659790039,15.191429138183594,15.301786422729492,405549200
2013-03-14,13.126855850219727,15.446429252624512,15.522856712341309,15.373213768005371,15.458213806152344,303875600
2013-03-15,13.465568542480469,15.845000267028809,15.865357398986816,15.616070747375488,15.64035701751709,643960800
2013-03-18,13.83160400390625,16.275714874267578,16.33785629272461,15.757143020629883,15.766071319580078,606197200
2013-03-19,13.794273376464844,16.231786727905273,16.463214874267578,16.01785659790039,16.41071319580078,526775200
2013-03-20,13.721128463745117,16.145713806152344,16.343929290771484,16.056785583496094,16.336429595947266,308660800
2013-03-21,13.740854263305664,16.168928146362305,16.356428146362305,16.075000762939453,16.079286575317383,383255600
2013-03-22,14.01948070526123,16.49678611755371,16.503570556640625,16.1825008392334,16.235000610351562,395105200
2013-03-25,14.070167541503906,16.556428909301758,16.7839298248291,16.492143630981445,16.596071243286133,501135600
2013-03-26,13.996114730834961,16.46928596496582,16.637142181396484,16.447500228881836,16.62285614013672,294294000
2013-03-27,13.721128463745117,16.145713806152344,16.314285278320312,16.09749984741211,16.302143096923828,331237200
2013-03-28,13.435220718383789,15.809286117553711,16.136428833007812,15.772143363952637,16.065000534057617,442839600
2013-04-01,13.017892837524414,15.318214416503906,15.846428871154785,15.276429176330566,15.782142639160156,389732000
2013-04-02,13.044599533081055,15.349642753601074,15.647856712341309,15.228570938110352,15.271429061889648,529519200
2013-04-03,13.111372947692871,15.428214073181152,15.617142677307129,15.368213653564453,15.406070709228516,363216000
2013-04-04,12.98177433013916,15.275713920593262,15.535714149475098,15.1875,15.491429328918457,358447600
2013-04-05,12.84459114074707,15.114286422729492,15.176786422729492,14.988571166992188,15.160714149475098,383695200
2013-04-08,12.935943603515625,15.221785545349121,15.26785659790039,15.088929176330566,15.173213958740234,300829200
2013-04-09,12.95931339263916,15.249285697937012,15.303570747375488,15.098214149475098,15.227143287658691,306614000
2013-04-10,13.223671913146973,15.560357093811035,15.609286308288574,15.214642524719238,15.289285659790039,375928000
2013-04-11,13.182397842407227,15.511786460876465,15.642499923706055,15.399999618530273,15.489999771118164,328364400
2013-04-12,13.044903755187988,15.350000381469727,15.505356788635254,15.3246431350708,15.505356788635254,238613200
2013-04-15,12.742913246154785,14.994643211364746,15.28178596496582,14.983928680419922,15.25,317520000
2013-04-16,12.936857223510742,15.222857475280762,15.23607063293457,15.020357131958008,15.056071281433105,305771200
2013-04-17,12.225424766540527,14.385713577270508,15.021429061889648,14.21821403503418,15.009642601013184,945056000
2013-04-18,11.899152755737305,14.001786231994629,14.492500305175781,13.919285774230957,14.463929176330566,666299200
2013-04-19,11.85301685333252,13.947500228881836,14.271429061889648,13.753570556640625,13.856071472167969,609274400
2013-04-22,12.100072860717773,14.238213539123535,14.364286422729492,13.973929405212402,14.022856712341309,429920400
2013-04-23,12.326495170593262,14.504643440246582,14.585000038146973,14.243213653564453,14.428214073181152,664238400
2013-04-24,12.306159019470215,14.480713844299316,14.83035659790039,14.01785659790039,14.055000305175781,969651200
2013-04-25,12.394783020019531,14.585000038146973,14.783571243286133,14.535714149475098,14.686785697937012,384837600
2013-04-26,12.662482261657715,14.899999618530273,14.956070899963379,14.58035659790039,14.63607120513916,764097600
2013-04-29,13.054620742797852,15.361429214477539,15.486429214477539,15.0,15.016071319580078,640326400
2013-04-30,13.438863754272461,15.813570976257324,15.901785850524902,15.431071281433105,15.539285659790039,691538400
2013-05-01,13.332938194274902,15.688928604125977,15.89035701751709,15.51392936706543,15.873571395874023,506909200
2013-05-02,13.522027969360352,15.911429405212402,16.02107048034668,15.736785888671875,15.777856826782227,421828400
2013-05-03,13.657390594482422,16.070714950561523,16.186786651611328,16.04107093811035,16.118213653564453,361300800
2013-05-06,13.983061790466309,16.453929901123047,16.507143020629883,16.225357055664062,16.27535629272461,496641600
2013-05-07,13.920839309692383,16.380714416503906,16.633928298950195,16.203571319580078,16.60607147216797,483753200
2013-05-08,14.078058242797852,16.56571388244629,16.620357513427734,16.278928756713867,16.394285202026367,472598000
2013-05-09,13.955240249633789,16.313213348388672,16.53571319580078,16.270713806152344,16.421785354614258,398487600
2013-05-10,13.839137077331543,16.177499771118164,16.418214797973633,16.088571548461914,16.35607147216797,334852000
2013-05-13,13.893213272094727,16.240713119506836,16.35357093811035,16.125,16.125356674194336,316948800
2013-05-14,13.56081485748291,15.852143287658691,16.257143020629883,15.791070938110352,16.20892906188965,447118000
2013-05-15,13.102228164672852,15.316070556640625,15.75,15.084285736083984,15.684286117553711,741613600
2013-05-16,13.277290344238281,15.520713806152344,15.637499809265137,14.960714340209961,15.115714073181152,603204000
2013-05-17,13.23696231842041,15.473570823669434,15.717499732971191,15.393214225769043,15.680356979370117,427904400
2013-05-20,13.532398223876953,15.818928718566895,15.921428680419922,15.360713958740234,15.4253568649292,451578400
2013-05-21,13.432494163513184,15.702142715454102,15.90999984741211,15.507143020629883,15.648214340209961,456022000
2013-05-22,13.484128952026367,15.762499809265137,16.012500762939453,15.650713920593262,15.858928680419922,443038400
2013-05-23,13.508261680603027,15.790714263916016,15.934286117553711,15.563928604125977,15.569643020629883,353021200
2013-05-24,13.600221633911133,15.898214340209961,15.916428565979004,15.727143287658691,15.744643211364746,276166800
2013-05-28,13.4868745803833,15.765713691711426,16.11107063293457,15.744643211364746,16.06785774230957,386145200
2013-05-29,13.59411334991455,15.891071319580078,15.98214340209961,15.692856788635254,15.714285850524902,330576400
2013-05-30,13.796675682067871,16.127857208251953,16.23214340209961,15.875356674194336,15.916070938110352,353519600
2013-05-31,13.740152359008789,16.061786651611328,16.325000762939453,16.053571701049805,16.16071319580078,384302800
2013-06-03,13.770398139953613,16.097143173217773,16.15571403503418,15.802857398986816,16.09749984741211,372352400
2013-06-04,13.727322578430176,16.046785354614258,16.229642868041992,15.978214263916016,16.18642807006836,292728800
2013-06-05,13.59900188446045,15.896785736083984,16.097143173217773,15.846785545349121,15.916070938110352,290589600
2013-06-06,13.395831108093262,15.659285545349121,15.964285850524902,15.501786231994629,15.909643173217773,416934000
2013-06-07,13.498181343078613,15.778928756713867,15.829999923706055,15.456070899963379,15.589285850524902,404535600
2013-06-10,13.408968925476074,15.674642562866211,16.038570404052734,15.600000381469727,15.883213996887207,450153200
2013-06-11,13.369549751281738,15.628570556640625,15.812856674194336,15.475713729858398,15.562143325805664,286112400
2013-06-12,13.204270362854004,15.435357093811035,15.758929252624512,15.410714149475098,15.696429252624512,265227200
2013-06-13,13.319452285766602,15.569999694824219,15.612142562866211,15.3125,15.446429252624512,285832400
2013-06-14,13.138890266418457,15.358928680419922,15.581786155700684,15.303570747375488,15.550000190734863,271866000
2013-06-17,13.198469161987305,15.428570747375488,15.560713768005371,15.369999885559082,15.408571243286133,259414400
2013-06-18,13.191437721252441,15.420356750488281,15.532142639160156,15.364643096923828,15.412857055664062,195025600
2013-06-19,12.92349624633789,15.10714340209961,15.416428565979004,15.10714340209961,15.407142639160156,310940000
2013-06-20,12.735297203063965,14.8871431350708,15.213570594787598,14.827500343322754,14.975000381469727,357310800
2013-06-21,12.633252143859863,14.76785659790039,15.0,14.574999809265137,14.946070671081543,481118400
2013-06-24,12.298405647277832,14.376428604125977,14.595000267028809,14.216071128845215,14.550000190734863,480746000
2013-06-25,12.301156044006348,14.379643440246582,14.563928604125977,14.243928909301758,14.489286422729492,314162800
2013-06-26,12.16183853149414,14.21678638458252,14.456786155700684,14.130714416503906,14.425000190734863,367724000
2013-06-27,12.030766487121582,14.063570976257324,14.335356712341309,14.055000305175781,14.258929252624512,337246000
2013-06-28,12.114788055419922,14.161786079406738,14.295356750488281,13.888214111328125,13.977143287658691,578516400
2013-07-01,12.50249195098877,14.614999771118164,14.723929405212402,14.329285621643066,14.381786346435547,391053600
2013-07-02,12.785706520080566,14.946070671081543,15.05821418762207,14.623929023742676,14.64142894744873,469865200
2013-07-03,12.856284141540527,15.028571128845215,15.106429100036621,14.908928871154785,15.03071403503418,240928800
2013-07-05,12.753019332885742,14.907856941223145,15.117500305175781,14.833929061889648,15.01392936706543,274024800
2013-07-08,12.680608749389648,14.823213577270508,15.035714149475098,14.666070938110352,15.003929138183594,298138400
2013-07-09,12.903637886047363,15.083929061889648,15.125,14.656429290771484,14.771429061889648,352584400
2013-07-10,12.854146957397461,15.026070594787598,15.171428680419922,14.9375,14.985713958740234,281405600
2013-07-11,13.0545654296875,15.260356903076172,15.29464340209961,15.041786193847656,15.10535717010498,326292400
2013-07-12,13.030733108520508,15.232500076293945,15.349642753601074,15.121786117553711,15.273214340209961,279563200
2013-07-15,13.059146881103516,15.265713691711426,15.409285545349121,15.171428680419922,15.178929328918457,241917200
2013-07-16,13.143472671508789,15.364286422729492,15.382499694824219,15.14892864227295,15.232856750488281,216538000
2013-07-17,13.146828651428223,15.368213653564453,15.436429023742676,15.293571472167969,15.346428871154785,198990400
2013-07-18,13.191132545471191,15.420000076293945,15.531070709228516,15.378929138183594,15.477856636047363,218878800
2013-07-19,12.983076095581055,15.176786422729492,15.499285697937012,15.155357360839844,15.467857360839844,268721600
2013-07-22,13.02462387084961,15.225357055664062,15.348214149475098,15.195357322692871,15.337857246398926,207796400
2013-07-23,12.800984382629395,14.963929176330566,15.248571395874023,14.95392894744873,15.214285850524902,369395600
2013-07-24,13.458462715148926,15.732500076293945,15.878213882446289,15.545000076293945,15.676071166992188,591936800
2013-07-25,13.397051811218262,15.660714149475098,15.764286041259766,15.564642906188965,15.739286422729492,229493600
2013-07-26,13.473130226135254,15.749643325805664,15.751428604125977,15.5121431350708,15.546428680419922,200152400
2013-07-29,13.680882453918457,15.992500305175781,16.07107162475586,15.721428871154785,15.742856979370117,248057600
2013-07-30,13.849837303161621,16.190000534057617,16.326786041259766,16.043928146362305,16.06999969482422,309422400
2013-07-31,13.825697898864746,16.161785125732422,16.33357048034668,16.051071166992188,16.249643325805664,322957600
2013-08-01,13.952492713928223,16.309999465942383,16.314285278320312,16.187856674194336,16.27678680419922,206250800
2013-08-02,14.131528854370117,16.519285202026367,16.530357360839844,16.30928611755371,16.357500076293945,274783600
2013-08-05,14.34263801574707,16.766071319580078,16.809642791748047,16.50535774230957,16.596071243286133,318855600
2013-08-06,14.214317321777344,16.616071701049805,16.853214263916016,16.506071090698242,16.71500015258789,334857600
2013-08-07,14.206068992614746,16.606428146362305,16.678571701049805,16.491785049438477,16.564285278320312,298858000
2013-08-08,14.177777290344238,16.464643478393555,16.575000762939453,16.355356216430664,16.566429138183594,255777200
2013-08-09,13.976033210754395,16.230356216430664,16.44499969482422,16.201786041259766,16.3799991607666,266865200
2013-08-12,14.373063087463379,16.691429138183594,16.737499237060547,16.30821418762207,16.316429138183594,364434000
2013-08-13,15.056098937988281,17.484643936157227,17.66642951965332,16.7160701751709,16.819286346435547,881941200
2013-08-14,15.330733299255371,17.803571701049805,18.008928298950195,17.621429443359375,17.781429290771484,756372400
2013-08-15,15.312585830688477,17.782499313354492,17.94285774230957,17.46714210510254,17.729286193847656,490294000
2013-08-16,15.448519706726074,17.940357208251953,17.962142944335938,17.816429138183594,17.862499237060547,362306000
2013-08-19,15.614895820617676,18.13357162475586,18.347856521606445,18.0,18.012142181396484,510518400
2013-08-20,15.409772872924805,17.895357131958008,18.234643936157227,17.886428833007812,18.203929901123047,358688400
2013-08-21,15.449442863464355,17.941429138183594,18.112499237060547,17.899999618530273,17.9853572845459,335879600
2013-08-22,15.467894554138184,17.96285629272461,18.056785583496094,17.792856216430664,18.03499984741211,244207600
2013-08-23,15.408232688903809,17.893571853637695,17.97678565979004,17.83392906188965,17.973928451538086,222731600
2013-08-26,15.468202590942383,17.963214874267578,18.2214298248291,17.875,17.883928298950195,330965600
2013-08-27,15.025964736938477,17.449642181396484,17.946786880493164,17.367856979370117,17.78571319580078,424188800
2013-08-28,15.097004890441895,17.532142639160156,17.707143783569336,17.35714340209961,17.35714340209961,307608000
2013-08-29,15.121606826782227,17.560714721679688,17.73214340209961,17.54035758972168,17.558929443359375,239657600
2013-08-30,14.983835220336914,17.400714874267578,17.605356216430664,17.375,17.571428298950195,272297200
2013-09-03,15.025662422180176,17.44928550720215,17.878570556640625,17.405357360839844,17.610713958740234,331928800
2013-09-04,15.336575508117676,17.81035614013672,17.937143325805664,17.724285125732422,17.841428756713867,345032800
2013-09-05,15.231396675109863,17.688213348388672,17.88142967224121,17.6299991607666,17.866071701049805,236367600
2013-09-06,15.322127342224121,17.79357147216797,17.834999084472656,17.498214721679688,17.801429748535156,359525600
2013-09-09,15.566615104675293,18.077499389648438,18.139999389648438,17.981428146362305,18.03571319580078,340687200
2013-09-10,15.212027549743652,17.665714263916016,18.123214721679688,17.48214340209961,18.078571319580078,743195600
2013-09-11,14.383824348449707,16.703929901123047,16.917499542236328,16.600357055664062,16.67892837524414,898696400
2013-09-12,14.536979675292969,16.881786346435547,16.97857093811035,16.643213272094727,16.73214340209961,404051200
2013-09-13,14.297408103942871,16.60357093811035,16.851070404052734,16.5964298248291,16.762142181396484,298835600
2013-09-16,13.84286880493164,16.075714111328125,16.48607063293457,15.972143173217773,16.46428680419922,543706800
2013-09-17,14.002787590026855,16.261428833007812,16.418214797973633,15.98214340209961,15.998571395874023,399380800
2013-09-18,14.290643692016602,16.595714569091797,16.655357360839844,16.4521427154541,16.542142868041992,456862000
2013-09-19,14.524982452392578,16.867856979370117,16.993928909301758,16.758928298950195,16.810714721679688,404541200
2013-09-20,14.374601364135742,16.693214416503906,17.0910701751709,16.64285659790039,17.071428298950195,699302800
2013-09-23,15.089008331298828,17.522857666015625,17.74678611755371,17.235713958740234,17.717857360839844,762106800
2013-09-24,15.041645050048828,17.467857360839844,17.695356369018555,17.422143936157227,17.674285888671875,364344400
2013-09-25,14.808842658996582,17.197500228881836,17.48714256286621,17.19392967224121,17.4714298248291,316957200
2013-09-26,14.953080177307129,17.364999771118164,17.448570251464844,17.282142639160156,17.35714340209961,237221600
2013-09-27,14.846366882324219,17.241071701049805,17.309642791748047,17.16857147216797,17.277856826782227,228040400
2013-09-30,14.661843299865723,17.02678680419922,17.2021427154541,16.943214416503906,17.04464340209961,260156400
2013-10-01,15.006586074829102,17.427143096923828,17.46928596496582,17.084999084472656,17.087499618530273,353883600
2013-10-02,15.055801391601562,17.484285354614258,17.564285278320312,17.27678680419922,17.343929290771484,289184000
2013-10-03,14.866661071777344,17.2646427154541,17.58392906188965,17.169286727905273,17.518213272094727,322753200
2013-10-04,14.854972839355469,17.25107192993164,17.30714225769043,17.092857360839844,17.28071403503418,258868400
2013-10-07,15.000126838684082,17.41964340209961,17.594642639160156,17.33392906188965,17.37714385986328,312292400
2013-10-08,14.790703773498535,17.176429748535156,17.522857666015625,17.16214370727539,17.49785614013672,290917200
2013-10-09,14.964457511901855,17.37821388244629,17.421070098876953,17.08142852783203,17.308570861816406,301725200
2013-10-10,15.058259010314941,17.48714256286621,17.584999084472656,17.394285202026367,17.547143936157227,278602800
2013-10-11,15.155741691589355,17.600357055664062,17.637142181396484,17.3271427154541,17.392499923706055,267738800
2013-10-14,15.25507640838623,17.715713500976562,17.770713806152344,17.47678565979004,17.493928909301758,261898000
2013-10-15,15.336273193359375,17.809999465942383,17.928571701049805,17.6971435546875,17.768213272094727,320073600
2013-10-16,15.410996437072754,17.896785736083984,17.947500228881836,17.82964324951172,17.885356903076172,251101200
2013-10-17,15.515254974365234,18.01785659790039,18.027856826782227,17.845714569091797,17.856428146362305,253593200
2013-10-18,15.650270462036133,18.17464256286621,18.187856674194336,18.061071395874023,18.07107162475586,290542000
2013-10-21,16.033767700195312,18.6200008392334,18.725000381469727,18.268571853637695,18.27750015258789,398106800
2013-10-22,15.987942695617676,18.56678581237793,18.873214721679688,18.14392852783203,18.800357818603516,534063600
2013-10-23,16.144481658935547,18.748571395874023,18.773929595947266,18.53571319580078,18.53571319580078,313723200
2013-10-24,16.358217239379883,18.99678611755371,19.016786575317383,18.6589298248291,18.75,384764800
2013-10-25,16.175233840942383,18.784286499023438,19.043928146362305,18.753929138183594,18.9757137298584,337792000
2013-10-28,16.295791625976562,18.924285888671875,18.96428680419922,18.686071395874023,18.894285202026367,550440800
2013-10-29,15.889838218688965,18.452856063842773,19.258928298950195,18.376428604125977,19.15250015258789,635807200
2013-10-30,16.14263153076172,18.746429443359375,18.84000015258789,18.46500015258789,18.5575008392334,354163600
2013-10-31,16.074968338012695,18.667856216430664,18.83892822265625,18.616785049438477,18.75,275696400
2013-11-01,15.992864608764648,18.572500228881836,18.742856979370117,18.4228572845459,18.71500015258789,274890000
2013-11-04,16.199535369873047,18.8125,18.815000534057617,18.528928756713867,18.610713958740234,244627600
2013-11-05,16.159543991088867,18.766071319580078,18.88892936706543,18.678571701049805,18.735000610351562,265213200
2013-11-06,16.11376953125,18.604286193847656,18.7450008392334,18.507143020629883,18.719642639160156,223375600
2013-11-07,15.852999687194824,18.303213119506836,18.68535614013672,18.299285888671875,18.556428909301758,262620400
2013-11-08,16.102624893188477,18.591428756713867,18.611785888671875,18.306785583496094,18.377857208251953,279316800
2013-11-11,16.055923461914062,18.537500381469727,18.631071090698242,18.37178611755371,18.57107162475586,227452400
2013-11-12,16.085622787475586,18.571786880493164,18.711429595947266,18.46428680419922,18.48821449279785,204276800
2013-11-13,16.104795455932617,18.593929290771484,18.65178680419922,18.46285629272461,18.5,197220800
2013-11-14,16.337726593017578,18.862857818603516,18.902856826782227,18.638214111328125,18.671785354614258,282419200
2013-11-15,16.23966407775879,18.749643325805664,18.89607048034668,18.731786727905273,18.806428909301758,317920400
2013-11-18,16.042926788330078,18.522499084472656,18.828214645385742,18.507143020629883,18.749643325805664,244944000
2013-11-19,16.07139015197754,18.555356979370117,18.692142486572266,18.49892807006836,18.536785125732422,208938800
2013-11-20,15.930651664733887,18.39285659790039,18.586429595947266,18.368928909301758,18.543928146362305,193916800
2013-11-21,16.120573043823242,18.61214256286621,18.614643096923828,18.34535789489746,18.485713958740234,262026800
2013-11-22,16.079118728637695,18.564285278320312,18.648571014404297,18.51892852783203,18.554285049438477,223725600
2013-11-25,16.200998306274414,18.704999923706055,18.781070709228516,18.60714340209961,18.60785675048828,229311600
2013-11-26,16.49981689453125,19.049999237060547,19.147857666015625,18.71428680419922,18.718570709228516,401382800
2013-11-27,16.88833999633789,19.498571395874023,19.5,19.049999237060547,19.153928756713867,363448400
2013-11-29,17.201074600219727,19.859643936157227,19.940357208251953,19.56464385986328,19.624286651611328,318127600
2013-12-02,17.051355361938477,19.686786651611328,20.15464210510254,19.672143936157227,19.928571701049805,472544800
2013-12-03,17.51813316345215,20.2257137298584,20.22785758972168,19.917142868041992,19.939285278320312,450968000
2013-12-04,17.47730255126953,20.178571701049805,20.328214645385742,20.029285430908203,20.196428298950195,377809600
2013-12-05,17.567005157470703,20.282142639160156,20.540714263916016,20.22892951965332,20.451786041259766,447580000
2013-12-06,17.323253631591797,20.000713348388672,20.241071701049805,19.984643936157227,20.206785202026367,344352400
2013-12-09,17.52153778076172,20.229642868041992,20.34214210510254,20.032142639160156,20.032142639160156,320493600
2013-12-10,17.49431800842285,20.198213577270508,20.281429290771484,20.042856216430664,20.127857208251953,278269600
2013-12-11,17.364707946777344,20.04857063293457,20.391786575317383,19.988929748535156,20.25,359718800
2013-12-12,17.339338302612305,20.019285202026367,20.19071388244629,20.00107192993164,20.07642936706543,262290000
2013-12-13,17.150341033935547,19.801071166992188,20.10285758972168,19.773929595947266,20.10178565979004,332822000
2013-12-16,17.245309829711914,19.91071319580078,20.09428596496582,19.821786880493164,19.8221435546875,282592800
2013-12-17,17.16765785217285,19.82107162475586,19.979999542236328,19.76357078552246,19.850357055664062,229902400
2013-12-18,17.037120819091797,19.67035675048828,19.694643020629883,19.242856979370117,19.632143020629883,565863200
2013-12-19,16.84193992614746,19.44499969482422,19.64285659790039,19.418928146362305,19.625,320308800
2013-12-20,16.982986450195312,19.60785675048828,19.70035743713379,19.457857131958008,19.479642868041992,436413600
2013-12-23,17.634754180908203,20.3603572845459,20.382856369018555,20.09857177734375,20.28571319580078,501306400
2013-12-24,17.559894561767578,20.273929595947266,20.424285888671875,20.215356826782227,20.353214263916016,167554800
2013-12-26,17.44328498840332,20.139286041259766,20.33928680419922,20.12071418762207,20.28928565979004,204008000
2013-12-27,17.325428009033203,20.00321388244629,20.157499313354492,19.98214340209961,20.136428833007812,225884400
2013-12-30,17.15312957763672,19.804285049438477,20.00321388244629,19.7257137298584,19.909286499023438,253629600
2013-12-31,17.35419464111328,20.036428451538086,20.045713424682617,19.78571319580078,19.791786193847656,223084400
2014-01-02,17.11012840270996,19.754642486572266,19.89392852783203,19.71500015258789,19.845714569091797,234684800
2014-01-03,16.73428726196289,19.320714950561523,19.774999618530273,19.301071166992188,19.7450008392334,392467600
2014-01-06,16.825544357299805,19.426071166992188,19.5285701751709,19.05714225769043,19.194643020629883,412610800
2014-01-07,16.705209732055664,19.28714370727539,19.498571395874023,19.211429595947266,19.440000534057617,317209200
2014-01-08,16.81100082397461,19.409286499023438,19.484285354614258,19.238929748535156,19.243213653564453,258529600
2014-01-09,16.596328735351562,19.161428451538086,19.53071403503418,19.11964225769043,19.5285701751709,279148800
2014-01-10,16.48558235168457,19.033571243286133,19.314285278320312,18.96821403503418,19.27964210510254,304976000
2014-01-13,16.5718936920166,19.133214950561523,19.375,18.924285888671875,18.925357818603516,378492800
2014-01-14,16.901641845703125,19.51392936706543,19.526071548461914,19.2021427154541,19.222143173217773,332561600
2014-01-15,17.240970611572266,19.90571403503418,20.007143020629883,19.7021427154541,19.768571853637695,391638800
2014-01-16,17.144773483276367,19.79464340209961,19.887500762939453,19.702856063842773,19.81785774230957,229278000
2014-01-17,16.72469711303711,19.309642791748047,19.716785430908203,19.282142639160156,19.695714950561523,426739600
2014-01-21,16.984535217285156,19.609643936157227,19.645357131958008,19.30071449279785,19.32107162475586,328526800
2014-01-22,17.060012817382812,19.696786880493164,19.903213500976562,19.56464385986328,19.675357818603516,379985200
2014-01-23,17.204479217529297,19.863571166992188,19.875,19.457500457763672,19.640714645385742,403239200
2014-01-24,16.891738891601562,19.502500534057617,19.843570709228516,19.45535659790039,19.78571319580078,429354800
2014-01-27,17.028766632080078,19.66071319580078,19.814285278320312,19.491071701049805,19.645357131958008,554878800
2014-01-28,15.667712211608887,18.08928680419922,18.39285659790039,17.93107032775879,18.170000076293945,1065523200
2014-01-29,15.489845275878906,17.883928298950195,18.120357513427734,17.807857513427734,17.998214721679688,502810000
2014-01-30,15.459834098815918,17.849285125732422,18.08928680419922,17.739286422729492,17.947856903076172,678501600
2014-01-31,15.485199928283691,17.878570556640625,17.911785125732422,17.626785278320312,17.684999465942383,464797200
2014-02-03,15.513964653015137,17.911785125732422,18.133214950561523,17.832143783569336,17.95035743713379,401464000
2014-02-04,15.73854923248291,18.171070098876953,18.19499969482422,17.955713272094727,18.066070556640625,376681200
2014-02-05,15.856094360351562,18.306785583496094,18.402856826782227,18.08035659790039,18.091428756713867,328344800
2014-02-06,15.948517799377441,18.30392837524414,18.33928680419922,18.136070251464844,18.216428756713867,257765200
2014-02-07,16.171632766723633,18.559999465942383,18.676071166992188,18.47785758972168,18.62071418762207,370280400
2014-02-10,16.46135139465332,18.892499923706055,18.999643325805664,18.5,18.523571014404297,345559200
2014-02-11,16.678247451782227,19.141429901123047,19.20535659790039,18.91071319580078,18.95035743713379,282256800
2014-02-12,16.676998138427734,19.139999389648438,19.270000457763672,19.044286727905273,19.176786422729492,308100800
2014-02-13,16.941816329956055,19.44392967224121,19.45892906188965,19.078571319580078,19.094999313354492,307398000
2014-02-14,16.928119659423828,19.428213119506836,19.499286651611328,19.328929901123047,19.37392807006836,272924400
2014-02-18,16.9903621673584,19.499643325805664,19.68535614013672,19.48607063293457,19.5,260251600
2014-02-19,16.72212028503418,19.19178581237793,19.53178596496582,19.08392906188965,19.45535659790039,313768000
2014-02-20,16.528564453125,18.969642639160156,19.178571701049805,18.89285659790039,19.035356521606445,305858000
2014-02-21,16.3449649810791,18.758928298950195,19.091785430908203,18.735713958740234,19.028213500976562,278784800
2014-02-24,16.416532516479492,18.8410701751709,18.92571449279785,18.65785789489746,18.683929443359375,288909600
2014-02-25,16.24570083618164,18.645000457763672,18.9132137298584,18.60714340209961,18.906429290771484,231952000
2014-02-26,16.09913444519043,18.47678565979004,18.75,18.41428565979004,18.70035743713379,276217200
2014-02-27,16.420269012451172,18.84535789489746,18.885000228881836,18.430356979370117,18.46928596496582,301882000
2014-02-28,16.375774383544922,18.794286727905273,19.02678680419922,18.64714241027832,18.895713806152344,371968800
2014-03-03,16.42307472229004,18.84857177734375,18.951786041259766,18.671785354614258,18.693571090698242,238781200
2014-03-04,16.53136444091797,18.972856521606445,19.022857666015625,18.848928451538086,18.96428680419922,259140000
2014-03-05,16.56621742248535,19.01285743713379,19.09821319580078,18.897499084472656,18.961429595947266,200062800
2014-03-06,16.51611328125,18.95535659790039,19.087142944335938,18.860713958740234,19.028213500976562,185488800
2014-03-07,16.506471633911133,18.944286346435547,18.999286651611328,18.787500381469727,18.967500686645508,220729600
2014-03-10,16.521404266357422,18.961429595947266,19.047500610351562,18.869285583496094,18.8700008392334,178584000
2014-03-11,16.682287216186523,19.14607048034668,19.240713119506836,19.02107048034668,19.123214721679688,279224400
2014-03-12,16.698467254638672,19.164642333984375,19.191070556640625,19.0,19.089643478393555,199326400
2014-03-13,16.513004302978516,18.951786041259766,19.273571014404297,18.898571014404297,19.194286346435547,257742800
2014-03-14,16.327537536621094,18.738929748535156,18.960357666015625,18.678571701049805,18.885356903076172,237199200
2014-03-17,16.39133071899414,18.812143325805664,18.927499771118164,18.780357360839844,18.8464298248291,199544800
2014-03-18,16.53634262084961,18.97857093811035,18.99892807006836,18.757143020629883,18.782142639160156,209647200
2014-03-19,16.531993865966797,18.97357177734375,19.15142822265625,18.89285659790039,19.009286880493164,224756000
2014-03-20,16.452320098876953,18.882143020629883,19.023929595947266,18.83392906188965,18.92464256286621,208398400
2014-03-21,16.58209228515625,19.031070709228516,19.0625,18.797500610351562,18.997499465942383,374046400
2014-03-24,16.778757095336914,19.256786346435547,19.303571701049805,19.109285354614258,19.229286193847656,355700800
2014-03-25,16.959239959716797,19.46392822265625,19.491071701049805,19.27107048034668,19.33928680419922,282293200
2014-03-26,16.797115325927734,19.277856826782227,19.60714340209961,19.2450008392334,19.518571853637695,299768000
2014-03-27,16.72492027282715,19.19499969482422,19.33928680419922,19.11142921447754,19.286428451538086,222031600
2014-03-28,16.706247329711914,19.17357063293457,19.24785614013672,19.08035659790039,19.2257137298584,200564000
2014-03-31,16.7025146484375,19.169286727905273,19.31464385986328,19.140356063842773,19.258214950561523,168669200
2014-04-01,16.85531234741211,19.344642639160156,19.352500915527344,19.17035675048828,19.205713272094727,200760000
2014-04-02,16.88331413269043,19.376785278320312,19.40999984741211,19.295000076293945,19.37071418762207,180420800
2014-04-03,16.76630973815918,19.24250030517578,19.375,19.20142936706543,19.335357666015625,162344000
2014-04-04,16.549415588378906,18.99357032775879,19.28571319580078,18.94928550720215,19.278928756713867,275251200
2014-04-07,16.289581298828125,18.695356369018555,18.96071434020996,18.63892936706543,18.85785675048828,289850400
2014-04-08,16.28864097595215,18.694286346435547,18.790000915527344,18.524999618530273,18.756786346435547,243888400
2014-04-09,16.50273323059082,18.940000534057617,18.94607162475586,18.643571853637695,18.665714263916016,206169600
2014-04-10,16.289884567260742,18.695714950561523,19.00857162475586,18.684642791748047,18.952856063842773,239652000
2014-04-11,16.169456481933594,18.5575008392334,18.672500610351562,18.46928596496582,18.53571319580078,271717600
2014-04-14,16.233869552612305,18.63142967224121,18.648571014404297,18.471786499023438,18.639286041259766,205674000
2014-04-15,16.118114471435547,18.498571395874023,18.6299991607666,18.26178550720215,18.581071853637695,266490000
2014-04-16,16.15078353881836,18.53607177734375,18.6103572845459,18.36214256286621,18.501785278320312,214765600
2014-04-17,16.335317611694336,18.74785614013672,18.84857177734375,18.542856216430664,18.571428298950195,284334400
2014-04-21,16.529186248779297,18.97035789489746,19.0049991607666,18.71285629272461,18.762142181396484,182548800
2014-04-22,16.545679092407227,18.989286422729492,18.993928909301758,18.803571701049805,18.868213653564453,202563200
2014-04-23,16.329402923583984,18.741071701049805,18.968929290771484,18.730356216430664,18.895000457763672,394940000
2014-04-24,17.668123245239258,20.27750015258789,20.35714340209961,20.026071548461914,20.293214797973633,759911600
2014-04-25,17.79787826538086,20.426429748535156,20.428213119506836,20.141429901123047,20.161785125732422,390275200
2014-04-28,18.48715591430664,21.217500686645508,21.27678680419922,20.448213577270508,20.457143783569336,669485600
2014-04-29,18.43238639831543,21.15464210510254,21.28499984741211,21.05392837524414,21.204999923706055,337377600
2014-04-30,18.362686157226562,21.074642181396484,21.408214569091797,21.064285278320312,21.165714263916016,456640800
2014-05-01,18.40593719482422,21.124286651611328,21.242856979370117,20.941429138183594,21.14285659790039,244048000
2014-05-02,18.440168380737305,21.163570404052734,21.2214298248291,21.061071395874023,21.155000686645508,191514400
2014-05-05,18.70094871520996,21.46285629272461,21.46428680419922,21.071428298950195,21.07642936706543,287067200
2014-05-06,18.497119903564453,21.22892951965332,21.586071014404297,21.22892951965332,21.492856979370117,374564400
2014-05-07,18.43238639831543,21.15464210510254,21.331785202026367,20.9903564453125,21.258928298950195,282864400
2014-05-08,18.3995304107666,20.999643325805664,21.22892951965332,20.94285774230957,21.008928298950195,230297200
2014-05-09,18.322864532470703,20.91214370727539,20.9375,20.726070404052734,20.876428604125977,291597600
2014-05-12,18.550992965698242,21.172500610351562,21.2021427154541,20.97857093811035,20.981786727905273,213208800
2014-05-13,18.58008575439453,21.205713272094727,21.233570098876953,21.0964298248291,21.14285659790039,159737200
2014-05-14,18.583526611328125,21.20964241027832,21.33571434020996,21.13357162475586,21.158214569091797,166404000
2014-05-15,18.425508499145508,21.029285430908203,21.30714225769043,21.001428604125977,21.239286422729492,230846000
2014-05-16,18.69744300842285,21.339643478393555,21.340356826782227,20.907142639160156,21.022499084472656,276256400
2014-05-19,18.918983459472656,21.592500686645508,21.690357208251953,21.333213806152344,21.35178565979004,317755200
2014-05-20,18.92273712158203,21.596786499023438,21.657142639160156,21.45464324951172,21.589643478393555,234836000
2014-05-21,18.972808837890625,21.653928756713867,21.667856216430664,21.50214385986328,21.565357208251953,196859600
2014-05-22,19.002843856811523,21.688213348388672,21.780357360839844,21.575000762939453,21.66428565979004,200760000
2014-05-23,19.217512130737305,21.93321418762207,21.95464324951172,21.659643173217773,21.6875,232209600
2014-05-27,19.577373504638672,22.343929290771484,22.352142333984375,21.986785888671875,21.99571418762207,348866000
2014-05-28,19.526683807373047,22.28607177734375,22.493928909301758,22.277856826782227,22.35785675048828,315481600
2014-05-29,19.882476806640625,22.692142486572266,22.745357513427734,22.42035675048828,22.423213958740234,376474000
2014-05-30,19.807998657226562,22.60714340209961,23.006071090698242,22.46071434020996,22.78499984741211,564020800
2014-06-02,19.671878814697266,22.451786041259766,22.672500610351562,22.23214340209961,22.641429901123047,369350800
2014-06-03,19.95006561279297,22.769285202026367,22.812143325805664,22.4375,22.44499969482422,292709200
2014-06-04,20.17786979675293,23.029285430908203,23.13892936706543,22.71821403503418,22.765714645385742,335482000
2014-06-05,20.257034301757812,23.11964225769043,23.19178581237793,22.95035743713379,23.078571319580078,303805600
2014-06-06,20.20134735107422,23.05607032775879,23.259286880493164,23.016786575317383,23.21071434020996,349938400
2014-06-09,20.52458381652832,23.424999237060547,23.469999313354492,22.9375,23.174999237060547,301660000
2014-06-10,20.645069122314453,23.5625,23.762500762939453,23.392499923706055,23.6825008392334,251108000
2014-06-11,20.559635162353516,23.46500015258789,23.690000534057617,23.36750030517578,23.532499313354492,182724000
2014-06-12,20.215736389160156,23.072500228881836,23.530000686645508,22.975000381469727,23.510000228881836,218996000
2014-06-13,19.994495391845703,22.81999969482422,23.110000610351562,22.719999313354492,23.049999237060547,218100000
2014-06-16,20.196020126342773,23.049999237060547,23.1875,22.862499237060547,22.877500534057617,142244000
2014-06-17,20.16973876953125,23.020000457763672,23.174999237060547,22.950000762939453,23.077499389648438,118904000
2014-06-18,20.191640853881836,23.045000076293945,23.072500228881836,22.837499618530273,23.0674991607666,134056000
2014-06-19,20.121543884277344,22.96500015258789,23.075000762939453,22.834999084472656,23.072500228881836,142112000
2014-06-20,19.9134521484375,22.727500915527344,23.137500762939453,22.725000381469727,22.962499618530273,403592000
2014-06-23,19.895933151245117,22.707500457763672,22.905000686645508,22.649999618530273,22.829999923706055,174776000
2014-06-24,19.77545166015625,22.56999969482422,22.934999465942383,22.547500610351562,22.6875,156144000
2014-06-25,19.7929744720459,22.59000015258789,22.674999237060547,22.412500381469727,22.552499771118164,147476000
2014-06-26,19.911266326904297,22.725000381469727,22.762500762939453,22.450000762939453,22.592500686645508,130516000
2014-06-27,20.1478328704834,22.9950008392334,23.0,22.6924991607666,22.704999923706055,256116000
2014-06-30,20.355926513671875,23.232500076293945,23.4325008392334,23.022499084472656,23.024999618530273,197929200
2014-07-01,20.48516273498535,23.3799991607666,23.517499923706055,23.282499313354492,23.3799991607666,152892000
2014-07-02,20.47640037536621,23.3700008392334,23.514999389648438,23.272499084472656,23.467500686645508,113860000
2014-07-03,20.596878051757812,23.50749969482422,23.524999618530273,23.299999237060547,23.417499542236328,91567200
2014-07-07,21.021827697753906,23.99250030517578,23.997499465942383,23.524999618530273,23.53499984741211,225872000
2014-07-08,20.886018753051758,23.837499618530273,24.200000762939453,23.479999542236328,24.0674991607666,260888000
2014-07-09,20.894775390625,23.84749984741211,23.987499237060547,23.690000534057617,23.860000610351562,145744000
2014-07-10,20.818113327026367,23.760000228881836,23.887500762939453,23.3799991607666,23.440000534057617,158744000
2014-07-11,20.85753631591797,23.80500030517578,23.97249984741211,23.71500015258789,23.84000015258789,136072000
2014-07-14,21.12696647644043,24.112499237060547,24.22249984741211,23.912500381469727,23.96500015258789,171240000
2014-07-15,20.879444122314453,23.829999923706055,24.212499618530273,23.75749969482422,24.200000762939453,181911600
2014-07-16,20.761152267456055,23.69499969482422,24.274999618530273,23.684999465942383,24.24250030517578,213585200
2014-07-17,20.390972137451172,23.272499084472656,23.81999969482422,23.142499923706055,23.75749969482422,229192000
2014-07-18,20.684490203857422,23.607500076293945,23.684999465942383,23.2549991607666,23.405000686645508,199952000
2014-07-21,20.57716178894043,23.485000610351562,23.75,23.43000030517578,23.747499465942383,156316000
2014-07-22,20.74801254272461,23.68000030517578,23.72249984741211,23.530000686645508,23.670000076293945,220788000
2014-07-23,21.2890682220459,24.297500610351562,24.469999313354492,23.792499542236328,23.854999542236328,371672000
2014-07-24,21.25401496887207,24.25749969482422,24.329999923706055,24.104999542236328,24.260000228881836,182916000
2014-07-25,21.394201278686523,24.417499542236328,24.459999084472656,24.15999984741211,24.212499618530273,173876000
2014-07-28,21.689912796020508,24.7549991607666,24.809999465942383,24.387500762939453,24.454999923706055,221272000
2014-07-29,21.549718856811523,24.594999313354492,24.860000610351562,24.5625,24.832500457763672,172572000
2014-07-30,21.499345779418945,24.537500381469727,24.674999237060547,24.417499542236328,24.610000610351562,132040000
2014-07-31,20.94078254699707,23.899999618530273,24.362499237060547,23.832500457763672,24.290000915527344,227372000
2014-08-01,21.056869506835938,24.032499313354492,24.155000686645508,23.702499389648438,23.725000381469727,194044000
2014-08-04,20.938583374023438,23.897499084472656,24.145000457763672,23.792499542236328,24.092500686645508,159832000
2014-08-05,20.835630416870117,23.780000686645508,23.920000076293945,23.59000015258789,23.84000015258789,223732000
2014-08-06,20.80059051513672,23.739999771118164,23.8700008392334,23.677499771118164,23.6875,154232000
2014-08-07,20.798385620117188,23.6200008392334,23.987499237060547,23.524999618530273,23.732500076293945,186844000
2014-08-08,20.85561752319336,23.684999465942383,23.704999923706055,23.31999969482422,23.565000534057617,167460000
2014-08-11,21.130796432495117,23.997499465942383,24.020000457763672,23.709999084472656,23.8174991607666,146340000
2014-08-12,21.126386642456055,23.99250030517578,24.219999313354492,23.90250015258789,24.010000228881836,135180000
2014-08-13,21.40595817565918,24.309999465942383,24.309999465942383,24.010000228881836,24.037500381469727,127664000
2014-08-14,21.46320152282715,24.375,24.392499923706055,24.200000762939453,24.332500457763672,112464000
2014-08-15,21.568866729736328,24.4950008392334,24.547500610351562,24.21500015258789,24.475000381469727,195804000
2014-08-18,21.8286190032959,24.790000915527344,24.842500686645508,24.4950008392334,24.622499465942383,190288000
2014-08-19,22.13020133972168,25.13249969482422,25.170000076293945,24.829999923706055,24.852500915527344,277596000
2014-08-20,22.139009475708008,25.142499923706055,25.272499084472656,24.987499237060547,25.110000610351562,210796000
2014-08-21,22.141218185424805,25.145000457763672,25.235000610351562,25.02750015258789,25.142499923706055,133912000
2014-08-22,22.304105758666992,25.329999923706055,25.36750030517578,25.047500610351562,25.072500228881836,176736000
2014-08-25,22.3525390625,25.385000228881836,25.542499542236328,25.31999969482422,25.447500228881836,161080000
2014-08-26,22.20945167541504,25.22249984741211,25.375,25.21500015258789,25.354999542236328,132608000
2014-08-27,22.482421875,25.532499313354492,25.642499923706055,25.174999237060547,25.2549991607666,209476000
2014-08-28,22.508838653564453,25.5625,25.69499969482422,25.389999389648438,25.397499084472656,273840000
2014-08-29,22.563873291015625,25.625,25.725000381469727,25.549999237060547,25.71500015258789,178380000
2014-09-02,22.739978790283203,25.825000762939453,25.934999465942383,25.68000030517578,25.764999389648438,214256000
2014-09-03,21.780189514160156,24.735000610351562,25.799999237060547,24.645000457763672,25.774999618530273,501684000
2014-09-04,21.59967613220215,24.530000686645508,25.022499084472656,24.447500228881836,24.712499618530273,342872000
2014-09-05,21.786794662475586,24.74250030517578,24.84749984741211,24.577499389648438,24.700000762939453,233828000
2014-09-08,21.652509689331055,24.59000015258789,24.827499389648438,24.512500762939453,24.825000762939453,185426800
2014-09-09,21.571063995361328,24.497499465942383,25.770000457763672,24.03499984741211,24.770000457763672,759385200
2014-09-10,22.233665466308594,25.25,25.27750015258789,24.440000534057617,24.502500534057617,403478400
2014-09-11,22.328319549560547,25.357500076293945,25.360000610351562,24.905000686645508,25.102500915527344,249412400
2014-09-12,22.37895965576172,25.415000915527344,25.547500610351562,25.270000457763672,25.302499771118164,250504400
2014-09-15,22.372352600097656,25.407499313354492,25.762500762939453,25.360000610351562,25.702499389648438,245266000
2014-09-16,22.202852249145508,25.21500015258789,25.315000534057617,24.72249984741211,24.950000762939453,267632400
2014-09-17,22.361345291137695,25.395000457763672,25.450000762939453,25.147499084472656,25.3174991607666,243706000
2014-09-18,22.40757179260254,25.447500228881836,25.587499618530273,25.389999389648438,25.482500076293945,149197600
2014-09-19,22.224864959716797,25.239999771118164,25.587499618530273,25.125,25.572500228881836,283609600
2014-09-22,22.24687385559082,25.264999389648438,25.53499984741211,25.145000457763672,25.450000762939453,211153600
2014-09-23,22.594688415527344,25.65999984741211,25.735000610351562,25.135000228881836,25.149999618530273,253608800
2014-09-24,22.39876937866211,25.4375,25.712499618530273,25.299999237060547,25.540000915527344,240687200
2014-09-25,21.544641494750977,24.467500686645508,25.177499771118164,24.43000030517578,25.127500534057617,400368000
2014-09-26,22.17862892150879,25.1875,25.1875,24.600000381469727,24.63249969482422,249482000
2014-09-29,22.037748336791992,25.02750015258789,25.110000610351562,24.657499313354492,24.662500381469727,199065200
2014-09-30,22.17862892150879,25.1875,25.385000228881836,25.13249969482422,25.202499389648438,221056400
2014-10-01,21.83302879333496,24.795000076293945,25.172500610351562,24.674999237060547,25.147499084472656,205965200
2014-10-02,21.99152374267578,24.975000381469727,25.05500030517578,24.510000228881836,24.8174991607666,191031200
2014-10-03,21.929887771606445,24.905000686645508,25.052499771118164,24.760000228881836,24.860000610351562,173878400
2014-10-06,21.929887771606445,24.905000686645508,25.162500381469727,24.854999542236328,24.987499237060547,148204800
2014-10-07,21.73836326599121,24.6875,25.030000686645508,24.6825008392334,24.857500076293945,168376800
2014-10-08,22.189647674560547,25.200000762939453,25.27750015258789,24.577499389648438,24.690000534057617,229618800
2014-10-09,22.238073348999023,25.2549991607666,25.594999313354492,25.15250015258789,25.385000228881836,309506000
2014-10-10,22.174232482910156,25.1825008392334,25.50749969482422,25.075000762939453,25.172500610351562,265326400
2014-10-13,21.971708297729492,24.952499389648438,25.44499969482422,24.952499389648438,25.332500457763672,214333600
2014-10-14,21.73836326599121,24.6875,25.1299991607666,24.642499923706055,25.09749984741211,254754400
2014-10-15,21.472000122070312,24.385000228881836,24.787500381469727,23.795000076293945,24.49250030517578,403734400
2014-10-16,21.190227508544922,24.065000534057617,24.43000030517578,23.852500915527344,23.887500762939453,288618000
2014-10-17,21.5006160736084,24.417499542236328,24.75,24.202499389648438,24.375,272718800
2014-10-20,21.960704803466797,24.940000534057617,24.989999771118164,24.55500030517578,24.579999923706055,310069200
2014-10-21,22.55726432800293,25.61750030517578,25.7549991607666,25.3174991607666,25.7549991607666,378495600
2014-10-22,22.67173957824707,25.747499465942383,26.02750015258789,25.649999618530273,25.709999084472656,273052400
2014-10-23,23.0767879486084,26.207500457763672,26.262500762939453,25.907499313354492,26.020000457763672,284298800
2014-10-24,23.162639617919922,26.30500030517578,26.372499465942383,26.13249969482422,26.295000076293945,188215600
2014-10-27,23.138425827026367,26.27750015258789,26.3700008392334,26.174999237060547,26.212499618530273,136750800
2014-10-28,23.49724578857422,26.684999465942383,26.684999465942383,26.337499618530273,26.350000381469727,192243600
2014-10-29,23.62932586669922,26.834999084472656,26.842500686645508,26.59000015258789,26.662500381469727,210751600
2014-10-30,23.55008316040039,26.7450008392334,26.837499618530273,26.475000381469727,26.739999771118164,162619200
2014-10-31,23.774616241455078,27.0,27.010000228881836,26.802499771118164,27.002500534057617,178557200
2014-11-03,24.082807540893555,27.350000381469727,27.575000762939453,27.002500534057617,27.05500030517578,209130400
2014-11-04,23.90669822692871,27.149999618530273,27.372499465942383,26.93000030517578,27.34000015258789,166297600
2014-11-05,23.96393585205078,27.21500015258789,27.325000762939453,27.032499313354492,27.274999618530273,149743600
2014-11-06,24.032470703125,27.174999237060547,27.197500228881836,26.950000762939453,27.149999618530273,139874000
2014-11-07,24.101011276245117,27.252500534057617,27.329999923706055,27.137500762939453,27.1875,134766000
2014-11-10,24.06121063232422,27.207500457763672,27.332500457763672,27.167499542236328,27.2549991607666,108782000
2014-11-11,24.253559112548828,27.424999237060547,27.4375,27.100000381469727,27.174999237060547,109769200
2014-11-12,24.59624481201172,27.8125,27.857500076293945,27.342500686645508,27.344999313354492,187769600
2014-11-13,24.943363189697266,28.204999923706055,28.362499237060547,27.899999618530273,27.950000762939453,238091600
2014-11-14,25.24404525756836,28.545000076293945,28.547500610351562,27.802499771118164,28.287500381469727,176254400
2014-11-17,25.202028274536133,28.497499465942383,29.31999969482422,28.325000762939453,28.5674991607666,186986800
2014-11-18,25.529251098632812,28.86750030517578,28.922500610351562,28.47249984741211,28.485000610351562,176896000
2014-11-19,25.35236930847168,28.667499542236328,28.934999465942383,28.450000762939453,28.860000610351562,167476800
2014-11-20,25.7149658203125,29.077499389648438,29.21500015258789,28.712499618530273,28.727500915527344,173582000
2014-11-21,25.75033950805664,29.11750030517578,29.392499923706055,29.00749969482422,29.377500534057617,228717200
2014-11-24,26.227890014648438,29.657499313354492,29.6924991607666,29.155000686645508,29.212499618530273,189803200
2014-11-25,26.000173568725586,29.399999618530273,29.9375,29.362499237060547,29.767499923706055,275361600
2014-11-26,26.309696197509766,29.75,29.774999618530273,29.457500457763672,29.485000610351562,163073200
2014-11-28,26.29422378540039,29.732500076293945,29.850000381469727,29.512500762939453,29.8174991607666,99257600
2014-12-01,25.44081687927246,28.767499923706055,29.8125,27.8174991607666,29.702499389648438,335256000
2014-12-02,25.34353256225586,28.657499313354492,28.9375,28.1875,28.375,237395600
2014-12-03,25.630956649780273,28.982500076293945,29.087499618530273,28.77750015258789,28.9375,172253600
2014-12-04,25.53367042541504,28.872499465942383,29.299999237060547,28.822500228881836,28.9424991607666,168178000
2014-12-05,25.425338745117188,28.75,29.020000457763672,28.65999984741211,28.997499465942383,153275600
2014-12-08,24.850502014160156,28.100000381469727,28.662500381469727,27.905000686645508,28.524999618530273,230659600
2014-12-09,25.23078155517578,28.530000686645508,28.575000762939453,27.337499618530273,27.547500610351562,240832000
2014-12-10,24.751007080078125,27.987499237060547,28.712499618530273,27.885000228881836,28.602500915527344,178261200
2014-12-11,24.67805290222168,27.905000686645508,28.450000762939453,27.834999084472656,28.065000534057617,165606800
2014-12-12,24.260189056396484,27.4325008392334,27.967500686645508,27.395000457763672,27.614999771118164,224112400
2014-12-15,23.92855453491211,27.0575008392334,27.899999618530273,26.587499618530273,27.674999237060547,268872400
2014-12-16,23.601348876953125,26.6875,27.540000915527344,26.565000534057617,26.592500686645508,243162800
2014-12-17,24.189441680908203,27.352500915527344,27.459999084472656,26.704999923706055,26.780000686645508,213647200
2014-12-18,24.90576934814453,28.162500381469727,28.162500381469727,27.665000915527344,27.967500686645508,236024800
2014-12-19,24.713422775268555,27.94499969482422,28.309999465942383,27.915000915527344,28.065000534057617,353719200
2014-12-22,24.96988868713379,28.235000610351562,28.372499465942383,27.99250030517578,28.040000915527344,180670000
2014-12-23,24.881454467773438,28.135000228881836,28.332500457763672,28.114999771118164,28.3075008392334,104113600
2014-12-24,24.7642765045166,28.002500534057617,28.177499771118164,28.002500534057617,28.145000457763672,57918400
2014-12-26,25.202028274536133,28.497499465942383,28.6299991607666,28.002500534057617,28.024999618530273,134884000
2014-12-29,25.184350967407227,28.477500915527344,28.6924991607666,28.424999237060547,28.447500228881836,110395600
2014-12-30,24.87703514099121,28.1299991607666,28.479999542236328,28.02750015258789,28.40999984741211,119526000
2014-12-31,24.403902053833008,27.594999313354492,28.282499313354492,27.552499771118164,28.204999923706055,165613600
2015-01-02,24.171751022338867,27.332500457763672,27.860000610351562,26.837499618530273,27.84749984741211,212818400
2015-01-05,23.49080467224121,26.5625,27.162500381469727,26.352500915527344,27.072500228881836,257142000
2015-01-06,23.493009567260742,26.565000534057617,26.857500076293945,26.157499313354492,26.635000228881836,263188400
2015-01-07,23.82242774963379,26.9375,27.049999237060547,26.674999237060547,26.799999237060547,160423600
2015-01-08,24.737751007080078,27.97249984741211,28.037500381469727,27.174999237060547,27.3075008392334,237458000
2015-01-09,24.7642765045166,28.002500534057617,28.3125,27.552499771118164,28.167499542236328,214798000
2015-01-12,24.154067993164062,27.3125,28.157499313354492,27.200000762939453,28.149999618530273,198603200
2015-01-13,24.3685245513916,27.55500030517578,28.200000762939453,27.227500915527344,27.857500076293945,268367600
2015-01-14,24.27566909790039,27.450000762939453,27.622499465942383,27.125,27.260000228881836,195826400
2015-01-15,23.6168212890625,26.704999923706055,27.514999389648438,26.665000915527344,27.5,240056000
2015-01-16,23.433317184448242,26.497499465942383,26.895000457763672,26.299999237060547,26.75749969482422,314053200
2015-01-20,24.036895751953125,27.18000030517578,27.24250030517578,26.625,26.959999084472656,199599600
2015-01-21,24.220396041870117,27.387500762939453,27.764999389648438,27.0674991607666,27.237499237060547,194303600
2015-01-22,24.850502014160156,28.100000381469727,28.11750030517578,27.43000030517578,27.565000534057617,215185600
2015-01-23,24.97872543334961,28.2450008392334,28.4375,27.88249969482422,28.075000762939453,185859200
2015-01-26,25.005258560180664,28.274999618530273,28.59000015258789,28.200000762939453,28.434999465942383,222460000
2015-01-27,24.129749298095703,27.28499984741211,28.1200008392334,27.25749969482422,28.104999542236328,382274800
2015-01-28,25.493879318237305,28.827499389648438,29.530000686645508,28.827499389648438,29.407499313354492,585908400
2015-01-29,26.287593841552734,29.725000381469727,29.797500610351562,28.889999389648438,29.079999923706055,337745600
2015-01-30,25.902894973754883,29.290000915527344,30.0,29.212499618530273,29.600000381469727,334982000
2015-02-02,26.227890014648438,29.657499313354492,29.792499542236328,29.020000457763672,29.512500762939453,250956400
2015-02-03,26.232316970825195,29.662500381469727,29.772499084472656,29.40250015258789,29.625,207662800
2015-02-04,26.433502197265625,29.889999389648438,30.127500534057617,29.577499389648438,29.625,280598800
2015-02-05,26.622177124023438,29.985000610351562,30.0575008392334,29.8125,30.0049991607666,168984800
2015-02-06,26.397994995117188,29.732500076293945,30.0625,29.612499237060547,30.0049991607666,174826400
2015-02-09,26.573339462280273,29.93000030517578,29.959999084472656,29.607500076293945,29.637500762939453,155559200
2015-02-10,27.08385467529297,30.5049991607666,30.537500381469727,30.040000915527344,30.042499542236328,248034000
2015-02-11,27.718669891357422,31.219999313354492,31.229999542236328,30.625,30.6924991607666,294247200
2015-02-12,28.06937026977539,31.614999771118164,31.8700008392334,31.392499923706055,31.514999389648438,297898000
2015-02-13,28.20698356628418,31.770000457763672,31.81999969482422,31.412500381469727,31.81999969482422,217088800
2015-02-17,28.373458862304688,31.957500457763672,32.220001220703125,31.729999542236328,31.872499465942383,252609600
2015-02-18,28.57100486755371,32.18000030517578,32.19499969482422,31.862499237060547,31.907499313354492,179566800
2015-02-19,28.511070251464844,32.11249923706055,32.25749969482422,32.08250045776367,32.119998931884766,149449600
2015-02-20,28.74413299560547,32.375,32.375,32.01250076293945,32.154998779296875,195793600
2015-02-23,29.52100372314453,33.25,33.25,32.415000915527344,32.505001068115234,283896400
2015-02-24,29.336772918701172,33.04249954223633,33.400001525878906,32.79249954223633,33.23500061035156,276912400
2015-02-25,28.58653450012207,32.1974983215332,32.900001525878906,32.037498474121094,32.88999938964844,298846800
2015-02-26,28.948341369628906,32.60499954223633,32.717498779296875,31.65250015258789,32.1974983215332,365150000
2015-02-27,28.5132999420166,32.1150016784668,32.64250183105469,32.060001373291016,32.5,248059200
2015-03-02,28.65312957763672,32.272499084472656,32.56999969482422,32.07500076293945,32.3125,192386800
2015-03-03,28.71306610107422,32.34000015258789,32.380001068115234,32.022499084472656,32.2400016784668,151265200
2015-03-04,28.531051635742188,32.1349983215332,32.38999938964844,32.08000183105469,32.275001525878906,126665200
2015-03-05,28.05827522277832,31.602500915527344,32.1875,31.440000534057617,32.14500045776367,226068400
2015-03-06,28.100446701049805,31.649999618530273,32.342498779296875,31.565000534057617,32.099998474121094,291368400
2015-03-09,28.220306396484375,31.78499984741211,32.39250183105469,31.264999389648438,31.989999771118164,354114000
2015-03-10,27.63654327392578,31.127500534057617,31.80500030517578,30.950000762939453,31.602500915527344,275426400
2015-03-11,27.1326904296875,30.559999465942383,31.1924991607666,30.52750015258789,31.1875,275756000
2015-03-12,27.623228073120117,31.112499237060547,31.225000381469727,30.407499313354492,30.577499389648438,193450800
2015-03-13,27.43233299255371,30.897499084472656,31.350000381469727,30.645000457763672,31.100000381469727,207309200
2015-03-16,27.734203338623047,31.237499237060547,31.237499237060547,30.717500686645508,30.969999313354492,143497200
2015-03-17,28.198116302490234,31.760000228881836,31.829999923706055,31.412500381469727,31.475000381469727,204092400
2015-03-18,28.515518188476562,32.11750030517578,32.290000915527344,31.592500686645508,31.75,261083600
2015-03-19,28.300212860107422,31.875,32.3125,31.850000381469727,32.1875,183238000
2015-03-20,27.945070266723633,31.475000381469727,32.099998474121094,31.290000915527344,32.0625,274780400
2015-03-23,28.23583984375,31.802499771118164,31.962499618530273,31.6299991607666,31.780000686645508,150838800
2015-03-24,28.12042999267578,31.672500610351562,32.0099983215332,31.639999389648438,31.8075008392334,131369200
2015-03-25,27.385723114013672,30.844999313354492,31.704999923706055,30.844999313354492,31.635000228881836,206620800
2015-03-26,27.576614379882812,31.059999465942383,31.219999313354492,30.649999618530273,30.690000534057617,190291600
2015-03-27,27.35686492919922,30.8125,31.174999237060547,30.727500915527344,31.142499923706055,158184800
2015-03-30,28.04939079284668,31.592500686645508,31.600000381469727,31.0,31.012500762939453,188398800
2015-03-31,27.618789672851562,31.107500076293945,31.622499465942383,31.09000015258789,31.522499084472656,168362400
2015-04-01,27.578834533691406,31.0625,31.280000686645508,30.774999618530273,31.204999923706055,162485600
2015-04-02,27.816333770751953,31.329999923706055,31.389999389648438,31.047500610351562,31.25749969482422,128880400
2015-04-06,28.26691246032715,31.837499618530273,31.877500534057617,31.082500457763672,31.11750030517578,148776000
2015-04-07,27.9694881439209,31.502500534057617,32.029998779296875,31.4950008392334,31.90999984741211,140049200
2015-04-08,27.878482818603516,31.399999618530273,31.600000381469727,31.24250030517578,31.462499618530273,149316800
2015-04-09,28.091564178466797,31.639999389648438,31.645000457763672,31.165000915527344,31.462499618530273,129936000
2015-04-10,28.2114315032959,31.774999618530273,31.802499771118164,31.315000534057617,31.487499237060547,160752000
2015-04-13,28.155933380126953,31.712499618530273,32.14250183105469,31.65250015258789,32.092498779296875,145460400
2015-04-14,28.033855438232422,31.575000762939453,31.822500228881836,31.477500915527344,31.75,102098400
2015-04-15,28.14039421081543,31.69499969482422,31.782499313354492,31.502500534057617,31.602500915527344,115881600
2015-04-16,28.0049991607666,31.542499542236328,31.774999618530273,31.52750015258789,31.56999969482422,113476000
2015-04-17,27.68981170654297,31.1875,31.53499984741211,31.114999771118164,31.387500762939453,207828000
2015-04-20,28.322406768798828,31.899999618530273,32.029998779296875,31.292499542236328,31.392499923706055,188217200
2015-04-21,28.169252395629883,31.727500915527344,32.04999923706055,31.667499542236328,32.025001525878906,129740400
2015-04-22,28.548810958862305,32.154998779296875,32.217498779296875,31.579999923706055,31.747499465942383,150618000
2015-04-23,28.7818660736084,32.41749954223633,32.60499954223633,32.03499984741211,32.07500076293945,183083600
2015-04-24,28.917268753051758,32.56999969482422,32.657501220703125,32.307498931884766,32.622501373291016,178103600
2015-04-27,29.443315505981445,33.162498474121094,33.282501220703125,32.787498474121094,33.07749938964844,387816800
2015-04-28,28.979415893554688,32.63999938964844,33.6349983215332,32.39250183105469,33.6150016784668,475696000
2015-04-29,28.553241729736328,32.15999984741211,32.897499084472656,32.07500076293945,32.540000915527344,253544400
2015-04-30,27.778593063354492,31.287500381469727,32.15999984741211,31.145000457763672,32.15999984741211,332781600
2015-05-01,28.62204933166504,32.23749923706055,32.532501220703125,31.325000762939453,31.524999618530273,234050400
2015-05-04,28.56656265258789,32.17499923706055,32.64250183105469,32.064998626708984,32.375,203953200
2015-05-05,27.92287826538086,31.450000762939453,32.11249923706055,31.44499969482422,32.037498474121094,197085600
2015-05-06,27.747522354125977,31.252500534057617,31.6875,30.84000015258789,31.639999389648438,288564000
2015-05-07,27.919151306152344,31.315000534057617,31.520000457763672,31.0049991607666,31.1924991607666,175763600
2015-05-08,28.44516944885254,31.905000686645508,31.905000686645508,31.52750015258789,31.670000076293945,222201600
2015-05-11,28.155414581298828,31.579999923706055,31.889999389648438,31.407499313354492,31.84749984741211,168143200
2015-05-12,28.055116653442383,31.467500686645508,31.719999313354492,31.204999923706055,31.399999618530273,192640000
2015-05-13,28.086320877075195,31.502500534057617,31.797500610351562,31.467500686645508,31.537500381469727,138776800
2015-05-14,28.741605758666992,32.23749923706055,32.23749923706055,31.790000915527344,31.852500915527344,180814000
2015-05-15,28.701496124267578,32.192501068115234,32.372501373291016,32.0525016784668,32.26750183105469,152832000
2015-05-18,29.01799201965332,32.54750061035156,32.68000030517578,32.09000015258789,32.095001220703125,203531600
2015-05-19,28.991247177124023,32.51750183105469,32.720001220703125,32.40999984741211,32.67250061035156,178532800
2015-05-20,28.98902130126953,32.51499938964844,32.744998931884766,32.334999084472656,32.5,145819600
2015-05-21,29.285465240478516,32.84749984741211,32.907501220703125,32.45750045776367,32.51750183105469,158921600
2015-05-22,29.541790008544922,33.1349983215332,33.24250030517578,32.849998474121094,32.900001525878906,182384000
2015-05-26,28.89094352722168,32.404998779296875,33.227500915527344,32.279998779296875,33.150001525878906,282790400
2015-05-27,29.430335998535156,33.0099983215332,33.064998626708984,32.51250076293945,32.584999084472656,183332800
2015-05-28,29.372386932373047,32.94499969482422,32.98749923706055,32.775001525878906,32.96500015258789,122933200
2015-05-29,29.03805923461914,32.56999969482422,32.86249923706055,32.474998474121094,32.807498931884766,203538000
2015-06-01,29.09600257873535,32.6349983215332,32.84749984741211,32.51250076293945,32.56999969482422,128451200
2015-06-02,28.96672821044922,32.4900016784668,32.665000915527344,32.33000183105469,32.46500015258789,134670400
2015-06-03,29.00240135192871,32.529998779296875,32.73500061035156,32.474998474121094,32.665000915527344,123934000
2015-06-04,28.8330020904541,32.34000015258789,32.64500045776367,32.227500915527344,32.39500045776367,153800400
2015-06-05,28.67474937438965,32.162498474121094,32.42250061035156,32.09000015258789,32.375,142507200
2015-06-08,28.48529052734375,31.950000762939453,32.3025016784668,31.707500457763672,32.224998474121094,210699200
2015-06-09,28.400585174560547,31.854999542236328,32.02000045776367,31.405000686645508,31.674999237060547,224301600
2015-06-10,28.72601318359375,32.220001220703125,32.334999084472656,31.962499618530273,31.979999542236328,156349200
2015-06-11,28.661375045776367,32.147499084472656,32.54499816894531,32.119998931884766,32.29499816894531,141563600
2015-06-12,28.344865798950195,31.792499542236328,32.08250045776367,31.77750015258789,32.04750061035156,147544800
2015-06-15,28.289146423339844,31.729999542236328,31.809999465942383,31.427499771118164,31.524999618530273,175955600
2015-06-16,28.440711975097656,31.899999618530273,31.962499618530273,31.592500686645508,31.75749969482422,125976400
2015-06-17,28.373844146728516,31.825000762939453,31.969999313354492,31.684999465942383,31.93000030517578,131672400
2015-06-18,28.503122329711914,31.969999313354492,32.07749938964844,31.80500030517578,31.8075008392334,141628800
2015-06-19,28.217823028564453,31.649999618530273,31.954999923706055,31.600000381469727,31.927499771118164,218867600
2015-06-22,28.442943572998047,31.90250015258789,32.01499938964844,31.770000457763672,31.872499465942383,136157200
2015-06-23,28.313661575317383,31.75749969482422,31.90250015258789,31.719999313354492,31.8700008392334,121075600
2015-06-24,28.554384231567383,32.02750015258789,32.45000076293945,31.780000686645508,31.802499771118164,221123600
2015-06-25,28.418424606323242,31.875,32.29999923706055,31.875,32.21500015258789,127752400
2015-06-26,28.251253128051758,31.6875,31.997499465942383,31.627500534057617,31.917499542236328,176267200
2015-06-29,27.756439208984375,31.13249969482422,31.61750030517578,31.1200008392334,31.364999771118164,196645600
2015-06-30,27.957046508789062,31.357500076293945,31.530000686645508,31.21500015258789,31.392499923706055,177482800
2015-07-01,28.217823028564453,31.649999618530273,31.735000610351562,31.497499465942383,31.725000381469727,120955200
2015-07-02,28.18216323852539,31.610000610351562,31.672500610351562,31.4424991607666,31.607500076293945,108844000
2015-07-06,28.08408546447754,31.5,31.5575008392334,31.212499618530273,31.235000610351562,112241600
2015-07-07,28.01499366760254,31.422500610351562,31.537500381469727,30.9424991607666,31.47249984741211,187787200
2015-07-08,27.31957244873047,30.642499923706055,31.15999984741211,30.635000228881836,31.1200008392334,243046400
2015-07-09,26.762351989746094,30.017499923706055,31.014999389648438,29.80500030517578,30.962499618530273,314380000
2015-07-10,27.47783088684082,30.81999969482422,30.962499618530273,30.302499771118164,30.485000610351562,245418000
2015-07-13,28.008310317993164,31.415000915527344,31.440000534057617,31.079999923706055,31.25749969482422,165762000
2015-07-14,27.99715805053711,31.40250015258789,31.592500686645508,31.260000228881836,31.510000228881836,127072400
2015-07-15,28.266855239868164,31.704999923706055,31.787500381469727,31.395000457763672,31.43000030517578,134596800
2015-07-16,28.643539428710938,32.127498626708984,32.14250183105469,31.837499618530273,31.934999465942383,144889600
2015-07-17,28.89094352722168,32.404998779296875,32.404998779296875,32.07749938964844,32.27000045776367,184658800
2015-07-20,29.43702507019043,33.01750183105469,33.24250030517578,32.67499923706055,32.74250030517578,235600800
2015-07-21,29.142805099487305,32.6875,33.22999954223633,32.58000183105469,33.212501525878906,307025600
2015-07-22,27.910232543945312,31.30500030517578,31.375,30.497499465942383,30.497499465942383,461802400
2015-07-23,27.896862030029297,31.290000915527344,31.772499084472656,31.264999389648438,31.549999237060547,203998000
2015-07-24,27.749755859375,31.125,31.434999465942383,30.975000381469727,31.329999923706055,168649200
2015-07-27,27.364152908325195,30.6924991607666,30.90250015258789,30.530000686645508,30.772499084472656,177822000
2015-07-28,27.50011444091797,30.844999313354492,30.977500915527344,30.637500762939453,30.844999313354492,134472400
2015-07-29,27.41319465637207,30.747499465942383,30.875,30.5674991607666,30.787500381469727,148046800
2015-07-30,27.274991989135742,30.592500686645508,30.642499923706055,30.427499771118164,30.579999923706055,134513200
2015-07-31,27.03650665283203,30.325000762939453,30.65999984741211,30.227500915527344,30.649999618530273,171540000
2015-08-03,26.399036407470703,29.610000610351562,30.642499923706055,29.3799991607666,30.375,279904000
2015-08-04,25.552064895629883,28.65999984741211,29.424999237060547,28.3125,29.354999542236328,496554400
2015-08-05,25.721454620361328,28.850000381469727,29.360000610351562,28.024999618530273,28.237499237060547,397250400
2015-08-06,25.777437210083008,28.782499313354492,29.125,28.530000686645508,28.99250030517578,211612000
2015-08-07,25.864748001098633,28.8799991607666,29.0625,28.625,28.645000457763672,154681600
2015-08-10,26.80512237548828,29.93000030517578,29.997499465942383,29.13249969482422,29.13249969482422,219806400
2015-08-11,25.410236358642578,28.372499465942383,29.545000076293945,28.332500457763672,29.452499389648438,388331200
2015-08-12,25.802059173583984,28.809999465942383,28.854999542236328,27.407499313354492,28.13249969482422,404870000
2015-08-13,25.781906127929688,28.787500381469727,29.100000381469727,28.635000228881836,29.010000228881836,194143200
2015-08-14,25.963266372680664,28.989999771118164,29.077499389648438,28.502500534057617,28.579999923706055,171718000
2015-08-17,26.231948852539062,29.290000915527344,29.412500381469727,28.875,29.010000228881836,163538800
2015-08-18,26.08418083190918,29.125,29.360000610351562,29.002500534057617,29.107500076293945,138242800
2015-08-19,25.750568389892578,28.752500534057617,29.1299991607666,28.670000076293945,29.024999618530273,193146000
2015-08-20,25.22216033935547,28.162500381469727,28.587499618530273,27.907499313354492,28.520000457763672,274006400
2015-08-21,23.679502487182617,26.440000534057617,27.975000381469727,26.412500381469727,27.607500076293945,513102000
2015-08-24,23.08841323852539,25.780000686645508,27.200000762939453,23.0,23.717500686645508,648825200
2015-08-25,23.227231979370117,25.934999465942383,27.77750015258789,25.875,27.77750015258789,414406400
2015-08-26,24.559425354003906,27.422500610351562,27.47249984741211,26.262500762939453,26.772499084472656,387098400
2015-08-27,25.28261947631836,28.229999542236328,28.309999465942383,27.5049991607666,28.0575008392334,338464400
2015-08-28,25.365459442138672,28.322500228881836,28.327499389648438,27.885000228881836,28.042499542236328,212657600
2015-08-31,25.246789932250977,28.190000534057617,28.63249969482422,28.0,28.00749969482422,224917200
2015-09-01,24.118345260620117,26.93000030517578,27.969999313354492,26.84000015258789,27.537500381469727,307383600
2015-09-02,25.152755737304688,28.084999084472656,28.084999084472656,27.282499313354492,27.5575008392334,247555200
2015-09-03,24.711679458618164,27.592500686645508,28.19499969482422,27.510000228881836,28.122499465942383,212935600
2015-09-04,24.46538734436035,27.3174991607666,27.612499237060547,27.127500534057617,27.24250030517578,199985200
2015-09-08,25.14604377746582,28.077499389648438,28.139999389648438,27.579999923706055,27.9375,219374400
2015-09-09,24.662418365478516,27.537500381469727,28.5049991607666,27.4424991607666,28.440000534057617,340043200
2015-09-10,25.204248428344727,28.142499923706055,28.31999969482422,27.475000381469727,27.5674991607666,251571200
2015-09-11,25.571443557739258,28.552499771118164,28.552499771118164,27.940000534057617,27.947500228881836,199662000
2015-09-14,25.817733764648438,28.827499389648438,29.22249984741211,28.71500015258789,29.145000457763672,233453600
2015-09-15,26.034908294677734,29.06999969482422,29.13249969482422,28.604999542236328,28.982500076293945,173364800
2015-09-16,26.064027786254883,29.102500915527344,29.135000228881836,28.860000610351562,29.0625,148694000
2015-09-17,25.50651741027832,28.479999542236328,29.122499465942383,28.43000030517578,28.915000915527344,256450400
2015-09-18,25.401277542114258,28.362499237060547,28.575000762939453,27.967500686645508,28.052499771118164,297141200
2015-09-21,25.79534339904785,28.802499771118164,28.842500686645508,28.415000915527344,28.417499542236328,200888000
2015-09-22,25.390090942382812,28.350000381469727,28.545000076293945,28.1299991607666,28.344999313354492,201384800
2015-09-23,25.596071243286133,28.579999923706055,28.68000030517578,28.325000762939453,28.407499313354492,143026800
2015-09-24,25.748329162597656,28.75,28.875,28.092500686645508,28.3125,200878000
2015-09-25,25.683395385742188,28.677499771118164,29.172500610351562,28.5049991607666,29.110000610351562,224607600
2015-09-28,25.175146102905273,28.110000610351562,28.642499923706055,28.110000610351562,28.462499618530273,208436000
2015-09-29,24.418365478515625,27.264999389648438,28.377500534057617,26.96500015258789,28.207500457763672,293461600
2015-09-30,24.696002960205078,27.575000762939453,27.885000228881836,27.1825008392334,27.542499542236328,265892000
2015-10-01,24.534801483154297,27.395000457763672,27.405000686645508,26.827499389648438,27.267499923706055,255716400
2015-10-02,24.713916778564453,27.594999313354492,27.752500534057617,26.887500762939453,27.002500534057617,232079200
2015-10-05,24.803476333618164,27.69499969482422,27.842500686645508,27.267499923706055,27.469999313354492,208258800
2015-10-06,24.922142028808594,27.827499389648438,27.934999465942383,27.4424991607666,27.657499313354492,192787200
2015-10-07,24.803476333618164,27.69499969482422,27.9424991607666,27.352500915527344,27.934999465942383,187062400
2015-10-08,24.516883850097656,27.375,27.547500610351562,27.052499771118164,27.547500610351562,247918400
2015-10-09,25.10350227355957,28.030000686645508,28.06999969482422,27.372499465942383,27.5,211064400
2015-10-12,24.987070083618164,27.899999618530273,28.1875,27.860000610351562,28.1825008392334,121868800
2015-10-13,25.02960777282715,27.947500228881836,28.112499237060547,27.670000076293945,27.704999923706055,132197200
2015-10-14,24.675853729248047,27.552499771118164,27.8799991607666,27.389999389648438,27.822500228881836,177849600
2015-10-15,25.0452823638916,27.96500015258789,28.024999618530273,27.622499465942383,27.732500076293945,150694000
2015-10-16,24.861692428588867,27.760000228881836,28.0,27.63249969482422,27.94499969482422,156930400
2015-10-19,25.016178131103516,27.9325008392334,27.9375,27.52750015258789,27.700000762939453,119036800
2015-10-20,25.47292709350586,28.4424991607666,28.542499542236328,27.704999923706055,27.834999084472656,195871200
2015-10-21,25.47068977355957,28.440000534057617,28.895000457763672,28.424999237060547,28.5,167180800
2015-10-22,25.860273361206055,28.875,28.875,28.524999618530273,28.582500457763672,166616400
2015-10-23,26.661834716796875,29.770000457763672,29.8075008392334,29.082500457763672,29.174999237060547,237467600
2015-10-26,25.811023712158203,28.81999969482422,29.532499313354492,28.729999542236328,29.520000457763672,265335200
2015-10-27,25.647571563720703,28.637500762939453,29.135000228881836,28.497499465942383,28.850000381469727,279537600
2015-10-28,26.704368591308594,29.8174991607666,29.825000762939453,29.014999389648438,29.232500076293945,342205600
2015-10-29,26.986478805541992,30.13249969482422,30.172500610351562,29.5674991607666,29.674999237060547,204909200
2015-10-30,26.755870819091797,29.875,30.30500030517578,29.862499237060547,30.247499465942383,197461200
2015-11-02,27.132015228271484,30.295000076293945,30.34000015258789,29.90250015258789,30.200000762939453,128813200
2015-11-03,27.443239212036133,30.642499923706055,30.872499465942383,30.174999237060547,30.197500228881836,182076000
2015-11-04,27.31562042236328,30.5,30.954999923706055,30.405000686645508,30.782499313354492,179544400
2015-11-05,27.189695358276367,30.229999542236328,30.672500610351562,30.045000076293945,30.462499618530273,158210800
2015-11-06,27.221174240112305,30.264999389648438,30.452499389648438,30.155000686645508,30.27750015258789,132169200
2015-11-09,27.110994338989258,30.142499923706055,30.452499389648438,30.012500762939453,30.239999771118164,135485600
2015-11-10,26.25653839111328,29.1924991607666,29.517499923706055,29.014999389648438,29.225000381469727,236511600
2015-11-11,26.108129501342773,29.02750015258789,29.354999542236328,28.802499771118164,29.092500686645508,180872000
2015-11-12,26.020442962646484,28.93000030517578,29.204999923706055,28.912500381469727,29.065000534057617,130102400
2015-11-13,25.260425567626953,28.084999084472656,28.892499923706055,28.0674991607666,28.799999237060547,183249600
2015-11-16,25.674158096313477,28.545000076293945,28.559999465942383,27.75,27.844999313354492,152426800
2015-11-17,25.56397819519043,28.422500610351562,28.762500762939453,28.329999923706055,28.729999542236328,110467600
2015-11-18,26.37346649169922,29.322500228881836,29.372499465942383,28.875,28.940000534057617,186698800
2015-11-19,26.708498001098633,29.69499969482422,29.9375,29.190000534057617,29.40999984741211,173183200
2015-11-20,26.82542610168457,29.825000762939453,29.979999542236328,29.712499618530273,29.799999237060547,137148400
2015-11-23,26.476898193359375,29.4375,29.9325008392334,29.334999084472656,29.8174991607666,129930000
2015-11-24,26.730981826782227,29.719999313354492,29.837499618530273,29.280000686645508,29.332500457763672,171212800
2015-11-25,26.539857864379883,29.50749969482422,29.8075008392334,29.479999542236328,29.802499771118164,85553200
2015-11-27,26.490392684936523,29.452499389648438,29.602500915527344,29.399999618530273,29.572500228881836,52185600
2015-11-30,26.600566864013672,29.575000762939453,29.852500915527344,29.4375,29.497499465942383,156721200
2015-12-01,26.384708404541016,29.334999084472656,29.702499389648438,29.21500015258789,29.6875,139409600
2015-12-02,26.14635467529297,29.06999969482422,29.52750015258789,29.020000457763672,29.334999084472656,133546400
2015-12-03,25.903514862060547,28.799999237060547,29.197500228881836,28.55500030517578,29.137500762939453,166278000
2015-12-04,26.764711380004883,29.75749969482422,29.8125,28.77750015258789,28.822500228881836,231108000
2015-12-07,26.5960693359375,29.56999969482422,29.96500015258789,29.452499389648438,29.7450008392334,128336800
2015-12-08,26.584829330444336,29.5575008392334,29.649999618530273,29.21500015258789,29.3799991607666,137238000
2015-12-09,25.997953414916992,28.905000686645508,29.422500610351562,28.770000457763672,29.40999984741211,185445600
2015-12-10,26.121625900268555,29.042499542236328,29.235000610351562,28.877500534057617,29.010000228881836,116850800
2015-12-11,25.449298858642578,28.295000076293945,28.84749984741211,28.212499618530273,28.797500610351562,187544800
2015-12-14,25.291900634765625,28.1200008392334,28.170000076293945,27.447500228881836,28.045000076293945,257274800
2015-12-15,24.844440460205078,27.622499465942383,28.200000762939453,27.587499618530273,27.985000610351562,213292400
2015-12-16,25.035566329956055,27.834999084472656,27.997499465942383,27.200000762939453,27.767499923706055,224954000
2015-12-17,24.50490379333496,27.2450008392334,28.0625,27.2450008392334,28.0049991607666,179091200
2015-12-18,23.84157371520996,26.50749969482422,27.3799991607666,26.452499389648438,27.227500915527344,385813200
2015-12-21,24.133888244628906,26.832500457763672,26.842500686645508,26.392499923706055,26.81999969482422,190362400
2015-12-22,24.11140251159668,26.8075008392334,26.93000030517578,26.612499237060547,26.850000381469727,131157600
2015-12-23,24.421701431274414,27.15250015258789,27.212499618530273,26.799999237060547,26.8174991607666,130629600
2015-12-24,24.291290283203125,27.00749969482422,27.25,26.987499237060547,27.25,54281600
2015-12-28,24.01921272277832,26.704999923706055,26.922500610351562,26.545000076293945,26.897499084472656,106816800
2015-12-29,24.450942993164062,27.184999465942383,27.357500076293945,26.71500015258789,26.739999771118164,123724800
2015-12-30,24.131643295288086,26.829999923706055,27.174999237060547,26.795000076293945,27.145000457763672,100855200
2015-12-31,23.668434143066406,26.315000534057617,26.75749969482422,26.204999923706055,26.752500534057617,163649200
2016-01-04,23.68867301940918,26.337499618530273,26.342500686645508,25.5,25.65250015258789,270597600
2016-01-05,23.095046997070312,25.677499771118164,26.462499618530273,25.602500915527344,26.4375,223164000
2016-01-06,22.643091201782227,25.174999237060547,25.592500686645508,24.967500686645508,25.139999389648438,273829600
2016-01-07,21.687448501586914,24.112499237060547,25.032499313354492,24.107500076293945,24.670000076293945,324377600
2016-01-08,21.80211639404297,24.239999771118164,24.77750015258789,24.190000534057617,24.637500762939453,283192000
2016-01-11,22.1551513671875,24.63249969482422,24.764999389648438,24.334999084472656,24.74250030517578,198957600
2016-01-12,22.476688385009766,24.989999771118164,25.172500610351562,24.709999084472656,25.137500762939453,196616800
2016-01-13,21.89881134033203,24.34749984741211,25.297500610351562,24.325000762939453,25.079999923706055,249758400
2016-01-14,22.37775230407715,24.8799991607666,25.1200008392334,23.934999465942383,24.489999771118164,252680400
2016-01-15,21.840347290039062,24.282499313354492,24.427499771118164,23.84000015258789,24.049999237060547,319335600
2016-01-19,21.734670639038086,24.165000915527344,24.662500381469727,23.875,24.602500915527344,212350800
2016-01-20,21.763904571533203,24.197500228881836,24.547500610351562,23.354999542236328,23.774999618530273,289337600
2016-01-21,21.653717041015625,24.075000762939453,24.469999313354492,23.735000610351562,24.264999389648438,208646000
2016-01-22,22.804988861083984,25.354999542236328,25.364999771118164,24.592500686645508,24.657499313354492,263202000
2016-01-25,22.359771728515625,24.860000610351562,25.38249969482422,24.802499771118164,25.3799991607666,207178000
2016-01-26,22.483436584472656,24.997499465942383,25.219999313354492,24.517499923706055,24.982500076293945,300308000
2016-01-27,21.006128311157227,23.354999542236328,24.157499313354492,23.334999084472656,24.010000228881836,533478800
2016-01-28,21.156787872314453,23.522499084472656,23.6299991607666,23.09749984741211,23.447500228881836,222715200
2016-01-29,21.887563705444336,24.334999084472656,24.334999084472656,23.587499618530273,23.697500228881836,257666000
2016-02-01,21.682947158813477,24.107500076293945,24.177499771118164,23.850000381469727,24.11750030517578,163774000
2016-02-02,21.24448585510254,23.6200008392334,24.010000228881836,23.56999969482422,23.854999542236328,149428800
2016-02-03,21.664962768554688,24.087499618530273,24.209999084472656,23.520000457763672,23.75,183857200
2016-02-04,21.839038848876953,24.149999618530273,24.332500457763672,23.797500610351562,23.96500015258789,185886800
2016-02-05,21.255756378173828,23.5049991607666,24.229999542236328,23.422500610351562,24.1299991607666,185672400
2016-02-08,21.479581832885742,23.752500534057617,23.924999237060547,23.260000228881836,23.282499313354492,216085600
2016-02-09,21.475053787231445,23.747499465942383,23.985000610351562,23.482500076293945,23.572500228881836,177324800
2016-02-10,21.312286376953125,23.5674991607666,24.087499618530273,23.524999618530273,23.979999542236328,169374400
2016-02-11,21.183420181274414,23.424999237060547,23.68000030517578,23.147499084472656,23.447500228881836,200298800
2016-02-12,21.248979568481445,23.497499465942383,23.625,23.252500534057617,23.547500610351562,161405600
2016-02-16,21.848085403442383,24.15999984741211,24.212499618530273,23.65250015258789,23.7549991607666,196231600
2016-02-17,22.182676315307617,24.530000686645508,24.552499771118164,24.037500381469727,24.167499542236328,179452800
2016-02-18,21.762168884277344,24.065000534057617,24.72249984741211,24.022499084472656,24.709999084472656,156084000
2016-02-19,21.712438583374023,24.010000228881836,24.190000534057617,23.950000762939453,24.0,141496800
2016-02-22,21.90234375,24.219999313354492,24.225000381469727,23.979999542236328,24.077499389648438,137123200
2016-02-23,21.407228469848633,23.672500610351562,24.125,23.637500762939453,24.100000381469727,127770400
2016-02-24,21.726003646850586,24.024999618530273,24.094999313354492,23.329999923706055,23.4950008392334,145022800
2016-02-25,21.875215530395508,24.190000534057617,24.190000534057617,23.8125,24.012500762939453,110330800
2016-02-26,21.909130096435547,24.227500915527344,24.5049991607666,24.145000457763672,24.299999237060547,115964400
2016-02-29,21.859386444091797,24.172500610351562,24.5575008392334,24.162500381469727,24.21500015258789,140865200
2016-03-01,22.727519989013672,25.13249969482422,25.1924991607666,24.354999542236328,24.412500381469727,201628400
2016-03-02,22.777267456054688,25.1875,25.22249984741211,24.90999984741211,25.127500534057617,132678400
2016-03-03,22.94681739807129,25.375,25.427499771118164,25.112499237060547,25.145000457763672,147822800
2016-03-04,23.288192749023438,25.752500534057617,25.9375,25.342500686645508,25.592500686645508,184220400
2016-03-07,23.030467987060547,25.467500686645508,25.707500457763672,25.239999771118164,25.59749984741211,143315600
2016-03-08,22.840560913085938,25.25749969482422,25.440000534057617,25.100000381469727,25.19499969482422,126247600
2016-03-09,22.860910415649414,25.280000686645508,25.395000457763672,25.0674991607666,25.327499389648438,108806800
2016-03-10,22.872211456298828,25.292499542236328,25.559999465942383,25.037500381469727,25.352500915527344,134054400
2016-03-11,23.118637084960938,25.565000534057617,25.56999969482422,25.375,25.559999465942383,109632800
2016-03-14,23.177413940429688,25.6299991607666,25.727500915527344,25.44499969482422,25.477500915527344,100304400
2016-03-15,23.643136978149414,26.145000457763672,26.295000076293945,25.962499618530273,25.989999771118164,160270800
2016-03-16,23.957380294799805,26.49250030517578,26.577499389648438,26.147499084472656,26.15250015258789,153214000
2016-03-17,23.91895294189453,26.450000762939453,26.61750030517578,26.239999771118164,26.3799991607666,137682800
2016-03-18,23.946075439453125,26.479999542236328,26.625,26.297500610351562,26.584999084472656,176820800
2016-03-21,23.943815231323242,26.477500915527344,26.912500381469727,26.28499984741211,26.482500076293945,142010800
2016-03-22,24.12693977355957,26.68000030517578,26.822500228881836,26.302499771118164,26.3125,129777600
2016-03-23,23.993562698364258,26.532499313354492,26.767499923706055,26.475000381469727,26.6200008392334,102814000
2016-03-24,23.889558792114258,26.417499542236328,26.5625,26.22249984741211,26.36750030517578,104532000
2016-03-28,23.78104019165039,26.297500610351562,26.547500610351562,26.264999389648438,26.5,77645600
2016-03-29,24.343969345092773,26.920000076293945,26.947500228881836,26.219999313354492,26.22249984741211,124760400
2016-03-30,24.768993377685547,27.389999389648438,27.604999542236328,27.149999618530273,27.162500381469727,182404400
2016-03-31,24.6401309967041,27.247499465942383,27.475000381469727,27.219999313354492,27.43000030517578,103553600
2016-04-01,24.866209030151367,27.497499465942383,27.5,27.049999237060547,27.19499969482422,103496000
2016-04-04,25.121679306030273,27.780000686645508,28.047500610351562,27.5674991607666,27.604999542236328,149424800
2016-04-05,24.825511932373047,27.452499389648438,27.6825008392334,27.354999542236328,27.377500534057617,106314800
2016-04-06,25.085506439208984,27.739999771118164,27.7450008392334,27.299999237060547,27.5575008392334,105616400
2016-04-07,24.53839683532715,27.135000228881836,27.604999542236328,27.030000686645508,27.487499237060547,127207600
2016-04-08,24.565528869628906,27.165000915527344,27.4424991607666,27.042499542236328,27.227500915527344,94326800
2016-04-11,24.64691162109375,27.2549991607666,27.65250015258789,27.207500457763672,27.24250030517578,117630000
2016-04-12,24.967941284179688,27.610000610351562,27.625,27.165000915527344,27.334999084472656,108929200
2016-04-13,25.32966423034668,28.010000228881836,28.084999084472656,27.700000762939453,27.700000762939453,133029200
2016-04-14,25.34323501586914,28.024999618530273,28.09749984741211,27.832500457763672,27.905000686645508,101895600
2016-04-15,24.834558486938477,27.462499618530273,28.075000762939453,27.4325008392334,28.02750015258789,187756000
2016-04-18,24.29875946044922,26.8700008392334,27.237499237060547,26.735000610351562,27.22249984741211,243286000
2016-04-19,24.169891357421875,26.727500915527344,27.0,26.5575008392334,26.969999313354492,129539600
2016-04-20,24.21963119506836,26.782499313354492,27.022499084472656,26.514999389648438,26.65999984741211,122444000
2016-04-21,23.957380294799805,26.49250030517578,26.732500076293945,26.3799991607666,26.732500076293945,126210000
2016-04-22,23.891820907592773,26.420000076293945,26.6200008392334,26.155000686645508,26.252500534057617,134732400
2016-04-25,23.75617027282715,26.270000457763672,26.412500381469727,26.127500534057617,26.25,112126400
2016-04-26,23.591136932373047,26.087499618530273,26.325000762939453,25.977500915527344,25.977500915527344,224064800
2016-04-27,22.11485481262207,24.454999923706055,24.677499771118164,23.920000076293945,24.0,458408400
2016-04-28,21.438886642456055,23.707500457763672,24.469999313354492,23.5625,24.40250015258789,328970800
2016-04-29,21.192459106445312,23.434999465942383,23.68000030517578,23.127500534057617,23.497499465942383,274126000
2016-05-02,21.169845581054688,23.40999984741211,23.520000457763672,23.100000381469727,23.49250030517578,192640400
2016-05-03,21.51801300048828,23.795000076293945,23.934999465942383,23.420000076293945,23.549999237060547,227325200
2016-05-04,21.294198989868164,23.547500610351562,23.975000381469727,23.454999923706055,23.799999237060547,164102000
2016-05-05,21.207761764526367,23.309999465942383,23.517499923706055,23.170000076293945,23.5,143562000
2016-05-06,21.089487075805664,23.18000030517578,23.362499237060547,22.962499618530273,23.342500686645508,174799600
2016-05-09,21.105409622192383,23.197500228881836,23.4424991607666,23.147499084472656,23.25,131745600
2016-05-10,21.248701095581055,23.354999542236328,23.392499923706055,23.02750015258789,23.332500457763672,134747200
2016-05-11,21.041725158691406,23.127500534057617,23.392499923706055,23.114999771118164,23.3700008392334,114876400
2016-05-12,20.54815101623535,22.584999084472656,23.19499969482422,22.36750030517578,23.18000030517578,305258800
2016-05-13,20.589088439941406,22.6299991607666,22.917499542236328,22.5,22.5,177571200
2016-05-16,21.353328704833984,23.469999313354492,23.59749984741211,22.912500381469727,23.09749984741211,245039200
2016-05-17,21.264625549316406,23.372499465942383,23.674999237060547,23.252500534057617,23.637500762939453,187667600
2016-05-18,21.507999420166016,23.639999389648438,23.802499771118164,23.47249984741211,23.540000915527344,168249600
2016-05-19,21.426116943359375,23.549999237060547,23.65999984741211,23.392499923706055,23.65999984741211,121768400
2016-05-20,21.65812110900879,23.80500030517578,23.857500076293945,23.6299991607666,23.65999984741211,128104000
2016-05-23,21.933340072631836,24.107500076293945,24.297500610351562,23.917499542236328,23.967500686645508,152074400
2016-05-24,22.2676944732666,24.475000381469727,24.522499084472656,24.209999084472656,24.30500030517578,140560800
2016-05-25,22.658910751342773,24.905000686645508,24.934999465942383,24.52750015258789,24.667499542236328,152675200
2016-05-26,22.838600158691406,25.102500915527344,25.1825008392334,24.65999984741211,24.920000076293945,225324800
2016-05-27,22.824953079223633,25.087499618530273,25.11750030517578,24.8125,24.860000610351562,145364800
2016-05-31,22.7135009765625,24.96500015258789,25.100000381469727,24.704999923706055,24.899999618530273,169228800
2016-06-01,22.39506721496582,24.614999771118164,24.885000228881836,24.582500457763672,24.7549991607666,116693200
2016-06-02,22.226755142211914,24.43000030517578,24.459999084472656,24.157499313354492,24.399999618530273,160766400
2016-06-03,22.27224349975586,24.479999542236328,24.5674991607666,24.362499237060547,24.447500228881836,114019600
2016-06-06,22.433740615844727,24.657499313354492,25.47249984741211,24.387500762939453,24.497499465942383,93170000
2016-06-07,22.52471923828125,24.75749969482422,24.967500686645508,24.739999771118164,24.8125,89638000
2016-06-08,22.504247665405273,24.735000610351562,24.889999389648438,24.670000076293945,24.7549991607666,83392400
2016-06-09,22.66573715209961,24.912500381469727,24.997499465942383,24.614999771118164,24.625,106405600
2016-06-10,22.47922706604004,24.707500457763672,24.837499618530273,24.6200008392334,24.63249969482422,126851600
2016-06-13,22.140321731567383,24.334999084472656,24.780000686645508,24.274999618530273,24.672500610351562,152082000
2016-06-14,22.167625427246094,24.364999771118164,24.6200008392334,24.1875,24.329999923706055,127727600
2016-06-15,22.094833374023438,24.28499984741211,24.602500915527344,24.25749969482422,24.454999923706055,117780800
2016-06-16,22.188087463378906,24.387500762939453,24.4375,24.017499923706055,24.112499237060547,125307200
2016-06-17,21.683137893676758,23.832500457763672,24.162500381469727,23.825000762939453,24.155000686645508,244032800
2016-06-20,21.630821228027344,23.774999618530273,24.142499923706055,23.75749969482422,24.0,137647600
2016-06-21,21.8150634765625,23.977500915527344,24.087499618530273,23.670000076293945,23.735000610351562,142185600
2016-06-22,21.733182907104492,23.887500762939453,24.22249984741211,23.837499618530273,24.0625,116876400
2016-06-23,21.85828399658203,24.024999618530273,24.072500228881836,23.8125,23.985000610351562,128960800
2016-06-24,21.244152069091797,23.350000381469727,23.665000915527344,23.162500381469727,23.227500915527344,301245600
2016-06-27,20.934814453125,23.010000228881836,23.262500762939453,22.875,23.25,181958400
2016-06-28,21.287372589111328,23.397499084472656,23.415000915527344,23.03499984741211,23.225000381469727,161779600
2016-06-29,21.471603393554688,23.600000381469727,23.637500762939453,23.407499313354492,23.49250030517578,146124000
2016-06-30,21.744550704956055,23.899999618530273,23.9424991607666,23.575000762939453,23.610000610351562,143345600
2016-07-01,21.810508728027344,23.97249984741211,24.11750030517578,23.832500457763672,23.872499465942383,104106000
2016-07-05,21.605802536010742,23.747499465942383,23.850000381469727,23.614999771118164,23.84749984741211,110820800
2016-07-06,21.72863006591797,23.88249969482422,23.915000915527344,23.592500686645508,23.649999618530273,123796400
2016-07-07,21.821887969970703,23.985000610351562,24.125,23.905000686645508,23.924999237060547,100558400
2016-07-08,21.99020004272461,24.170000076293945,24.22249984741211,24.012500762939453,24.122499465942383,115648400
2016-07-11,22.058439254760742,24.2450008392334,24.412500381469727,24.1825008392334,24.1875,95179600
2016-07-12,22.158517837524414,24.354999542236328,24.424999237060547,24.280000686645508,24.292499542236328,96670000
2016-07-13,22.033422470092773,24.217500686645508,24.417499542236328,24.209999084472656,24.352500915527344,103568800
2016-07-14,22.470125198364258,24.697500228881836,24.747499465942383,24.329999923706055,24.34749984741211,155676000
2016-07-15,22.467859268188477,24.69499969482422,24.825000762939453,24.625,24.729999542236328,120548000
2016-07-18,22.70667839050293,24.957500457763672,25.032499313354492,24.649999618530273,24.674999237060547,145975600
2016-07-19,22.715778350830078,24.967500686645508,25.0,24.834999084472656,24.889999389648438,95119600
2016-07-20,22.736248016357422,24.989999771118164,25.114999771118164,24.934999465942383,25.0,105104000
2016-07-21,22.615697860717773,24.857500076293945,25.25,24.782499313354492,24.957500457763672,130808000
2016-07-22,22.440555572509766,24.665000915527344,24.825000762939453,24.577499389648438,24.815000534057617,113254800
2016-07-25,22.140321731567383,24.334999084472656,24.709999084472656,24.229999542236328,24.5625,161531600
2016-07-26,21.987926483154297,24.167499542236328,24.49250030517578,24.104999542236328,24.204999923706055,224959200
2016-07-27,23.41634178161621,25.737499237060547,26.087499618530273,25.6875,26.0674991607666,369379200
2016-07-28,23.732498168945312,26.084999084472656,26.112499237060547,25.704999923706055,25.707500457763672,159479200
2016-07-29,23.702926635742188,26.052499771118164,26.137500762939453,25.920000076293945,26.047500610351562,110934800
2016-08-01,24.121440887451172,26.512500762939453,26.537500381469727,26.102500915527344,26.102500915527344,152671600
2016-08-02,23.764345169067383,26.1200008392334,26.517499923706055,26.0,26.512500762939453,135266400
2016-08-03,24.06231117248535,26.447500228881836,26.459999084472656,26.1924991607666,26.202499389648438,120810400
2016-08-04,24.21095085144043,26.467500686645508,26.5,26.31999969482422,26.395000457763672,109634800
2016-08-05,24.579139709472656,26.8700008392334,26.912500381469727,26.545000076293945,26.5674991607666,162213600
2016-08-08,24.782669067382812,27.092500686645508,27.092500686645508,26.790000915527344,26.8799991607666,112148800
2016-08-09,24.883277893066406,27.202499389648438,27.235000610351562,27.002500534057617,27.0575008392334,105260800
2016-08-10,24.698043823242188,27.0,27.225000381469727,26.940000534057617,27.177499771118164,96034000
2016-08-11,24.682044982910156,26.982500076293945,27.232500076293945,26.962499618530273,27.1299991607666,109938000
2016-08-12,24.739212036132812,27.045000076293945,27.110000610351562,26.94499969482422,26.94499969482422,74641600
2016-08-15,25.0365047454834,27.3700008392334,27.385000228881836,27.020000457763672,27.03499984741211,103472800
2016-08-16,25.013633728027344,27.344999313354492,27.5575008392334,27.302499771118164,27.407499313354492,135177600
2016-08-17,24.977041244506836,27.30500030517578,27.342500686645508,27.084999084472656,27.274999618530273,101424000
2016-08-18,24.94503402709961,27.270000457763672,27.399999618530273,27.2549991607666,27.3075008392334,87938800
2016-08-19,25.009063720703125,27.34000015258789,27.422500610351562,27.09000015258789,27.1924991607666,101472400
2016-08-22,24.814680099487305,27.127500534057617,27.274999618530273,26.962499618530273,27.21500015258789,103280800
2016-08-23,24.89242935180664,27.212499618530273,27.329999923706055,27.13249969482422,27.147499084472656,85030800
2016-08-24,24.704910278320312,27.00749969482422,27.1875,26.920000076293945,27.142499923706055,94700400
2016-08-25,24.599714279174805,26.892499923706055,26.969999313354492,26.670000076293945,26.84749984741211,100344800
2016-08-26,24.455642700195312,26.735000610351562,26.987499237060547,26.577499389648438,26.852500915527344,111065200
2016-08-29,24.428197860717773,26.704999923706055,26.860000610351562,26.572500228881836,26.655000686645508,99881200
2016-08-30,24.240680694580078,26.5,26.625,26.375,26.450000762939453,99455600
2016-08-31,24.2635440826416,26.524999618530273,26.642499923706055,26.40999984741211,26.415000915527344,118649600
2016-09-01,24.40761947631836,26.6825008392334,26.700000762939453,26.405000686645508,26.53499984741211,106806000
2016-09-02,24.636308670043945,26.9325008392334,27.0,26.704999923706055,26.924999237060547,107210000
2016-09-06,24.62944221496582,26.924999237060547,27.075000762939453,26.877500534057617,26.975000381469727,107521600
2016-09-07,24.780376434326172,27.09000015258789,27.190000534057617,26.767499923706055,26.957500457763672,169457200
2016-09-08,24.130901336669922,26.3799991607666,26.8174991607666,26.309999465942383,26.8125,212008000
2016-09-09,23.5843505859375,25.782499313354492,26.43000030517578,25.782499313354492,26.15999984741211,186228000
2016-09-12,24.11261749267578,26.360000610351562,26.43000030517578,25.63249969482422,25.662500381469727,181171200
2016-09-13,24.68661880493164,26.987499237060547,27.197500228881836,26.809999465942383,26.877500534057617,248704800
2016-09-14,25.560195922851562,27.9424991607666,28.25749969482422,27.149999618530273,27.1825008392334,443554800
2016-09-15,26.42919921875,28.892499923706055,28.9325008392334,28.372499465942383,28.46500015258789,359934400
2016-09-16,26.280555725097656,28.729999542236328,29.032499313354492,28.510000228881836,28.780000686645508,319547600
2016-09-19,25.97411346435547,28.395000457763672,29.045000076293945,28.3125,28.797500610351562,188092000
2016-09-20,25.97182846069336,28.392499923706055,28.530000686645508,28.127500534057617,28.262500762939453,138057200
2016-09-21,25.96725845336914,28.387500762939453,28.497499465942383,28.110000610351562,28.462499618530273,144012800
2016-09-22,26.211946487426758,28.655000686645508,28.735000610351562,28.5,28.587499618530273,124296000
2016-09-23,25.775161743164062,28.177499771118164,28.697500228881836,27.887500762939453,28.604999542236328,209924800
2016-09-26,25.81403160095215,28.219999313354492,28.34749984741211,27.887500762939453,27.90999984741211,119477600
2016-09-27,25.86205291748047,28.272499084472656,28.295000076293945,28.084999084472656,28.25,98429600
2016-09-28,26.0587215423584,28.487499237060547,28.65999984741211,28.357500076293945,28.422500610351562,118564400
2016-09-29,25.65395164489746,28.045000076293945,28.450000762939453,27.950000762939453,28.290000915527344,143548000
2016-09-30,25.852916717529297,28.262500762939453,28.342500686645508,27.950000762939453,28.114999771118164,145516400
2016-10-03,25.73170280456543,28.1299991607666,28.262500762939453,28.06999969482422,28.177499771118164,86807200
2016-10-04,25.841482162475586,28.25,28.577499389648438,28.157499313354492,28.264999389648438,118947200
2016-10-05,25.852916717529297,28.262500762939453,28.415000915527344,28.172500610351562,28.350000381469727,85812400
2016-10-06,26.045007705688477,28.47249984741211,28.584999084472656,28.282499313354492,28.424999237060547,115117200
2016-10-07,26.083881378173828,28.514999389648438,28.639999389648438,28.377500534057617,28.577499389648438,97433600
2016-10-10,26.538976669311523,29.012500762939453,29.1875,28.68000030517578,28.7549991607666,144944000
2016-10-11,26.596139907836914,29.075000762939453,29.672500610351562,29.049999237060547,29.424999237060547,256164000
2016-10-12,26.833969116210938,29.334999084472656,29.4950008392334,29.1875,29.337499618530273,150347200
2016-10-13,26.751649856567383,29.2450008392334,29.360000610351562,28.93000030517578,29.197500228881836,140769600
2016-10-14,26.900291442871094,29.407499313354492,29.542499542236328,29.282499313354492,29.469999313354492,142608800
2016-10-17,26.881996154785156,29.387500762939453,29.459999084472656,29.19499969482422,29.332500457763672,94499600
2016-10-18,26.86370277404785,29.36750030517578,29.552499771118164,29.362499237060547,29.545000076293945,98214000
2016-10-19,26.78366470336914,29.280000686645508,29.440000534057617,28.450000762939453,29.3125,80138400
2016-10-20,26.769939422607422,29.264999389648438,29.344999313354492,29.082500457763672,29.21500015258789,96503200
2016-10-21,26.664745330810547,29.149999618530273,29.227500915527344,29.06999969482422,29.202499389648438,92770800
2016-10-24,26.904869079589844,29.412500381469727,29.434999465942383,29.25,29.274999618530273,94154800
2016-10-25,27.04207420349121,29.5625,29.59000015258789,29.327499389648438,29.487499237060547,192516000
2016-10-26,26.433774948120117,28.897499084472656,28.924999237060547,28.327499389648438,28.577499389648438,264536800
2016-10-27,26.17993927001953,28.6200008392334,28.96500015258789,28.524999618530273,28.84749984741211,138248000
2016-10-28,26.00613021850586,28.43000030517578,28.802499771118164,28.362499237060547,28.467500686645508,151446800
2016-10-31,25.96497344970703,28.385000228881836,28.5575008392334,28.299999237060547,28.412500381469727,105677600
2016-11-01,25.496158599853516,27.872499465942383,28.4424991607666,27.63249969482422,28.364999771118164,175303200
2016-11-02,25.519031524658203,27.897499084472656,28.087499618530273,27.8075008392334,27.850000381469727,113326800
2016-11-03,25.245500564575195,27.457500457763672,27.864999771118164,27.387500762939453,27.7450008392334,107730400
2016-11-04,25.017929077148438,27.209999084472656,27.5625,27.02750015258789,27.13249969482422,123348000
2016-11-07,25.378814697265625,27.602500915527344,27.627500534057617,27.364999771118164,27.520000457763672,130240000
2016-11-08,25.528217315673828,27.764999389648438,27.93000030517578,27.424999237060547,27.577499389648438,97016800
2016-11-09,25.486846923828125,27.719999313354492,27.829999923706055,27.012500762939453,27.469999313354492,236705600
2016-11-10,24.776582717895508,26.947500228881836,27.772499084472656,26.457500457763672,27.772499084472656,228538000
2016-11-11,24.9237003326416,27.107500076293945,27.217500686645508,26.637500762939453,26.780000686645508,136575600
2016-11-14,24.298471450805664,26.427499771118164,26.952499389648438,26.020000457763672,26.927499771118164,204702000
2016-11-15,24.62027931213379,26.77750015258789,26.920000076293945,26.540000915527344,26.642499923706055,129058000
2016-11-16,25.28227424621582,27.497499465942383,27.5575008392334,26.649999618530273,26.674999237060547,235362000
2016-11-17,25.273082733154297,27.487499237060547,27.587499618530273,27.207500457763672,27.452499389648438,110528000
2016-11-18,25.298358917236328,27.514999389648438,27.635000228881836,27.415000915527344,27.43000030517578,113715600
2016-11-21,25.682226181030273,27.9325008392334,27.997499465942383,27.502500534057617,27.530000686645508,117058400
2016-11-22,25.698322296142578,27.950000762939453,28.104999542236328,27.850000381469727,27.987499237060547,103862000
2016-11-23,25.56730079650879,27.8075008392334,27.877500534057617,27.582500457763672,27.84000015258789,109705600
2016-11-25,25.69602394104004,27.947500228881836,27.967500686645508,27.737499237060547,27.782499313354492,45903600
2016-11-28,25.64545249938965,27.892499923706055,28.11750030517578,27.84749984741211,27.857500076293945,108776000
2016-11-29,25.620168685913086,27.864999771118164,28.00749969482422,27.517499923706055,27.69499969482422,114115200
2016-11-30,25.40410041809082,27.6299991607666,28.049999237060547,27.5674991607666,27.899999618530273,144649200
2016-12-01,25.16734504699707,27.372499465942383,27.735000610351562,27.25749969482422,27.592500686645508,148347600
2016-12-02,25.261587142944336,27.475000381469727,27.522499084472656,27.212499618530273,27.292499542236328,106112000
2016-12-05,25.079998016357422,27.27750015258789,27.50749969482422,27.0625,27.5,137298000
2016-12-06,25.273082733154297,27.487499237060547,27.59000015258789,27.297500610351562,27.375,104782000
2016-12-07,25.521331787109375,27.75749969482422,27.797500610351562,27.290000915527344,27.315000534057617,119994800
2016-12-08,25.77187728881836,28.030000686645508,28.107500076293945,27.649999618530273,27.71500015258789,108273200
2016-12-09,26.19251251220703,28.487499237060547,28.674999237060547,28.077499389648438,28.077499389648438,137610400
2016-12-12,26.043113708496094,28.325000762939453,28.75,28.122499465942383,28.322500228881836,105497600
2016-12-13,26.477542877197266,28.797500610351562,28.979999542236328,28.4375,28.459999084472656,174935200
2016-12-14,26.477542877197266,28.797500610351562,29.049999237060547,28.7450008392334,28.760000228881836,136127200
2016-12-15,26.622356414794922,28.954999923706055,29.1825008392334,28.8075008392334,28.844999313354492,186098000
2016-12-16,26.656835556030273,28.99250030517578,29.125,28.912500381469727,29.11750030517578,177404400
2016-12-19,26.810840606689453,29.15999984741211,29.344999313354492,28.9375,28.950000762939453,111117600
2016-12-20,26.882097244262695,29.237499237060547,29.375,29.170000076293945,29.184999465942383,85700000
2016-12-21,26.90738296508789,29.264999389648438,29.350000381469727,29.19499969482422,29.200000762939453,95132800
2016-12-22,26.730392456054688,29.072500228881836,29.127500534057617,28.90999984741211,29.087499618530273,104343600
2016-12-23,26.78325843811035,29.1299991607666,29.1299991607666,28.897499084472656,28.897499084472656,56998000
2016-12-27,26.953353881835938,29.315000534057617,29.450000762939453,29.122499465942383,29.1299991607666,73187600
2016-12-28,26.838424682617188,29.190000534057617,29.5049991607666,29.049999237060547,29.3799991607666,83623600
2016-12-29,26.831527709960938,29.1825008392334,29.27750015258789,29.100000381469727,29.112499237060547,60158000
2016-12-30,26.622356414794922,28.954999923706055,29.299999237060547,28.857500076293945,29.162500381469727,122345200
2017-01-03,26.698211669921875,29.037500381469727,29.082500457763672,28.690000534057617,28.950000762939453,115127600
2017-01-04,26.6683292388916,29.0049991607666,29.127500534057617,28.9375,28.962499618530273,84472400
2017-01-05,26.803943634033203,29.15250015258789,29.21500015258789,28.952499389648438,28.979999542236328,88774400
2017-01-06,27.102766036987305,29.477500915527344,29.540000915527344,29.11750030517578,29.19499969482422,127007600
2017-01-09,27.351011276245117,29.747499465942383,29.857500076293945,29.485000610351562,29.487499237060547,134247600
2017-01-10,27.378599166870117,29.77750015258789,29.844999313354492,29.575000762939453,29.6924991607666,97848400
2017-01-11,27.52570343017578,29.9375,29.982500076293945,29.649999618530273,29.684999465942383,110354400
2017-01-12,27.410776138305664,29.8125,29.825000762939453,29.552499771118164,29.725000381469727,108344800
2017-01-13,27.362510681152344,29.760000228881836,29.905000686645508,29.702499389648438,29.77750015258789,104447600
2017-01-17,27.58316993713379,30.0,30.059999465942383,29.55500030517578,29.584999084472656,137759200
2017-01-18,27.580867767333984,29.997499465942383,30.125,29.927499771118164,30.0,94852000
2017-01-19,27.532604217529297,29.94499969482422,30.022499084472656,29.842500686645508,29.850000381469727,102389200
2017-01-20,27.58316993713379,30.0,30.112499237060547,29.9325008392334,30.112499237060547,130391600
2017-01-23,27.601566314697266,30.020000457763672,30.202499389648438,29.9424991607666,30.0,88200800
2017-01-24,27.57627296447754,29.99250030517578,30.024999618530273,29.875,29.887500762939453,92844000
2017-01-25,28.015304565429688,30.469999313354492,30.524999618530273,30.06999969482422,30.104999542236328,129510400
2017-01-26,28.029098510742188,30.485000610351562,30.610000610351562,30.399999618530273,30.417499542236328,105350400
2017-01-27,28.031394958496094,30.487499237060547,30.587499618530273,30.399999618530273,30.53499984741211,82251600
2017-01-30,27.957839965820312,30.407499313354492,30.407499313354492,30.165000915527344,30.232500076293945,121510000
2017-01-31,27.893482208251953,30.337499618530273,30.34749984741211,30.155000686645508,30.287500381469727,196804000
2017-02-01,29.594446182250977,32.1875,32.622501373291016,31.752500534057617,31.75749969482422,447940000
2017-02-02,29.543874740600586,32.13249969482422,32.34749984741211,31.94499969482422,31.9950008392334,134841600
2017-02-03,29.670297622680664,32.27000045776367,32.29750061035156,32.040000915527344,32.07749938964844,98029200
2017-02-06,29.94842529296875,32.5724983215332,32.625,32.224998474121094,32.282501220703125,107383600
2017-02-07,30.233455657958984,32.88249969482422,33.022499084472656,32.61249923706055,32.6349983215332,152735200
2017-02-08,30.35068130493164,33.0099983215332,33.05500030517578,32.80500030517578,32.837501525878906,92016400
2017-02-09,30.56999969482422,33.10499954223633,33.11249923706055,32.779998779296875,32.912498474121094,113399600
2017-02-10,30.500728607177734,33.029998779296875,33.23500061035156,33.01250076293945,33.1150016784668,80262000
2017-02-13,30.770832061767578,33.3224983215332,33.45500183105469,33.1875,33.27000045776367,92141600
2017-02-14,31.170225143432617,33.755001068115234,33.772499084472656,33.3125,33.36750030517578,132904800
2017-02-15,31.283334732055664,33.877498626708984,34.067501068115234,33.654998779296875,33.880001068115234,142492400
2017-02-16,31.246402740478516,33.837501525878906,33.974998474121094,33.709999084472656,33.91749954223633,90338400
2017-02-17,31.331817626953125,33.93000030517578,33.95750045776367,33.775001525878906,33.775001525878906,88792800
2017-02-21,31.558059692382812,34.17499923706055,34.1875,33.994998931884766,34.057498931884766,98028800
2017-02-22,31.6527042388916,34.27750015258789,34.279998779296875,34.02750015258789,34.10749816894531,83347600
2017-02-23,31.518821716308594,34.13249969482422,34.369998931884766,34.07500076293945,34.345001220703125,83152800
2017-02-24,31.548826217651367,34.165000915527344,34.165000915527344,33.81999969482422,33.977500915527344,87106400
2017-02-27,31.611162185668945,34.23249816894531,34.36000061035156,34.06999969482422,34.28499984741211,81029600
2017-02-28,31.62500762939453,34.247501373291016,34.36000061035156,34.17499923706055,34.27000045776367,93931600
2017-03-01,32.27140426635742,34.9474983215332,35.037498474121094,34.400001525878906,34.47249984741211,145658400
2017-03-02,32.079795837402344,34.7400016784668,35.06999969482422,34.689998626708984,35.0,104844000
2017-03-03,32.269107818603516,34.94499969482422,34.95750045776367,34.647499084472656,34.69499969482422,84432400
2017-03-06,32.16753005981445,34.834999084472656,34.942501068115234,34.650001525878906,34.842498779296875,87000000
2017-03-07,32.209075927734375,34.880001068115234,34.994998931884766,34.6974983215332,34.76499938964844,69785200
2017-03-08,32.089027404785156,34.75,34.95000076293945,34.70500183105469,34.73749923706055,74828800
2017-03-09,32.01515197753906,34.66999816894531,34.6974983215332,34.26250076293945,34.685001373291016,88623600
2017-03-10,32.121337890625,34.78499984741211,34.84000015258789,34.65999984741211,34.8125,78451200
2017-03-13,32.13520050048828,34.79999923706055,34.85749816894531,34.70500183105469,34.712501525878906,69686800
2017-03-14,32.08671569824219,34.747501373291016,34.912498474121094,34.709999084472656,34.82500076293945,61236400
2017-03-15,32.42608642578125,35.1150016784668,35.1875,34.75749969482422,34.852500915527344,102767200
2017-03-16,32.47917938232422,35.17250061035156,35.255001068115234,35.064998626708984,35.18000030517578,76928000
2017-03-17,32.31757736206055,34.997501373291016,35.25,34.97249984741211,35.25,175540000
2017-03-20,32.65694046020508,35.3650016784668,35.375,35.057498931884766,35.099998474121094,86168000
2017-03-21,32.282955169677734,34.959999084472656,35.70000076293945,34.932498931884766,35.52750015258789,158119600
2017-03-22,32.647701263427734,35.35499954223633,35.400001525878906,34.939998626708984,34.962501525878906,103440800
2017-03-23,32.53226852416992,35.22999954223633,35.39500045776367,35.15250015258789,35.314998626708984,81385200
2017-03-24,32.46763229370117,35.15999984741211,35.435001373291016,35.087501525878906,35.375,89582400
2017-03-27,32.52303695678711,35.220001220703125,35.30500030517578,34.654998779296875,34.84749984741211,94300400
2017-03-28,33.19713592529297,35.95000076293945,36.0099983215332,35.154998779296875,35.227500915527344,133499200
2017-03-29,33.27101135253906,36.029998779296875,36.122501373291016,35.79750061035156,35.91999816894531,116760000
2017-03-30,33.22715377807617,35.98249816894531,36.125,35.875,36.04750061035156,84829200
2017-03-31,33.16482162475586,35.915000915527344,36.067501068115234,35.752498626708984,35.93000030517578,78646800
2017-04-03,33.17405319213867,35.92499923706055,36.029998779296875,35.76250076293945,35.9275016784668,79942800
2017-04-04,33.42108154296875,36.192501068115234,36.22249984741211,35.79249954223633,35.8125,79565600
2017-04-05,33.247928619384766,36.005001068115234,36.3650016784668,35.95249938964844,36.05500030517578,110871600
2017-04-06,33.16482162475586,35.915000915527344,36.130001068115234,35.86249923706055,36.0724983215332,84596000
2017-04-07,33.0909423828125,35.834999084472656,36.04499816894531,35.817501068115234,35.932498931884766,66688800
2017-04-10,33.05168914794922,35.79249954223633,35.970001220703125,35.724998474121094,35.900001525878906,75733600
2017-04-11,32.69619369506836,35.407501220703125,35.837501525878906,35.01499938964844,35.73500061035156,121517600
2017-04-12,32.73543930053711,35.45000076293945,35.537498474121094,35.252498626708984,35.400001525878906,81400000
2017-04-13,32.562294006347656,35.26250076293945,35.595001220703125,35.26250076293945,35.477500915527344,71291600
2017-04-17,32.74234390258789,35.45750045776367,35.470001220703125,35.217498779296875,35.369998931884766,66328400
2017-04-18,32.596920013427734,35.29999923706055,35.5099983215332,35.27750015258789,35.352500915527344,58790000
2017-04-19,32.47686767578125,35.16999816894531,35.5,35.11249923706055,35.470001220703125,69313600
2017-04-20,32.883182525634766,35.61000061035156,35.72999954223633,35.290000915527344,35.30500030517578,93278400
2017-04-21,32.843936920166016,35.567501068115234,35.66999816894531,35.462501525878906,35.61000061035156,69283600
2017-04-24,33.16020202636719,35.90999984741211,35.98749923706055,35.79499816894531,35.875,68537200
2017-04-25,33.365665435791016,36.13249969482422,36.224998474121094,35.967498779296875,35.977500915527344,75486000
2017-04-26,33.16944122314453,35.91999816894531,36.150001525878906,35.845001220703125,36.11750030517578,80164800
2017-04-27,33.19483184814453,35.9474983215332,36.040000915527344,35.82749938964844,35.97999954223633,56985200
2017-04-28,33.162513732910156,35.912498474121094,36.07500076293945,35.817501068115234,36.022499084472656,83441600
2017-05-01,33.83893585205078,36.64500045776367,36.79999923706055,36.2400016784668,36.275001525878906,134411600
2017-05-02,34.053619384765625,36.877498626708984,37.022499084472656,36.709999084472656,36.8849983215332,181408800
2017-05-03,33.949729919433594,36.76499938964844,36.872501373291016,36.067501068115234,36.397499084472656,182788000
2017-05-04,33.8273811340332,36.63249969482422,36.78499984741211,36.45249938964844,36.630001068115234,93487600
2017-05-05,34.388370513916016,37.2400016784668,37.244998931884766,36.689998626708984,36.689998626708984,109310800
2017-05-08,35.32331848144531,38.252498626708984,38.42499923706055,37.25749969482422,37.25749969482422,195009600
2017-05-09,35.54956817626953,38.497501373291016,38.720001220703125,38.36249923706055,38.467498779296875,156521600
2017-05-10,35.381038665771484,38.314998626708984,38.48500061035156,38.02750015258789,38.407501220703125,103222800
2017-05-11,35.68702697753906,38.48749923706055,38.51750183105469,38.07749938964844,38.11249923706055,109020400
2017-05-12,36.1854133605957,39.025001525878906,39.10499954223633,38.66749954223633,38.67499923706055,130108000
2017-05-15,36.092689514160156,38.92499923706055,39.162498474121094,38.76250076293945,39.002498626708984,104038800
2017-05-16,36.03938293457031,38.86750030517578,39.01499938964844,38.68000030517578,38.98500061035156,80194000
2017-05-17,34.82933044433594,37.5625,38.64250183105469,37.4275016784668,38.400001525878906,203070800
2017-05-18,35.36017608642578,38.1349983215332,38.334999084472656,37.782501220703125,37.817501068115234,134272800
2017-05-19,35.4807243347168,38.26499938964844,38.494998931884766,38.157501220703125,38.345001220703125,107843200
2017-05-22,35.69630432128906,38.497501373291016,38.64500045776367,38.227500915527344,38.5,91865600
2017-05-23,35.652252197265625,38.45000076293945,38.724998474121094,38.32749938964844,38.724998474121094,79675600
2017-05-24,35.54561996459961,38.334999084472656,38.54249954223633,38.16749954223633,38.459999084472656,76712000
2017-05-25,35.66847229003906,38.467498779296875,38.587501525878906,38.25749969482422,38.432498931884766,76942400
2017-05-26,35.608219146728516,38.40250015258789,38.560001373291016,38.32749938964844,38.5,87710400
2017-05-30,35.62212371826172,38.41749954223633,38.60749816894531,38.33250045776367,38.35499954223633,80507600
2017-05-31,35.41117858886719,38.189998626708984,38.54249954223633,38.095001220703125,38.49250030517578,97804800
2017-06-01,35.50852966308594,38.29499816894531,38.33250045776367,38.05500030517578,38.29249954223633,65616400
2017-06-02,36.03474044799805,38.86249923706055,38.86249923706055,38.22249984741211,38.39500045776367,111082800
2017-06-05,35.682376861572266,38.48249816894531,38.61249923706055,38.3650016784668,38.584999084472656,101326800
2017-06-06,35.80293655395508,38.61249923706055,38.95249938964844,38.44499969482422,38.474998474121094,106499600
2017-06-07,36.01618576049805,38.842498779296875,38.994998931884766,38.619998931884766,38.755001068115234,84278400
2017-06-08,35.92811584472656,38.747501373291016,38.8849983215332,38.599998474121094,38.8125,85003200
2017-06-09,34.53493881225586,37.244998931884766,38.79750061035156,36.505001068115234,38.79750061035156,259530800
2017-06-12,33.70969009399414,36.35499954223633,36.522499084472656,35.627498626708984,36.435001373291016,289229200
2017-06-13,33.98090744018555,36.647499084472656,36.86249923706055,36.287498474121094,36.790000915527344,136661600
2017-06-14,33.64942932128906,36.290000915527344,36.875,35.959999084472656,36.875,126124800
2017-06-15,33.4477653503418,36.0724983215332,36.119998931884766,35.5525016784668,35.83000183105469,128661600
2017-06-16,32.979496002197266,35.567501068115234,36.125,35.54999923706055,35.94499969482422,201444400
2017-06-19,33.9229621887207,36.584999084472656,36.685001373291016,35.915000915527344,35.915000915527344,130165600
2017-06-20,33.61465835571289,36.252498626708984,36.717498779296875,36.23500061035156,36.717498779296875,99600400
2017-06-21,33.81401062011719,36.467498779296875,36.51750183105469,36.15250015258789,36.380001068115234,85063200
2017-06-22,33.758384704589844,36.407501220703125,36.67499923706055,36.279998779296875,36.442501068115234,76425200
2017-06-23,33.909053802490234,36.56999969482422,36.790000915527344,36.27750015258789,36.282501220703125,141757600
2017-06-26,33.80242919921875,36.45500183105469,37.06999969482422,36.345001220703125,36.79249954223633,102769600
2017-06-27,33.317928314208984,35.932498931884766,36.540000915527344,35.904998779296875,36.252498626708984,99047600
2017-06-28,33.80474853515625,36.45750045776367,36.52750015258789,35.790000915527344,36.122501373291016,88329600
2017-06-29,33.306358337402344,35.91999816894531,36.282501220703125,35.56999969482422,36.1775016784668,125997600
2017-06-30,33.38516616821289,36.005001068115234,36.2400016784668,35.94499969482422,36.11249923706055,92096400
2017-07-03,33.26462936401367,35.875,36.32500076293945,35.775001525878906,36.220001220703125,57111200
2017-07-05,33.40138626098633,36.022499084472656,36.1974983215332,35.68000030517578,35.92250061035156,86278400
2017-07-06,33.08613586425781,35.682498931884766,35.875,35.602500915527344,35.755001068115234,96515200
2017-07-07,33.42225646972656,36.04499816894531,36.1875,35.724998474121094,35.724998474121094,76806800
2017-07-10,33.62622833251953,36.26499938964844,36.48749923706055,35.842498779296875,36.02750015258789,84362400
2017-07-11,33.73518753051758,36.38249969482422,36.462501525878906,36.095001220703125,36.182498931884766,79127200
2017-07-12,33.78388595581055,36.435001373291016,36.54499816894531,36.20500183105469,36.467498779296875,99538000
2017-07-13,34.25444412231445,36.942501068115234,37.122501373291016,36.36000061035156,36.375,100797600
2017-07-14,34.54884719848633,37.2599983215332,37.33250045776367,36.83250045776367,36.99250030517578,80528400
2017-07-17,34.66938400268555,37.38999938964844,37.724998474121094,37.14250183105469,37.20500183105469,95174000
2017-07-18,34.78993606567383,37.52000045776367,37.532501220703125,37.16749954223633,37.29999923706055,71475200
2017-07-19,35.00783157348633,37.755001068115234,37.85499954223633,37.48749923706055,37.619998931884766,83692000
2017-07-20,34.850189208984375,37.584999084472656,37.935001373291016,37.54750061035156,37.875,68974800
2017-07-21,34.83397674560547,37.567501068115234,37.61000061035156,37.220001220703125,37.497501373291016,105010400
2017-07-24,35.255863189697266,38.022499084472656,38.11000061035156,37.474998474121094,37.64500045776367,85972800
2017-07-25,35.40654754638672,38.185001373291016,38.459999084472656,37.95000076293945,37.95000076293945,75415600
2017-07-26,35.57345199584961,38.3650016784668,38.48249816894531,38.26499938964844,38.337501525878906,63124000
2017-07-27,34.90119171142578,37.63999938964844,38.497501373291016,36.82500076293945,38.4375,129905200
2017-07-28,34.655479431152344,37.375,37.557498931884766,37.29750061035156,37.47249984741211,68854800
2017-07-31,34.47698211669922,37.182498931884766,37.58250045776367,37.032501220703125,37.474998474121094,79383600
2017-08-01,34.78297805786133,37.51250076293945,37.55500030517578,37.102500915527344,37.275001525878906,141474400
2017-08-02,36.426509857177734,39.28499984741211,39.9375,39.040000915527344,39.81999969482422,279747200
2017-08-03,36.062557220458984,38.89250183105469,39.3025016784668,38.755001068115234,39.26250076293945,108389200
2017-08-04,36.252647399902344,39.09749984741211,39.349998474121094,38.92250061035156,39.01750183105469,82239600
2017-08-07,36.813621520996094,39.70249938964844,39.72999954223633,39.16749954223633,39.26499938964844,87481200
2017-08-08,37.10801696777344,40.02000045776367,40.45750045776367,39.567501068115234,39.650001525878906,144823600
2017-08-09,37.335182189941406,40.26499938964844,40.317501068115234,39.77750015258789,39.814998626708984,104526000
2017-08-10,36.14601516723633,38.83000183105469,40.0,38.657501220703125,39.974998474121094,163217200
2017-08-11,36.648658752441406,39.369998931884766,39.64250183105469,39.01750183105469,39.150001525878906,105028400
2017-08-14,37.200218200683594,39.962501525878906,40.0525016784668,39.6875,39.83000183105469,88490800
2017-08-15,37.60747528076172,40.400001525878906,40.54999923706055,40.03499984741211,40.165000915527344,117862000
2017-08-16,37.45621109008789,40.23749923706055,40.627498626708984,40.037498474121094,40.48500061035156,110686400
2017-08-17,36.73710632324219,39.46500015258789,40.1775016784668,39.459999084472656,40.130001068115234,111762400
2017-08-18,36.6533203125,39.375,39.875,39.18000030517578,39.46500015258789,109712400
2017-08-21,36.585838317871094,39.3025016784668,39.47249984741211,38.77750015258789,39.375,105474000
2017-08-22,37.183921813964844,39.94499969482422,40.0,39.505001068115234,39.557498931884766,86418400
2017-08-23,37.23047637939453,39.994998931884766,40.11750030517578,39.720001220703125,39.76750183105469,77596400
2017-08-24,37.065242767333984,39.817501068115234,40.185001373291016,39.63750076293945,40.10749816894531,79275600
2017-08-25,37.20255661010742,39.96500015258789,40.13999938964844,39.817501068115234,39.912498474121094,101920400
2017-08-28,37.57720947265625,40.36750030517578,40.5,39.98249816894531,40.03499984741211,103864000
2017-08-29,37.91232681274414,40.727500915527344,40.779998779296875,40.0,40.025001525878906,118067600
2017-08-30,38.01473617553711,40.837501525878906,40.97249984741211,40.65250015258789,40.95000076293945,109078400
2017-08-31,38.16600799560547,41.0,41.130001068115234,40.869998931884766,40.90999984741211,107140400
2017-09-01,38.177650451660156,41.01250076293945,41.23500061035156,40.907501220703125,41.20000076293945,66364400
2017-09-05,37.71918487548828,40.52000045776367,41.0625,40.13999938964844,40.9375,117874000
2017-09-06,37.67961883544922,40.477500915527344,40.747501373291016,40.130001068115234,40.6775016784668,86606800
2017-09-07,37.528350830078125,40.314998626708984,40.560001373291016,40.09000015258789,40.522499084472656,87714000
2017-09-08,36.916297912597656,39.657501220703125,40.287498474121094,39.63249969482422,40.21500015258789,114446000
2017-09-11,37.58420944213867,40.375,40.51250076293945,39.97249984741211,40.125,126323200
2017-09-12,37.435272216796875,40.21500015258789,40.9900016784668,39.692501068115234,40.65250015258789,286856000
2017-09-13,37.153663635253906,39.912498474121094,39.9900016784668,39.477500915527344,39.967498779296875,179629600
2017-09-14,36.8348388671875,39.56999969482422,39.849998474121094,39.522499084472656,39.747501373291016,95042800
2017-09-15,37.20719528198242,39.970001220703125,40.24250030517578,39.5,39.61750030517578,196458400
2017-09-18,36.925601959228516,39.66749954223633,40.125,39.5,40.02750015258789,113077600
2017-09-19,36.9395751953125,39.682498931884766,39.942501068115234,39.61000061035156,39.877498626708984,83242400
2017-09-20,36.3205451965332,39.01750183105469,39.564998626708984,38.45750045776367,39.474998474121094,211805600
2017-09-21,35.69684982299805,38.34749984741211,38.95000076293945,38.1875,38.95000076293945,150046800
2017-09-22,35.34777069091797,37.97249984741211,38.067501068115234,37.63999938964844,37.8849983215332,186581600
2017-09-25,35.03593063354492,37.63750076293945,37.95750045776367,37.290000915527344,37.497501373291016,177549200
2017-09-26,35.638671875,38.28499984741211,38.47999954223633,37.92250061035156,37.94499969482422,146640000
2017-09-27,35.892333984375,38.557498931884766,38.68000030517578,38.3849983215332,38.45000076293945,102016800
2017-09-28,35.67124938964844,38.31999969482422,38.56999969482422,38.17499923706055,38.47249984741211,88022000
2017-09-29,35.86672592163086,38.529998779296875,38.532501220703125,38.0,38.3025016784668,105199200
2017-10-02,35.794578552246094,38.45249938964844,38.61249923706055,38.18000030517578,38.564998626708984,74795200
2017-10-03,35.950504302978516,38.619998931884766,38.772499084472656,38.477500915527344,38.502498626708984,64921200
2017-10-04,35.71779251098633,38.369998931884766,38.46500015258789,38.1150016784668,38.407501220703125,80655200
2017-10-05,36.16227722167969,38.84749984741211,38.86000061035156,38.51250076293945,38.54499816894531,85135200
2017-10-06,36.14134216308594,38.82500076293945,38.872501373291016,38.63999938964844,38.74250030517578,69630400
2017-10-09,36.267005920410156,38.959999084472656,39.182498931884766,38.872501373291016,38.95249938964844,65051600
2017-10-10,36.28097915649414,38.974998474121094,39.5,38.775001525878906,39.01499938964844,62468000
2017-10-11,36.432228088378906,39.13750076293945,39.244998931884766,38.9375,38.99250030517578,67622400
2017-10-12,36.30424880981445,39.0,39.342498779296875,38.932498931884766,39.087501525878906,64500400
2017-10-13,36.534637451171875,39.247501373291016,39.31999969482422,39.102500915527344,39.182498931884766,65576800
2017-10-16,37.20719528198242,39.970001220703125,40.0,39.412498474121094,39.474998474121094,96486000
2017-10-17,37.34449768066406,40.11750030517578,40.217498779296875,39.807498931884766,39.94499969482422,75989200
2017-10-18,37.17927169799805,39.939998626708984,40.1775016784668,39.900001525878906,40.10499954223633,65496800
2017-10-19,36.299591064453125,38.994998931884766,39.27000045776367,38.755001068115234,39.1875,170336800
2017-10-20,36.362422943115234,39.0625,39.4375,38.9900016784668,39.15250015258789,95896400
2017-10-23,36.34380340576172,39.04249954223633,39.42250061035156,38.875,39.22249984741211,87937200
2017-10-24,36.560237884521484,39.275001525878906,39.35499954223633,39.04999923706055,39.0724983215332,71028800
2017-10-25,36.399662017822266,39.102500915527344,39.38750076293945,38.817501068115234,39.227500915527344,84828400
2017-10-26,36.63237762451172,39.352500915527344,39.45750045776367,39.19499969482422,39.307498931884766,68002000
2017-10-27,37.94491958618164,40.76250076293945,40.900001525878906,39.67499923706055,39.8224983215332,177816800
2017-10-30,38.79900360107422,41.68000030517578,42.01750183105469,40.93000030517578,40.97249984741211,178803200
2017-10-31,39.33890914916992,42.2599983215332,42.412498474121094,41.73500061035156,41.974998474121094,144187200
2017-11-01,38.83856201171875,41.72249984741211,42.48500061035156,41.40250015258789,42.467498779296875,134551200
2017-11-02,39.12248992919922,42.02750015258789,42.125,41.31999969482422,41.650001525878906,165573600
2017-11-03,40.14411926269531,43.125,43.564998626708984,42.779998779296875,43.5,237594400
2017-11-06,40.55137252807617,43.5625,43.747501373291016,42.93000030517578,43.092498779296875,140105200
2017-11-07,40.68170928955078,43.70249938964844,43.8125,43.400001525878906,43.477500915527344,97446000
2017-11-08,41.014488220214844,44.060001373291016,44.060001373291016,43.58250045776367,43.665000915527344,97638000
2017-11-09,40.93070983886719,43.970001220703125,44.025001525878906,43.28499984741211,43.77750015258789,117930400
2017-11-10,40.79524230957031,43.66749954223633,43.845001220703125,43.567501068115234,43.77750015258789,100582000
2017-11-13,40.63175582885742,43.49250030517578,43.625,43.349998474121094,43.375,67928400
2017-11-14,40.01750946044922,42.834999084472656,43.369998931884766,42.79499816894531,43.2599983215332,99130000
2017-11-15,39.48967742919922,42.27000045776367,42.58000183105469,42.095001220703125,42.49250030517578,116632400
2017-11-16,39.96146011352539,42.775001525878906,42.967498779296875,42.57500076293945,42.79499816894531,94550000
2017-11-17,39.73957443237305,42.537498474121094,42.84749984741211,42.40999984741211,42.7599983215332,87598000
2017-11-20,39.699859619140625,42.494998931884766,42.63999938964844,42.38999938964844,42.5724983215332,65049600
2017-11-21,40.43790817260742,43.28499984741211,43.42499923706055,42.69499969482422,42.69499969482422,100525200
2017-11-22,40.86298370361328,43.7400016784668,43.75,43.26250076293945,43.34000015258789,102355600
2017-11-24,40.86531066894531,43.74250030517578,43.875,43.662498474121094,43.775001525878906,56106800
2017-11-27,40.6597900390625,43.522499084472656,43.77000045776367,43.334999084472656,43.76250076293945,82867200
2017-11-28,40.42155838012695,43.26750183105469,43.717498779296875,42.96500015258789,43.57500076293945,105715200
2017-11-29,39.583099365234375,42.369998931884766,43.22999954223633,41.790000915527344,43.157501220703125,166665600
2017-11-30,40.136619567871094,42.962501525878906,43.03499984741211,42.11000061035156,42.60749816894531,166108800
2017-12-01,39.949771881103516,42.76250076293945,42.91749954223633,42.125,42.48749923706055,159037200
2017-12-04,39.657833099365234,42.45000076293945,43.154998779296875,42.407501220703125,43.119998931884766,130169600
2017-12-05,39.62046432495117,42.40999984741211,42.880001068115234,42.099998474121094,42.26499938964844,109400800
2017-12-06,39.47332000732422,42.252498626708984,42.54999923706055,41.6150016784668,41.875,114240000
2017-12-07,39.54573059082031,42.33000183105469,42.61000061035156,42.227500915527344,42.25749969482422,102693200
2017-12-08,39.557403564453125,42.342498779296875,42.75,42.20500183105469,42.622501373291016,93420800
2017-12-11,40.3281364440918,43.16749954223633,43.22249984741211,42.1974983215332,42.29999923706055,141095200
2017-12-12,40.101585388183594,42.92499923706055,43.09749984741211,42.8650016784668,43.037498474121094,77636800
2017-12-13,40.234710693359375,43.067501068115234,43.3849983215332,43.0,43.125,95273600
2017-12-14,40.22304916381836,43.05500030517578,43.282501220703125,42.912498474121094,43.099998474121094,81906000
2017-12-15,40.63175582885742,43.49250030517578,43.54249954223633,43.1150016784668,43.407501220703125,160677200
2017-12-18,41.2039680480957,44.10499954223633,44.29999923706055,43.71500015258789,43.720001220703125,117684400
2017-12-19,40.764888763427734,43.6349983215332,43.84749984741211,43.522499084472656,43.75749969482422,109745600
2017-12-20,40.72052764892578,43.587501525878906,43.85499954223633,43.3125,43.717498779296875,93902400
2017-12-21,40.87464904785156,43.752498626708984,44.005001068115234,43.525001525878906,43.54249954223633,83799600
2017-12-22,40.87464904785156,43.752498626708984,43.85499954223633,43.625,43.66999816894531,65397600
2017-12-26,39.83767318725586,42.64250183105469,42.86750030517578,42.41999816894531,42.70000076293945,132742000
2017-12-27,39.84468078613281,42.650001525878906,42.69499969482422,42.4275016784668,42.525001525878906,85992800
2017-12-28,39.956783294677734,42.77000045776367,42.962501525878906,42.619998931884766,42.75,65920800
2017-12-29,39.52470397949219,42.307498931884766,42.647499084472656,42.30500030517578,42.630001068115234,103999600
2018-01-02,40.23237228393555,43.064998626708984,43.07500076293945,42.314998626708984,42.540000915527344,102223600
2018-01-03,40.22536849975586,43.057498931884766,43.63750076293945,42.9900016784668,43.13249969482422,118071600
2018-01-04,40.41221618652344,43.25749969482422,43.36750030517578,43.02000045776367,43.1349983215332,89738400
2018-01-05,40.872314453125,43.75,43.842498779296875,43.26250076293945,43.36000061035156,94640000
2018-01-08,40.72052764892578,43.587501525878906,43.90250015258789,43.48249816894531,43.587501525878906,82271200
2018-01-09,40.71582794189453,43.58250045776367,43.76499938964844,43.352500915527344,43.63750076293945,86336000
2018-01-10,40.70649337768555,43.5724983215332,43.57500076293945,43.25,43.290000915527344,95839600
2018-01-11,40.937721252441406,43.81999969482422,43.872501373291016,43.622501373291016,43.647499084472656,74670800
2018-01-12,41.360450744628906,44.272499084472656,44.34000015258789,43.912498474121094,44.04499816894531,101672400
2018-01-16,41.150245666503906,44.04750061035156,44.84749984741211,44.03499984741211,44.474998474121094,118263600
2018-01-17,41.829891204833984,44.775001525878906,44.8125,43.76750183105469,44.037498474121094,137547200
2018-01-18,41.86727523803711,44.814998626708984,45.025001525878906,44.5625,44.842498779296875,124773600
2018-01-19,41.68043518066406,44.6150016784668,44.89500045776367,44.352500915527344,44.65250015258789,129700400
2018-01-22,41.33943557739258,44.25,44.44499969482422,44.150001525878906,44.32500076293945,108434400
2018-01-23,41.34878158569336,44.2599983215332,44.86000061035156,44.20500183105469,44.32500076293945,130756400
2018-01-24,40.690147399902344,43.55500030517578,44.32500076293945,43.29999923706055,44.3125,204420400
2018-01-25,39.96379470825195,42.77750015258789,43.73749923706055,42.63249969482422,43.627498626708984,166116000
2018-01-26,40.057212829589844,42.877498626708984,43.0,42.51499938964844,43.0,156572000
2018-01-29,39.228084564208984,41.9900016784668,42.540000915527344,41.76750183105469,42.540000915527344,202561600
2018-01-30,38.996864318847656,41.74250030517578,41.842498779296875,41.17499923706055,41.38249969482422,184192800
2018-01-31,39.10429000854492,41.85749816894531,42.11000061035156,41.625,41.717498779296875,129915600
2018-02-01,39.18606185913086,41.94499969482422,42.154998779296875,41.689998626708984,41.79249954223633,188923200
2018-02-02,37.48575973510742,40.125,41.70000076293945,40.025001525878906,41.5,346375200
2018-02-05,36.549198150634766,39.122501373291016,40.970001220703125,39.0,39.775001525878906,290954000
2018-02-06,38.07666015625,40.75749969482422,40.93000030517578,38.5,38.70750045776367,272975200
2018-02-07,37.26153564453125,39.8849983215332,40.849998474121094,39.76750183105469,40.772499084472656,206434400
2018-02-08,36.236228942871094,38.787498474121094,40.25,38.75749969482422,40.0724983215332,217562000
2018-02-09,36.679447174072266,39.102500915527344,39.47249984741211,37.560001373291016,39.26750183105469,282690400
2018-02-12,38.1568603515625,40.6775016784668,40.97249984741211,39.377498626708984,39.625,243278000
2018-02-13,38.53910446166992,41.084999084472656,41.1875,40.412498474121094,40.48749923706055,130196800
2018-02-14,39.24966049194336,41.842498779296875,41.8849983215332,40.720001220703125,40.7599983215332,162579600
2018-02-15,40.56760025024414,43.247501373291016,43.272499084472656,42.25,42.4474983215332,204588800
2018-02-16,40.43628692626953,43.10749816894531,43.70500183105469,42.942501068115234,43.09000015258789,160704400
2018-02-20,40.30025863647461,42.962501525878906,43.564998626708984,42.85499954223633,43.01250076293945,135722000
2018-02-21,40.11734390258789,42.76750183105469,43.529998779296875,42.752498626708984,43.20750045776367,149886400
2018-02-22,40.452693939208984,43.125,43.48749923706055,42.9275016784668,42.95000076293945,123967600
2018-02-23,41.15621566772461,43.875,43.912498474121094,43.3849983215332,43.41749954223633,135249600
2018-02-26,41.9699592590332,44.74250030517578,44.84749984741211,44.0525016784668,44.087501525878906,152648800
2018-02-27,41.83394241333008,44.59749984741211,45.119998931884766,44.540000915527344,44.775001525878906,155712400
2018-02-28,41.770633697509766,44.529998779296875,45.154998779296875,44.51250076293945,44.814998626708984,151128400
2018-03-01,41.0389518737793,43.75,44.94499969482422,43.165000915527344,44.6349983215332,195208000
2018-03-02,41.32271194458008,44.0525016784668,44.07500076293945,43.11249923706055,43.20000076293945,153816000
2018-03-05,41.46577835083008,44.20500183105469,44.435001373291016,43.630001068115234,43.8025016784668,113605600
2018-03-06,41.43058776855469,44.16749954223633,44.5625,44.032501220703125,44.477500915527344,95154000
2018-03-07,41.04601287841797,43.75749969482422,43.962501525878906,43.567501068115234,43.73500061035156,126814000
2018-03-08,41.49391174316406,44.23500061035156,44.279998779296875,43.76750183105469,43.869998931884766,95096400
2018-03-09,42.20680618286133,44.994998931884766,45.0,44.34749984741211,44.4900016784668,128740800
2018-03-12,42.61485290527344,45.43000030517578,45.59749984741211,45.0525016784668,45.0724983215332,128828400
2018-03-13,42.204471588134766,44.99250030517578,45.875,44.810001373291016,45.647499084472656,126774000
2018-03-14,41.845664978027344,44.61000061035156,45.130001068115234,44.45249938964844,45.08000183105469,117473600
2018-03-15,41.89491653442383,44.662498474121094,45.060001373291016,44.51750183105469,44.625,90975200
2018-03-16,41.747169494628906,44.505001068115234,44.779998779296875,44.404998779296875,44.662498474121094,157618800
2018-03-19,41.10932540893555,43.82500076293945,44.36750030517578,43.415000915527344,44.33000183105469,133787200
2018-03-20,41.09524154663086,43.810001373291016,44.20000076293945,43.73500061035156,43.810001373291016,78597600
2018-03-21,40.164241790771484,42.817501068115234,43.772499084472656,42.814998626708984,43.7599983215332,148219600
2018-03-22,39.59673309326172,42.212501525878906,43.16999816894531,42.150001525878906,42.5,165963200
2018-03-23,38.67980194091797,41.23500061035156,42.47999954223633,41.23500061035156,42.09749984741211,164115200
2018-03-26,40.51600646972656,43.192501068115234,43.275001525878906,41.61000061035156,42.01750183105469,150164800
2018-03-27,39.477142333984375,42.084999084472656,43.787498474121094,41.72999954223633,43.41999816894531,163690400
2018-03-28,39.040950775146484,41.619998931884766,42.505001068115234,41.29750061035156,41.8125,166674000
2018-03-29,39.3458251953125,41.94499969482422,42.9375,41.724998474121094,41.95249938964844,153594000
2018-04-02,39.08785629272461,41.66999816894531,42.23500061035156,41.11750030517578,41.65999984741211,150347200
2018-04-03,39.48885726928711,42.09749984741211,42.1875,41.220001220703125,41.90999984741211,121112000
2018-04-04,40.24397659301758,42.90250015258789,43.002498626708984,41.192501068115234,41.220001220703125,138422000
2018-04-05,40.52303695678711,43.20000076293945,43.557498931884766,43.02000045776367,43.14500045776367,107732800
2018-04-06,39.48652267456055,42.095001220703125,43.119998931884766,42.04999923706055,42.74250030517578,140021200
2018-04-09,39.878143310546875,42.51250076293945,43.272499084472656,42.462501525878906,42.470001220703125,116070800
2018-04-10,40.628578186035156,43.3125,43.5,42.88249969482422,43.25,113634400
2018-04-11,40.43861770629883,43.11000061035156,43.47999954223633,42.92499923706055,43.057498931884766,89726400
2018-04-12,40.837284088134766,43.53499984741211,43.75,43.2599983215332,43.352500915527344,91557200
2018-04-13,40.975643157958984,43.682498931884766,43.959999084472656,43.462501525878906,43.69499969482422,100497200
2018-04-16,41.231266021728516,43.95500183105469,44.04750061035156,43.70750045776367,43.75749969482422,86313600
2018-04-17,41.79877471923828,44.560001373291016,44.73500061035156,44.102500915527344,44.122501373291016,106421600
2018-04-18,41.70497131347656,44.459999084472656,44.70500183105469,44.220001220703125,44.45249938964844,83018000
2018-04-19,40.52303695678711,43.20000076293945,43.84749984741211,43.165000915527344,43.439998626708984,139235200
2018-04-20,38.86272430419922,41.43000030517578,42.80500030517578,41.35749816894531,42.650001525878906,261964400
2018-04-23,38.750160217285156,41.310001373291016,41.72999954223633,41.022499084472656,41.70750045776367,146062000
2018-04-24,38.210784912109375,40.73500061035156,41.58250045776367,40.30500030517578,41.41749954223633,134768000
2018-04-25,38.37727355957031,40.912498474121094,41.35499954223633,40.602500915527344,40.654998779296875,113528400
2018-04-26,38.510963439941406,41.05500030517578,41.432498931884766,40.842498779296875,41.029998779296875,111852000
2018-04-27,38.065406799316406,40.58000183105469,41.08250045776367,40.157501220703125,41.0,142623200
2018-04-30,38.75485610961914,41.314998626708984,41.814998626708984,40.459999084472656,40.532501220703125,169709600
2018-05-01,39.65536117553711,42.275001525878906,42.29999923706055,41.317501068115234,41.602500915527344,214277600
2018-05-02,41.40713882446289,44.14250183105469,44.4375,43.45000076293945,43.807498931884766,266157600
2018-05-03,41.482181549072266,44.22249984741211,44.375,43.61000061035156,43.970001220703125,136272800
2018-05-04,43.109683990478516,45.95750045776367,46.0625,44.54249954223633,44.5625,224805200
2018-05-07,43.42156219482422,46.290000915527344,46.91749954223633,46.1875,46.29499816894531,169805600
2018-05-08,43.630287170410156,46.51250076293945,46.55500030517578,45.91749954223633,46.247501373291016,113611200
2018-05-09,43.93748092651367,46.84000015258789,46.849998474121094,46.30500030517578,46.63750076293945,92844800
2018-05-10,44.56596755981445,47.5099983215332,47.592498779296875,46.912498474121094,46.935001373291016,111957200
2018-05-11,44.39646530151367,47.147499084472656,47.51499938964844,46.86249923706055,47.372501373291016,104848800
2018-05-14,44.29289627075195,47.037498474121094,47.38249969482422,46.96500015258789,47.252498626708984,83115200
2018-05-15,43.89033508300781,46.61000061035156,46.76750183105469,46.275001525878906,46.69499969482422,94780800
2018-05-16,44.29995346069336,47.04499816894531,47.1150016784668,46.5,46.51750183105469,76732400
2018-05-17,44.019813537597656,46.747501373291016,47.227500915527344,46.59000015258789,47.0,69176000
2018-05-18,43.8597412109375,46.57749938964844,46.95249938964844,46.532501220703125,46.79750061035156,73190800
2018-05-21,44.17047119140625,46.907501220703125,47.317501068115234,46.727500915527344,47.0,73603200
2018-05-22,44.05983352661133,46.790000915527344,47.220001220703125,46.69499969482422,47.095001220703125,60962800
2018-05-23,44.34233474731445,47.09000015258789,47.125,46.439998626708984,46.587501525878906,80233600
2018-05-24,44.29289627075195,47.037498474121094,47.209999084472656,46.5525016784668,47.192501068115234,92936000
2018-05-25,44.39411544799805,47.14500045776367,47.412498474121094,46.912498474121094,47.057498931884766,69844000
2018-05-29,44.234046936035156,46.974998474121094,47.1875,46.717498779296875,46.900001525878906,90056400
2018-05-30,44.139869689941406,46.875,47.0,46.69499969482422,46.93000030517578,74762000
2018-05-31,43.99156188964844,46.717498779296875,47.057498931884766,46.53499984741211,46.80500030517578,109931200
2018-06-01,44.78489303588867,47.560001373291016,47.564998626708984,46.9375,46.997501373291016,93770000
2018-06-04,45.159202575683594,47.95750045776367,48.35499954223633,47.837501525878906,47.90999984741211,105064800
2018-06-05,45.50762176513672,48.32749938964844,48.48500061035156,48.09000015258789,48.26750183105469,86264000
2018-06-06,45.665340423583984,48.494998931884766,48.52000045776367,47.97999954223633,48.407501220703125,83734400
2018-06-07,45.542930603027344,48.3650016784668,48.54999923706055,48.084999084472656,48.53499984741211,85388800
2018-06-08,45.12860870361328,47.92499923706055,48.0,47.442501068115234,47.79249954223633,106627200
2018-06-11,45.01795196533203,47.807498931884766,47.99250030517578,47.5525016784668,47.837501525878906,73234000
2018-06-12,45.26514434814453,48.06999969482422,48.15250015258789,47.787498474121094,47.84749984741211,67644400
2018-06-13,44.8931884765625,47.67499923706055,48.220001220703125,47.61000061035156,48.10499954223633,86553600
2018-06-14,44.916744232177734,47.70000076293945,47.89250183105469,47.55500030517578,47.88750076293945,86440400
2018-06-15,44.4553337097168,47.209999084472656,47.540000915527344,47.064998626708984,47.50749969482422,246876800
2018-06-18,44.4317741394043,47.185001373291016,47.30500030517578,46.79999923706055,46.970001220703125,73939600
2018-06-19,43.713775634765625,46.42250061035156,46.58250045776367,45.86249923706055,46.28499984741211,134314000
2018-06-20,43.90446090698242,46.625,46.79999923706055,46.432498931884766,46.587501525878906,82514800
2018-06-21,43.659629821777344,46.3650016784668,47.087501525878906,46.23500061035156,46.8125,102847600
2018-06-22,43.532501220703125,46.22999954223633,46.537498474121094,46.17499923706055,46.529998779296875,108801600
2018-06-25,42.88512420654297,45.54249954223633,46.22999954223633,45.182498931884766,45.849998474121094,126652400
2018-06-26,43.417144775390625,46.10749816894531,46.63249969482422,45.6349983215332,45.747501373291016,98276800
2018-06-27,43.35358810424805,46.040000915527344,46.81999969482422,46.00749969482422,46.307498931884766,101141200
2018-06-28,43.66905212402344,46.375,46.5525016784668,45.95000076293945,46.025001525878906,69460800
2018-06-29,43.577239990234375,46.27750015258789,46.79750061035156,45.727500915527344,46.5724983215332,90950800
2018-07-02,44.06453323364258,46.79499816894531,46.82500076293945,45.85499954223633,45.95500183105469,70925200
2018-07-03,43.29709243774414,45.97999954223633,46.98749923706055,45.8849983215332,46.9474983215332,55819200
2018-07-05,43.6454963684082,46.349998474121094,46.602500915527344,46.06999969482422,46.314998626708984,66416800
2018-07-06,44.25052261352539,46.99250030517578,47.10749816894531,46.29999923706055,46.35499954223633,69940800
2018-07-09,44.86494064331055,47.64500045776367,47.66999816894531,47.32500076293945,47.375,79026400
2018-07-10,44.81080627441406,47.587501525878906,47.81999969482422,47.54499816894531,47.6775016784668,63756400
2018-07-11,44.22932815551758,46.970001220703125,47.44499969482422,46.90250015258789,47.125,75326000
2018-07-12,44.97087097167969,47.75749969482422,47.852500915527344,47.32749938964844,47.38249969482422,72164400
2018-07-13,45.04150390625,47.83250045776367,47.959999084472656,47.724998474121094,47.77000045776367,50055600
2018-07-16,44.942630767822266,47.727500915527344,48.162498474121094,47.60499954223633,47.880001068115234,60172400
2018-07-17,45.06975555419922,47.86249923706055,47.967498779296875,47.29999923706055,47.4375,62138000
2018-07-18,44.82256317138672,47.599998474121094,47.95000076293945,47.48249816894531,47.94499969482422,65573600
2018-07-19,45.17097091674805,47.970001220703125,48.13750076293945,47.42250061035156,47.42250061035156,81147200
2018-07-20,45.06739044189453,47.86000061035156,48.10749816894531,47.54249954223633,47.94499969482422,82704800
2018-07-23,45.107421875,47.90250015258789,47.9900016784668,47.38999938964844,47.66999816894531,63957600
2018-07-24,45.43464279174805,48.25,48.415000915527344,48.01250076293945,48.11249923706055,74791600
2018-07-25,45.863094329833984,48.70500183105469,48.712501525878906,48.10749816894531,48.26499938964844,66839600
2018-07-26,45.71950149536133,48.5525016784668,48.9900016784668,48.40250015258789,48.65250015258789,76304000
2018-07-27,44.9591178894043,47.744998931884766,48.79750061035156,47.525001525878906,48.747501373291016,96096000
2018-07-30,44.70720672607422,47.477500915527344,48.04999923706055,47.26750183105469,47.974998474121094,84118000
2018-07-31,44.796669006347656,47.5724983215332,48.03499984741211,47.334999084472656,47.57500076293945,157492000
2018-08-01,47.43565368652344,50.375,50.439998626708984,49.32749938964844,49.782501220703125,271742800
2018-08-02,48.82223129272461,51.84749984741211,52.095001220703125,50.087501525878906,50.14500045776367,249616000
2018-08-03,48.96348190307617,51.997501373291016,52.185001373291016,51.369998931884766,51.75749969482422,133789600
2018-08-06,49.21772003173828,52.26750183105469,52.3125,51.76750183105469,52.0,101701600
2018-08-07,48.75631332397461,51.77750015258789,52.375,51.689998626708984,52.33000183105469,102349600
2018-08-08,48.78927230834961,51.8125,51.95249938964844,51.130001068115234,51.51250076293945,90102000
2018-08-09,49.17299270629883,52.220001220703125,52.44499969482422,51.79999923706055,52.38249969482422,93970400
2018-08-10,49.02653121948242,51.88249969482422,52.275001525878906,51.66749954223633,51.84000015258789,98444800
2018-08-13,49.34309387207031,52.217498779296875,52.73749923706055,51.92499923706055,52.32749938964844,103563600
2018-08-14,49.55097961425781,52.4375,52.63999938964844,52.064998626708984,52.540000915527344,82992000
2018-08-15,49.6667366027832,52.560001373291016,52.685001373291016,52.08250045776367,52.30500030517578,115230400
2018-08-16,50.39435577392578,53.33000183105469,53.45249938964844,52.86750030517578,52.9375,114001600
2018-08-17,51.40072250366211,54.39500045776367,54.48749923706055,53.290000915527344,53.36000061035156,141708000
2018-08-20,50.899898529052734,53.8650016784668,54.79499816894531,53.77750015258789,54.525001525878906,121150800
2018-08-21,50.80067825317383,53.7599983215332,54.29750061035156,53.50749969482422,54.20000076293945,104639200
2018-08-22,50.80303955078125,53.76250076293945,54.09000015258789,53.459999084472656,53.525001525878906,76072400
2018-08-23,50.9069938659668,53.872501373291016,54.26250076293945,53.650001525878906,53.662498474121094,75532800
2018-08-24,51.065269470214844,54.040000915527344,54.224998474121094,53.77750015258789,54.150001525878906,73905600
2018-08-27,51.485774993896484,54.48500061035156,54.685001373291016,54.08250045776367,54.287498474121094,82100400
2018-08-28,51.90154266357422,54.92499923706055,55.1349983215332,54.72999954223633,54.752498626708984,91107200
2018-08-29,52.67640686035156,55.744998931884766,55.872501373291016,54.852500915527344,55.037498474121094,109019200
2018-08-30,53.16069030761719,56.25749969482422,57.064998626708984,55.599998474121094,55.8125,195175200
2018-08-31,53.77492904663086,56.907501220703125,57.217498779296875,56.5,56.627498626708984,173360400
2018-09-04,53.94736862182617,57.09000015258789,57.29499816894531,56.657501220703125,57.102500915527344,109560400
2018-09-05,53.59537124633789,56.717498779296875,57.41749954223633,56.275001525878906,57.247501373291016,133332000
2018-09-06,52.70475769042969,55.775001525878906,56.837501525878906,55.32500076293945,56.557498931884766,137160000
2018-09-07,52.279541015625,55.32500076293945,56.342498779296875,55.1775016784668,55.462501525878906,150479200
2018-09-10,51.577903747558594,54.58250045776367,55.462501525878906,54.11750030517578,55.23749923706055,158066000
2018-09-11,52.88195037841797,55.962501525878906,56.07500076293945,54.13999938964844,54.502498626708984,142996000
2018-09-12,52.22519302368164,55.26750183105469,56.25,54.959999084472656,56.23500061035156,197114800
2018-09-13,53.48670196533203,56.602500915527344,57.087501525878906,55.64250183105469,55.880001068115234,166825600
2018-09-14,52.87957763671875,55.959999084472656,56.709999084472656,55.630001068115234,56.4375,127997200
2018-09-17,51.471595764160156,54.470001220703125,55.73749923706055,54.317501068115234,55.537498474121094,148780400
2018-09-18,51.556640625,54.560001373291016,55.462501525878906,54.279998779296875,54.4474983215332,126286800
2018-09-19,51.58735656738281,54.592498779296875,54.904998779296875,53.82500076293945,54.625,108495200
2018-09-20,51.97950744628906,55.00749969482422,55.56999969482422,54.787498474121094,55.060001373291016,106435200
2018-09-21,51.419620513916016,54.415000915527344,55.34000015258789,54.3224983215332,55.19499969482422,384986800
2018-09-24,52.15904998779297,55.1974983215332,55.314998626708984,54.157501220703125,54.20500183105469,110773600
2018-09-25,52.48978805541992,55.54750061035156,55.70500183105469,54.92499923706055,54.9375,98217600
2018-09-26,52.07164764404297,55.10499954223633,55.9375,54.939998626708984,55.25,95938800
2018-09-27,53.14179611206055,56.23749923706055,56.61000061035156,55.8849983215332,55.95500183105469,120724800
2018-09-28,53.32842254638672,56.435001373291016,56.459999084472656,56.005001068115234,56.1974983215332,91717600
2018-10-01,53.687503814697266,56.814998626708984,57.35499954223633,56.587501525878906,56.98749923706055,94403200
2018-10-02,54.16471862792969,57.31999969482422,57.5,56.657501220703125,56.8125,99152800
2018-10-03,54.823822021484375,58.01750183105469,58.36750030517578,57.44499969482422,57.51250076293945,114619200
2018-10-04,53.859962463378906,56.997501373291016,58.087501525878906,56.682498931884766,57.69499969482422,128168000
2018-10-05,52.98587417602539,56.0724983215332,57.102500915527344,55.14500045776367,56.9900016784668,134322000
2018-10-08,52.863037109375,55.942501068115234,56.20000076293945,55.04999923706055,55.5525016784668,118655600
2018-10-09,53.59537124633789,56.717498779296875,56.817501068115234,55.5625,55.90999984741211,107564000
2018-10-10,51.11250686645508,54.09000015258789,56.587501525878906,54.01250076293945,56.3650016784668,167962400
2018-10-11,50.66130065917969,53.61249923706055,54.875,53.08000183105469,53.630001068115234,212497600
2018-10-12,52.47087860107422,55.52750015258789,55.720001220703125,54.209999084472656,55.10499954223633,161351600
2018-10-15,51.3487548828125,54.34000015258789,55.45750045776367,54.317501068115234,55.290000915527344,123164000
2018-10-16,52.48032760620117,55.537498474121094,55.747501373291016,54.189998626708984,54.73249816894531,116736000
2018-10-17,52.2535400390625,55.29750061035156,55.65999984741211,54.834999084472656,55.57500076293945,91541600
2018-10-18,51.03219985961914,54.005001068115234,54.935001373291016,53.25,54.46500015258789,130325200
2018-10-19,51.809410095214844,54.82749938964844,55.314998626708984,54.35749816894531,54.51499938964844,132314800
2018-10-22,52.1259765625,55.162498474121094,55.84000015258789,54.73500061035156,54.9474983215332,115168400
2018-10-23,52.617347717285156,55.682498931884766,55.8125,53.67499923706055,53.95750045776367,155071200
2018-10-24,50.81248474121094,53.772499084472656,56.057498931884766,53.6349983215332,55.650001525878906,163702000
2018-10-25,51.9251823425293,54.95000076293945,55.345001220703125,54.1875,54.4275016784668,119423200
2018-10-26,51.098323822021484,54.07500076293945,55.04750061035156,53.16749954223633,53.974998474121094,189033600
2018-10-29,50.13921356201172,53.060001373291016,54.92250061035156,51.522499084472656,54.79750061035156,183742000
2018-10-30,50.38962936401367,53.32500076293945,53.79499816894531,52.317501068115234,52.787498474121094,146640000
2018-10-31,51.70310974121094,54.71500015258789,55.11249923706055,54.154998779296875,54.220001220703125,153435600
2018-11-01,52.49686813354492,55.55500030517578,55.59000015258789,54.20249938964844,54.76250076293945,233292800
2018-11-02,49.01471710205078,51.869998931884766,53.412498474121094,51.35749816894531,52.38750076293945,365314800
2018-11-05,47.62327575683594,50.397499084472656,51.09749984741211,49.54249954223633,51.07500076293945,264654800
2018-11-06,48.13827133178711,50.942501068115234,51.18000030517578,50.42250061035156,50.47999954223633,127531600
2018-11-07,49.59822082519531,52.48749923706055,52.51499938964844,51.032501220703125,51.49250030517578,133697600
2018-11-08,49.425174713134766,52.122501373291016,52.529998779296875,51.6875,52.494998931884766,101450400
2018-11-09,48.47217559814453,51.11750030517578,51.502498626708984,50.5625,51.38750076293945,137463200
2018-11-12,46.030433654785156,48.54249954223633,49.962501525878906,48.4474983215332,49.75,204542000
2018-11-13,45.570533752441406,48.057498931884766,49.29499816894531,47.86249923706055,47.907501220703125,187531600
2018-11-14,44.283294677734375,46.70000076293945,48.619998931884766,46.48249816894531,48.474998474121094,243204000
2018-11-15,45.376136779785156,47.852500915527344,47.99250030517578,46.724998474121094,47.09749984741211,185915200
2018-11-16,45.87871551513672,48.38249969482422,48.74250030517578,47.3650016784668,47.625,147713200
2018-11-19,44.06045150756836,46.46500015258789,47.67499923706055,46.247501373291016,47.5,167701200
2018-11-20,41.95533752441406,44.244998931884766,45.36750030517578,43.877498626708984,44.592498779296875,271300800
2018-11-21,41.907920837402344,44.19499969482422,45.067501068115234,44.13750076293945,44.932498931884766,124496800
2018-11-23,40.843505859375,43.0724983215332,44.150001525878906,43.025001525878906,43.73500061035156,94496000
2018-11-26,41.39585494995117,43.654998779296875,43.73749923706055,42.564998626708984,43.560001373291016,179994000
2018-11-27,41.30577850341797,43.560001373291016,43.692501068115234,42.720001220703125,42.877498626708984,165549600
2018-11-28,42.89408874511719,45.23500061035156,45.3224983215332,43.73249816894531,44.182498931884766,184250000
2018-11-29,42.56458282470703,44.88750076293945,45.70000076293945,44.42499923706055,45.665000915527344,167080000
2018-11-30,42.334632873535156,44.64500045776367,45.08250045776367,44.25749969482422,45.0724983215332,158126000
2018-12-03,43.81389617919922,46.20500183105469,46.23500061035156,45.3025016784668,46.1150016784668,163210000
2018-12-04,41.88657760620117,44.17250061035156,45.59749984741211,44.067501068115234,45.23749923706055,165377200
2018-12-06,41.4195671081543,43.68000030517578,43.69499969482422,42.60499954223633,42.939998626708984,172393600
2018-12-07,39.94266128540039,42.122501373291016,43.622501373291016,42.07500076293945,43.372501373291016,169126400
2018-12-10,40.205806732177734,42.400001525878906,42.522499084472656,40.83250045776367,41.25,248104000
2018-12-11,39.97585678100586,42.157501220703125,42.9474983215332,41.75,42.915000915527344,189126800
2018-12-12,40.087284088134766,42.275001525878906,42.97999954223633,42.255001068115234,42.599998474121094,142510800
2018-12-13,40.525848388671875,42.73749923706055,43.14250183105469,42.38750076293945,42.622501373291016,127594400
2018-12-14,39.229103088378906,41.369998931884766,42.27000045776367,41.31999969482422,42.25,162814800
2018-12-17,38.86404037475586,40.98500061035156,42.087501525878906,40.682498931884766,41.36249923706055,177151600
2018-12-18,39.368980407714844,41.51750183105469,41.88249969482422,41.09749984741211,41.345001220703125,135366000
2018-12-19,38.14099884033203,40.22249984741211,41.86249923706055,39.772499084472656,41.5,196189200
2018-12-20,37.17852020263672,39.20750045776367,40.52750015258789,38.82500076293945,40.099998474121094,259092000
2018-12-21,35.73243713378906,37.682498931884766,39.540000915527344,37.407501220703125,39.21500015258789,382978400
2018-12-24,34.80789566040039,36.70750045776367,37.88750076293945,36.647499084472656,37.037498474121094,148676800
2018-12-26,37.25911331176758,39.29249954223633,39.307498931884766,36.68000030517578,37.07500076293945,234330000
2018-12-27,37.01731491088867,39.037498474121094,39.192501068115234,37.51750183105469,38.959999084472656,212468400
2018-12-28,37.036277770996094,39.057498931884766,39.630001068115234,38.63750076293945,39.375,169165600
2018-12-31,37.39424133300781,39.435001373291016,39.84000015258789,39.119998931884766,39.63249969482422,140014000
2019-01-02,37.436920166015625,39.47999954223633,39.712501525878906,38.557498931884766,38.72249984741211,148158800
2019-01-03,33.707923889160156,35.54750061035156,36.43000030517578,35.5,35.994998931884766,365248800
2019-01-04,35.14689636230469,37.064998626708984,37.13750076293945,35.95000076293945,36.13249969482422,234428400
2019-01-07,35.06865692138672,36.98249816894531,37.20750045776367,36.474998474121094,37.17499923706055,219111200
2019-01-08,35.737186431884766,37.6875,37.95500183105469,37.130001068115234,37.38999938964844,164101200
2019-01-09,36.34405517578125,38.32749938964844,38.63249969482422,37.407501220703125,37.8224983215332,180396400
2019-01-10,36.46021270751953,38.45000076293945,38.49250030517578,37.71500015258789,38.125,143122800
2019-01-11,36.10225296020508,38.0724983215332,38.42499923706055,37.877498626708984,38.220001220703125,108092800
2019-01-14,35.559383392333984,37.5,37.817501068115234,37.30500030517578,37.712501525878906,129756800
2019-01-15,36.28717803955078,38.26750183105469,38.34749984741211,37.51250076293945,37.567501068115234,114843600
2019-01-16,36.730464935302734,38.73500061035156,38.970001220703125,38.25,38.27000045776367,122278800
2019-01-17,36.94856262207031,38.96500015258789,39.415000915527344,38.314998626708984,38.54999923706055,119284800
2019-01-18,37.1761360168457,39.20500183105469,39.470001220703125,38.994998931884766,39.375,135004000
2019-01-22,36.3416862487793,38.32500076293945,39.182498931884766,38.154998779296875,39.102500915527344,121576000
2019-01-23,36.48866271972656,38.47999954223633,38.78499984741211,37.92499923706055,38.537498474121094,92522400
2019-01-24,36.19945526123047,38.17499923706055,38.619998931884766,37.935001373291016,38.52750015258789,101766000
2019-01-25,37.39898681640625,39.439998626708984,39.532501220703125,38.58000183105469,38.869998931884766,134142000
2019-01-28,37.052879333496094,39.07500076293945,39.08250045776367,38.415000915527344,38.9474983215332,104768400
2019-01-29,36.66883087158203,38.66999816894531,39.532501220703125,38.52750015258789,39.0625,166348800
2019-01-30,39.174591064453125,41.3125,41.537498474121094,40.057498931884766,40.8125,244439200
2019-01-31,39.45669174194336,41.61000061035156,42.25,41.13999938964844,41.52750015258789,162958400
2019-02-01,39.47565841674805,41.630001068115234,42.244998931884766,41.48249816894531,41.7400016784668,130672400
2019-02-04,40.596954345703125,42.8125,42.915000915527344,41.81999969482422,41.852500915527344,125982000
2019-02-05,41.29154968261719,43.54499816894531,43.77000045776367,43.087501525878906,43.21500015258789,144406400
2019-02-06,41.30577850341797,43.560001373291016,43.89250183105469,43.212501525878906,43.662498474121094,112958400
2019-02-07,40.52347183227539,42.73500061035156,43.48500061035156,42.584999084472656,43.099998474121094,126966800
2019-02-08,40.57108688354492,42.602500915527344,42.665000915527344,42.10499954223633,42.247501373291016,95280000
2019-02-11,40.33777618408203,42.35749816894531,42.8025016784668,42.3125,42.76250076293945,83973600
2019-02-12,40.68536376953125,42.72249984741211,42.75,42.42499923706055,42.525001525878906,89134000
2019-02-13,40.516326904296875,42.54499816894531,43.119998931884766,42.47999954223633,42.84749984741211,89960800
2019-02-14,40.66394805908203,42.70000076293945,42.814998626708984,42.345001220703125,42.4275016784668,87342800
2019-02-15,40.57347106933594,42.60499954223633,42.92499923706055,42.4375,42.8125,98507200
2019-02-19,40.69488525390625,42.73249816894531,42.86000061035156,42.372501373291016,42.4275016784668,75891200
2019-02-20,40.95677947998047,43.00749969482422,43.33000183105469,42.747501373291016,42.79750061035156,104457600
2019-02-21,40.725833892822266,42.76499938964844,43.092498779296875,42.57500076293945,42.95000076293945,68998800
2019-02-22,41.18056869506836,43.24250030517578,43.25,42.845001220703125,42.89500045776367,75652800
2019-02-25,41.48055648803711,43.557498931884766,43.967498779296875,43.48749923706055,43.540000915527344,87493600
2019-02-26,41.50436019897461,43.58250045776367,43.82500076293945,43.29249954223633,43.4275016784668,68280800
2019-02-27,41.6329231262207,43.717498779296875,43.75,43.182498931884766,43.3025016784668,111341600
2019-02-28,41.22342300415039,43.287498474121094,43.727500915527344,43.22999954223633,43.58000183105469,112861600
2019-03-01,41.65673828125,43.74250030517578,43.787498474121094,43.22249984741211,43.56999969482422,103544800
2019-03-04,41.866249084472656,43.962501525878906,44.4375,43.49250030517578,43.92250061035156,109744800
2019-03-05,41.7900505065918,43.88249969482422,44.0,43.6349983215332,43.98500061035156,78949600
2019-03-06,41.549598693847656,43.630001068115234,43.872501373291016,43.48500061035156,43.66749954223633,83241600
2019-03-07,41.068660736083984,43.125,43.61000061035156,43.005001068115234,43.467498779296875,99185600
2019-03-08,41.16629409790039,43.227500915527344,43.26750183105469,42.375,42.58000183105469,95997600
2019-03-11,42.59238052368164,44.724998474121094,44.779998779296875,43.837501525878906,43.872501373291016,128044000
2019-03-12,43.070926666259766,45.227500915527344,45.66749954223633,44.842498779296875,45.0,129870400
2019-03-13,43.261383056640625,45.4275016784668,45.82500076293945,45.22999954223633,45.5625,124130000
2019-03-14,43.7422981262207,45.932498931884766,46.025001525878906,45.63999938964844,45.974998474121094,94318000
2019-03-15,44.311317443847656,46.529998779296875,46.83250045776367,45.935001373291016,46.212501525878906,156171600
2019-03-18,44.7636604309082,47.005001068115234,47.09749984741211,46.4474983215332,46.45000076293945,104879200
2019-03-19,44.40892791748047,46.63249969482422,47.247501373291016,46.47999954223633,47.087501525878906,126585600
2019-03-20,44.79698944091797,47.040000915527344,47.372501373291016,46.182498931884766,46.557498931884766,124140800
2019-03-21,46.44688034057617,48.772499084472656,49.08250045776367,47.45249938964844,47.505001068115234,204136800
2019-03-22,45.48504638671875,47.76250076293945,49.42250061035156,47.69499969482422,48.834999084472656,169630800
2019-03-25,44.93509292602539,47.185001373291016,47.994998931884766,46.650001525878906,47.877498626708984,175381200
2019-03-26,44.470829010009766,46.6974983215332,48.220001220703125,46.14500045776367,47.915000915527344,199202000
2019-03-27,44.87080001831055,47.11750030517578,47.439998626708984,46.63750076293945,47.1875,119393600
2019-03-28,44.93031692504883,47.18000030517578,47.38999938964844,46.88249969482422,47.23749923706055,83121600
2019-03-29,45.22315979003906,47.48749923706055,47.52000045776367,47.1349983215332,47.45750045776367,94256000
2019-04-01,45.5302848815918,47.810001373291016,47.91999816894531,47.095001220703125,47.90999984741211,111448000
2019-04-02,46.19213104248047,48.505001068115234,48.6150016784668,47.76250076293945,47.772499084472656,91062800
2019-04-03,46.50879669189453,48.837501525878906,49.125,48.287498474121094,48.3125,93087200
2019-04-04,46.58973693847656,48.92250061035156,49.092498779296875,48.28499984741211,48.6974983215332,76457200
2019-04-05,46.90160369873047,49.25,49.275001525878906,48.98249816894531,49.11249923706055,74106400
2019-04-08,47.6396598815918,50.025001525878906,50.057498931884766,49.084999084472656,49.10499954223633,103526800
2019-04-09,47.49681854248047,49.875,50.712501525878906,49.807498931884766,50.08000183105469,143072800
2019-04-10,47.76346206665039,50.154998779296875,50.185001373291016,49.54499816894531,49.66999816894531,86781200
2019-04-11,47.36585998535156,49.73749923706055,50.25,49.61000061035156,50.212501525878906,83603200
2019-04-12,47.34681701660156,49.717498779296875,50.03499984741211,49.0525016784668,49.79999923706055,111042800
2019-04-15,47.432525634765625,49.807498931884766,49.962501525878906,49.502498626708984,49.64500045776367,70146400
2019-04-16,47.43730163574219,49.8125,50.342498779296875,49.63999938964844,49.8650016784668,102785600
2019-04-17,48.361026763916016,50.782501220703125,50.845001220703125,49.65250015258789,49.8849983215332,115627200
2019-04-18,48.53483963012695,50.96500015258789,51.037498474121094,50.630001068115234,50.779998779296875,96783200
2019-04-22,48.694358825683594,51.13249969482422,51.23500061035156,50.584999084472656,50.70750045776367,77758000
2019-04-23,49.39668273925781,51.869998931884766,51.9375,50.974998474121094,51.10749816894531,93292000
2019-04-24,49.320491790771484,51.790000915527344,52.119998931884766,51.76250076293945,51.84000015258789,70162400
2019-04-25,48.8729133605957,51.31999969482422,51.939998626708984,51.279998779296875,51.70750045776367,74172800
2019-04-26,48.639591217041016,51.07500076293945,51.25,50.529998779296875,51.224998474121094,74596400
2019-04-29,48.71339797973633,51.15250015258789,51.49250030517578,50.96500015258789,51.099998474121094,88818800
2019-04-30,47.775360107421875,50.16749954223633,50.849998474121094,49.77750015258789,50.76499938964844,186139600
2019-05-01,50.120445251464844,52.630001068115234,53.82749938964844,52.307498931884766,52.470001220703125,259309200
2019-05-02,49.79428482055664,52.287498474121094,53.162498474121094,52.032501220703125,52.459999084472656,127985200
2019-05-03,50.41328048706055,52.9375,52.959999084472656,52.557498931884766,52.72249984741211,83569600
2019-05-06,49.63475799560547,52.119998931884766,52.209999084472656,50.875,51.0724983215332,129772400
2019-05-07,48.2967643737793,50.71500015258789,51.85499954223633,50.20750045776367,51.470001220703125,155054800
2019-05-08,48.306278228759766,50.724998474121094,51.334999084472656,50.4375,50.474998474121094,105358000
2019-05-09,47.78727340698242,50.18000030517578,50.41999816894531,49.165000915527344,50.099998474121094,139634400
2019-05-10,47.12525939941406,49.29499816894531,49.712501525878906,48.192501068115234,49.35499954223633,164834800
2019-05-13,44.38636779785156,46.43000030517578,47.369998931884766,45.712501525878906,46.9275016784668,229722400
2019-05-14,45.08900833129883,47.165000915527344,47.42499923706055,46.352500915527344,46.602500915527344,146118800
2019-05-15,45.6291389465332,47.72999954223633,47.9375,46.505001068115234,46.567501068115234,106178800
2019-05-16,45.428382873535156,47.52000045776367,48.11750030517578,47.209999084472656,47.477500915527344,132125600
2019-05-17,45.17026138305664,47.25,47.724998474121094,46.689998626708984,46.73249816894531,131516400
2019-05-20,43.7578010559082,45.772499084472656,46.087501525878906,45.06999969482422,45.880001068115234,154449200
2019-05-21,44.596683502197266,46.650001525878906,47.0,46.17499923706055,46.30500030517578,113459200
2019-05-22,43.6837043762207,45.69499969482422,46.4275016784668,45.63750076293945,46.165000915527344,118994400
2019-05-23,42.938045501708984,44.915000915527344,45.1349983215332,44.45249938964844,44.95000076293945,146118800
2019-05-24,42.77313232421875,44.74250030517578,45.53499984741211,44.654998779296875,45.04999923706055,94858800
2019-05-28,42.596275329589844,44.557498931884766,45.147499084472656,44.477500915527344,44.72999954223633,111792800
2019-05-29,42.393131256103516,44.345001220703125,44.837501525878906,44.0,44.10499954223633,113924800
2019-05-30,42.61300277709961,44.57500076293945,44.807498931884766,44.16749954223633,44.48749923706055,84873600
2019-05-31,41.84104919433594,43.76750183105469,44.497501373291016,43.747501373291016,44.057498931884766,108174400
2019-06-03,41.41801834106445,43.32500076293945,44.47999954223633,42.567501068115234,43.900001525878906,161584400
2019-06-04,42.93326187133789,44.90999984741211,44.95750045776367,43.630001068115234,43.86000061035156,123872000
2019-06-05,43.626346588134766,45.6349983215332,46.247501373291016,45.28499984741211,46.06999969482422,119093600
2019-06-06,44.26686477661133,46.30500030517578,46.36750030517578,45.537498474121094,45.77000045776367,90105200
2019-06-07,45.445098876953125,47.537498474121094,47.97999954223633,46.442501068115234,46.627498626708984,122737600
2019-06-10,46.02586364746094,48.14500045776367,48.842498779296875,47.904998779296875,47.95249938964844,104883600
2019-06-11,46.55883026123047,48.70249938964844,49.0,48.400001525878906,48.71500015258789,107731600
2019-06-12,46.41065216064453,48.54750061035156,48.99250030517578,48.34749984741211,48.48749923706055,73012800
2019-06-13,46.40109634399414,48.537498474121094,49.1974983215332,48.400001525878906,48.67499923706055,86698400
2019-06-14,46.06410598754883,48.185001373291016,48.397499084472656,47.57500076293945,47.88750076293945,75046000
2019-06-17,46.33894729614258,48.47249984741211,48.7400016784668,48.04249954223633,48.224998474121094,58676400
2019-06-18,47.42877960205078,49.61249923706055,50.0724983215332,48.8025016784668,49.01250076293945,106204000
2019-06-19,47.290157318115234,49.467498779296875,49.970001220703125,49.32749938964844,49.91999816894531,84496800
2019-06-20,47.670162200927734,49.8650016784668,50.15250015258789,49.50749969482422,50.092498779296875,86056000
2019-06-21,47.50764846801758,49.69499969482422,50.212501525878906,49.537498474121094,49.70000076293945,191202400
2019-06-24,47.45985412597656,49.64500045776367,50.040000915527344,49.54249954223633,49.6349983215332,72881600
2019-06-25,46.7404670715332,48.89250183105469,49.814998626708984,48.8224983215332,49.60749816894531,84281200
2019-06-26,47.75142288208008,49.95000076293945,50.247501373291016,49.337501525878906,49.442501068115234,104270000
2019-06-27,47.737083435058594,49.935001373291016,50.39250183105469,49.89250183105469,50.0724983215332,83598800
2019-06-28,47.30209732055664,49.47999954223633,49.875,49.26250076293945,49.66999816894531,124442400
2019-07-01,48.16967010498047,50.38750076293945,51.122501373291016,50.162498474121094,50.79249954223633,109012000
2019-07-02,48.451683044433594,50.682498931884766,50.782501220703125,50.34000015258789,50.352500915527344,67740800
2019-07-03,48.85319900512695,51.102500915527344,51.11000061035156,50.67250061035156,50.81999969482422,45448000
2019-07-05,48.8101806640625,51.057498931884766,51.27000045776367,50.724998474121094,50.837501525878906,69062000
2019-07-08,47.80400085449219,50.005001068115234,50.349998474121094,49.602500915527344,50.20249938964844,101354400
2019-07-09,48.09557342529297,50.310001373291016,50.377498626708984,49.70249938964844,49.79999923706055,82312000
2019-07-10,48.57118225097656,50.807498931884766,50.932498931884766,50.38999938964844,50.462501525878906,71588400
2019-07-11,48.217464447021484,50.4375,51.09749984741211,50.4275016784668,50.82749938964844,80767200
2019-07-12,48.58790588378906,50.82500076293945,51.0,50.54999923706055,50.61249923706055,70380800
2019-07-15,49.04438781738281,51.3025016784668,51.467498779296875,51.0,51.022499084472656,67789600
2019-07-16,48.87470245361328,51.125,51.52750015258789,50.875,51.147499084472656,67467200
2019-07-17,48.59986114501953,50.837501525878906,51.272499084472656,50.817501068115234,51.01250076293945,56430000
2019-07-18,49.15194320678711,51.415000915527344,51.470001220703125,50.92499923706055,51.0,74162400
2019-07-19,48.418216705322266,50.647499084472656,51.625,50.59000015258789,51.4474983215332,83717200
2019-07-22,49.5247688293457,51.80500030517578,51.807498931884766,50.90250015258789,50.912498474121094,89111600
2019-07-23,49.91194152832031,52.209999084472656,52.227500915527344,51.8224983215332,52.1150016784668,73420800
2019-07-24,49.871315002441406,52.16749954223633,52.287498474121094,51.79249954223633,51.91749954223633,59966400
2019-07-25,49.47697830200195,51.755001068115234,52.310001373291016,51.682498931884766,52.22249984741211,55638400
2019-07-26,49.649044036865234,51.935001373291016,52.432498931884766,51.78499984741211,51.869998931884766,70475600
2019-07-29,50.112701416015625,52.41999816894531,52.65999984741211,52.11000061035156,52.1150016784668,86693600
2019-07-30,49.897613525390625,52.19499969482422,52.540000915527344,51.82749938964844,52.189998626708984,135742800
2019-07-31,50.915733337402344,53.2599983215332,55.342498779296875,52.82500076293945,54.10499954223633,277125600
2019-08-01,49.81394577026367,52.10749816894531,54.50749969482422,51.685001373291016,53.474998474121094,216071600
2019-08-02,48.7599983215332,51.005001068115234,51.60749816894531,50.407501220703125,51.38249969482422,163448400
2019-08-05,46.20750045776367,48.334999084472656,49.662498474121094,48.14500045776367,49.497501373291016,209572000
2019-08-06,47.08222579956055,49.25,49.51750183105469,48.5099983215332,49.07749938964844,143299200
2019-08-07,47.56978988647461,49.7599983215332,49.88999938964844,48.45500183105469,48.852500915527344,133457600
2019-08-08,48.61897277832031,50.85749816894531,50.88249969482422,49.84749984741211,50.04999923706055,108038000
2019-08-09,48.21834182739258,50.247501373291016,50.689998626708984,49.8224983215332,50.32500076293945,98478800
2019-08-12,48.09599304199219,50.119998931884766,50.51250076293945,49.787498474121094,49.904998779296875,89927600
2019-08-13,50.13276672363281,52.24250030517578,53.03499984741211,50.119998931884766,50.255001068115234,188874000
2019-08-14,48.64056396484375,50.6875,51.61000061035156,50.647499084472656,50.790000915527344,146189600
2019-08-15,48.39826583862305,50.435001373291016,51.28499984741211,49.91749954223633,50.8650016784668,108909600
2019-08-16,49.54021072387695,51.625,51.790000915527344,50.959999084472656,51.06999969482422,110481600
2019-08-19,50.46383285522461,52.587501525878906,53.182498931884766,52.50749969482422,52.654998779296875,97654400
2019-08-20,50.466243743896484,52.59000015258789,53.337501525878906,52.58000183105469,52.720001220703125,107537200
2019-08-21,51.01322937011719,53.15999984741211,53.412498474121094,52.900001525878906,53.247501373291016,86141600
2019-08-22,50.97004699707031,53.1150016784668,53.61000061035156,52.6875,53.29750061035156,89014800
2019-08-23,48.614173889160156,50.65999984741211,53.01250076293945,50.25,52.35749816894531,187272000
2019-08-26,49.53780746459961,51.622501373291016,51.79750061035156,51.26499938964844,51.46500015258789,104174400
2019-08-27,48.97882843017578,51.040000915527344,52.13750076293945,50.88249969482422,51.96500015258789,103493200
2019-08-28,49.307498931884766,51.38249969482422,51.43000030517578,50.83000183105469,51.025001525878906,63755200
2019-08-29,50.14236831665039,52.252498626708984,52.33000183105469,51.665000915527344,52.125,83962000
2019-08-30,50.07759475708008,52.185001373291016,52.61249923706055,51.79999923706055,52.540000915527344,84573600
2019-09-03,49.34829330444336,51.42499923706055,51.744998931884766,51.05500030517578,51.60749816894531,80092000
2019-09-04,50.18555450439453,52.29750061035156,52.369998931884766,51.83000183105469,52.09749984741211,76752400
2019-09-05,51.16676330566406,53.31999969482422,53.49250030517578,52.877498626708984,53.0,95654800
2019-09-06,51.161956787109375,53.314998626708984,53.60499954223633,53.127498626708984,53.51250076293945,77449200
2019-09-09,51.380279541015625,53.54249954223633,54.11000061035156,52.76750183105469,53.709999084472656,109237600
2019-09-10,51.98723220825195,54.17499923706055,54.19499969482422,52.9275016784668,53.46500015258789,127111600
2019-09-11,53.640167236328125,55.897499084472656,55.9275016784668,54.432498931884766,54.51750183105469,177158400
2019-09-12,53.52021408081055,55.772499084472656,56.60499954223633,55.71500015258789,56.20000076293945,128906800
2019-09-13,52.479034423828125,54.6875,55.1974983215332,54.255001068115234,55.0,159053200
2019-09-16,52.75492477416992,54.974998474121094,55.032501220703125,54.38999938964844,54.432498931884766,84632400
2019-09-17,52.94684600830078,55.17499923706055,55.20500183105469,54.779998779296875,54.9900016784668,73274800
2019-09-18,53.44345474243164,55.692501068115234,55.712501525878906,54.86000061035156,55.26499938964844,101360000
2019-09-19,53.009220123291016,55.2400016784668,55.939998626708984,55.092498779296875,55.502498626708984,88242400
2019-09-20,52.23432540893555,54.432498931884766,55.63999938964844,54.36750030517578,55.345001220703125,221652400
2019-09-23,52.471839904785156,54.68000030517578,54.959999084472656,54.412498474121094,54.73749923706055,76662000
2019-09-24,52.22233581542969,54.41999816894531,55.622501373291016,54.29750061035156,55.25749969482422,124763200
2019-09-25,53.0260124206543,55.25749969482422,55.375,54.28499984741211,54.63750076293945,87613600
2019-09-26,52.75251770019531,54.97249984741211,55.23500061035156,54.70750045776367,55.0,75334000
2019-09-27,52.49583053588867,54.70500183105469,55.2400016784668,54.31999969482422,55.1349983215332,101408000
2019-09-30,53.73133087158203,55.99250030517578,56.14500045776367,55.1974983215332,55.224998474121094,103909600
2019-10-01,53.88007736206055,56.147499084472656,57.05500030517578,56.04999923706055,56.26750183105469,139223200
2019-10-02,52.52941131591797,54.7400016784668,55.89500045776367,54.48249816894531,55.76499938964844,138449200
2019-10-03,52.97564697265625,55.20500183105469,55.2400016784668,53.782501220703125,54.60749816894531,114426000
2019-10-04,54.460636138916016,56.752498626708984,56.872501373291016,55.97249984741211,56.40999984741211,138478800
2019-10-07,54.4726448059082,56.76499938964844,57.48249816894531,56.459999084472656,56.567501068115234,122306000
2019-10-08,53.83448791503906,56.099998474121094,57.01499938964844,56.08250045776367,56.45500183105469,111820000
2019-10-09,54.46544647216797,56.75749969482422,56.9474983215332,56.40999984741211,56.75749969482422,74770400
2019-10-10,55.19953918457031,57.522499084472656,57.61000061035156,56.82500076293945,56.98249816894531,113013600
2019-10-11,56.66777038574219,59.0525016784668,59.40999984741211,58.07749938964844,58.23749923706055,166795600
2019-10-14,56.58619689941406,58.967498779296875,59.532501220703125,58.66749954223633,58.724998474121094,96427600
2019-10-15,56.45425033569336,58.83000183105469,59.412498474121094,58.720001220703125,59.09749984741211,87360000
2019-10-16,56.2263298034668,58.592498779296875,58.810001373291016,58.29999923706055,58.342498779296875,73903200
2019-10-17,56.44464874267578,58.81999969482422,59.037498474121094,58.380001068115234,58.772499084472656,67585200
2019-10-18,56.71574020385742,59.102500915527344,59.39500045776367,58.5724983215332,58.647499084472656,97433600
2019-10-21,57.6993408203125,60.127498626708984,60.247501373291016,59.33000183105469,59.380001068115234,87247200
2019-10-22,57.56739807128906,59.9900016784668,60.54999923706055,59.904998779296875,60.290000915527344,82293600
2019-10-23,58.33989715576172,60.79499816894531,60.810001373291016,60.30500030517578,60.525001525878906,75828800
2019-10-24,58.43585205078125,60.89500045776367,61.20000076293945,60.45249938964844,61.127498626708984,69275200
2019-10-25,59.15556335449219,61.64500045776367,61.682498931884766,60.720001220703125,60.790000915527344,73477200
2019-10-28,59.74812698364258,62.26250076293945,62.3125,61.68000030517578,61.85499954223633,96572800
2019-10-29,58.36627960205078,60.8224983215332,62.4375,60.64250183105469,62.24250030517578,142839600
2019-10-30,58.359073638916016,60.814998626708984,61.32500076293945,60.3025016784668,61.189998626708984,124522000
2019-10-31,59.67855453491211,62.189998626708984,62.29249954223633,59.314998626708984,61.810001373291016,139162000
2019-11-01,61.372276306152344,63.95500183105469,63.98249816894531,62.290000915527344,62.3849983215332,151125200
2019-11-04,61.77531433105469,64.375,64.4625015258789,63.845001220703125,64.3324966430664,103272000
2019-11-05,61.686553955078125,64.28250122070312,64.54750061035156,64.08000183105469,64.26249694824219,79897600
2019-11-06,61.71293258666992,64.30999755859375,64.37249755859375,63.842498779296875,64.19249725341797,75864400
2019-11-07,62.42518997192383,64.85749816894531,65.0875015258789,64.52749633789062,64.68499755859375,94940400
2019-11-08,62.596031188964844,65.03500366210938,65.11000061035156,64.2125015258789,64.67250061035156,69986400
2019-11-11,63.09172439575195,65.55000305175781,65.61750030517578,64.56999969482422,64.57499694824219,81821200
2019-11-12,63.033973693847656,65.48999786376953,65.69750213623047,65.2300033569336,65.38749694824219,87388800
2019-11-13,63.637939453125,66.11750030517578,66.19499969482422,65.26750183105469,65.28250122070312,102734400
2019-11-14,63.19761276245117,65.66000366210938,66.22000122070312,65.5250015258789,65.9375,89182800
2019-11-15,63.94834518432617,66.44000244140625,66.44499969482422,65.75250244140625,65.91999816894531,100206400
2019-11-18,64.27078247070312,66.7750015258789,66.85749816894531,66.05750274658203,66.44999694824219,86703200
2019-11-19,64.07587432861328,66.57250213623047,67.0,66.34750366210938,66.9749984741211,76167200
2019-11-20,63.3299560546875,65.79750061035156,66.5199966430664,65.0999984741211,66.38500213623047,106234400
2019-11-21,63.045997619628906,65.50250244140625,66.00250244140625,65.29499816894531,65.92250061035156,121395200
2019-11-22,62.99066162109375,65.44499969482422,65.79499816894531,65.20999908447266,65.64749908447266,65325200
2019-11-25,64.0951156616211,66.59249877929688,66.61000061035156,65.62999725341797,65.67749786376953,84020400
2019-11-26,63.59464645385742,66.07250213623047,66.79000091552734,65.625,66.73500061035156,105207600
2019-11-27,64.4488525390625,66.95999908447266,66.99500274658203,66.32749938964844,66.3949966430664,65235600
2019-11-29,64.3069076538086,66.8125,67.0,66.4749984741211,66.6500015258789,46617600
2019-12-02,63.5633430480957,66.04000091552734,67.0625,65.86250305175781,66.81749725341797,94487200
2019-12-03,62.43000030517578,64.86250305175781,64.88249969482422,64.07250213623047,64.57749938964844,114430400
2019-12-04,62.98102569580078,65.43499755859375,65.82749938964844,65.16999816894531,65.26750183105469,67181600
2019-12-05,63.90505599975586,66.3949966430664,66.47250366210938,65.68250274658203,65.94750213623047,74424400
2019-12-06,65.1394271850586,67.67749786376953,67.75,66.82499694824219,66.87000274658203,106075600
2019-12-09,64.22747802734375,66.7300033569336,67.69999694824219,66.22750091552734,67.5,128042400
2019-12-10,64.60282135009766,67.12000274658203,67.51750183105469,66.46499633789062,67.1500015258789,90420400
2019-12-11,65.15385437011719,67.69249725341797,67.7750015258789,67.125,67.20249938964844,78756800
2019-12-12,65.31991577148438,67.86499786376953,68.13999938964844,66.83000183105469,66.94499969482422,137310400
2019-12-13,66.20779418945312,68.7874984741211,68.82499694824219,67.73249816894531,67.86499786376953,133587600
2019-12-16,67.34114837646484,69.96499633789062,70.19750213623047,69.24500274658203,69.25,128186000
2019-12-17,67.47349548339844,70.10250091552734,70.44249725341797,69.69999694824219,69.89250183105469,114158400
2019-12-18,67.31226348876953,69.93499755859375,70.4749984741211,69.77999877929688,69.94999694824219,116028400
2019-12-19,67.37965393066406,70.00499725341797,70.29499816894531,69.73750305175781,69.875,98369200
2019-12-20,67.24008178710938,69.86000061035156,70.6624984741211,69.63999938964844,70.55750274658203,275978000
2019-12-23,68.33732604980469,71.0,71.0625,70.09249877929688,70.13249969482422,98572000
2019-12-24,68.40229034423828,71.06749725341797,71.22250366210938,70.7300033569336,71.17250061035156,48478800
2019-12-26,69.7594223022461,72.47750091552734,72.49500274658203,71.17500305175781,71.20500183105469,93121200
2019-12-27,69.73294830322266,72.44999694824219,73.49250030517578,72.02999877929688,72.77999877929688,146266000
2019-12-30,70.14682006835938,72.87999725341797,73.17250061035156,71.30500030517578,72.36499786376953,144114400
2019-12-31,70.65935516357422,73.4124984741211,73.41999816894531,72.37999725341797,72.48249816894531,100805600
2020-01-02,72.27155303955078,75.0875015258789,75.1500015258789,73.79750061035156,74.05999755859375,135480400
2020-01-03,71.56892395019531,74.35749816894531,75.1449966430664,74.125,74.2874984741211,146322800
2020-01-06,72.13919830322266,74.94999694824219,74.98999786376953,73.1875,73.44750213623047,118387200
2020-01-07,71.79991149902344,74.59750366210938,75.2249984741211,74.37000274658203,74.95999908447266,108872000
2020-01-08,72.95492553710938,75.79750061035156,76.11000061035156,74.29000091552734,74.29000091552734,132079200
2020-01-09,74.50452423095703,77.40750122070312,77.60749816894531,76.55000305175781,76.80999755859375,170108400
2020-01-10,74.67298889160156,77.5824966430664,78.1675033569336,77.0625,77.6500015258789,140644800
2020-01-13,76.26834106445312,79.23999786376953,79.26750183105469,77.7874984741211,77.91000366210938,121532000
2020-01-14,75.23847198486328,78.16999816894531,79.39250183105469,78.0425033569336,79.17500305175781,161954400
2020-01-15,74.916015625,77.83499908447266,78.875,77.38749694824219,77.9625015258789,121923600
2020-01-16,75.85445404052734,78.80999755859375,78.92500305175781,78.02249908447266,78.39749908447266,108829200
2020-01-17,76.69422149658203,79.68250274658203,79.68499755859375,78.75,79.06749725341797,137816400
2020-01-21,76.17446899414062,79.14250183105469,79.75499725341797,79.0,79.29750061035156,110843200
2020-01-22,76.44638061523438,79.42500305175781,79.99749755859375,79.32749938964844,79.6449966430664,101832400
2020-01-23,76.81453704833984,79.80750274658203,79.88999938964844,78.9124984741211,79.4800033569336,104472000
2020-01-24,76.5931625366211,79.57749938964844,80.8324966430664,79.37999725341797,80.0625,146537600
2020-01-27,74.34089660644531,77.23750305175781,77.94249725341797,76.22000122070312,77.51499938964844,161940000
2020-01-28,76.44398498535156,79.42250061035156,79.5999984741211,78.04750061035156,78.1500015258789,162234000
2020-01-29,78.04412078857422,81.08499908447266,81.9625015258789,80.34500122070312,81.11250305175781,216229200
2020-01-30,77.93103790283203,80.96749877929688,81.02249908447266,79.6875,80.13500213623047,126743200
2020-01-31,74.47567749023438,77.37750244140625,80.66999816894531,77.07250213623047,80.23249816894531,199588400
2020-02-03,74.2711410522461,77.16500091552734,78.37249755859375,75.55500030517578,76.07499694824219,173788400
2020-02-04,76.72309112548828,79.7125015258789,79.91000366210938,78.40750122070312,78.82749938964844,136616400
2020-02-05,77.34870910644531,80.36250305175781,81.19000244140625,79.73750305175781,80.87999725341797,118826800
2020-02-06,78.25347137451172,81.30249786376953,81.30500030517578,80.06500244140625,80.64250183105469,105425600
2020-02-07,77.18978881835938,80.00749969482422,80.8499984741211,79.5,80.59249877929688,117684000
2020-02-10,77.5564193725586,80.38749694824219,80.38749694824219,78.4625015258789,78.54499816894531,109348800
2020-02-11,77.08848571777344,79.90249633789062,80.9749984741211,79.67749786376953,80.9000015258789,94323200
2020-02-12,78.91913604736328,81.80000305175781,81.80500030517578,80.36750030517578,80.36750030517578,113730400
2020-02-13,78.35717010498047,81.21749877929688,81.55500030517578,80.8375015258789,81.04750061035156,94747600
2020-02-14,78.37648010253906,81.23750305175781,81.49500274658203,80.7125015258789,81.18499755859375,80113600
2020-02-18,76.94135284423828,79.75,79.9375,78.65249633789062,78.83999633789062,152531200
2020-02-19,78.05570220947266,80.90499877929688,81.14250183105469,80.0,80.0,93984000
2020-02-20,77.2549057006836,80.07499694824219,81.1624984741211,79.55249786376953,80.65750122070312,100566000
2020-02-21,75.50623321533203,78.26249694824219,80.11250305175781,77.625,79.65499877929688,129554000
2020-02-24,71.91966247558594,74.54499816894531,76.04499816894531,72.30750274658203,74.31500244140625,222195200
2020-02-25,69.48358917236328,72.0199966430664,75.63249969482422,71.53250122070312,75.23750305175781,230673600
2020-02-26,70.58585357666016,73.1624984741211,74.47000122070312,71.625,71.63249969482422,198054800
2020-02-27,65.9718017578125,68.37999725341797,71.5,68.23999786376953,70.2750015258789,320605600
2020-02-28,65.93318939208984,68.33999633789062,69.60250091552734,64.09249877929688,64.31500244140625,426510000
2020-03-02,72.07161712646484,74.70249938964844,75.36000061035156,69.43000030517578,70.56999969482422,341397200
2020-03-03,69.78267669677734,72.33000183105469,76.0,71.44999694824219,75.9175033569336,319475600
2020-03-04,73.01952362060547,75.68499755859375,75.8499984741211,73.28250122070312,74.11000061035156,219178400
2020-03-05,70.65099334716797,73.2300033569336,74.88749694824219,72.85250091552734,73.87999725341797,187572800
2020-03-06,69.71271514892578,72.25749969482422,72.70500183105469,70.30750274658203,70.5,226176800
2020-03-09,64.19901275634766,66.5425033569336,69.52249908447266,65.75,65.9375,286744800
2020-03-10,68.82271575927734,71.33499908447266,71.61000061035156,67.34249877929688,69.28500366210938,285290000
2020-03-11,66.43246459960938,68.85749816894531,70.30500030517578,67.96499633789062,69.34750366210938,255598800
2020-03-12,59.87196350097656,62.057498931884766,67.5,62.0,63.98500061035156,418474000
2020-03-13,67.04508209228516,69.49250030517578,69.9800033569336,63.23749923706055,66.22250366210938,370732000
2020-03-16,58.419960021972656,60.5525016784668,64.7699966430664,60.0,60.48749923706055,322423600
2020-03-17,60.988685607910156,63.21500015258789,64.40249633789062,59.599998474121094,61.877498626708984,324056000
2020-03-18,59.49567794799805,61.66749954223633,62.5,59.279998779296875,59.942501068115234,300233600
2020-03-19,59.039833068847656,61.19499969482422,63.209999084472656,60.65250015258789,61.84749984741211,271857200
2020-03-20,55.29166030883789,57.310001373291016,62.95750045776367,57.0,61.79499816894531,401693200
2020-03-23,54.117042541503906,56.092498779296875,57.125,53.15250015258789,57.02000045776367,336752800
2020-03-24,59.54633712768555,61.720001220703125,61.92250061035156,58.57500076293945,59.09000015258789,287531200
2020-03-25,59.21832275390625,61.380001068115234,64.5625,61.07500076293945,62.6875,303602000
2020-03-26,62.33456039428711,64.61000061035156,64.66999816894531,61.59000015258789,61.630001068115234,252087200
2020-03-27,59.75376892089844,61.935001373291016,63.967498779296875,61.76250076293945,63.1875,204216800
2020-03-30,61.459007263183594,63.70249938964844,63.880001068115234,62.349998474121094,62.685001373291016,167976400
2020-03-31,61.33360290527344,63.5724983215332,65.62249755859375,63.0,63.900001525878906,197002000
2020-04-01,58.106407165527344,60.227500915527344,62.18000030517578,59.782501220703125,61.625,176218400
2020-04-02,59.07600402832031,61.23249816894531,61.287498474121094,59.224998474121094,60.084999084472656,165934000
2020-04-03,58.22700119018555,60.352500915527344,61.42499923706055,59.74250030517578,60.70000076293945,129880000
2020-04-06,63.306575775146484,65.61750030517578,65.77749633789062,62.345001220703125,62.724998474121094,201820400
2020-04-07,62.57334518432617,64.85749816894531,67.92500305175781,64.75,67.69999694824219,202887200
2020-04-08,64.17491149902344,66.51750183105469,66.84249877929688,65.30750274658203,65.68499755859375,168895200
2020-04-09,64.63797760009766,66.99749755859375,67.51750183105469,66.17500305175781,67.17500305175781,161834800
2020-04-13,65.90666198730469,68.3125,68.42500305175781,66.4574966430664,67.07749938964844,131022800
2020-04-14,69.23515319824219,71.76249694824219,72.0625,69.51249694824219,70.0,194994800
2020-04-15,68.60324096679688,71.10749816894531,71.5824966430664,70.15750122070312,70.5999984741211,131154400
2020-04-16,69.14832305908203,71.67250061035156,72.05000305175781,70.5875015258789,71.84500122070312,157125200
2020-04-17,68.21009063720703,70.69999694824219,71.73750305175781,69.21499633789062,71.17250061035156,215250000
2020-04-20,66.79427337646484,69.23249816894531,70.41999816894531,69.2125015258789,69.48750305175781,130015200
2020-04-21,64.7296371459961,67.09249877929688,69.3125,66.35749816894531,69.06999969482422,180991600
2020-04-22,66.59408569335938,69.0250015258789,69.4749984741211,68.05000305175781,68.40249633789062,116862400
2020-04-23,66.33599853515625,68.75749969482422,70.4375,68.71749877929688,68.96749877929688,124814400
2020-04-24,68.2510986328125,70.74250030517578,70.75250244140625,69.25,69.30000305175781,126161200
2020-04-27,68.29931640625,70.7925033569336,71.13500213623047,69.98750305175781,70.44999694824219,117087600
2020-04-28,67.19221496582031,69.6449966430664,71.4574966430664,69.55000305175781,71.2699966430664,112004800
2020-04-29,69.39917755126953,71.93250274658203,72.4175033569336,70.97250366210938,71.18250274658203,137280800
2020-04-30,70.86322784423828,73.44999694824219,73.63249969482422,72.0875015258789,72.48999786376953,183064000
2020-05-01,69.72238159179688,72.26750183105469,74.75,71.4625015258789,71.5625,240616800
2020-05-04,70.70886993408203,73.29000091552734,73.42250061035156,71.58000183105469,72.2925033569336,133568000
2020-05-05,71.7701416015625,74.38999938964844,75.25,73.61499786376953,73.76499938964844,147751200
2020-05-06,72.51060485839844,75.15750122070312,75.80999755859375,74.71749877929688,75.11499786376953,142333600
2020-05-07,73.2607192993164,75.93499755859375,76.2925033569336,75.49250030517578,75.80500030517578,115215200
2020-05-08,75.00443267822266,77.53250122070312,77.5875015258789,76.07250213623047,76.41000366210938,133838400
2020-05-11,76.18467712402344,78.75250244140625,79.26249694824219,76.80999755859375,77.0250015258789,145946400
2020-05-12,75.31401062011719,77.85250091552734,79.92250061035156,77.72750091552734,79.4574966430664,162301200
2020-05-13,74.40464782714844,76.9124984741211,78.98750305175781,75.80249786376953,78.0374984741211,200622400
2020-05-14,74.86175537109375,77.38500213623047,77.44750213623047,75.38249969482422,76.12750244140625,158929200
2020-05-15,74.41917419433594,76.92749786376953,76.9749984741211,75.05249786376953,75.0875015258789,166348400
2020-05-18,76.17256927490234,78.73999786376953,79.125,77.58000183105469,78.2925033569336,135178400
2020-05-19,75.73239135742188,78.28500366210938,79.62999725341797,78.25250244140625,78.75749969482422,101729600
2020-05-20,77.20528411865234,79.80750274658203,79.87999725341797,79.12999725341797,79.16999816894531,111504800
2020-05-21,76.62965393066406,79.2125015258789,80.22250366210938,78.96749877929688,79.66500091552734,102688800
2020-05-22,77.12300872802734,79.72250366210938,79.80750274658203,78.8375015258789,78.94249725341797,81803200
2020-05-26,76.60065460205078,79.18250274658203,81.05999755859375,79.125,80.875,125522000
2020-05-27,76.93437957763672,79.52749633789062,79.67749786376953,78.27249908447266,79.03500366210938,112945200
2020-05-28,76.96826171875,79.5625,80.86000061035156,78.90750122070312,79.19249725341797,133560800
2020-05-29,76.89326477050781,79.48500061035156,80.2874984741211,79.11750030517578,79.8125,153532400
2020-06-01,77.83892059326172,80.4625015258789,80.5875015258789,79.30249786376953,79.4375,80791200
2020-06-02,78.19926452636719,80.83499908447266,80.86000061035156,79.73249816894531,80.1875,87642800
2020-06-03,78.62974548339844,81.27999877929688,81.55000305175781,80.57499694824219,81.16500091552734,104491200
2020-06-04,77.95256042480469,80.58000183105469,81.40499877929688,80.19499969482422,81.09750366210938,87560400
2020-06-05,80.1727294921875,82.875,82.9375,80.80750274658203,80.8375015258789,137250400
2020-06-08,80.64677429199219,83.36499786376953,83.4000015258789,81.83000183105469,82.5625,95654400
2020-06-09,83.19339752197266,85.99749755859375,86.40249633789062,83.00250244140625,83.03500366210938,147712400
2020-06-10,85.33379364013672,88.20999908447266,88.69249725341797,86.52249908447266,86.9749984741211,166651600
2020-06-11,81.23688507080078,83.9749984741211,87.76499938964844,83.87000274658203,87.32749938964844,201662400
2020-06-12,81.93824005126953,84.69999694824219,86.94999694824219,83.55500030517578,86.18000030517578,200146000
2020-06-15,82.95157623291016,85.74749755859375,86.41999816894531,83.1449966430664,83.3125,138808800
2020-06-16,85.14997863769531,88.0199966430664,88.30000305175781,86.18000030517578,87.86499786376953,165428800
2020-06-17,85.03146362304688,87.89749908447266,88.8499984741211,87.77249908447266,88.7874984741211,114406400
2020-06-18,85.06535339355469,87.93250274658203,88.36250305175781,87.30500030517578,87.85250091552734,96820400
2020-06-19,84.57923126220703,87.43000030517578,89.13999938964844,86.2874984741211,88.66000366210938,264476000
2020-06-22,86.79216003417969,89.71749877929688,89.86499786376953,87.7874984741211,87.83499908447266,135445200
2020-06-23,88.64469909667969,91.63249969482422,93.09500122070312,90.56749725341797,91.0,212155600
2020-06-24,87.0799331665039,90.01499938964844,92.19750213623047,89.62999725341797,91.25,192623200
2020-06-25,88.23596954345703,91.20999908447266,91.25,89.39250183105469,90.17500305175781,137522400
2020-06-26,85.52484130859375,88.40750122070312,91.33000183105469,88.25499725341797,91.10250091552734,205256800
2020-06-29,87.49589538574219,90.44499969482422,90.5425033569336,87.81999969482422,88.3125,130646000
2020-06-30,88.22628784179688,91.19999694824219,91.49500274658203,90.0,90.0199966430664,140223200
2020-07-01,88.05940246582031,91.02749633789062,91.83999633789062,90.97750091552734,91.27999877929688,110737200
2020-07-02,88.05940246582031,91.02749633789062,92.61750030517578,90.91000366210938,91.9625015258789,114041600
2020-07-06,90.4150161743164,93.4625015258789,93.94499969482422,92.46749877929688,92.5,118655600
2020-07-07,90.13448333740234,93.17250061035156,94.65499877929688,93.05750274658203,93.85250091552734,112424400
2020-07-08,92.23371124267578,95.34249877929688,95.375,94.08999633789062,94.18000030517578,117092000
2020-07-09,92.63036346435547,95.75250244140625,96.31749725341797,94.67250061035156,96.26249694824219,125642800
2020-07-10,92.79240417480469,95.91999816894531,95.9800033569336,94.70500183105469,95.33499908447266,90257200
2020-07-13,92.36432647705078,95.47750091552734,99.95500183105469,95.25749969482422,97.26499938964844,191649200
2020-07-14,93.89280700683594,97.05750274658203,97.25499725341797,93.87750244140625,94.83999633789062,170989200
2020-07-15,94.53853607177734,97.7249984741211,99.24749755859375,96.48999786376953,98.98999786376953,153198000
2020-07-16,93.3752670288086,96.52249908447266,97.40499877929688,95.90499877929688,96.5625,110577600
2020-07-17,93.18660736083984,96.32749938964844,97.14749908447266,95.83999633789062,96.98750305175781,92186800
2020-07-20,95.15039825439453,98.35749816894531,98.5,96.0625,96.4175033569336,90318000
2020-07-21,93.83717346191406,97.0,99.25,96.74250030517578,99.17250061035156,103433200
2020-07-22,94.10078430175781,97.27249908447266,97.9749984741211,96.60250091552734,96.69249725341797,89001600
2020-07-23,89.81765747070312,92.84500122070312,97.07749938964844,92.01000213623047,96.99749755859375,197004400
2020-07-24,89.59514617919922,92.61499786376953,92.97000122070312,89.1449966430664,90.98750305175781,185438800
2020-07-27,91.7186050415039,94.80999755859375,94.90499877929688,93.4800033569336,93.70999908447266,121214000
2020-07-28,90.21188354492188,93.25250244140625,94.55000305175781,93.24749755859375,94.36750030517578,103625600
2020-07-29,91.94110870361328,95.04000091552734,95.2300033569336,93.7125015258789,93.75,90329200
2020-07-30,93.05359649658203,96.19000244140625,96.29750061035156,93.76750183105469,94.1875,158130000
2020-07-31,102.79524993896484,106.26000213623047,106.41500091552734,100.82499694824219,102.88500213623047,374336800
2020-08-03,105.38542938232422,108.9375,111.63749694824219,107.89250183105469,108.19999694824219,308151200
2020-08-04,106.08922576904297,109.66500091552734,110.79000091552734,108.38749694824219,109.13249969482422,173071600
2020-08-05,106.4737548828125,110.0625,110.39250183105469,108.89749908447266,109.37750244140625,121776800
2020-08-06,110.18856811523438,113.90249633789062,114.4124984741211,109.79750061035156,110.40499877929688,202428800
2020-08-07,107.6833267211914,111.11250305175781,113.67500305175781,110.2925033569336,113.20500183105469,198045600
2020-08-10,109.24848175048828,112.72750091552734,113.7750015258789,110.0,112.5999984741211,212403600
2020-08-11,105.99942779541016,109.375,112.48249816894531,109.10749816894531,111.97000122070312,187902400
2020-08-12,109.52226257324219,113.01000213623047,113.2750015258789,110.29750061035156,110.49749755859375,165598000
2020-08-13,111.46053314208984,115.01000213623047,116.0425033569336,113.92749786376953,114.43000030517578,210082000
2020-08-14,111.36121368408203,114.90750122070312,115.0,113.04499816894531,114.83000183105469,165565200
2020-08-17,111.0704574584961,114.60749816894531,116.0875015258789,113.9625015258789,116.0625,119561600
2020-08-18,111.9959945678711,115.5625,116.0,114.00749969482422,114.35250091552734,105633600
2020-08-19,112.13652801513672,115.7074966430664,117.1624984741211,115.61000061035156,115.98249816894531,145538000
2020-08-20,114.62477111816406,118.2750015258789,118.39250183105469,115.73249816894531,115.75,126907200
2020-08-21,120.53165435791016,124.37000274658203,124.86750030517578,119.25,119.26249694824219,338054800
2020-08-24,121.97325897216797,125.85749816894531,128.78500366210938,123.9375,128.69749450683594,345937600
2020-08-25,120.9726333618164,124.82499694824219,125.18000030517578,123.05249786376953,124.69750213623047,211495600
2020-08-26,122.61774444580078,126.52249908447266,126.99250030517578,125.0824966430664,126.18000030517578,163022400
2020-08-27,121.15192413330078,125.01000213623047,127.48500061035156,123.8324966430664,127.14250183105469,155552400
2020-08-28,120.95568084716797,124.80750274658203,126.44249725341797,124.57749938964844,126.01249694824219,187630000
2020-08-31,125.05753326416016,129.0399932861328,131.0,126.0,127.58000183105469,225702700
2020-09-01,130.03887939453125,134.17999267578125,134.8000030517578,130.52999877929688,132.75999450683594,151948100
2020-09-02,127.34471130371094,131.39999389648438,137.97999572753906,127.0,137.58999633789062,200119000
2020-09-03,117.14938354492188,120.87999725341797,128.83999633789062,120.5,126.91000366210938,257599600
2020-09-04,117.22689819335938,120.95999908447266,123.69999694824219,110.88999938964844,120.06999969482422,332607200
2020-09-08,109.33815002441406,112.81999969482422,118.98999786376953,112.68000030517578,113.94999694824219,231366600
2020-09-09,113.69925689697266,117.31999969482422,119.13999938964844,115.26000213623047,117.26000213623047,176940500
2020-09-10,109.98745727539062,113.48999786376953,120.5,112.5,120.36000061035156,182274400
2020-09-11,108.54341888427734,112.0,115.2300033569336,110.0,114.56999969482422,180860300
2020-09-14,111.79974365234375,115.36000061035156,115.93000030517578,112.80000305175781,114.72000122070312,140150100
2020-09-15,111.97417449951172,115.54000091552734,118.83000183105469,113.61000061035156,118.33000183105469,184642000
2020-09-16,108.66941833496094,112.12999725341797,116.0,112.04000091552734,115.2300033569336,154679000
2020-09-17,106.93466186523438,110.33999633789062,112.19999694824219,108.70999908447266,109.72000122070312,178011000
2020-09-18,103.54268646240234,106.83999633789062,110.87999725341797,106.08999633789062,110.4000015258789,287104900
2020-09-21,106.68269348144531,110.08000183105469,110.19000244140625,103.0999984741211,104.54000091552734,195713800
2020-09-22,108.35929870605469,111.80999755859375,112.86000061035156,109.16000366210938,112.68000030517578,183055400
2020-09-23,103.81405639648438,107.12000274658203,112.11000061035156,106.7699966430664,111.62000274658203,150718700
2020-09-24,104.88011169433594,108.22000122070312,110.25,105.0,105.16999816894531,167743300
2020-09-25,108.8147964477539,112.27999877929688,112.44000244140625,107.66999816894531,108.43000030517578,149981400
2020-09-28,111.412109375,114.95999908447266,115.31999969482422,112.77999877929688,115.01000213623047,137672400
2020-09-29,110.56893157958984,114.08999633789062,115.30999755859375,113.56999969482422,114.55000305175781,99382200
2020-09-30,112.23583221435547,115.80999755859375,117.26000213623047,113.62000274658203,113.79000091552734,142675200
2020-10-01,113.18561553955078,116.79000091552734,117.72000122070312,115.83000183105469,117.63999938964844,116120400
2020-10-02,109.53194427490234,113.0199966430664,115.37000274658203,112.22000122070312,112.88999938964844,144712000
2020-10-05,112.90455627441406,116.5,116.6500015258789,113.55000305175781,113.91000366210938,106243800
2020-10-06,109.66766357421875,113.16000366210938,116.12000274658203,112.25,115.69999694824219,161498200
2020-10-07,111.52837371826172,115.08000183105469,115.55000305175781,114.12999725341797,114.62000274658203,96849000
2020-10-08,111.4217758178711,114.97000122070312,116.4000015258789,114.58999633789062,116.25,83477200
2020-10-09,113.36006164550781,116.97000122070312,117.0,114.91999816894531,115.27999877929688,100506900
2020-10-12,120.56075286865234,124.4000015258789,125.18000030517578,119.27999877929688,120.05999755859375,240226800
2020-10-13,117.36260223388672,121.0999984741211,125.38999938964844,119.6500015258789,125.2699966430664,262330500
2020-10-14,117.44982147216797,121.19000244140625,123.02999877929688,119.62000274658203,121.0,150712000
2020-10-15,116.98460388183594,120.70999908447266,121.19999694824219,118.1500015258789,118.72000122070312,112559200
2020-10-16,115.34676361083984,119.0199966430664,121.55000305175781,118.80999755859375,121.27999877929688,115393800
2020-10-19,112.40060424804688,115.9800033569336,120.41999816894531,115.66000366210938,119.95999908447266,120639300
2020-10-20,113.88339233398438,117.51000213623047,118.9800033569336,115.62999725341797,116.19999694824219,124423700
2020-10-21,113.26313018798828,116.87000274658203,118.70999908447266,116.44999694824219,116.66999816894531,89946000
2020-10-22,112.17768096923828,115.75,118.04000091552734,114.58999633789062,117.44999694824219,101988000
2020-10-23,111.48960876464844,115.04000091552734,116.55000305175781,114.27999877929688,116.38999938964844,82572600
2020-10-26,111.49931335449219,115.05000305175781,116.55000305175781,112.87999725341797,114.01000213623047,111850700
2020-10-27,113.00145721435547,116.5999984741211,117.27999877929688,114.54000091552734,115.48999786376953,92276800
2020-10-28,107.76812744140625,111.19999694824219,115.43000030517578,111.0999984741211,115.05000305175781,143937800
2020-10-29,111.76097869873047,115.31999969482422,116.93000030517578,112.19999694824219,112.37000274658203,146129200
2020-10-30,105.5003433227539,108.86000061035156,111.98999786376953,107.72000122070312,111.05999755859375,190272600
2020-11-02,105.41311645507812,108.7699966430664,110.68000030517578,107.31999969482422,109.11000061035156,122866900
2020-11-03,107.03158569335938,110.44000244140625,111.48999786376953,108.7300033569336,109.66000366210938,107624400
2020-11-04,111.40239715576172,114.94999694824219,115.58999633789062,112.3499984741211,114.13999938964844,138235500
2020-11-05,115.3564682006836,119.02999877929688,119.62000274658203,116.87000274658203,117.94999694824219,126387100
2020-11-06,115.22540283203125,118.69000244140625,119.19999694824219,116.12999725341797,118.31999969482422,114457900
2020-11-09,112.92459869384766,116.31999969482422,121.98999786376953,116.05000305175781,120.5,154515300
2020-11-10,112.58480834960938,115.97000122070312,117.58999633789062,114.12999725341797,115.55000305175781,138023400
2020-11-11,116.00205993652344,119.48999786376953,119.62999725341797,116.44000244140625,117.19000244140625,112295000
2020-11-12,115.7302474975586,119.20999908447266,120.52999877929688,118.56999969482422,119.62000274658203,103162300
2020-11-13,115.77877807617188,119.26000213623047,119.66999816894531,117.87000274658203,119.44000244140625,81581900
2020-11-16,116.7884292602539,120.30000305175781,120.98999786376953,118.1500015258789,118.91999816894531,91183000
2020-11-17,115.90498352050781,119.38999938964844,120.66999816894531,118.95999908447266,119.55000305175781,74271000
2020-11-18,114.58468627929688,118.02999877929688,119.81999969482422,118.0,118.61000061035156,76322100
2020-11-19,115.1768798828125,118.63999938964844,119.05999755859375,116.80999755859375,117.58999633789062,74113000
2020-11-20,113.91480255126953,117.33999633789062,118.7699966430664,117.29000091552734,118.63999938964844,73604300
2020-11-23,110.52669525146484,113.8499984741211,117.62000274658203,113.75,117.18000030517578,127959300
2020-11-24,111.80815887451172,115.16999816894531,115.8499984741211,112.58999633789062,113.91000366210938,113874200
2020-11-25,112.64307403564453,116.02999877929688,116.75,115.16999816894531,115.55000305175781,76499200
2020-11-27,113.18670654296875,116.58999633789062,117.48999786376953,116.22000122070312,116.56999969482422,46691300
2020-11-30,115.57491302490234,119.05000305175781,120.97000122070312,116.80999755859375,116.97000122070312,169410200
2020-12-01,119.13778686523438,122.72000122070312,123.47000122070312,120.01000213623047,121.01000213623047,127728200
2020-12-02,119.48727416992188,123.08000183105469,123.37000274658203,120.88999938964844,122.0199966430664,89004200
2020-12-03,119.35137176513672,122.94000244140625,123.77999877929688,122.20999908447266,123.5199966430664,78967600
2020-12-04,118.68148803710938,122.25,122.86000061035156,121.5199966430664,122.5999984741211,78260400
2020-12-07,120.13773345947266,123.75,124.56999969482422,122.25,122.30999755859375,86712000
2020-12-08,120.74932098388672,124.37999725341797,124.9800033569336,123.08999633789062,124.37000274658203,82225500
2020-12-09,118.22523498535156,121.77999877929688,125.94999694824219,121.0,124.52999877929688,115089200
2020-12-10,119.64258575439453,123.23999786376953,123.87000274658203,120.1500015258789,120.5,81312200
2020-12-11,118.8368148803711,122.41000366210938,122.76000213623047,120.55000305175781,122.43000030517578,86939800
2020-12-14,118.22523498535156,121.77999877929688,123.3499984741211,121.54000091552734,122.5999984741211,79184500
2020-12-15,124.14714813232422,127.87999725341797,127.9000015258789,124.12999725341797,124.33999633789062,157243700
2020-12-16,124.0792007446289,127.80999755859375,128.3699951171875,126.55999755859375,127.41000366210938,98208600
2020-12-17,124.9432144165039,128.6999969482422,129.5800018310547,128.0399932861328,128.89999389648438,94359800
2020-12-18,122.9627685546875,126.66000366210938,129.10000610351562,126.12000274658203,128.9600067138672,192541500
2020-12-21,124.48692321777344,128.22999572753906,128.30999755859375,123.44999694824219,125.0199966430664,121251600
2020-12-22,128.0303955078125,131.8800048828125,134.41000366210938,129.64999389648438,131.61000061035156,168904800
2020-12-23,127.13727569580078,130.9600067138672,132.42999267578125,130.77999877929688,132.16000366210938,88223700
2020-12-24,128.11778259277344,131.97000122070312,133.4600067138672,131.10000610351562,131.32000732421875,54930100
2020-12-28,132.6999969482422,136.69000244140625,137.33999633789062,133.50999450683594,133.99000549316406,124486200
2020-12-29,130.93310546875,134.8699951171875,138.7899932861328,134.33999633789062,138.0500030517578,121047300
2020-12-30,129.81671142578125,133.72000122070312,135.99000549316406,133.39999389648438,135.5800018310547,96452100
2020-12-31,128.81675720214844,132.69000244140625,134.74000549316406,131.72000122070312,134.0800018310547,99116600
2021-01-04,125.63251495361328,129.41000366210938,133.61000061035156,126.76000213623047,133.52000427246094,143301900
2021-01-05,127.18579864501953,131.00999450683594,131.74000549316406,128.42999267578125,128.88999938964844,97664900
2021-01-06,122.904541015625,126.5999984741211,131.0500030517578,126.37999725341797,127.72000122070312,155088000
2021-01-07,127.09843444824219,130.9199981689453,131.6300048828125,127.86000061035156,128.36000061035156,109578200
2021-01-08,128.19544982910156,132.0500030517578,132.6300048828125,130.22999572753906,132.42999267578125,105158200
2021-01-11,125.21504211425781,128.97999572753906,130.1699981689453,128.5,129.19000244140625,100384500
2021-01-12,125.040283203125,128.8000030517578,129.69000244140625,126.86000061035156,128.5,91951100
2021-01-13,127.06930541992188,130.88999938964844,131.4499969482422,128.49000549316406,128.75999450683594,88636800
2021-01-14,125.14710998535156,128.91000366210938,131.0,128.75999450683594,130.8000030517578,90221800
2021-01-15,123.42875671386719,127.13999938964844,130.22000122070312,127.0,128.77999877929688,111598500
2021-01-19,124.09860229492188,127.83000183105469,128.7100067138672,126.94000244140625,127.77999877929688,90757300
2021-01-20,128.17601013183594,132.02999877929688,132.49000549316406,128.5500030517578,128.66000366210938,104319500
2021-01-21,132.87469482421875,136.8699951171875,139.6699981689453,133.58999633789062,133.8000030517578,120150900
2021-01-22,135.01055908203125,139.07000732421875,139.85000610351562,135.02000427246094,136.27999877929688,114459400
2021-01-25,138.74815368652344,142.9199981689453,145.08999633789062,136.5399932861328,143.07000732421875,157611700
2021-01-26,138.9811248779297,143.16000366210938,144.3000030517578,141.3699951171875,143.60000610351562,98390600
2021-01-27,137.91323852539062,142.05999755859375,144.3000030517578,140.41000366210938,143.42999267578125,140843800
2021-01-28,133.08831787109375,137.08999633789062,141.99000549316406,136.6999969482422,139.52000427246094,142621100
2021-01-29,128.10806274414062,131.9600067138672,136.74000549316406,130.2100067138672,135.8300018310547,177523800
2021-02-01,130.22442626953125,134.13999938964844,135.3800048828125,130.92999267578125,133.75,106239800
2021-02-02,131.0496063232422,134.99000549316406,136.30999755859375,134.61000061035156,135.72999572753906,83305400
2021-02-03,130.03025817871094,133.94000244140625,135.77000427246094,133.61000061035156,135.75999450683594,89880900
2021-02-04,133.37954711914062,137.38999938964844,137.39999389648438,134.58999633789062,136.3000030517578,84183100
2021-02-05,132.9663543701172,136.75999450683594,137.4199981689453,135.86000061035156,137.35000610351562,75693800
2021-02-08,133.11219787597656,136.91000366210938,136.9600067138672,134.9199981689453,136.02999877929688,71297200
2021-02-09,132.23709106445312,136.00999450683594,137.8800048828125,135.85000610351562,136.6199951171875,76774200
2021-02-10,131.63433837890625,135.38999938964844,136.99000549316406,134.39999389648438,136.47999572753906,73046600
2021-02-11,131.38156127929688,135.1300048828125,136.38999938964844,133.77000427246094,135.89999389648438,64280000
2021-02-12,131.61489868164062,135.3699951171875,135.52999877929688,133.69000244140625,134.35000610351562,60145100
2021-02-16,129.49539184570312,133.19000244140625,136.00999450683594,132.7899932861328,135.49000549316406,80576300
2021-02-17,127.21056365966797,130.83999633789062,132.22000122070312,129.47000122070312,131.25,97918500
2021-02-18,126.1119384765625,129.7100067138672,130.0,127.41000366210938,129.1999969482422,96856700
2021-02-19,126.26747131347656,129.8699951171875,130.7100067138672,128.8000030517578,130.24000549316406,87668800
2021-02-22,122.50482940673828,126.0,129.72000122070312,125.5999984741211,128.00999450683594,103916400
2021-02-23,122.36872863769531,125.86000061035156,126.70999908447266,118.38999938964844,123.76000213623047,158273000
2021-02-24,121.87286376953125,125.3499984741211,125.55999755859375,122.2300033569336,124.94000244140625,111039900
2021-02-25,117.63379669189453,120.98999786376953,126.45999908447266,120.54000091552734,124.68000030517578,148199500
2021-02-26,117.89630889892578,121.26000213623047,124.8499984741211,121.19999694824219,122.58999633789062,164560400
2021-03-01,124.24517822265625,127.79000091552734,127.93000030517578,122.79000091552734,123.75,116307900
2021-03-02,121.64923858642578,125.12000274658203,128.72000122070312,125.01000213623047,128.41000366210938,102260900
2021-03-03,118.67410278320312,122.05999755859375,125.70999908447266,121.83999633789062,124.80999755859375,112966300
2021-03-04,116.79764556884766,120.12999725341797,123.5999984741211,118.62000274658203,121.75,178155000
2021-03-05,118.0518798828125,121.41999816894531,121.94000244140625,117.56999969482422,120.9800033569336,153766600
2021-03-08,113.13224792480469,116.36000061035156,121.0,116.20999908447266,120.93000030517578,154376600
2021-03-09,117.73101806640625,121.08999633789062,122.05999755859375,118.79000091552734,119.02999877929688,129525800
2021-03-10,116.6518325805664,119.9800033569336,122.16999816894531,119.44999694824219,121.69000244140625,111943300
2021-03-11,118.5768814086914,121.95999908447266,123.20999908447266,121.26000213623047,122.54000091552734,103026500
2021-03-12,117.67269897460938,121.02999877929688,121.16999816894531,119.16000366210938,120.4000015258789,88105100
2021-03-15,120.55059051513672,123.98999786376953,124.0,120.41999816894531,121.41000366210938,92403800
2021-03-16,122.08674621582031,125.56999969482422,127.22000122070312,124.72000122070312,125.69999694824219,115227900
2021-03-17,121.29922485351562,124.76000213623047,125.86000061035156,122.33999633789062,124.05000305175781,111932600
2021-03-18,117.18655395507812,120.52999877929688,123.18000030517578,120.31999969482422,122.87999725341797,121229700
2021-03-19,116.66153717041016,119.98999786376953,121.43000030517578,119.68000030517578,119.9000015258789,185549500
2021-03-22,119.96721649169922,123.38999938964844,123.87000274658203,120.26000213623047,120.33000183105469,111912300
2021-03-23,119.14080047607422,122.54000091552734,124.23999786376953,122.13999938964844,123.33000183105469,95467100
2021-03-24,116.75875854492188,120.08999633789062,122.9000015258789,120.06999969482422,122.81999969482422,88530500
2021-03-25,117.24490356445312,120.58999633789062,121.66000366210938,119.0,119.54000091552734,98844700
2021-03-26,117.8476791381836,121.20999908447266,121.4800033569336,118.91999816894531,120.3499984741211,94071200
2021-03-29,118.02269744873047,121.38999938964844,122.58000183105469,120.7300033569336,121.6500015258789,80819200
2021-03-30,116.57403564453125,119.9000015258789,120.4000015258789,118.86000061035156,120.11000061035156,85671900
2021-03-31,118.76160430908203,122.1500015258789,123.5199966430664,121.1500015258789,121.6500015258789,118323800
2021-04-01,119.58805084228516,123.0,124.18000030517578,122.48999786376953,123.66000366210938,75089100
2021-04-05,122.4075927734375,125.9000015258789,126.16000366210938,123.06999969482422,123.87000274658203,88651200
2021-04-06,122.7090072631836,126.20999908447266,127.12999725341797,125.6500015258789,126.5,80171300
2021-04-07,124.35212707519531,127.9000015258789,127.91999816894531,125.13999938964844,125.83000183105469,83466700
2021-04-08,126.74388122558594,130.36000061035156,130.38999938964844,128.52000427246094,128.9499969482422,88844600
2021-04-09,129.31065368652344,133.0,133.0399932861328,129.47000122070312,129.8000030517578,106686700
2021-04-12,127.59945678710938,131.24000549316406,132.85000610351562,130.6300048828125,132.52000427246094,91420000
2021-04-13,130.70098876953125,134.42999267578125,134.66000366210938,131.92999267578125,132.44000244140625,91266500
2021-04-14,128.36758422851562,132.02999877929688,135.0,131.66000366210938,134.94000244140625,87222800
2021-04-15,130.76905822753906,134.5,135.0,133.63999938964844,133.82000732421875,89347100
2021-04-16,130.43846130371094,134.16000366210938,134.6699981689453,133.27999877929688,134.3000030517578,84922400
2021-04-19,131.09962463378906,134.83999633789062,135.47000122070312,133.33999633789062,133.50999450683594,94264200
2021-04-20,129.41757202148438,133.11000061035156,135.52999877929688,131.80999755859375,135.02000427246094,94812300
2021-04-21,129.79676818847656,133.5,133.75,131.3000030517578,132.36000061035156,68847100
2021-04-22,128.2801055908203,131.94000244140625,134.14999389648438,131.41000366210938,133.0399932861328,84566500
2021-04-23,130.59408569335938,134.32000732421875,135.1199951171875,132.16000366210938,132.16000366210938,78657500
2021-04-26,130.98292541503906,134.72000122070312,135.05999755859375,133.55999755859375,134.8300018310547,66905100
2021-04-27,130.66209411621094,134.38999938964844,135.41000366210938,134.11000061035156,135.00999450683594,66015800
2021-04-28,129.8745574951172,133.5800018310547,135.02000427246094,133.0800018310547,134.30999755859375,107760100
2021-04-29,129.77732849121094,133.47999572753906,137.07000732421875,132.4499969482422,136.47000122070312,151101000
2021-04-30,127.8133773803711,131.4600067138672,133.55999755859375,131.07000732421875,131.77999877929688,109839500
2021-05-03,128.86338806152344,132.5399932861328,134.07000732421875,131.8300018310547,132.0399932861328,75135100
2021-05-04,124.30349731445312,127.8499984741211,131.49000549316406,126.69999694824219,131.19000244140625,137564700
2021-05-05,124.54656982421875,128.10000610351562,130.4499969482422,127.97000122070312,129.1999969482422,84000900
2021-05-06,126.14106750488281,129.74000549316406,129.75,127.12999725341797,127.88999938964844,78128300
2021-05-07,126.8130874633789,130.2100067138672,131.25999450683594,129.47999572753906,130.85000610351562,78973300
2021-05-10,123.54073333740234,126.8499984741211,129.5399932861328,126.80999755859375,129.41000366210938,88071200
2021-05-11,122.62525177001953,125.91000366210938,126.2699966430664,122.7699966430664,123.5,126142800
2021-05-12,119.5671615600586,122.7699966430664,124.63999938964844,122.25,123.4000015258789,112172300
2021-05-13,121.70977020263672,124.97000122070312,126.1500015258789,124.26000213623047,124.58000183105469,105861300
2021-05-14,124.12507629394531,127.44999694824219,127.88999938964844,125.8499984741211,126.25,81918000
2021-05-17,122.97583770751953,126.2699966430664,126.93000030517578,125.16999816894531,126.81999969482422,74244600
2021-05-18,121.5929183959961,124.8499984741211,126.98999786376953,124.77999877929688,126.55999755859375,63342900
2021-05-19,121.4371109008789,124.69000244140625,124.91999816894531,122.86000061035156,123.16000366210938,92612000
2021-05-20,123.98872375488281,127.30999755859375,127.72000122070312,125.0999984741211,125.2300033569336,76857100
2021-05-21,122.15776824951172,125.43000030517578,128.0,125.20999908447266,127.81999969482422,79295400
2021-05-24,123.78422546386719,127.0999984741211,127.94000244140625,125.94000244140625,126.01000213623047,63092900
2021-05-25,123.58942413330078,126.9000015258789,128.32000732421875,126.31999969482422,127.81999969482422,72009500
2021-05-26,123.54073333740234,126.8499984741211,127.38999938964844,126.41999816894531,126.95999908447266,56575900
2021-05-27,122.01166534423828,125.27999877929688,127.63999938964844,125.08000183105469,126.44000244140625,94625600
2021-05-28,121.35917663574219,124.61000061035156,125.80000305175781,124.55000305175781,125.56999969482422,71311100
2021-06-01,121.03778076171875,124.27999877929688,125.3499984741211,123.94000244140625,125.08000183105469,67637100
2021-06-02,121.79742431640625,125.05999755859375,125.23999786376953,124.05000305175781,124.27999877929688,59278900
2021-06-03,120.31709289550781,123.54000091552734,124.8499984741211,123.12999725341797,124.68000030517578,76229200
2021-06-04,122.60578918457031,125.88999938964844,126.16000366210938,123.8499984741211,124.06999969482422,75169300
2021-06-07,122.61551666259766,125.9000015258789,126.31999969482422,124.83000183105469,126.16999816894531,71057600
2021-06-08,123.43357849121094,126.73999786376953,128.4600067138672,126.20999908447266,126.5999984741211,74403800
2021-06-09,123.81343078613281,127.12999725341797,127.75,126.5199966430664,127.20999908447266,56877900
2021-06-10,122.82003784179688,126.11000061035156,128.19000244140625,125.94000244140625,127.0199966430664,71186400
2021-06-11,124.02770233154297,127.3499984741211,127.44000244140625,126.0999984741211,126.52999877929688,53522400
2021-06-14,127.07601928710938,130.47999572753906,130.5399932861328,127.06999969482422,127.81999969482422,96906500
2021-06-15,126.25794982910156,129.63999938964844,130.60000610351562,129.38999938964844,129.94000244140625,62746300
2021-06-16,126.75463104248047,130.14999389648438,130.88999938964844,128.4600067138672,130.3699951171875,91815000
2021-06-17,128.35183715820312,131.7899932861328,132.5500030517578,129.64999389648438,129.8000030517578,96721700
2021-06-18,127.05654907226562,130.4600067138672,131.50999450683594,130.24000549316406,130.7100067138672,108953300
2021-06-21,128.8485565185547,132.3000030517578,132.41000366210938,129.2100067138672,130.3000030517578,79663300
2021-06-22,130.48471069335938,133.97999572753906,134.0800018310547,131.6199951171875,132.1300048828125,74783600
2021-06-23,130.21202087402344,133.6999969482422,134.32000732421875,133.22999572753906,133.77000427246094,60214200
2021-06-24,129.9296112060547,133.41000366210938,134.63999938964844,132.92999267578125,134.4499969482422,68711000
2021-06-25,129.63742065429688,133.11000061035156,133.88999938964844,132.80999755859375,133.4600067138672,70783700
2021-06-28,131.26385498046875,134.77999877929688,135.25,133.35000610351562,133.41000366210938,62111300
2021-06-29,132.77340698242188,136.3300018310547,136.49000549316406,134.35000610351562,134.8000030517578,64556100
2021-06-30,133.38697814941406,136.9600067138672,137.41000366210938,135.8699951171875,136.1699981689453,63261400
2021-07-01,133.6889190673828,137.27000427246094,137.3300018310547,135.75999450683594,136.60000610351562,52485800
2021-07-02,136.30873107910156,139.9600067138672,140.0,137.75,137.89999389648438,78852600
2021-07-06,138.31495666503906,142.02000427246094,143.14999389648438,140.07000732421875,140.07000732421875,108181800
2021-07-07,140.7984619140625,144.57000732421875,144.88999938964844,142.66000366210938,143.5399932861328,104911600
2021-07-08,139.5031280517578,143.24000549316406,144.05999755859375,140.6699981689453,141.5800018310547,105575500
2021-07-09,141.32435607910156,145.11000061035156,145.64999389648438,142.64999389648438,142.75,99890800
2021-07-12,140.7302703857422,144.5,146.32000732421875,144.0,146.2100067138672,76299700
2021-07-13,141.84054565429688,145.63999938964844,147.4600067138672,143.6300048828125,144.02999877929688,100827100
2021-07-14,145.25897216796875,149.14999389648438,149.57000732421875,147.67999267578125,148.10000610351562,127050800
2021-07-15,144.6064453125,148.47999572753906,150.0,147.08999633789062,149.24000549316406,106820300
2021-07-16,142.5709686279297,146.38999938964844,149.75999450683594,145.8800048828125,148.4600067138672,93251400
2021-07-19,138.73377990722656,142.4499969482422,144.07000732421875,141.6699981689453,143.75,121434600
2021-07-20,142.33721923828125,146.14999389648438,147.10000610351562,142.9600067138672,143.4600067138672,96350000
2021-07-21,141.60679626464844,145.39999389648438,146.1300048828125,144.6300048828125,145.52999877929688,74993500
2021-07-22,142.9702606201172,146.8000030517578,148.1999969482422,145.80999755859375,145.94000244140625,77338200
2021-07-23,144.68435668945312,148.55999755859375,148.72000122070312,146.9199981689453,147.5500030517578,71447400
2021-07-26,145.1031494140625,148.99000549316406,149.8300018310547,147.6999969482422,148.27000427246094,72434100
2021-07-27,142.94107055664062,146.77000427246094,149.2100067138672,145.5500030517578,149.1199951171875,104818600
2021-07-28,141.1977081298828,144.97999572753906,146.97000122070312,142.5399932861328,144.80999755859375,118931200
2021-07-29,141.84054565429688,145.63999938964844,146.5500030517578,144.5800018310547,144.69000244140625,56699500
2021-07-30,142.05482482910156,145.86000061035156,146.3300018310547,144.11000061035156,144.3800048828125,70440600
2021-08-02,141.7236785888672,145.52000427246094,146.9499969482422,145.25,146.36000061035156,62880000
2021-08-03,143.5156707763672,147.36000061035156,148.0399932861328,145.17999267578125,145.80999755859375,64786600
2021-08-04,143.1163787841797,146.9499969482422,147.7899932861328,146.27999877929688,147.27000427246094,56368300
2021-08-05,143.2235107421875,147.05999755859375,147.83999633789062,146.1699981689453,146.97999572753906,46397700
2021-08-06,142.54075622558594,146.13999938964844,147.11000061035156,145.6300048828125,146.35000610351562,54126800
2021-08-09,142.49197387695312,146.08999633789062,146.6999969482422,145.52000427246094,146.1999969482422,48908700
2021-08-10,142.01405334472656,145.60000610351562,147.7100067138672,145.3000030517578,146.44000244140625,69023100
2021-08-11,142.2676544189453,145.86000061035156,146.72000122070312,145.52999877929688,146.0500030517578,48493500
2021-08-12,145.22303771972656,148.88999938964844,149.0500030517578,145.83999633789062,146.19000244140625,72282600
2021-08-13,145.4278106689453,149.10000610351562,149.44000244140625,148.27000427246094,148.97000122070312,59375000
2021-08-16,147.39813232421875,151.1199951171875,151.19000244140625,146.47000122070312,148.5399932861328,103296000
2021-08-17,146.49098205566406,150.19000244140625,151.67999267578125,149.08999633789062,150.22999572753906,92229700
2021-08-18,142.7553253173828,146.36000061035156,150.72000122070312,146.14999389648438,149.8000030517578,86326000
2021-08-19,143.08694458007812,146.6999969482422,148.0,144.5,145.02999877929688,86960300
2021-08-20,144.54026794433594,148.19000244140625,148.5,146.77999877929688,147.44000244140625,60549600
2021-08-23,146.02281188964844,149.7100067138672,150.19000244140625,147.88999938964844,148.30999755859375,60131800
2021-08-24,145.93502807617188,149.6199951171875,150.86000061035156,149.14999389648438,149.4499969482422,48606400
2021-08-25,144.70606994628906,148.36000061035156,150.32000732421875,147.8000030517578,149.80999755859375,58991300
2021-08-26,143.90623474121094,147.5399932861328,149.1199951171875,147.50999450683594,148.35000610351562,48597200
2021-08-27,144.9401397705078,148.60000610351562,148.75,146.8300018310547,147.47999572753906,55802400
2021-08-30,149.34881591796875,153.1199951171875,153.49000549316406,148.61000061035156,149.0,90956700
2021-08-31,148.09059143066406,151.8300018310547,152.8000030517578,151.2899932861328,152.66000366210938,86453100
2021-09-01,148.75384521484375,152.50999450683594,154.97999572753906,152.33999633789062,152.8300018310547,80313700
2021-09-02,149.86578369140625,153.64999389648438,154.72000122070312,152.39999389648438,153.8699951171875,71115500
2021-09-03,150.4998016357422,154.3000030517578,154.6300048828125,153.08999633789062,153.75999450683594,57808700
2021-09-07,152.8308868408203,156.69000244140625,157.25999450683594,154.38999938964844,154.97000122070312,82278300
2021-09-08,151.289794921875,155.11000061035156,157.0399932861328,153.97999572753906,156.97999572753906,74420200
2021-09-09,150.2754669189453,154.07000732421875,156.11000061035156,153.9499969482422,155.49000549316406,57305700
2021-09-10,145.30104064941406,148.97000122070312,155.47999572753906,148.6999969482422,155.0,140893200
2021-09-13,145.86676025390625,149.5500030517578,151.4199981689453,148.75,150.6300048828125,102404300
2021-09-14,144.47195434570312,148.1199951171875,151.07000732421875,146.91000366210938,150.35000610351562,109296300
2021-09-15,145.3595733642578,149.02999877929688,149.44000244140625,146.3699951171875,148.55999755859375,83281300
2021-09-16,145.12548828125,148.7899932861328,148.97000122070312,147.22000122070312,148.44000244140625,68034100
2021-09-17,142.46270751953125,146.05999755859375,148.82000732421875,145.75999450683594,148.82000732421875,129868800
2021-09-20,139.41958618164062,142.94000244140625,144.83999633789062,141.27000427246094,143.8000030517578,123478900
2021-09-21,139.89747619628906,143.42999267578125,144.60000610351562,142.77999877929688,143.92999267578125,75834000
2021-09-22,142.25787353515625,145.85000610351562,146.42999267578125,143.6999969482422,144.4499969482422,76404300
2021-09-23,143.2137908935547,146.8300018310547,147.0800018310547,145.63999938964844,146.64999389648438,64838200
2021-09-24,143.3014678955078,146.9199981689453,147.47000122070312,145.55999755859375,145.66000366210938,53477900
2021-09-27,141.78970336914062,145.3699951171875,145.9600067138672,143.82000732421875,145.47000122070312,74150700
2021-09-28,138.41493225097656,141.91000366210938,144.75,141.69000244140625,143.25,108972300
2021-09-29,139.31227111816406,142.8300018310547,144.4499969482422,142.02999877929688,142.47000122070312,74602000
2021-09-30,138.0150146484375,141.5,144.3800048828125,141.27999877929688,143.66000366210938,89056700
2021-10-01,139.1366729736328,142.64999389648438,142.9199981689453,139.11000061035156,141.89999389648438,94639600
2021-10-04,135.713134765625,139.13999938964844,142.2100067138672,138.27000427246094,141.75999450683594,98322000
2021-10-05,137.6346435546875,141.11000061035156,142.24000549316406,139.36000061035156,139.49000549316406,80861100
2021-10-06,138.50271606445312,142.0,142.14999389648438,138.3699951171875,139.47000122070312,83221100
2021-10-07,139.76095581054688,143.2899932861328,144.22000122070312,142.72000122070312,143.05999755859375,61732700
2021-10-08,139.38052368164062,142.89999389648438,144.17999267578125,142.55999755859375,144.02999877929688,58773200
2021-10-11,139.29275512695312,142.80999755859375,144.80999755859375,141.80999755859375,142.27000427246094,64452200
2021-10-12,138.02474975585938,141.50999450683594,143.25,141.0399932861328,143.22999572753906,73035900
2021-10-13,137.43954467773438,140.91000366210938,141.39999389648438,139.1999969482422,141.24000549316406,78762700
2021-10-14,140.2193603515625,143.75999450683594,143.8800048828125,141.50999450683594,142.11000061035156,69907100
2021-10-15,141.2727508544922,144.83999633789062,144.89999389648438,143.50999450683594,143.77000427246094,67940300
2021-10-18,142.9406280517578,146.5500030517578,146.83999633789062,143.16000366210938,143.4499969482422,85589200
2021-10-19,145.09617614746094,148.75999450683594,149.1699981689453,146.5500030517578,147.00999450683594,76378900
2021-10-20,145.58383178710938,149.25999450683594,149.75,148.1199951171875,148.6999969482422,58418800
2021-10-21,145.79847717285156,149.47999572753906,149.63999938964844,147.8699951171875,148.80999755859375,61421000
2021-10-22,145.02793884277344,148.69000244140625,150.17999267578125,148.63999938964844,149.69000244140625,58883400
2021-10-25,144.97915649414062,148.63999938964844,149.3699951171875,147.6199951171875,148.67999267578125,50720600
2021-10-26,145.64242553710938,149.32000732421875,150.83999633789062,149.00999450683594,149.3300018310547,60893400
2021-10-27,145.18402099609375,148.85000610351562,149.72999572753906,148.49000549316406,149.36000061035156,56094900
2021-10-28,148.81234741210938,152.57000732421875,153.1699981689453,149.72000122070312,149.82000732421875,100077900
2021-10-29,146.11058044433594,149.8000030517578,149.94000244140625,146.41000366210938,147.22000122070312,124953200
2021-11-01,145.2913055419922,148.9600067138672,149.6999969482422,147.8000030517578,148.99000549316406,74588300
2021-11-02,146.3251953125,150.02000427246094,151.57000732421875,148.64999389648438,148.66000366210938,69122000
2021-11-03,147.75897216796875,151.49000549316406,151.97000122070312,149.82000732421875,150.38999938964844,54511500
2021-11-04,147.24203491210938,150.9600067138672,152.42999267578125,150.63999938964844,151.5800018310547,60394600
2021-11-05,147.7694854736328,151.27999877929688,152.1999969482422,150.05999755859375,151.88999938964844,65463900
2021-11-08,146.94898986816406,150.44000244140625,151.57000732421875,150.16000366210938,151.41000366210938,55020900
2021-11-09,147.31040954589844,150.80999755859375,151.42999267578125,150.05999755859375,150.1999969482422,56787900
2021-11-10,144.48748779296875,147.9199981689453,150.1300048828125,147.85000610351562,150.02000427246094,65187100
2021-11-11,144.43858337402344,147.8699951171875,149.42999267578125,147.67999267578125,148.9600067138672,41000000
2021-11-12,146.50941467285156,149.99000549316406,150.39999389648438,147.47999572753906,148.42999267578125,63804000
2021-11-15,146.51919555664062,150.0,151.8800048828125,149.42999267578125,150.3699951171875,59222800
2021-11-16,147.49598693847656,151.0,151.49000549316406,149.33999633789062,149.94000244140625,59256200
2021-11-17,149.92822265625,153.49000549316406,155.0,150.99000549316406,151.0,88807000
2021-11-18,154.20654296875,157.8699951171875,158.6699981689453,153.0500030517578,153.7100067138672,137827700
2021-11-19,156.82435607910156,160.5500030517578,161.02000427246094,156.52999877929688,157.64999389648438,117305600
2021-11-22,157.28346252441406,161.02000427246094,165.6999969482422,161.0,161.67999267578125,117467900
2021-11-23,157.66444396972656,161.41000366210938,161.8000030517578,159.05999755859375,161.1199951171875,96041900
2021-11-24,158.18211364746094,161.94000244140625,162.13999938964844,159.63999938964844,160.75,69463600
2021-11-26,153.171142578125,156.80999755859375,160.4499969482422,156.36000061035156,159.57000732421875,76959800
2021-11-29,156.52159118652344,160.24000549316406,161.19000244140625,158.7899932861328,159.3699951171875,88748200
2021-11-30,161.46412658691406,165.3000030517578,165.52000427246094,159.9199981689453,159.99000549316406,174048100
2021-12-01,160.9464569091797,164.77000427246094,170.3000030517578,164.52999877929688,167.47999572753906,152052500
2021-12-02,159.9598846435547,163.75999450683594,164.1999969482422,157.8000030517578,158.74000549316406,136739200
2021-12-03,158.0844268798828,161.83999633789062,164.9600067138672,159.72000122070312,164.02000427246094,118023100
2021-12-06,161.4837188720703,165.32000732421875,167.8800048828125,164.27999877929688,164.2899932861328,107497000
2021-12-07,167.20774841308594,171.17999267578125,171.5800018310547,168.33999633789062,169.0800018310547,120405400
2021-12-08,171.0172119140625,175.0800018310547,175.9600067138672,170.6999969482422,172.1300048828125,116998900
2021-12-09,170.50926208496094,174.55999755859375,176.75,173.9199981689453,174.91000366210938,108923700
2021-12-10,175.2858123779297,179.4499969482422,179.6300048828125,174.69000244140625,175.2100067138672,115402700
2021-12-13,171.6619110107422,175.74000549316406,182.1300048828125,175.52999877929688,181.1199951171875,153237000
2021-12-14,170.28460693359375,174.3300018310547,177.74000549316406,172.2100067138672,175.25,139380400
2021-12-15,175.1392822265625,179.3000030517578,179.5,172.30999755859375,175.11000061035156,131063300
2021-12-16,168.2626190185547,172.25999450683594,181.13999938964844,170.75,179.27999877929688,150185800
2021-12-17,167.16860961914062,171.13999938964844,173.47000122070312,169.69000244140625,169.92999267578125,195432700
2021-12-20,165.81088256835938,169.75,170.5800018310547,167.4600067138672,168.27999877929688,107499100
2021-12-21,168.97572326660156,172.99000549316406,173.1999969482422,169.1199951171875,171.55999755859375,91185900
2021-12-22,171.564208984375,175.63999938964844,175.86000061035156,172.14999389648438,173.0399932861328,92135300
2021-12-23,172.1894073486328,176.27999877929688,176.85000610351562,175.27000427246094,175.85000610351562,68356600
2021-12-27,176.14540100097656,180.3300018310547,180.4199981689453,177.07000732421875,177.08999633789062,74919600
2021-12-28,175.12948608398438,179.2899932861328,181.3300018310547,178.52999877929688,180.16000366210938,79144300
2021-12-29,175.21743774414062,179.3800048828125,180.6300048828125,178.13999938964844,179.3300018310547,62348900
2021-12-30,174.0647735595703,178.1999969482422,180.57000732421875,178.08999633789062,179.47000122070312,59773000
2021-12-31,173.44944763183594,177.57000732421875,179.22999572753906,177.25999450683594,178.08999633789062,64062300
2022-01-03,177.78636169433594,182.00999450683594,182.8800048828125,177.7100067138672,177.8300018310547,104487900
2022-01-04,175.53001403808594,179.6999969482422,182.94000244140625,179.1199951171875,182.6300048828125,99310400
2022-01-05,170.86094665527344,174.9199981689453,180.1699981689453,174.63999938964844,179.61000061035156,94537600
2022-01-06,168.00868225097656,172.0,175.3000030517578,171.63999938964844,172.6999969482422,96904000
2022-01-07,168.17471313476562,172.1699981689453,174.13999938964844,171.02999877929688,172.88999938964844,86709100
2022-01-10,168.19427490234375,172.19000244140625,172.5,168.1699981689453,169.0800018310547,106765600
2022-01-11,171.0172119140625,175.0800018310547,175.17999267578125,170.82000732421875,172.32000732421875,76138300
2022-01-12,171.45675659179688,175.52999877929688,177.17999267578125,174.82000732421875,176.1199951171875,74805200
2022-01-13,168.19427490234375,172.19000244140625,176.6199951171875,171.7899932861328,175.77999877929688,84505800
2022-01-14,169.0538787841797,173.07000732421875,173.77999877929688,171.08999633789062,171.33999633789062,80440800
2022-01-18,165.85975646972656,169.8000030517578,172.5399932861328,169.41000366210938,171.50999450683594,90956700
2022-01-19,162.37255859375,166.22999572753906,171.0800018310547,165.94000244140625,170.0,94815000
2022-01-20,160.69248962402344,164.50999450683594,169.67999267578125,164.17999267578125,166.97999572753906,91420500
2022-01-21,158.6412353515625,162.41000366210938,166.3300018310547,162.3000030517578,164.4199981689453,122848900
2022-01-24,157.86952209472656,161.6199951171875,162.3000030517578,154.6999969482422,160.02000427246094,162294600
2022-01-25,156.0722198486328,159.77999877929688,162.75999450683594,157.02000427246094,158.97999572753906,115798400
2022-01-26,155.98435974121094,159.69000244140625,164.38999938964844,157.82000732421875,163.5,108275300
2022-01-27,155.52525329589844,159.22000122070312,163.83999633789062,158.27999877929688,162.4499969482422,121954600
2022-01-28,166.37744140625,170.3300018310547,170.35000610351562,162.8000030517578,165.7100067138672,179935700
2022-01-31,170.72418212890625,174.77999877929688,175.0,169.50999450683594,170.16000366210938,115541600
2022-02-01,170.5581512451172,174.61000061035156,174.83999633789062,172.30999755859375,174.00999450683594,86213900
2022-02-02,171.759521484375,175.83999633789062,175.8800048828125,173.3300018310547,174.75,84914300
2022-02-03,168.88780212402344,172.89999389648438,176.24000549316406,172.1199951171875,174.47999572753906,89418100
2022-02-04,168.60418701171875,172.38999938964844,174.10000610351562,170.67999267578125,171.67999267578125,82465400
2022-02-07,167.8902130126953,171.66000366210938,173.9499969482422,170.9499969482422,172.86000061035156,77251200
2022-02-08,170.99058532714844,174.8300018310547,175.35000610351562,171.42999267578125,171.72999572753906,74829200
2022-02-09,172.4087677001953,176.27999877929688,176.64999389648438,174.89999389648438,176.0500030517578,71285000
2022-02-10,168.340087890625,172.1199951171875,175.47999572753906,171.5500030517578,174.13999938964844,90865900
2022-02-11,164.93650817871094,168.63999938964844,173.0800018310547,168.0399932861328,172.3300018310547,98670700
2022-02-14,165.17123413085938,168.8800048828125,169.5800018310547,166.55999755859375,167.3699951171875,86185500
2022-02-15,168.99539184570312,172.7899932861328,172.9499969482422,170.25,170.97000122070312,62527400
2022-02-16,168.76065063476562,172.5500030517578,173.33999633789062,170.0500030517578,171.85000610351562,61177400
2022-02-17,165.17123413085938,168.8800048828125,171.91000366210938,168.47000122070312,171.02999877929688,69589300
2022-02-18,163.62594604492188,167.3000030517578,170.5399932861328,166.19000244140625,169.82000732421875,82772700
2022-02-22,160.71139526367188,164.32000732421875,166.69000244140625,162.14999389648438,164.97999572753906,91162800
2022-02-23,156.5547332763672,160.07000732421875,166.14999389648438,159.75,165.5399932861328,90009200
2022-02-24,159.16610717773438,162.74000549316406,162.85000610351562,152.0,152.5800018310547,141147500
2022-02-25,161.22975158691406,164.85000610351562,165.1199951171875,160.8699951171875,163.83999633789062,91974200
2022-02-28,161.49380493164062,165.1199951171875,165.4199981689453,162.42999267578125,163.05999755859375,95056600
2022-03-01,159.61598205566406,163.1999969482422,166.60000610351562,161.97000122070312,164.6999969482422,83474400
2022-03-02,162.9022216796875,166.55999755859375,167.36000061035156,162.9499969482422,164.38999938964844,79724800
2022-03-03,162.57945251464844,166.22999572753906,168.91000366210938,165.5500030517578,168.47000122070312,76678400
2022-03-04,159.5866241455078,163.1699981689453,165.5500030517578,162.10000610351562,164.49000549316406,83737200
2022-03-07,155.80165100097656,159.3000030517578,165.02000427246094,159.0399932861328,163.36000061035156,96418800
2022-03-08,153.9824981689453,157.44000244140625,162.8800048828125,155.8000030517578,158.82000732421875,131148300
2022-03-09,159.37149047851562,162.9499969482422,163.41000366210938,159.41000366210938,161.47999572753906,91454900
2022-03-10,155.0387420654297,158.52000427246094,160.38999938964844,155.97999572753906,160.1999969482422,105342000
2022-03-11,151.33201599121094,154.72999572753906,159.27999877929688,154.5,158.92999267578125,96970100
2022-03-14,147.312255859375,150.6199951171875,154.1199951171875,150.10000610351562,151.4499969482422,108732100
2022-03-15,151.68409729003906,155.08999633789062,155.57000732421875,150.3800048828125,150.89999389648438,92964300
2022-03-16,156.0852813720703,159.58999633789062,160.0,154.4600067138672,157.0500030517578,102300200
2022-03-17,157.09262084960938,160.6199951171875,161.0,157.6300048828125,158.61000061035156,75615400
2022-03-18,160.37884521484375,163.97999572753906,164.47999572753906,159.75999450683594,160.50999450683594,123511700
2022-03-21,161.74810791015625,165.3800048828125,166.35000610351562,163.00999450683594,163.50999450683594,95811400
2022-03-22,165.11256408691406,168.82000732421875,169.4199981689453,164.91000366210938,165.50999450683594,81532000
2022-03-23,166.47207641601562,170.2100067138672,172.63999938964844,167.64999389648438,167.99000549316406,98062700
2022-03-24,170.2472686767578,174.07000732421875,174.13999938964844,170.2100067138672,171.05999755859375,90131400
2022-03-25,170.88302612304688,174.72000122070312,175.27999877929688,172.75,173.8800048828125,80546200
2022-03-28,171.74366760253906,175.60000610351562,175.72999572753906,172.0,172.1699981689453,90371900
2022-03-29,175.02989196777344,178.9600067138672,179.00999450683594,176.33999633789062,176.69000244140625,100589400
2022-03-30,173.86599731445312,177.77000427246094,179.61000061035156,176.6999969482422,178.5500030517578,92633200
2022-03-31,170.77542114257812,174.61000061035156,178.02999877929688,174.39999389648438,177.83999633789062,103049300
2022-04-01,170.48199462890625,174.30999755859375,174.8800048828125,171.94000244140625,174.02999877929688,78751300
2022-04-04,174.52127075195312,178.44000244140625,178.49000549316406,174.44000244140625,174.57000732421875,76468400
2022-04-05,171.21551513671875,175.05999755859375,178.3000030517578,174.4199981689453,177.5,73401800
2022-04-06,168.0564422607422,171.8300018310547,173.6300048828125,170.1300048828125,172.36000061035156,89058800
2022-04-07,168.35964965820312,172.13999938964844,173.36000061035156,169.85000610351562,171.16000366210938,77594700
2022-04-08,166.3546600341797,170.08999633789062,171.77999877929688,169.1999969482422,171.77999877929688,76575500
2022-04-11,162.1099853515625,165.75,169.02999877929688,165.5,168.7100067138672,72246700
2022-04-12,163.97804260253906,167.66000366210938,169.8699951171875,166.63999938964844,168.02000427246094,79265200
2022-04-13,166.6578826904297,170.39999389648438,171.0399932861328,166.77000427246094,167.38999938964844,70618900
2022-04-14,161.66006469726562,165.2899932861328,171.27000427246094,165.0399932861328,170.6199951171875,75329400
2022-04-18,161.44496154785156,165.07000732421875,166.60000610351562,163.57000732421875,163.9199981689453,69023900
2022-04-19,163.7237548828125,167.39999389648438,167.82000732421875,163.91000366210938,165.02000427246094,67723800
2022-04-20,163.5574951171875,167.22999572753906,168.8800048828125,166.10000610351562,168.75999450683594,67929800
2022-04-21,162.76527404785156,166.4199981689453,171.52999877929688,165.91000366210938,168.91000366210938,87227800
2022-04-22,158.23692321777344,161.7899932861328,167.8699951171875,161.5,166.4600067138672,84882400
2022-04-25,159.30300903320312,162.8800048828125,163.1699981689453,158.4600067138672,161.1199951171875,96046400
2022-04-26,153.35653686523438,156.8000030517578,162.33999633789062,156.72000122070312,162.25,95623200
2022-04-27,153.131591796875,156.57000732421875,159.7899932861328,155.3800048828125,155.91000366210938,88063200
2022-04-28,160.04632568359375,163.63999938964844,164.52000427246094,158.92999267578125,159.25,130216800
2022-04-29,154.1878662109375,157.64999389648438,166.1999969482422,157.25,161.83999633789062,131747600
2022-05-02,154.49110412597656,157.9600067138672,158.22999572753906,153.27000427246094,156.7100067138672,123055300
2022-05-03,155.97767639160156,159.47999572753906,160.7100067138672,156.32000732421875,158.14999389648438,88966500
2022-05-04,162.37405395507812,166.02000427246094,166.47999572753906,159.25999450683594,159.6699981689453,108256500
2022-05-05,153.3271942138672,156.77000427246094,164.0800018310547,154.9499969482422,163.85000610351562,130525300
2022-05-06,154.05201721191406,157.27999877929688,159.44000244140625,154.17999267578125,156.00999450683594,116124600
2022-05-09,148.9391326904297,152.05999755859375,155.8300018310547,151.49000549316406,154.92999267578125,131577900
2022-05-10,151.33883666992188,154.50999450683594,156.74000549316406,152.92999267578125,155.52000427246094,115366700
2022-05-11,143.49322509765625,146.5,155.4499969482422,145.80999755859375,153.5,142689800
2022-05-12,139.63414001464844,142.55999755859375,146.1999969482422,138.8000030517578,142.77000427246094,182602000
2022-05-13,144.09072875976562,147.11000061035156,148.10000610351562,143.11000061035156,144.58999633789062,113990900
2022-05-16,142.55294799804688,145.5399932861328,147.52000427246094,144.17999267578125,145.5500030517578,86643800
2022-05-17,146.1770477294922,149.24000549316406,149.77000427246094,146.67999267578125,148.86000061035156,78336300
2022-05-18,137.92982482910156,140.82000732421875,147.36000061035156,139.89999389648438,146.85000610351562,109742900
2022-05-19,134.53106689453125,137.35000610351562,141.66000366210938,136.60000610351562,139.8800048828125,136095600
2022-05-20,134.76612854003906,137.58999633789062,140.6999969482422,132.61000061035156,139.08999633789062,137426100
2022-05-23,140.17283630371094,143.11000061035156,143.25999450683594,137.64999389648438,137.7899932861328,117726300
2022-05-24,137.4792938232422,140.36000061035156,141.97000122070312,137.3300018310547,140.80999755859375,104132700
2022-05-25,137.6359405517578,140.52000427246094,141.7899932861328,138.33999633789062,138.42999267578125,92482700
2022-05-26,140.8290557861328,143.77999877929688,144.33999633789062,137.13999938964844,137.38999938964844,90601500
2022-05-27,146.56881713867188,149.63999938964844,149.67999267578125,145.25999450683594,145.38999938964844,90978500
2022-05-31,145.7852325439453,148.83999633789062,150.66000366210938,146.83999633789062,149.07000732421875,103718400
2022-06-01,145.65789794921875,148.7100067138672,151.74000549316406,147.67999267578125,149.89999389648438,74286600
2022-06-02,148.10658264160156,151.2100067138672,151.27000427246094,146.86000061035156,147.8300018310547,72348100
2022-06-03,142.39622497558594,145.3800048828125,147.97000122070312,144.4600067138672,146.89999389648438,88570300
2022-06-06,143.14065551757812,146.13999938964844,148.57000732421875,144.89999389648438,147.02999877929688,71598400
2022-06-07,145.65789794921875,148.7100067138672,149.0,144.10000610351562,144.35000610351562,67808200
2022-06-08,144.9232940673828,147.9600067138672,149.8699951171875,147.4600067138672,148.5800018310547,53950200
2022-06-09,139.71246337890625,142.63999938964844,147.9499969482422,142.52999877929688,147.0800018310547,69473000
2022-06-10,134.31556701660156,137.1300048828125,140.75999450683594,137.05999755859375,140.27999877929688,91437900
2022-06-13,129.17333984375,131.8800048828125,135.1999969482422,131.44000244140625,132.8699951171875,122207100
2022-06-14,130.03521728515625,132.75999450683594,133.88999938964844,131.47999572753906,133.1300048828125,84784300
2022-06-15,132.6504669189453,135.42999267578125,137.33999633789062,132.16000366210938,134.2899932861328,91533000
2022-06-16,127.3906478881836,130.05999755859375,132.38999938964844,129.0399932861328,132.0800018310547,108123900
2022-06-17,128.85989379882812,131.55999755859375,133.0800018310547,129.80999755859375,130.07000732421875,134520300
2022-06-21,133.08143615722656,135.8699951171875,137.05999755859375,133.32000732421875,133.4199981689453,81000500
2022-06-22,132.5720977783203,135.35000610351562,137.75999450683594,133.91000366210938,134.7899932861328,73409200
2022-06-23,135.4322052001953,138.27000427246094,138.58999633789062,135.6300048828125,136.82000732421875,72433800
2022-06-24,138.75259399414062,141.66000366210938,141.91000366210938,139.77000427246094,139.89999389648438,89116800
2022-06-27,138.75259399414062,141.66000366210938,143.49000549316406,140.97000122070312,142.6999969482422,70207900
2022-06-28,134.61917114257812,137.44000244140625,143.4199981689453,137.32000732421875,142.1300048828125,67083400
2022-06-29,136.3724365234375,139.22999572753906,140.6699981689453,136.6699981689453,137.4600067138672,66242400
2022-06-30,133.9139862060547,136.72000122070312,138.3699951171875,133.77000427246094,137.25,98964500
2022-07-01,136.07859802246094,138.92999267578125,139.0399932861328,135.66000366210938,136.0399932861328,71051600
2022-07-05,138.65464782714844,141.55999755859375,141.61000061035156,136.92999267578125,137.77000427246094,73353800
2022-07-06,139.9867401123047,142.9199981689453,144.1199951171875,141.0800018310547,141.35000610351562,74064300
2022-07-07,143.34632873535156,146.35000610351562,146.5500030517578,143.27999877929688,143.2899932861328,66253700
2022-07-08,144.0221710205078,147.0399932861328,147.5500030517578,145.0,145.25999450683594,64547800
2022-07-11,141.89669799804688,144.8699951171875,146.63999938964844,143.77999877929688,145.6699981689453,63141600
2022-07-12,142.86636352539062,145.86000061035156,148.4499969482422,145.0500030517578,145.75999450683594,77588800
2022-07-13,142.50399780273438,145.49000549316406,146.4499969482422,142.1199951171875,142.99000549316406,71185600
2022-07-14,145.4228515625,148.47000122070312,148.9499969482422,143.25,144.0800018310547,78140700
2022-07-15,147.08792114257812,150.1699981689453,150.86000061035156,148.1999969482422,149.77999877929688,76259900
2022-07-18,144.05157470703125,147.07000732421875,151.57000732421875,146.6999969482422,150.74000549316406,81420900
2022-07-19,147.90090942382812,151.0,151.22999572753906,146.91000366210938,147.9199981689453,82982400
2022-07-20,149.89901733398438,153.0399932861328,153.72000122070312,150.3699951171875,151.1199951171875,64823400
2022-07-21,152.16162109375,155.35000610351562,155.57000732421875,151.94000244140625,154.5,65086600
2022-07-22,150.92747497558594,154.08999633789062,156.27999877929688,153.41000366210938,155.38999938964844,66675400
2022-07-25,149.81085205078125,152.9499969482422,155.0399932861328,152.27999877929688,154.00999450683594,53623900
2022-07-26,148.4885711669922,151.60000610351562,153.08999633789062,150.8000030517578,152.25999450683594,55138700
2022-07-27,153.57208251953125,156.7899932861328,157.3300018310547,152.16000366210938,152.5800018310547,78620700
2022-07-28,154.12057495117188,157.35000610351562,157.63999938964844,154.41000366210938,156.97999572753906,81378700
2022-07-29,159.17466735839844,162.50999450683594,163.6300048828125,159.5,161.24000549316406,101786900
2022-08-01,158.19515991210938,161.50999450683594,163.58999633789062,160.88999938964844,161.00999450683594,67829400
2022-08-02,156.72596740722656,160.00999450683594,162.41000366210938,159.6300048828125,160.10000610351562,59907000
2022-08-03,162.7203826904297,166.1300048828125,166.58999633789062,160.75,160.83999633789062,82507500
2022-08-04,162.40696716308594,165.80999755859375,167.19000244140625,164.42999267578125,166.00999450683594,55474100
2022-08-05,162.18133544921875,165.35000610351562,165.85000610351562,163.0,163.2100067138672,56697000
2022-08-08,161.71051025390625,164.8699951171875,167.80999755859375,164.1999969482422,166.3699951171875,60276900
2022-08-09,161.7595977783203,164.9199981689453,165.82000732421875,163.25,164.02000427246094,63135500
2022-08-10,165.99679565429688,169.24000549316406,169.33999633789062,166.89999389648438,167.67999267578125,70170500
2022-08-11,165.2611846923828,168.49000549316406,170.99000549316406,168.19000244140625,170.05999755859375,57149200
2022-08-12,168.802001953125,172.10000610351562,172.1699981689453,169.39999389648438,169.82000732421875,68039400
2022-08-15,169.87110900878906,173.19000244140625,173.38999938964844,171.35000610351562,171.52000427246094,54091700
2022-08-16,169.7141571044922,173.02999877929688,173.7100067138672,171.66000366210938,172.77999877929688,56377100
2022-08-17,171.20504760742188,174.5500030517578,176.14999389648438,172.57000732421875,172.77000427246094,79542000
2022-08-18,170.8126983642578,174.14999389648438,174.89999389648438,173.1199951171875,173.75,62290100
2022-08-19,168.2331085205078,171.52000427246094,173.74000549316406,171.30999755859375,173.02999877929688,70346300
2022-08-22,164.3588104248047,167.57000732421875,169.86000061035156,167.13999938964844,169.69000244140625,69026800
2022-08-23,164.0253143310547,167.22999572753906,168.7100067138672,166.64999389648438,167.0800018310547,54147100
2022-08-24,164.31954956054688,167.52999877929688,168.11000061035156,166.25,167.32000732421875,53841500
2022-08-25,166.77166748046875,170.02999877929688,170.13999938964844,168.35000610351562,168.77999877929688,51218200
2022-08-26,160.48448181152344,163.6199951171875,171.0500030517578,163.55999755859375,170.57000732421875,78961000
2022-08-29,158.28741455078125,161.3800048828125,162.89999389648438,159.82000732421875,161.14999389648438,73314000
2022-08-30,155.86476135253906,158.91000366210938,162.55999755859375,157.72000122070312,162.1300048828125,77906200
2022-08-31,154.20713806152344,157.22000122070312,160.5800018310547,157.13999938964844,160.30999755859375,87991100
2022-09-01,154.93296813964844,157.9600067138672,158.4199981689453,154.6699981689453,156.63999938964844,74229900
2022-09-02,152.8241424560547,155.80999755859375,160.36000061035156,154.97000122070312,159.75,76957800
2022-09-06,151.5686798095703,154.52999877929688,157.08999633789062,153.69000244140625,156.47000122070312,73714800
2022-09-07,152.97129821777344,155.9600067138672,156.6699981689453,153.61000061035156,154.82000732421875,87449600
2022-09-08,151.50006103515625,154.4600067138672,156.36000061035156,152.67999267578125,154.63999938964844,84923800
2022-09-09,154.35426330566406,157.3699951171875,157.82000732421875,154.75,155.47000122070312,68028800
2022-09-12,160.2981414794922,163.42999267578125,164.25999450683594,159.3000030517578,159.58999633789062,104956000
2022-09-13,150.8918914794922,153.83999633789062,160.5399932861328,153.3699951171875,159.89999389648438,122656600
2022-09-14,152.33377075195312,155.30999755859375,157.10000610351562,153.61000061035156,154.7899932861328,87965400
2022-09-15,149.45010375976562,152.3699951171875,155.24000549316406,151.3800048828125,154.64999389648438,90481100
2022-09-16,147.81210327148438,150.6999969482422,151.35000610351562,148.3699951171875,151.2100067138672,162278800
2022-09-19,151.51963806152344,154.47999572753906,154.55999755859375,149.10000610351562,149.30999755859375,81474200
2022-09-20,153.8932647705078,156.89999389648438,158.0800018310547,153.0800018310547,153.39999389648438,107689800
2022-09-21,150.7742462158203,153.72000122070312,158.74000549316406,153.60000610351562,157.33999633789062,101696800
2022-09-22,149.81298828125,152.74000549316406,154.47000122070312,150.91000366210938,152.3800048828125,86652500
2022-09-23,147.54727172851562,150.42999267578125,151.47000122070312,148.55999755859375,151.19000244140625,96029900
2022-09-26,147.8807830810547,150.77000427246094,153.77000427246094,149.63999938964844,149.66000366210938,93339400
2022-09-27,148.85174560546875,151.75999450683594,154.72000122070312,149.9499969482422,152.74000549316406,84442700
2022-09-28,146.9685821533203,149.83999633789062,150.63999938964844,144.83999633789062,147.63999938964844,146691400
2022-09-29,139.74957275390625,142.47999572753906,146.72000122070312,140.67999267578125,146.10000610351562,128138200
2022-09-30,135.55162048339844,138.1999969482422,143.10000610351562,138.0,141.27999877929688,124925300
2022-10-03,139.72021484375,142.4499969482422,143.07000732421875,137.69000244140625,138.2100067138672,114311700
2022-10-04,143.30023193359375,146.10000610351562,146.22000122070312,144.25999450683594,145.02999877929688,87830100
2022-10-05,143.59445190429688,146.39999389648438,147.3800048828125,143.00999450683594,144.07000732421875,79471000
2022-10-06,142.64306640625,145.42999267578125,147.5399932861328,145.22000122070312,145.80999755859375,68402200
2022-10-07,137.40541076660156,140.08999633789062,143.10000610351562,139.4499969482422,142.5399932861328,85925600
2022-10-10,137.72906494140625,140.4199981689453,141.88999938964844,138.57000732421875,140.4199981689453,74899000
2022-10-11,136.31666564941406,138.97999572753906,141.35000610351562,138.22000122070312,139.89999389648438,77033700
2022-10-12,135.68893432617188,138.33999633789062,140.36000061035156,138.16000366210938,139.1300048828125,70433700
2022-10-13,140.24984741210938,142.99000549316406,143.58999633789062,134.3699951171875,134.99000549316406,113224000
2022-10-14,135.7281951904297,138.3800048828125,144.52000427246094,138.19000244140625,144.30999755859375,88598000
2022-10-17,139.68093872070312,142.41000366210938,142.89999389648438,140.27000427246094,141.07000732421875,85250900
2022-10-18,140.9952850341797,143.75,146.6999969482422,140.61000061035156,145.49000549316406,99136600
2022-10-19,141.10316467285156,143.86000061035156,144.9499969482422,141.5,141.69000244140625,61758300
2022-10-20,140.64218139648438,143.38999938964844,145.88999938964844,142.64999389648438,143.02000427246094,64522000
2022-10-21,144.4478302001953,147.27000427246094,147.85000610351562,142.64999389648438,142.8699951171875,86548600
2022-10-24,146.58604431152344,149.4499969482422,150.22999572753906,146.0,147.19000244140625,75981900
2022-10-25,149.42063903808594,152.33999633789062,152.49000549316406,149.36000061035156,150.08999633789062,74732300
2022-10-26,146.4879913330078,149.35000610351562,151.99000549316406,148.0399932861328,150.9600067138672,88194300
2022-10-27,142.025146484375,144.8000030517578,149.0500030517578,144.1300048828125,148.07000732421875,109180200
2022-10-28,152.75552368164062,155.74000549316406,157.5,147.82000732421875,148.1999969482422,164762400
2022-10-31,150.40150451660156,153.33999633789062,154.24000549316406,151.9199981689453,153.16000366210938,97943200
2022-11-01,147.76303100585938,150.64999389648438,155.4499969482422,149.1300048828125,155.0800018310547,80379300
2022-11-02,142.25074768066406,145.02999877929688,152.1699981689453,145.0,148.9499969482422,93604600
2022-11-03,136.2186279296875,138.8800048828125,142.8000030517578,138.75,142.05999755859375,97918500
2022-11-04,135.95335388183594,138.3800048828125,142.6699981689453,134.3800048828125,142.08999633789062,140814800
2022-11-07,136.48387145996094,138.9199981689453,139.14999389648438,135.6699981689453,137.11000061035156,83374600
2022-11-08,137.05368041992188,139.5,141.42999267578125,137.49000549316406,140.41000366210938,89908500
2022-11-09,132.5048828125,134.8699951171875,138.5500030517578,134.58999633789062,138.5,74917800
2022-11-10,144.29443359375,146.8699951171875,146.8699951171875,139.5,141.24000549316406,118854000
2022-11-11,147.0748291015625,149.6999969482422,150.00999450683594,144.3699951171875,145.82000732421875,93979700
2022-11-14,145.67970275878906,148.27999877929688,150.27999877929688,147.42999267578125,148.97000122070312,73374100
2022-11-15,147.40884399414062,150.0399932861328,153.58999633789062,148.55999755859375,152.22000122070312,89868300
2022-11-16,146.18075561523438,148.7899932861328,149.8699951171875,147.2899932861328,149.1300048828125,64218300
2022-11-17,148.0769500732422,150.72000122070312,151.47999572753906,146.14999389648438,146.42999267578125,80389400
2022-11-18,148.6369171142578,151.2899932861328,152.6999969482422,149.97000122070312,152.30999755859375,74829600
2022-11-21,145.4144744873047,148.00999450683594,150.3699951171875,147.72000122070312,150.16000366210938,58724100
2022-11-22,147.54641723632812,150.17999267578125,150.4199981689453,146.92999267578125,148.1300048828125,51804100
2022-11-23,148.42079162597656,151.07000732421875,151.8300018310547,149.33999633789062,149.4499969482422,58301400
2022-11-25,145.51271057128906,148.11000061035156,148.8800048828125,147.1199951171875,148.30999755859375,35195900
2022-11-28,141.69091796875,144.22000122070312,146.63999938964844,143.3800048828125,145.13999938964844,69246000
2022-11-29,138.6944122314453,141.1699981689453,144.80999755859375,140.35000610351562,144.2899932861328,83763800
2022-11-30,145.4341278076172,148.02999877929688,148.72000122070312,140.5500030517578,141.39999389648438,111380900
2022-12-01,145.70919799804688,148.30999755859375,149.1300048828125,146.61000061035156,148.2100067138672,71250400
2022-12-02,145.21800231933594,147.80999755859375,148.0,145.64999389648438,145.9600067138672,65447400
2022-12-05,144.05868530273438,146.6300048828125,150.9199981689453,145.77000427246094,147.77000427246094,68826400
2022-12-06,140.4039306640625,142.91000366210938,147.3000030517578,141.9199981689453,147.07000732421875,64727200
2022-12-07,138.46844482421875,140.94000244140625,143.3699951171875,140.0,142.19000244140625,69721100
2022-12-08,140.1484375,142.64999389648438,143.52000427246094,141.10000610351562,142.36000061035156,62128300
2022-12-09,139.6670684814453,142.16000366210938,145.57000732421875,140.89999389648438,142.33999633789062,76097000
2022-12-12,141.95619201660156,144.49000549316406,144.5,141.05999755859375,142.6999969482422,70462700
2022-12-13,142.9189910888672,145.47000122070312,149.97000122070312,144.24000549316406,149.5,93886200
2022-12-14,140.69862365722656,143.2100067138672,146.66000366210938,141.16000366210938,145.35000610351562,82291200
2022-12-15,134.1063232421875,136.5,141.8000030517578,136.02999877929688,141.11000061035156,98931900
2022-12-16,132.1511993408203,134.50999450683594,137.64999389648438,133.72999572753906,136.69000244140625,160156900
2022-12-19,130.0487518310547,132.3699951171875,135.1999969482422,131.32000732421875,135.11000061035156,79592600
2022-12-20,129.97994995117188,132.3000030517578,133.25,129.88999938964844,131.38999938964844,77432800
2022-12-21,133.07470703125,135.4499969482422,136.80999755859375,132.75,132.97999572753906,85928000
2022-12-22,129.9111785888672,132.22999572753906,134.55999755859375,130.3000030517578,134.35000610351562,77852100
2022-12-23,129.54766845703125,131.86000061035156,132.4199981689453,129.63999938964844,130.9199981689453,63814900
2022-12-27,127.74977111816406,130.02999877929688,131.41000366210938,128.72000122070312,131.3800048828125,69007800
2022-12-28,123.82971954345703,126.04000091552734,131.02999877929688,125.87000274658203,129.6699981689453,85438400
2022-12-29,127.33712768554688,129.61000061035156,130.47999572753906,127.7300033569336,127.98999786376953,75703700
2022-12-30,127.6514892578125,129.92999267578125,129.9499969482422,127.43000030517578,128.41000366210938,77034200
2023-01-03,122.87672424316406,125.06999969482422,130.89999389648438,124.16999816894531,130.27999877929688,112117500
2023-01-04,124.14412689208984,126.36000061035156,128.66000366210938,125.08000183105469,126.88999938964844,89113600
2023-01-05,122.82759857177734,125.0199966430664,127.7699966430664,124.76000213623047,127.12999725341797,80962700
2023-01-06,127.34696197509766,129.6199951171875,130.2899932861328,124.88999938964844,126.01000213623047,87754700
2023-01-09,127.86767578125,130.14999389648438,133.41000366210938,129.88999938964844,130.47000122070312,70790800
2023-01-10,128.43746948242188,130.72999572753906,131.25999450683594,128.1199951171875,130.25999450683594,63896200
2023-01-11,131.14910888671875,133.49000549316406,133.50999450683594,130.4600067138672,131.25,69458900
2023-01-12,131.0705108642578,133.41000366210938,134.25999450683594,131.44000244140625,133.8800048828125,71379600
2023-01-13,132.3968048095703,134.75999450683594,134.9199981689453,131.66000366210938,132.02999877929688,57809700
2023-01-17,133.55613708496094,135.94000244140625,137.2899932861328,134.1300048828125,134.8300018310547,63646600
2023-01-18,132.8389129638672,135.2100067138672,138.61000061035156,135.02999877929688,136.82000732421875,69672800
2023-01-19,132.89785766601562,135.27000427246094,136.25,133.77000427246094,134.0800018310547,58280400
2023-01-20,135.45228576660156,137.8699951171875,138.02000427246094,134.22000122070312,135.27999877929688,80223600
2023-01-23,138.63546752929688,141.11000061035156,143.32000732421875,137.89999389648438,138.1199951171875,81760300
2023-01-24,140.0305633544922,142.52999877929688,143.16000366210938,140.3000030517578,140.30999755859375,66435100
2023-01-25,139.37232971191406,141.86000061035156,142.42999267578125,138.80999755859375,140.88999938964844,65799300
2023-01-26,141.43548583984375,143.9600067138672,144.25,141.89999389648438,143.1699981689453,54105100
2023-01-27,143.37091064453125,145.92999267578125,147.22999572753906,143.0800018310547,143.16000366210938,70555800
2023-01-30,140.49232482910156,143.0,145.5500030517578,142.85000610351562,144.9600067138672,64015300
2023-01-31,141.75970458984375,144.2899932861328,144.33999633789062,142.27999877929688,142.6999969482422,65874500
2023-02-01,142.87969970703125,145.42999267578125,146.61000061035156,141.32000732421875,143.97000122070312,77663600
2023-02-02,148.17518615722656,150.82000732421875,151.17999267578125,148.1699981689453,148.89999389648438,118339000
2023-02-03,151.7906494140625,154.5,157.3800048828125,147.8300018310547,148.02999877929688,154357300
2023-02-06,149.06922912597656,151.72999572753906,153.10000610351562,150.77999877929688,152.57000732421875,69858300
2023-02-07,151.9380340576172,154.64999389648438,155.22999572753906,150.63999938964844,150.63999938964844,83322600
2023-02-08,149.25587463378906,151.9199981689453,154.5800018310547,151.1699981689453,153.8800048828125,64120100
2023-02-09,148.2242889404297,150.8699951171875,154.3300018310547,150.4199981689453,153.77999877929688,56007100
2023-02-10,148.58834838867188,151.00999450683594,151.33999633789062,149.22000122070312,149.4600067138672,57450700
2023-02-13,151.38282775878906,153.85000610351562,154.25999450683594,150.9199981689453,150.9499969482422,62199000
2023-02-14,150.74327087402344,153.1999969482422,153.77000427246094,150.86000061035156,152.1199951171875,61707600
2023-02-15,152.83909606933594,155.3300018310547,155.5,152.8800048828125,153.11000061035156,65573800
2023-02-16,151.2450408935547,153.7100067138672,156.3300018310547,153.35000610351562,153.50999450683594,68167900
2023-02-17,150.1036834716797,152.5500030517578,153.0,150.85000610351562,152.35000610351562,59144100
2023-02-21,146.09890747070312,148.47999572753906,151.3000030517578,148.41000366210938,150.1999969482422,58867200
2023-02-22,146.52206420898438,148.91000366210938,149.9499969482422,147.16000366210938,148.8699951171875,51011300
2023-02-23,147.0041961669922,149.39999389648438,150.33999633789062,147.24000549316406,150.08999633789062,48394200
2023-02-24,144.3573455810547,146.7100067138672,147.19000244140625,145.72000122070312,147.11000061035156,55469600
2023-02-27,145.5479278564453,147.9199981689453,149.1699981689453,147.4499969482422,147.7100067138672,44998500
2023-02-28,145.0460968017578,147.41000366210938,149.0800018310547,146.8300018310547,147.0500030517578,50547000
2023-03-01,142.9797821044922,145.30999755859375,147.22999572753906,145.00999450683594,146.8300018310547,55479000
2023-03-02,143.57015991210938,145.91000366210938,146.7100067138672,143.89999389648438,144.3800048828125,52238100
2023-03-03,148.60806274414062,151.02999877929688,151.11000061035156,147.3300018310547,148.0399932861328,70732300
2023-03-06,151.36318969726562,153.8300018310547,156.3000030517578,153.4600067138672,153.7899932861328,87558000
2023-03-07,149.16891479492188,151.60000610351562,154.02999877929688,151.1300048828125,153.6999969482422,56182000
2023-03-08,150.41851806640625,152.8699951171875,153.47000122070312,151.8300018310547,152.80999755859375,47204800
2023-03-09,148.1751251220703,150.58999633789062,154.5399932861328,150.22999572753906,153.55999755859375,53833600
2023-03-10,146.11863708496094,148.5,150.94000244140625,147.61000061035156,150.2100067138672,68572400
2023-03-13,148.05702209472656,150.47000122070312,153.13999938964844,147.6999969482422,147.80999755859375,84457100
2023-03-14,150.14303588867188,152.58999633789062,153.39999389648438,150.10000610351562,151.27999877929688,73695900
2023-03-15,150.53665161132812,152.99000549316406,153.25,149.9199981689453,151.19000244140625,77167900
2023-03-16,153.35073852539062,155.85000610351562,156.4600067138672,151.63999938964844,152.16000366210938,76161100
2023-03-17,152.51441955566406,155.0,156.74000549316406,154.27999877929688,156.0800018310547,98944600
2023-03-20,154.8759002685547,157.39999389648438,157.82000732421875,154.14999389648438,155.07000732421875,73641400
2023-03-21,156.7257537841797,159.27999877929688,159.39999389648438,156.5399932861328,157.32000732421875,73938300
2023-03-22,155.2989959716797,157.8300018310547,162.13999938964844,157.80999755859375,159.3000030517578,75701800
2023-03-23,156.38134765625,158.92999267578125,161.5500030517578,157.67999267578125,158.8300018310547,67622100
2023-03-24,157.68020629882812,160.25,160.33999633789062,157.85000610351562,158.86000061035156,59196500
2023-03-27,155.74180603027344,158.27999877929688,160.77000427246094,157.8699951171875,159.94000244140625,52390300
2023-03-28,155.1218719482422,157.64999389648438,158.49000549316406,155.97999572753906,157.97000122070312,45992200
2023-03-29,158.19189453125,160.77000427246094,161.0500030517578,159.35000610351562,159.3699951171875,51305700
2023-03-30,159.75637817382812,162.36000061035156,162.47000122070312,161.27000427246094,161.52999877929688,49501700
2023-03-31,162.25563049316406,164.89999389648438,165.0,161.91000366210938,162.44000244140625,68749800
2023-04-03,163.50527954101562,166.1699981689453,166.2899932861328,164.22000122070312,164.27000427246094,56976200
2023-04-04,162.97393798828125,165.6300048828125,166.83999633789062,165.11000061035156,166.60000610351562,46278300
2023-04-05,161.13392639160156,163.75999450683594,165.0500030517578,161.8000030517578,164.74000549316406,51511700
2023-04-06,162.01947021484375,164.66000366210938,164.9600067138672,162.0,162.42999267578125,45390100
2023-04-10,159.431640625,162.02999877929688,162.02999877929688,160.0800018310547,161.4199981689453,47716900
2023-04-11,158.22137451171875,160.8000030517578,162.36000061035156,160.50999450683594,162.35000610351562,47644200
2023-04-12,157.53262329101562,160.10000610351562,162.05999755859375,159.77999877929688,161.22000122070312,50133100
2023-04-13,162.90504455566406,165.55999755859375,165.8000030517578,161.4199981689453,161.6300048828125,68445600
2023-04-14,162.56065368652344,165.2100067138672,166.32000732421875,163.82000732421875,164.58999633789062,49386500
2023-04-17,162.58033752441406,165.22999572753906,165.38999938964844,164.02999877929688,165.08999633789062,41516200
2023-04-18,163.8004608154297,166.47000122070312,167.41000366210938,165.64999389648438,166.10000610351562,49923000
2023-04-19,164.94183349609375,167.6300048828125,168.16000366210938,165.5399932861328,165.8000030517578,47720200
2023-04-20,163.97755432128906,166.64999389648438,167.8699951171875,165.55999755859375,166.08999633789062,52456400
2023-04-21,162.3737030029297,165.02000427246094,166.4499969482422,164.49000549316406,165.0500030517578,58337300
2023-04-24,162.6787567138672,165.3300018310547,165.60000610351562,163.88999938964844,165.0,41949600
2023-04-25,161.1437530517578,163.77000427246094,166.30999755859375,163.72999572753906,165.19000244140625,48714100
2023-04-26,161.13392639160156,163.75999450683594,165.27999877929688,162.8000030517578,163.05999755859375,45498800
2023-04-27,165.7093505859375,168.41000366210938,168.55999755859375,165.19000244140625,165.19000244140625,64902300
2023-04-28,166.95896911621094,169.67999267578125,169.85000610351562,167.8800048828125,168.49000549316406,55275900
2023-05-01,166.87042236328125,169.58999633789062,170.4499969482422,168.63999938964844,169.27999877929688,52472900
2023-05-02,165.83724975585938,168.5399932861328,170.35000610351562,167.5399932861328,170.08999633789062,48425700
2023-05-03,164.7647247314453,167.4499969482422,170.9199981689453,167.16000366210938,169.5,65136000
2023-05-04,163.13134765625,165.7899932861328,167.0399932861328,164.30999755859375,164.88999938964844,81235400
2023-05-05,170.78662109375,173.57000732421875,174.3000030517578,170.75999450683594,170.97999572753906,113453200
2023-05-08,170.71771240234375,173.5,173.85000610351562,172.11000061035156,172.47999572753906,55962800
2023-05-09,169.01547241210938,171.77000427246094,173.5399932861328,171.60000610351562,173.0500030517578,45326900
2023-05-10,170.77679443359375,173.55999755859375,174.02999877929688,171.89999389648438,173.02000427246094,53724500
2023-05-11,170.96372985839844,173.75,174.58999633789062,172.1699981689453,173.85000610351562,49514700
2023-05-12,170.03749084472656,172.57000732421875,174.05999755859375,171.0,173.6199951171875,45533100
2023-05-15,169.5448455810547,172.07000732421875,173.2100067138672,171.47000122070312,173.16000366210938,37266700
2023-05-16,169.5448455810547,172.07000732421875,173.13999938964844,171.8000030517578,171.99000549316406,42110300
2023-05-17,170.15574645996094,172.69000244140625,172.92999267578125,170.4199981689453,171.7100067138672,57951600
2023-05-18,172.48109436035156,175.0500030517578,175.24000549316406,172.5800018310547,173.0,65496700
2023-05-19,172.5895233154297,175.16000366210938,176.38999938964844,174.94000244140625,176.38999938964844,55809500
2023-05-22,171.64358520507812,174.1999969482422,174.7100067138672,173.4499969482422,173.97999572753906,43570900
2023-05-23,169.04232788085938,171.55999755859375,173.3800048828125,171.27999877929688,173.1300048828125,50747300
2023-05-24,169.31820678710938,171.83999633789062,172.4199981689453,170.52000427246094,171.08999633789062,45143500
2023-05-25,170.45135498046875,172.99000549316406,173.89999389648438,171.69000244140625,172.41000366210938,56058300
2023-05-26,172.85556030273438,175.42999267578125,175.77000427246094,173.11000061035156,173.32000732421875,54835000
2023-05-30,174.6980743408203,177.3000030517578,178.99000549316406,176.57000732421875,176.9600067138672,55964400
2023-05-31,174.64883422851562,177.25,179.35000610351562,176.75999450683594,177.3300018310547,99625300
2023-06-01,177.44715881347656,180.08999633789062,180.1199951171875,176.92999267578125,177.6999969482422,68901800
2023-06-02,178.29452514648438,180.9499969482422,181.77999877929688,179.25999450683594,181.02999877929688,61996900
2023-06-05,176.94461059570312,179.5800018310547,184.9499969482422,178.0399932861328,182.6300048828125,121946500
2023-06-06,176.58006286621094,179.2100067138672,180.1199951171875,177.42999267578125,179.97000122070312,64848400
2023-06-07,175.21044921875,177.82000732421875,181.2100067138672,177.32000732421875,178.44000244140625,61944600
2023-06-08,177.92007446289062,180.57000732421875,180.83999633789062,177.4600067138672,177.89999389648438,50214900
2023-06-09,178.3043670654297,180.9600067138672,182.22999572753906,180.6300048828125,181.5,48900000
2023-06-12,181.09283447265625,183.7899932861328,183.88999938964844,180.97000122070312,181.27000427246094,54274900
2023-06-13,180.61985778808594,183.30999755859375,184.14999389648438,182.44000244140625,182.8000030517578,54929100
2023-06-14,181.25050354003906,183.9499969482422,184.38999938964844,182.02000427246094,183.3699951171875,57462900
2023-06-15,183.2802734375,186.00999450683594,186.52000427246094,183.77999877929688,183.9600067138672,65433200
2023-06-16,182.20628356933594,184.9199981689453,186.99000549316406,184.27000427246094,186.72999572753906,101256200
2023-06-20,182.29493713378906,185.00999450683594,186.10000610351562,184.41000366210938,184.41000366210938,49799100
2023-06-21,181.26036071777344,183.9600067138672,185.41000366210938,182.58999633789062,184.89999389648438,49515700
2023-06-22,184.25575256347656,187.0,187.0500030517578,183.6699981689453,183.74000549316406,51245300
2023-06-23,183.9404296875,186.67999267578125,187.55999755859375,185.00999450683594,185.5500030517578,53117000
2023-06-26,182.55117797851562,185.27000427246094,188.0500030517578,185.22999572753906,186.8300018310547,48088700
2023-06-27,185.30018615722656,188.05999755859375,188.38999938964844,185.6699981689453,185.88999938964844,50730800
2023-06-28,186.47271728515625,189.25,189.89999389648438,187.60000610351562,187.92999267578125,51216800
2023-06-29,186.8077392578125,189.58999633789062,190.07000732421875,188.94000244140625,189.0800018310547,46347300
2023-06-30,191.12342834472656,193.97000122070312,194.47999572753906,191.25999450683594,191.6300048828125,85213200
2023-07-03,189.63560485839844,192.4600067138672,193.8800048828125,191.75999450683594,193.77999877929688,31458200
2023-07-05,188.522216796875,191.3300018310547,192.97999572753906,190.6199951171875,191.57000732421875,46920300
2023-07-06,188.9951629638672,191.80999755859375,192.02000427246094,189.1999969482422,189.83999633789062,45094300
2023-07-07,187.88174438476562,190.67999267578125,192.6699981689453,190.24000549316406,191.41000366210938,46815000
2023-07-10,185.8421630859375,188.61000061035156,189.99000549316406,187.0399932861328,189.25999450683594,59922200
2023-07-11,185.3198699951172,188.0800018310547,189.3000030517578,186.60000610351562,189.16000366210938,46638100
2023-07-12,186.98509216308594,189.77000427246094,191.6999969482422,188.47000122070312,189.67999267578125,60750200
2023-07-13,187.7437744140625,190.5399932861328,191.19000244140625,189.77999877929688,190.5,41342300
2023-07-14,187.8916015625,190.69000244140625,191.17999267578125,189.6300048828125,190.22999572753906,41616200
2023-07-17,191.14317321777344,193.99000549316406,194.32000732421875,191.80999755859375,191.89999389648438,50520200
2023-07-18,190.88697814941406,193.72999572753906,194.3300018310547,192.4199981689453,193.35000610351562,48288200
2023-07-19,192.2368621826172,195.10000610351562,198.22999572753906,192.64999389648438,193.10000610351562,80507300
2023-07-20,190.29579162597656,193.1300048828125,196.47000122070312,192.5,195.08999633789062,59581200
2023-07-21,189.12326049804688,191.94000244140625,194.97000122070312,191.22999572753906,194.10000610351562,71951700
2023-07-24,189.92138671875,192.75,194.91000366210938,192.25,193.41000366210938,45377800
2023-07-25,190.778564453125,193.6199951171875,194.44000244140625,192.9199981689453,193.3300018310547,37283200
2023-07-26,191.6457061767578,194.5,195.63999938964844,193.32000732421875,193.6699981689453,47471900
2023-07-27,190.38446044921875,193.22000122070312,197.1999969482422,192.5500030517578,196.02000427246094,47460200
2023-07-28,192.95616149902344,195.8300018310547,196.6300048828125,194.13999938964844,194.6699981689453,48291400
2023-07-31,193.5670623779297,196.4499969482422,196.49000549316406,195.25999450683594,196.05999755859375,38824100
2023-08-01,192.73941040039062,195.61000061035156,196.72999572753906,195.27999877929688,196.24000549316406,35175100
2023-08-02,189.75389099121094,192.5800018310547,195.17999267578125,191.85000610351562,195.0399932861328,50389300
2023-08-03,188.3645477294922,191.1699981689453,192.3699951171875,190.69000244140625,191.57000732421875,61235200
2023-08-04,179.31924438476562,181.99000549316406,187.3800048828125,181.9199981689453,185.52000427246094,115956800
2023-08-07,176.22535705566406,178.85000610351562,183.1300048828125,177.35000610351562,182.1300048828125,97576100
2023-08-08,177.161376953125,179.8000030517578,180.27000427246094,177.5800018310547,179.69000244140625,67823000
2023-08-09,175.57504272460938,178.19000244140625,180.92999267578125,177.00999450683594,180.8699951171875,60378500
2023-08-10,175.35826110839844,177.97000122070312,180.75,177.60000610351562,179.47999572753906,54686900
2023-08-11,175.4174346923828,177.7899932861328,178.6199951171875,176.5500030517578,177.32000732421875,52036700
2023-08-14,177.06517028808594,179.4600067138672,179.69000244140625,177.30999755859375,177.97000122070312,43675600
2023-08-15,175.08201599121094,177.4499969482422,179.47999572753906,177.0500030517578,178.8800048828125,43622600
2023-08-16,174.2137451171875,176.57000732421875,178.5399932861328,176.5,177.1300048828125,46964900
2023-08-17,171.67803955078125,174.0,177.50999450683594,173.47999572753906,177.13999938964844,66062900
2023-08-18,172.16151428222656,174.49000549316406,175.10000610351562,171.9600067138672,172.3000030517578,61172200
2023-08-21,173.49346923828125,175.83999633789062,176.1300048828125,173.74000549316406,175.07000732421875,46311900
2023-08-22,174.86492919921875,177.22999572753906,177.67999267578125,176.25,177.05999755859375,42038900
2023-08-23,178.70303344726562,181.1199951171875,181.5500030517578,178.3300018310547,178.52000427246094,52722800
2023-08-24,174.02630615234375,176.3800048828125,181.10000610351562,176.00999450683594,180.6699981689453,54945800
2023-08-25,176.22654724121094,178.61000061035156,179.14999389648438,175.82000732421875,177.3800048828125,51449600
2023-08-28,177.785400390625,180.19000244140625,180.58999633789062,178.5500030517578,180.08999633789062,43820700
2023-08-29,181.66299438476562,184.1199951171875,184.89999389648438,179.5,179.6999969482422,53003900
2023-08-30,185.14588928222656,187.64999389648438,187.85000610351562,184.74000549316406,184.94000244140625,60813900
2023-08-31,185.36294555664062,187.8699951171875,189.1199951171875,187.47999572753906,187.83999633789062,60794500
2023-09-01,186.93173217773438,189.4600067138672,189.9199981689453,188.27999877929688,189.49000549316406,45766500
2023-09-05,187.16854858398438,189.6999969482422,189.97999572753906,187.61000061035156,188.27999877929688,45280000
2023-09-06,180.46914672851562,182.91000366210938,188.85000610351562,181.47000122070312,188.39999389648438,81755800
2023-09-07,175.19053649902344,177.55999755859375,178.2100067138672,173.5399932861328,175.17999267578125,112488800
2023-09-08,175.80221557617188,178.17999267578125,180.24000549316406,177.7899932861328,178.35000610351562,65551300
2023-09-11,176.96649169921875,179.36000061035156,180.3000030517578,177.33999633789062,180.07000732421875,58953100
2023-09-12,173.9473419189453,176.3000030517578,180.1300048828125,174.82000732421875,179.49000549316406,90370200
2023-09-13,171.88523864746094,174.2100067138672,177.3000030517578,173.97999572753906,176.50999450683594,84267900
2023-09-14,173.39483642578125,175.74000549316406,176.10000610351562,173.5800018310547,174.0,60895800
2023-09-15,172.67454528808594,175.00999450683594,176.5,173.82000732421875,176.47999572753906,109259500
2023-09-18,175.59506225585938,177.97000122070312,179.3800048828125,176.1699981689453,176.47999572753906,67257600
2023-09-19,176.6803741455078,179.07000732421875,179.6300048828125,177.1300048828125,177.52000427246094,51826900
2023-09-20,173.1481475830078,175.49000549316406,179.6999969482422,175.39999389648438,179.25999450683594,58436200
2023-09-21,171.6089630126953,173.92999267578125,176.3000030517578,173.86000061035156,174.5500030517578,63149100
2023-09-22,172.45745849609375,174.7899932861328,177.0800018310547,174.0500030517578,174.6699981689453,56725400
2023-09-25,173.7302703857422,176.0800018310547,176.97000122070312,174.14999389648438,174.1999969482422,46172700
2023-09-26,169.66525268554688,171.9600067138672,175.1999969482422,171.66000366210938,174.82000732421875,64588900
2023-09-27,168.1556854248047,170.42999267578125,173.0399932861328,169.0500030517578,172.6199951171875,66921800
2023-09-28,168.4121856689453,170.69000244140625,172.02999877929688,167.6199951171875,169.33999633789062,56294400
2023-09-29,168.92526245117188,171.2100067138672,173.07000732421875,170.33999633789062,172.02000427246094,51861100
2023-10-02,171.431396484375,173.75,174.3000030517578,170.92999267578125,171.22000122070312,52164500
2023-10-03,170.0994110107422,172.39999389648438,173.6300048828125,170.82000732421875,172.25999450683594,49594600
2023-10-04,171.3425750732422,173.66000366210938,174.2100067138672,170.97000122070312,171.08999633789062,53020300
2023-10-05,172.5758819580078,174.91000366210938,175.4499969482422,172.67999267578125,173.7899932861328,48527900
2023-10-06,175.12147521972656,177.49000549316406,177.99000549316406,173.17999267578125,173.8000030517578,57266700
2023-10-09,176.60145568847656,178.99000549316406,179.0500030517578,175.8000030517578,176.80999755859375,42390800
2023-10-10,176.00942993164062,178.38999938964844,179.72000122070312,177.9499969482422,178.10000610351562,43698000
2023-10-11,177.40066528320312,179.8000030517578,179.85000610351562,177.60000610351562,178.1999969482422,47551100
2023-10-12,178.29852294921875,180.7100067138672,182.33999633789062,179.0399932861328,180.07000732421875,56743100
2023-10-13,176.4633331298828,178.85000610351562,181.92999267578125,178.13999938964844,181.4199981689453,51427100
2023-10-16,176.33505249023438,178.72000122070312,179.0800018310547,176.50999450683594,176.75,52517000
2023-10-17,174.78598022460938,177.14999389648438,178.4199981689453,174.8000030517578,176.64999389648438,57549400
2023-10-18,173.49346923828125,175.83999633789062,177.5800018310547,175.11000061035156,175.5800018310547,54764400
2023-10-19,173.11859130859375,175.4600067138672,177.83999633789062,175.19000244140625,176.0399932861328,59302900
2023-10-20,170.57296752929688,172.8800048828125,175.4199981689453,172.63999938964844,175.30999755859375,64244000
2023-10-23,170.69139099121094,173.0,174.00999450683594,169.92999267578125,170.91000366210938,55980100
2023-10-24,171.12548828125,173.44000244140625,173.6699981689453,171.4499969482422,173.0500030517578,43816600
2023-10-25,168.81674194335938,171.10000610351562,173.05999755859375,170.64999389648438,171.8800048828125,57157000
2023-10-26,164.6628875732422,166.88999938964844,171.3800048828125,165.6699981689453,170.3699951171875,70625300
2023-10-27,165.97515869140625,168.22000122070312,168.9600067138672,166.8300018310547,166.91000366210938,58499100
2023-10-30,168.01754760742188,170.2899932861328,171.1699981689453,168.8699951171875,169.02000427246094,51131000
2023-10-31,168.49114990234375,170.77000427246094,170.89999389648438,167.89999389648438,169.35000610351562,44846000
2023-11-01,171.64845275878906,173.97000122070312,174.22999572753906,170.1199951171875,171.0,56934900
2023-11-02,175.20042419433594,177.57000732421875,177.77999877929688,175.4600067138672,175.52000427246094,77334800
2023-11-03,174.29266357421875,176.64999389648438,176.82000732421875,173.35000610351562,174.24000549316406,79829200
2023-11-06,176.83822631835938,179.22999572753906,179.42999267578125,176.2100067138672,176.3800048828125,63841300
2023-11-07,179.39369201660156,181.82000732421875,182.44000244140625,178.97000122070312,179.17999267578125,70530000
2023-11-08,180.44940185546875,182.88999938964844,183.4499969482422,181.58999633789062,182.35000610351562,49340300
2023-11-09,179.97579956054688,182.41000366210938,184.1199951171875,181.80999755859375,182.9600067138672,53763500
2023-11-10,184.15487670898438,186.39999389648438,186.57000732421875,183.52999877929688,183.97000122070312,66133400
2023-11-13,182.57412719726562,184.8000030517578,186.02999877929688,184.2100067138672,185.82000732421875,43627500
2023-11-14,185.18235778808594,187.44000244140625,188.11000061035156,186.3000030517578,187.6999969482422,60108400
2023-11-15,185.74546813964844,188.00999450683594,189.5,187.77999877929688,187.85000610351562,53790500
2023-11-16,187.4249725341797,189.7100067138672,190.9600067138672,188.64999389648438,189.57000732421875,54412900
2023-11-17,187.40525817871094,189.69000244140625,190.3800048828125,188.57000732421875,190.25,50922700
2023-11-20,189.14404296875,191.4499969482422,191.91000366210938,189.8800048828125,189.88999938964844,46505100
2023-11-21,188.3437957763672,190.63999938964844,191.52000427246094,189.74000549316406,191.41000366210938,38134500
2023-11-22,189.00570678710938,191.30999755859375,192.92999267578125,190.8300018310547,191.49000549316406,39617700
2023-11-24,187.68190002441406,189.97000122070312,190.89999389648438,189.25,190.8699951171875,24048300
2023-11-27,187.50401306152344,189.7899932861328,190.6699981689453,188.89999389648438,189.9199981689453,40552600
2023-11-28,188.10670471191406,190.39999389648438,191.0800018310547,189.39999389648438,189.77999877929688,38415400
2023-11-29,187.0890655517578,189.3699951171875,192.08999633789062,188.97000122070312,190.89999389648438,43014200
2023-11-30,187.66207885742188,189.9499969482422,190.32000732421875,188.19000244140625,189.83999633789062,48794400
2023-12-01,188.9365692138672,191.24000549316406,191.55999755859375,189.22999572753906,190.3300018310547,45704800
2023-12-04,187.1483612060547,189.42999267578125,190.0500030517578,187.4499969482422,189.97999572753906,43389500
2023-12-05,191.0902862548828,193.4199981689453,194.39999389648438,190.17999267578125,190.2100067138672,66628400
2023-12-06,190.00357055664062,192.32000732421875,194.75999450683594,192.11000061035156,194.4499969482422,41089700
2023-12-07,191.9300537109375,194.27000427246094,195.0,193.58999633789062,193.6300048828125,47477700
2023-12-08,193.3527374267578,195.7100067138672,195.99000549316406,193.6699981689453,194.1999969482422,53406400
2023-12-11,190.85317993164062,193.17999267578125,193.49000549316406,191.4199981689453,193.11000061035156,60943700
2023-12-12,192.36474609375,194.7100067138672,194.72000122070312,191.72000122070312,193.0800018310547,52696900
2023-12-13,195.5756378173828,197.9600067138672,198.0,194.85000610351562,195.08999633789062,70404200
2023-12-14,195.72381591796875,198.11000061035156,199.6199951171875,196.16000366210938,198.02000427246094,66831600
2023-12-15,195.19033813476562,197.57000732421875,198.39999389648438,197.0,197.52999877929688,128538400
2023-12-18,193.5305633544922,195.88999938964844,196.6300048828125,194.38999938964844,196.08999633789062,55751900
2023-12-19,194.5679168701172,196.94000244140625,196.9499969482422,195.88999938964844,196.16000366210938,40714100
2023-12-20,192.4833221435547,194.8300018310547,197.67999267578125,194.8300018310547,196.89999389648438,52242800
2023-12-21,192.3351287841797,194.67999267578125,197.0800018310547,193.5,196.10000610351562,46482500
2023-12-22,191.2681427001953,193.60000610351562,195.41000366210938,192.97000122070312,195.17999267578125,37149600
2023-12-26,190.72479248046875,193.0500030517578,193.88999938964844,192.8300018310547,193.61000061035156,28919300
2023-12-27,190.82354736328125,193.14999389648438,193.5,191.08999633789062,192.49000549316406,48087700
2023-12-28,191.24838256835938,193.5800018310547,194.66000366210938,193.1699981689453,194.13999938964844,34049900
2023-12-29,190.2110137939453,192.52999877929688,194.39999389648438,191.72999572753906,193.89999389648438,42672100
2024-01-02,183.40402221679688,185.63999938964844,188.44000244140625,183.88999938964844,187.14999389648438,82488700
2024-01-03,182.03073120117188,184.25,185.8800048828125,183.42999267578125,184.22000122070312,58414500
2024-01-04,179.7189483642578,181.91000366210938,183.08999633789062,180.8800048828125,182.14999389648438,71983600
2024-01-05,178.9977264404297,181.17999267578125,182.75999450683594,180.1699981689453,181.99000549316406,62379700
2024-01-08,183.3249969482422,185.55999755859375,185.60000610351562,181.5,182.08999633789062,59144500
2024-01-09,182.91004943847656,185.13999938964844,185.14999389648438,182.72999572753906,183.9199981689453,42841800
2024-01-10,183.94740295410156,186.19000244140625,186.39999389648438,183.9199981689453,184.35000610351562,46792900
2024-01-11,183.35459899902344,185.58999633789062,187.0500030517578,183.6199951171875,186.5399932861328,49128400
2024-01-12,183.68064880371094,185.9199981689453,186.74000549316406,185.19000244140625,186.05999755859375,40477800
2024-01-16,181.41824340820312,183.6300048828125,184.25999450683594,180.92999267578125,182.16000366210938,65603000
2024-01-17,180.4796600341797,182.67999267578125,182.92999267578125,180.3000030517578,181.27000427246094,47317400
2024-01-18,186.35801696777344,188.6300048828125,189.13999938964844,185.8300018310547,186.08999633789062,78005800
2024-01-19,189.25270080566406,191.55999755859375,191.9499969482422,188.82000732421875,189.3300018310547,68903000
2024-01-22,191.5546417236328,193.88999938964844,195.3300018310547,192.25999450683594,192.3000030517578,60133900
2024-01-23,192.8291015625,195.17999267578125,195.75,193.8300018310547,195.02000427246094,42355600
2024-01-24,192.1573028564453,194.5,196.3800048828125,194.33999633789062,195.4199981689453,53631300
2024-01-25,191.83128356933594,194.1699981689453,196.27000427246094,193.11000061035156,195.22000122070312,54822100
2024-01-26,190.10235595703125,192.4199981689453,194.75999450683594,191.94000244140625,194.27000427246094,44594000
2024-01-29,189.420654296875,191.72999572753906,192.1999969482422,189.5800018310547,192.00999450683594,47145600
2024-01-30,185.77511596679688,188.0399932861328,191.8000030517578,187.47000122070312,190.94000244140625,55859400
2024-01-31,182.17893981933594,184.39999389648438,187.10000610351562,184.35000610351562,187.0399932861328,55467800
2024-02-01,184.6093292236328,186.86000061035156,186.9499969482422,183.82000732421875,183.99000549316406,64885400
2024-02-02,183.61148071289062,185.85000610351562,187.3300018310547,179.25,179.86000061035156,102551700
2024-02-05,185.41944885253906,187.67999267578125,189.25,185.83999633789062,188.14999389648438,69668800
2024-02-06,187.01992797851562,189.3000030517578,189.30999755859375,186.77000427246094,186.86000061035156,43490800
2024-02-07,187.1286163330078,189.41000366210938,191.0500030517578,188.61000061035156,190.63999938964844,53439000
2024-02-08,186.05174255371094,188.32000732421875,189.5399932861328,187.35000610351562,189.38999938964844,40962000
2024-02-09,186.81344604492188,188.85000610351562,189.99000549316406,188.0,188.64999389648438,45155200
2024-02-12,185.13172912597656,187.14999389648438,188.6699981689453,186.7899932861328,188.4199981689453,41781900
2024-02-13,183.04452514648438,185.0399932861328,186.2100067138672,183.50999450683594,185.77000427246094,56529500
2024-02-14,182.16409301757812,184.14999389648438,185.52999877929688,182.44000244140625,185.32000732421875,54630500
2024-02-15,181.8772430419922,183.86000061035156,184.49000549316406,181.35000610351562,183.5500030517578,65434500
2024-02-16,180.34397888183594,182.30999755859375,184.85000610351562,181.6699981689453,183.4199981689453,49752500
2024-02-20,179.60203552246094,181.55999755859375,182.42999267578125,180.0,181.7899932861328,53665600
2024-02-21,180.35385131835938,182.32000732421875,182.88999938964844,180.66000366210938,181.94000244140625,41371400
2024-02-22,182.38177490234375,184.3699951171875,184.9600067138672,182.4600067138672,183.47999572753906,52292200
2024-02-23,180.55169677734375,182.52000427246094,185.0399932861328,182.22999572753906,185.00999450683594,45119700
2024-02-26,179.20635986328125,181.16000366210938,182.75999450683594,180.64999389648438,182.24000549316406,40867400
2024-02-27,180.6605224609375,182.6300048828125,183.9199981689453,179.55999755859375,181.10000610351562,54318900
2024-02-28,179.4635467529297,181.4199981689453,183.1199951171875,180.1300048828125,182.50999450683594,48953900
2024-02-29,178.80078125,180.75,182.57000732421875,179.52999877929688,181.27000427246094,136682600
2024-03-01,177.7225341796875,179.66000366210938,180.52999877929688,177.3800048828125,179.5500030517578,73563100
2024-03-04,173.21173095703125,175.10000610351562,176.89999389648438,173.7899932861328,176.14999389648438,81510100
2024-03-05,168.28538513183594,170.1199951171875,172.0399932861328,169.6199951171875,170.75999450683594,95132400
2024-03-06,167.2961883544922,169.1199951171875,171.24000549316406,168.67999267578125,171.05999755859375,68587700
2024-03-07,167.17745971679688,169.0,170.72999572753906,168.49000549316406,169.14999389648438,71765100
2024-03-08,168.8888397216797,170.72999572753906,173.6999969482422,168.94000244140625,169.0,76267000
2024-03-11,170.8870391845703,172.75,174.3800048828125,172.0500030517578,172.94000244140625,60139500
2024-03-12,171.3618621826172,173.22999572753906,174.02999877929688,171.00999450683594,173.14999389648438,59825400
2024-03-13,169.28453063964844,171.1300048828125,173.19000244140625,170.75999450683594,172.77000427246094,52488700
2024-03-14,171.13433837890625,173.0,174.30999755859375,172.0500030517578,172.91000366210938,72913500
2024-03-15,170.75843811035156,172.6199951171875,172.6199951171875,170.2899932861328,171.1699981689453,121752700
2024-03-18,171.8466033935547,173.72000122070312,177.7100067138672,173.52000427246094,175.57000732421875,75604200
2024-03-19,174.18115234375,176.0800018310547,176.61000061035156,173.02999877929688,174.33999633789062,55215200
2024-03-20,176.7432098388672,178.6699981689453,178.6699981689453,175.08999633789062,175.72000122070312,53423100
2024-03-21,169.5219268798828,171.3699951171875,177.49000549316406,170.83999633789062,177.0500030517578,106181300
2024-03-22,170.42210388183594,172.27999877929688,173.0500030517578,170.05999755859375,171.75999450683594,71160100
2024-03-25,169.00753784179688,170.85000610351562,171.94000244140625,169.4499969482422,170.57000732421875,54288300
2024-03-26,167.8798370361328,169.7100067138672,171.4199981689453,169.5800018310547,170.0,57388400
2024-03-27,171.4409942626953,173.30999755859375,173.60000610351562,170.11000061035156,170.41000366210938,60273300
2024-03-28,169.6307373046875,171.47999572753906,172.22999572753906,170.50999450683594,171.75,65672700
2024-04-01,168.1963653564453,170.02999877929688,171.25,169.47999572753906,171.19000244140625,46240500
2024-04-02,167.01919555664062,168.83999633789062,169.33999633789062,168.22999572753906,169.0800018310547,49329500
2024-04-03,167.8204803466797,169.64999389648438,170.67999267578125,168.5800018310547,168.7899932861328,47691700
2024-04-04,166.99945068359375,168.82000732421875,171.9199981689453,168.82000732421875,170.2899932861328,53704400
2024-04-05,167.75123596191406,169.5800018310547,170.38999938964844,168.9499969482422,169.58999633789062,42104800
2024-04-08,166.63340759277344,168.4499969482422,169.1999969482422,168.24000549316406,169.02999877929688,37425500
2024-04-09,167.84027099609375,169.6699981689453,170.0800018310547,168.35000610351562,168.6999969482422,42373800
2024-04-10,165.97064208984375,167.77999877929688,169.08999633789062,167.11000061035156,168.8000030517578,49709300
2024-04-11,173.15235900878906,175.0399932861328,175.4600067138672,168.16000366210938,168.33999633789062,91070300
2024-04-12,174.6460723876953,176.5500030517578,178.36000061035156,174.2100067138672,174.25999450683594,101670900
2024-04-15,170.82769775390625,172.69000244140625,176.6300048828125,172.5,175.36000061035156,73531800
2024-04-16,167.55340576171875,169.3800048828125,173.75999450683594,168.27000427246094,171.75,73711200
2024-04-17,166.18826293945312,168.0,170.64999389648438,168.0,169.61000061035156,50901200
2024-04-18,165.23863220214844,167.0399932861328,168.63999938964844,166.5500030517578,168.02999877929688,43122900
2024-04-19,163.2206573486328,165.0,166.39999389648438,164.0800018310547,166.2100067138672,68149400
2024-04-22,164.05154418945312,165.83999633789062,167.25999450683594,164.77000427246094,165.52000427246094,48116400
2024-04-23,165.1001739501953,166.89999389648438,167.0500030517578,164.9199981689453,165.35000610351562,49537800
2024-04-24,167.19728088378906,169.02000427246094,169.3000030517578,166.2100067138672,166.5399932861328,48251800
2024-04-25,168.05789184570312,169.88999938964844,170.61000061035156,168.14999389648438,169.52999877929688,50558300
2024-04-26,167.47425842285156,169.3000030517578,171.33999633789062,169.17999267578125,169.8800048828125,44838400
2024-04-29,171.6289825439453,173.5,176.02999877929688,173.10000610351562,173.3699951171875,68169400
2024-04-30,168.49313354492188,170.3300018310547,174.99000549316406,170.0,173.3300018310547,65934800
2024-05-01,167.47425842285156,169.3000030517578,172.7100067138672,169.11000061035156,169.5800018310547,50383100
2024-05-02,171.1640167236328,173.02999877929688,173.4199981689453,170.88999938964844,172.50999450683594,94214900
2024-05-03,181.40240478515625,183.3800048828125,187.0,182.66000366210938,186.64999389648438,163224100
2024-05-06,179.75042724609375,181.7100067138672,184.1999969482422,180.4199981689453,182.35000610351562,78569700
2024-05-07,180.43296813964844,182.39999389648438,184.89999389648438,181.32000732421875,183.4499969482422,77305800
2024-05-08,180.76930236816406,182.74000549316406,183.07000732421875,181.4499969482422,182.85000610351562,45057100
2024-05-09,182.57958984375,184.57000732421875,184.66000366210938,182.11000061035156,182.55999755859375,48983000
2024-05-10,181.32156372070312,183.0500030517578,185.08999633789062,182.1300048828125,184.89999389648438,50759500
2024-05-13,184.5210723876953,186.27999877929688,187.10000610351562,184.6199951171875,185.44000244140625,72044800
2024-05-14,185.66018676757812,187.42999267578125,188.3000030517578,186.2899932861328,187.50999450683594,52393600
2024-05-15,187.9285888671875,189.72000122070312,190.64999389648438,187.3699951171875,187.91000366210938,70400000
2024-05-16,188.04747009277344,189.83999633789062,191.10000610351562,189.66000366210938,190.47000122070312,52845200
2024-05-17,188.07716369628906,189.8699951171875,190.80999755859375,189.17999267578125,189.50999450683594,41282900
2024-05-20,189.23611450195312,191.0399932861328,191.9199981689453,189.00999450683594,189.3300018310547,44361300
2024-05-21,190.53378295898438,192.35000610351562,192.72999572753906,190.9199981689453,191.08999633789062,42309400
2024-05-22,189.0974578857422,190.89999389648438,192.82000732421875,190.27000427246094,192.27000427246094,34648500
2024-05-23,185.1154022216797,186.8800048828125,191.0,186.6300048828125,190.97999572753906,51005900
2024-05-24,188.18614196777344,189.97999572753906,190.5800018310547,188.0399932861328,188.82000732421875,36327000
2024-05-28,188.19607543945312,189.99000549316406,193.0,189.10000610351562,191.50999450683594,52280100
2024-05-29,188.49317932128906,190.2899932861328,192.25,189.50999450683594,189.61000061035156,53068000
2024-05-30,189.4837646484375,191.2899932861328,192.17999267578125,190.6300048828125,190.75999450683594,49889100
2024-05-31,190.43470764160156,192.25,192.57000732421875,189.91000366210938,191.44000244140625,75158300
2024-06-03,192.19790649414062,194.02999877929688,194.99000549316406,192.52000427246094,192.89999389648438,50080500
2024-06-04,192.51486206054688,194.35000610351562,195.32000732421875,193.02999877929688,194.63999938964844,47471400
2024-06-05,194.0205078125,195.8699951171875,196.89999389648438,194.8699951171875,195.39999389648438,54156800
2024-06-06,192.64366149902344,194.47999572753906,196.5,194.1699981689453,195.69000244140625,41181800
2024-06-07,195.03085327148438,196.88999938964844,196.94000244140625,194.13999938964844,194.64999389648438,53103900
2024-06-10,191.2965087890625,193.1199951171875,197.3000030517578,192.14999389648438,196.89999389648438,97010200
2024-06-11,205.1940155029297,207.14999389648438,207.16000366210938,193.6300048828125,193.64999389648438,172373300
2024-06-12,211.05812072753906,213.07000732421875,220.1999969482422,206.89999389648438,207.3699951171875,198134300
2024-06-13,212.21707153320312,214.24000549316406,216.75,211.60000610351562,214.74000549316406,97862700
2024-06-14,210.48358154296875,212.49000549316406,215.1699981689453,211.3000030517578,213.85000610351562,70122700
2024-06-17,214.62411499023438,216.6699981689453,218.9499969482422,212.72000122070312,213.3699951171875,93728300
2024-06-18,212.26658630371094,214.2899932861328,218.6300048828125,213.0,217.58999633789062,79943300
2024-06-20,207.70010375976562,209.67999267578125,214.24000549316406,208.85000610351562,213.92999267578125,86172500
2024-06-21,205.53082275390625,207.49000549316406,211.88999938964844,207.11000061035156,210.38999938964844,241805100
2024-06-24,206.17465209960938,208.13999938964844,212.6999969482422,206.58999633789062,207.72000122070312,80727000
2024-06-25,207.09588623046875,209.07000732421875,211.3800048828125,208.61000061035156,209.14999389648438,55549700
2024-06-26,211.23641967773438,213.25,214.86000061035156,210.63999938964844,211.5,66213200
2024-06-27,212.07838439941406,214.10000610351562,215.74000549316406,212.35000610351562,214.69000244140625,49772700
2024-06-28,208.63124084472656,210.6199951171875,216.07000732421875,210.3000030517578,215.77000427246094,82542700
2024-07-01,214.70335388183594,216.75,217.50999450683594,211.9199981689453,212.08999633789062,60402900
2024-07-02,218.19015502929688,220.27000427246094,220.3800048828125,215.10000610351562,216.14999389648438,58046200
2024-07-03,219.45803833007812,221.5500030517578,221.5500030517578,219.02999877929688,220.0,37369800
2024-07-05,224.20281982421875,226.33999633789062,226.4499969482422,221.64999389648438,221.64999389648438,60412400
2024-07-08,225.6688690185547,227.82000732421875,227.85000610351562,223.25,227.08999633789062,59085900
2024-07-09,226.5207061767578,228.67999267578125,229.39999389648438,226.3699951171875,227.92999267578125,48076100
2024-07-10,230.78009033203125,232.97999572753906,233.0800018310547,229.25,229.3000030517578,62627700
2024-07-11,225.42120361328125,227.57000732421875,232.38999938964844,225.77000427246094,231.38999938964844,64710600
2024-07-12,228.36314392089844,230.5399932861328,232.63999938964844,228.67999267578125,228.9199981689453,53046500
2024-07-15,232.1867218017578,234.39999389648438,237.22999572753906,233.08999633789062,236.47999572753906,62631300
2024-07-16,232.60275268554688,234.82000732421875,236.27000427246094,232.3300018310547,235.0,43234300
2024-07-17,226.71884155273438,228.8800048828125,231.4600067138672,226.63999938964844,229.4499969482422,57345900
2024-07-18,222.06321716308594,224.17999267578125,230.44000244140625,222.27000427246094,230.27999877929688,66034600
2024-07-19,222.19200134277344,224.30999755859375,226.8000030517578,223.27999877929688,224.82000732421875,49151500
2024-07-22,221.8452911376953,223.9600067138672,227.77999877929688,223.08999633789062,227.00999450683594,48201800
2024-07-23,222.8853759765625,225.00999450683594,226.94000244140625,222.67999267578125,224.3699951171875,39960300
2024-07-24,216.47645568847656,218.5399932861328,224.8000030517578,217.1300048828125,224.0,61777600
2024-07-25,215.43638610839844,217.49000549316406,220.85000610351562,214.6199951171875,218.92999267578125,51391200
2024-07-26,215.90194702148438,217.9600067138672,219.49000549316406,216.00999450683594,218.6999969482422,41601300
2024-07-29,216.1793212890625,218.24000549316406,219.3000030517578,215.75,216.9600067138672,36311800
2024-07-30,216.73402404785156,218.8000030517578,220.3300018310547,216.1199951171875,219.19000244140625,41643800
2024-07-31,219.9830322265625,222.0800018310547,223.82000732421875,220.6300048828125,221.44000244140625,50036300
2024-08-01,216.2981414794922,218.36000061035156,224.47999572753906,217.02000427246094,224.3699951171875,62501000
2024-08-02,217.7840118408203,219.86000061035156,225.60000610351562,217.7100067138672,219.14999389648438,105568600
2024-08-05,207.2939910888672,209.27000427246094,213.5,196.0,199.08999633789062,119548600
2024-08-06,205.27325439453125,207.22999572753906,209.99000549316406,201.07000732421875,205.3000030517578,69660500
2024-08-07,207.8388214111328,209.82000732421875,213.63999938964844,206.38999938964844,206.89999389648438,63516400
2024-08-08,211.29586791992188,213.30999755859375,214.1999969482422,208.8300018310547,213.11000061035156,47161100
2024-08-09,214.19821166992188,216.24000549316406,216.77999877929688,211.97000122070312,212.10000610351562,42201600
2024-08-12,215.7254180908203,217.52999877929688,219.50999450683594,215.60000610351562,216.07000732421875,38028100
2024-08-13,219.4344024658203,221.27000427246094,221.88999938964844,219.00999450683594,219.00999450683594,44155300
2024-08-14,219.8806610107422,221.72000122070312,223.02999877929688,219.6999969482422,220.57000732421875,41960600
2024-08-15,222.85577392578125,224.72000122070312,225.35000610351562,222.75999450683594,224.60000610351562,46414000
2024-08-16,224.17474365234375,226.0500030517578,226.8300018310547,223.64999389648438,223.9199981689453,44340200
2024-08-19,224.0160675048828,225.88999938964844,225.99000549316406,223.0399932861328,225.72000122070312,40687800
2024-08-20,224.6309356689453,226.50999450683594,227.1699981689453,225.4499969482422,225.77000427246094,30299000
2024-08-21,224.52182006835938,226.39999389648438,227.97999572753906,225.0500030517578,226.52000427246094,34765500
2024-08-22,222.66734313964844,224.52999877929688,228.33999633789062,223.89999389648438,227.7899932861328,43695300
2024-08-23,224.9581756591797,226.83999633789062,228.22000122070312,224.3300018310547,225.66000366210938,38677300
2024-08-26,225.2953643798828,227.17999267578125,227.27999877929688,223.88999938964844,226.75999450683594,30602200
2024-08-27,226.13832092285156,228.02999877929688,228.85000610351562,224.88999938964844,226.0,35934600
2024-08-28,224.61109924316406,226.49000549316406,229.86000061035156,225.67999267578125,227.9199981689453,38052200
2024-08-29,227.8837127685547,229.7899932861328,232.9199981689453,228.8800048828125,230.10000610351562,51906300
2024-08-30,227.10025024414062,229.0,230.39999389648438,227.47999572753906,230.19000244140625,52990800
2024-09-03,220.9219512939453,222.77000427246094,229.0,221.1699981689453,228.5500030517578,50190600
2024-09-04,219.01785278320312,220.85000610351562,221.77999877929688,217.47999572753906,221.66000366210938,43840200
2024-09-05,220.5352020263672,222.3800048828125,225.47999572753906,221.52000427246094,221.6300048828125,36615400
2024-09-06,218.98812866210938,220.82000732421875,225.24000549316406,219.77000427246094,223.9499969482422,48423000
2024-09-09,219.07736206054688,220.91000366210938,221.27000427246094,216.7100067138672,220.82000732421875,67180000
2024-09-10,218.28399658203125,220.11000061035156,221.47999572753906,216.72999572753906,218.9199981689453,51591000
2024-09-11,220.81288146972656,222.66000366210938,223.08999633789062,217.88999938964844,221.4600067138672,44587100
2024-09-12,220.9219512939453,222.77000427246094,223.5500030517578,219.82000732421875,222.5,37455600
2024-09-13,220.65419006347656,222.5,224.0399932861328,221.91000366210938,223.5800018310547,36766600
2024-09-16,214.5254669189453,216.32000732421875,217.22000122070312,213.9199981689453,216.5399932861328,59357400
2024-09-17,214.99154663085938,216.7899932861328,216.89999389648438,214.5,215.75,45519300
2024-09-18,218.85919189453125,220.69000244140625,222.7100067138672,217.5399932861328,217.5500030517578,59894900
2024-09-19,226.97134399414062,228.8699951171875,229.82000732421875,224.6300048828125,224.99000549316406,66781300
2024-09-20,226.30686950683594,228.1999969482422,233.08999633789062,227.6199951171875,229.97000122070312,318679900
2024-09-23,224.59124755859375,226.47000122070312,229.4499969482422,225.80999755859375,227.33999633789062,54146000
2024-09-24,225.4837646484375,227.3699951171875,229.35000610351562,225.72999572753906,228.64999389648438,43556100
2024-09-25,224.49208068847656,226.3699951171875,227.2899932861328,224.02000427246094,224.92999267578125,42308700
2024-09-26,225.63255310058594,227.52000427246094,228.5,225.41000366210938,227.3000030517578,36636700
2024-09-27,225.90029907226562,227.7899932861328,229.52000427246094,227.3000030517578,228.4600067138672,34026000
2024-09-30,231.06707763671875,233.0,233.0,229.64999389648438,230.0399932861328,54541900
2024-10-01,224.33343505859375,226.2100067138672,229.64999389648438,223.74000549316406,229.52000427246094,63285000
2024-10-02,224.898681640625,226.77999877929688,227.3699951171875,223.02000427246094,225.88999938964844,32880600
2024-10-03,223.79788208007812,225.6699981689453,226.80999755859375,223.32000732421875,225.13999938964844,34044200
2024-10-04,224.9185028076172,226.8000030517578,228.0,224.1300048828125,227.89999389648438,37245100
2024-10-07,219.85089111328125,221.69000244140625,225.69000244140625,221.3300018310547,224.5,39505400
2024-10-08,223.8970489501953,225.77000427246094,225.97999572753906,223.25,224.3000030517578,31855700
2024-10-09,227.63577270507812,229.5399932861328,229.75,224.8300018310547,225.22999572753906,33591100
2024-10-10,227.13992309570312,229.0399932861328,229.5,227.1699981689453,227.77999877929688,28183500
2024-10-11,225.66229248046875,227.5500030517578,229.41000366210938,227.33999633789062,229.3000030517578,31759200
2024-10-14,229.3811798095703,231.3000030517578,231.72999572753906,228.60000610351562,228.6999969482422,39882100
2024-10-15,231.9100341796875,233.85000610351562,237.49000549316406,232.3699951171875,233.61000061035156,64751400
2024-10-16,229.85719299316406,231.77999877929688,232.1199951171875,229.83999633789062,231.60000610351562,34082200
2024-10-17,230.22413635253906,232.14999389648438,233.85000610351562,230.52000427246094,233.42999267578125,32993800
2024-10-18,233.05047607421875,235.0,236.17999267578125,234.00999450683594,236.17999267578125,46431500
2024-10-21,234.51820373535156,236.47999572753906,236.85000610351562,234.4499969482422,234.4499969482422,36254500
2024-10-22,233.90335083007812,235.86000061035156,236.22000122070312,232.60000610351562,233.88999938964844,38846600
2024-10-23,228.8456573486328,230.75999450683594,235.13999938964844,227.75999450683594,234.0800018310547,52287000
2024-10-24,228.65724182128906,230.57000732421875,230.82000732421875,228.41000366210938,229.97999572753906,31109500
2024-10-25,229.49026489257812,231.41000366210938,233.22000122070312,229.57000732421875,229.74000549316406,38802300
2024-10-28,231.4637451171875,233.39999389648438,234.72999572753906,232.5500030517578,233.32000732421875,36087100
2024-10-29,231.7315216064453,233.6699981689453,234.3300018310547,232.32000732421875,233.10000610351562,35417200
2024-10-30,228.1911163330078,230.10000610351562,233.47000122070312,229.5500030517578,232.61000061035156,47070900
2024-10-31,224.035888671875,225.91000366210938,229.8300018310547,225.3699951171875,229.33999633789062,64370100
2024-11-01,221.06077575683594,222.91000366210938,225.35000610351562,220.27000427246094,220.97000122070312,65276700
2024-11-04,220.16822814941406,222.00999450683594,222.7899932861328,219.7100067138672,220.99000549316406,44944500
2024-11-05,221.59628295898438,223.4499969482422,223.9499969482422,221.13999938964844,221.8000030517578,28111300
2024-11-06,220.87234497070312,222.72000122070312,226.07000732421875,221.19000244140625,222.61000061035156,54561100
2024-11-07,225.59286499023438,227.47999572753906,227.8800048828125,224.57000732421875,224.6300048828125,42137700
2024-11-08,225.32481384277344,226.9600067138672,228.66000366210938,226.41000366210938,227.1699981689453,38328800
2024-11-11,222.61448669433594,224.22999572753906,225.6999969482422,221.5,225.0,42005600
2024-11-12,222.61448669433594,224.22999572753906,225.58999633789062,223.36000061035156,224.5500030517578,40398300
2024-11-13,223.498046875,225.1199951171875,226.64999389648438,222.75999450683594,224.00999450683594,48566200
2024-11-14,226.57574462890625,228.22000122070312,228.8699951171875,225.0,225.02000427246094,44923900
2024-11-15,223.3789520263672,225.0,226.9199981689453,224.27000427246094,226.39999389648438,47923700
2024-11-18,226.37718200683594,228.02000427246094,229.74000549316406,225.1699981689453,225.25,44633700
2024-11-19,226.63528442382812,228.27999877929688,230.16000366210938,226.66000366210938,226.97999572753906,36211800
2024-11-20,227.35011291503906,229.0,229.92999267578125,225.88999938964844,228.05999755859375,35169600
2024-11-21,226.8735809326172,228.52000427246094,230.16000366210938,225.7100067138672,228.8800048828125,42108300
2024-11-22,228.21383666992188,229.8699951171875,230.72000122070312,228.05999755859375,228.05999755859375,38168300
2024-11-25,231.1922149658203,232.8699951171875,233.25,229.74000549316406,231.4600067138672,90152800
2024-11-26,233.366455078125,235.05999755859375,235.57000732421875,233.3300018310547,233.3300018310547,45986200
2024-11-27,233.23736572265625,234.92999267578125,235.69000244140625,233.80999755859375,234.47000122070312,33498400
2024-11-29,235.6201171875,237.3300018310547,237.80999755859375,233.97000122070312,234.80999755859375,28481400
2024-12-02,237.86383056640625,239.58999633789062,240.7899932861328,237.16000366210938,237.27000427246094,48137100
2024-12-03,240.90176391601562,242.64999389648438,242.75999450683594,238.89999389648438,239.80999755859375,38861000
2024-12-04,241.25918579101562,243.00999450683594,244.11000061035156,241.25,242.8699951171875,44383900
2024-12-05,241.28895568847656,243.0399932861328,244.5399932861328,242.1300048828125,243.99000549316406,40033900
2024-12-06,241.0904083251953,242.83999633789062,244.6300048828125,242.0800018310547,242.91000366210938,36870600
2024-12-09,244.97222900390625,246.75,247.24000549316406,241.75,241.8300018310547,44649200
2024-12-10,245.98486328125,247.77000427246094,248.2100067138672,245.33999633789062,246.88999938964844,36914800
2024-12-11,244.714111328125,246.49000549316406,250.8000030517578,246.25999450683594,247.9600067138672,45205800
2024-12-12,246.1735076904297,247.9600067138672,248.74000549316406,245.67999267578125,246.88999938964844,32777500
2024-12-13,246.34231567382812,248.1300048828125,249.2899932861328,246.24000549316406,247.82000732421875,33155300
2024-12-16,249.23130798339844,251.0399932861328,251.3800048828125,247.64999389648438,247.99000549316406,51694800
2024-12-17,251.65374755859375,253.47999572753906,253.8300018310547,249.77999877929688,250.0800018310547,51356400
2024-12-18,246.2628631591797,248.0500030517578,254.27999877929688,247.74000549316406,252.16000366210938,56774100
2024-12-19,247.9903106689453,249.7899932861328,252.0,247.08999633789062,247.5,60882300
2024-12-20,252.65646362304688,254.49000549316406,255.0,245.69000244140625,248.0399932861328,147495300
2024-12-23,253.4308319091797,255.27000427246094,255.64999389648438,253.4499969482422,254.77000427246094,40858800
2024-12-24,256.3397521972656,258.20001220703125,258.2099914550781,255.2899932861328,255.49000549316406,23234700
2024-12-26,257.1537780761719,259.0199890136719,260.1000061035156,257.6300048828125,258.19000244140625,27237100
2024-12-27,253.74853515625,255.58999633789062,258.70001220703125,253.05999755859375,257.8299865722656,42355300
2024-12-30,250.38296508789062,252.1999969482422,253.5,250.75,252.22999572753906,35557500
2024-12-31,248.61581420898438,250.4199981689453,253.27999877929688,249.42999267578125,252.44000244140625,39480700
2025-01-02,242.09315490722656,243.85000610351562,249.10000610351562,241.82000732421875,248.92999267578125,55740700
2025-01-03,241.60667419433594,243.36000061035156,244.17999267578125,241.88999938964844,243.36000061035156,40244100
2025-01-06,243.23483276367188,245.0,247.3300018310547,243.1999969482422,244.30999755859375,45045600
2025-01-07,240.46493530273438,242.2100067138672,245.5500030517578,241.35000610351562,242.97999572753906,40856000
2025-01-08,240.95140075683594,242.6999969482422,243.7100067138672,240.0500030517578,241.9199981689453,37628900
2025-01-10,235.14358520507812,236.85000610351562,240.16000366210938,233.0,240.00999450683594,61710900
2025-01-13,232.7112274169922,234.39999389648438,234.6699981689453,229.72000122070312,233.52999877929688,49630700
2025-01-14,231.59927368164062,233.27999877929688,236.1199951171875,232.47000122070312,234.75,39435300
2025-01-15,236.1562042236328,237.8699951171875,238.9600067138672,234.42999267578125,234.63999938964844,39832000
2025-01-16,226.61544799804688,228.25999450683594,238.00999450683594,228.02999877929688,237.35000610351562,71759100
2025-01-17,228.32305908203125,229.97999572753906,232.2899932861328,228.47999572753906,232.1199951171875,68488300
2025-01-21,221.0359344482422,222.63999938964844,224.4199981689453,219.3800048828125,224.0,98070400
2025-01-22,222.21737670898438,223.8300018310547,224.1199951171875,219.7899932861328,219.7899932861328,64126500
2025-01-23,222.04859924316406,223.66000366210938,227.02999877929688,222.3000030517578,224.74000549316406,60234800
2025-01-24,221.1749267578125,222.77999877929688,225.6300048828125,221.41000366210938,224.77999877929688,54697900
2025-01-27,228.2039337158203,229.86000061035156,232.14999389648438,223.97999572753906,224.02000427246094,94863400
2025-01-28,236.5434112548828,238.25999450683594,240.19000244140625,230.80999755859375,230.85000610351562,75707600
2025-01-29,237.63546752929688,239.36000061035156,239.86000061035156,234.00999450683594,234.1199951171875,45486100
2025-01-30,235.8782196044922,237.58999633789062,240.7899932861328,237.2100067138672,238.6699981689453,55658300
2025-01-31,234.29969787597656,236.0,247.19000244140625,233.44000244140625,247.19000244140625,100959800
2025-02-03,226.36724853515625,228.00999450683594,231.8300018310547,225.6999969482422,229.99000549316406,73063300
2025-02-04,231.12274169921875,232.8000030517578,233.1300048828125,226.64999389648438,227.25,45067300
2025-02-05,230.7951202392578,232.47000122070312,232.6699981689453,228.27000427246094,228.52999877929688,39620300
2025-02-06,231.5397186279297,233.22000122070312,233.8000030517578,230.42999267578125,231.2899932861328,29925300
2025-02-07,225.99000549316406,227.6300048828125,234.0,227.25999450683594,232.60000610351562,39707200
2025-02-10,226.25831604003906,227.64999389648438,230.58999633789062,227.1999969482422,229.57000732421875,33115600
2025-02-11,231.19793701171875,232.6199951171875,235.22999572753906,228.1300048828125,228.1999969482422,53718400
2025-02-12,235.42196655273438,236.8699951171875,236.9600067138672,230.67999267578125,231.1999969482422,45243300
2025-02-13,240.053466796875,241.52999877929688,242.33999633789062,235.57000732421875,236.91000366210938,53614100
2025-02-14,243.10472106933594,244.60000610351562,245.5500030517578,240.99000549316406,241.25,40896200
2025-02-18,242.97552490234375,244.47000122070312,245.17999267578125,241.83999633789062,244.14999389648438,48822500
2025-02-19,243.373046875,244.8699951171875,246.00999450683594,243.16000366210938,244.66000366210938,32204200
2025-02-20,244.32720947265625,245.8300018310547,246.77999877929688,244.2899932861328,244.94000244140625,32316900
2025-02-21,244.04891967773438,245.5500030517578,248.69000244140625,245.22000122070312,245.9499969482422,53197400
2025-02-24,245.58944702148438,247.10000610351562,248.86000061035156,244.4199981689453,244.92999267578125,51326400
2025-02-25,245.52980041503906,247.0399932861328,250.0,244.91000366210938,248.0,48013300
2025-02-26,238.89064025878906,240.36000061035156,244.97999572753906,239.1300048828125,244.3300018310547,44433600
2025-02-27,235.84934997558594,237.3000030517578,242.4600067138672,237.05999755859375,239.41000366210938,41153600
2025-02-28,240.36158752441406,241.83999633789062,242.08999633789062,230.1999969482422,236.9499969482422,56833400
2025-03-03,236.5748748779297,238.02999877929688,244.02999877929688,236.11000061035156,241.7899932861328,47184000
2025-03-04,234.4877166748047,235.92999267578125,240.07000732421875,234.67999267578125,237.7100067138672,53798100
2025-03-05,234.29888916015625,235.74000549316406,236.5500030517578,229.22999572753906,235.4199981689453,47227600
2025-03-06,233.8914031982422,235.3300018310547,237.86000061035156,233.16000366210938,234.44000244140625,45170400
2025-03-07,237.60853576660156,239.07000732421875,241.3699951171875,234.75999450683594,235.11000061035156,46273600
2025-03-10,226.08937072753906,227.47999572753906,236.16000366210938,224.22000122070312,235.5399932861328,72071200
2025-03-11,219.48995971679688,220.83999633789062,225.83999633789062,217.4499969482422,223.80999755859375,76137400
2025-03-12,215.65353393554688,216.97999572753906,221.75,214.91000366210938,220.13999938964844,62547500
2025-03-13,208.39817810058594,209.67999267578125,216.83999633789062,208.4199981689453,215.9499969482422,61368300
2025-03-14,212.18490600585938,213.49000549316406,213.9499969482422,209.5800018310547,211.25,60107600
2025-03-17,212.6917724609375,214.0,215.22000122070312,209.97000122070312,213.30999755859375,48073400
2025-03-18,211.38978576660156,212.69000244140625,215.14999389648438,211.49000549316406,214.16000366210938,42432400
2025-03-19,213.92420959472656,215.24000549316406,218.75999450683594,213.75,214.22000122070312,54385400
2025-03-20,212.79116821289062,214.10000610351562,217.49000549316406,212.22000122070312,213.99000549316406,48862900
2025-03-21,216.93569946289062,218.27000427246094,218.83999633789062,211.27999877929688,211.55999755859375,94127800
2025-03-24,219.38063049316406,220.72999572753906,221.47999572753906,218.5800018310547,221.0,44299500
2025-03-25,222.38218688964844,223.75,224.10000610351562,220.0800018310547,220.77000427246094,34493600
2025-03-26,220.17575073242188,221.52999877929688,225.02000427246094,220.47000122070312,223.50999450683594,34466100
2025-03-27,222.48158264160156,223.85000610351562,224.99000549316406,220.55999755859375,221.38999938964844,37094800
2025-03-28,216.56793212890625,217.89999389648438,223.80999755859375,217.67999267578125,221.6699981689453,39818600
2025-03-31,220.77207946777344,222.1300048828125,225.6199951171875,216.22999572753906,217.00999450683594,65299300
2025-04-01,221.8256072998047,223.19000244140625,223.67999267578125,218.89999389648438,219.80999755859375,36412700
2025-04-02,222.52133178710938,223.88999938964844,225.19000244140625,221.02000427246094,221.32000732421875,35905900
2025-04-03,201.94786071777344,203.19000244140625,207.49000549316406,201.25,205.5399932861328,103419000
2025-04-04,187.22840881347656,188.3800048828125,199.8800048828125,187.33999633789062,193.88999938964844,125910900
2025-04-07,180.35069274902344,181.4600067138672,194.14999389648438,174.6199951171875,177.1999969482422,160466300
2025-04-08,171.36595153808594,172.4199981689453,190.33999633789062,169.2100067138672,186.6999969482422,120859500
2025-04-09,197.6343994140625,198.85000610351562,200.61000061035156,171.88999938964844,171.9499969482422,184395900
2025-04-10,189.2559356689453,190.4199981689453,194.77999877929688,183.0,189.07000732421875,121880000
2025-04-11,196.9386444091797,198.14999389648438,199.5399932861328,186.05999755859375,186.10000610351562,87435900
2025-04-14,201.28196716308594,202.52000427246094,212.94000244140625,201.16000366210938,211.44000244140625,101352900
2025-04-15,200.90426635742188,202.13999938964844,203.50999450683594,199.8000030517578,201.86000061035156,51343900
2025-04-16,193.08238220214844,194.27000427246094,200.6999969482422,192.3699951171875,198.36000061035156,59732400
2025-04-17,195.7758331298828,196.97999572753906,198.8300018310547,194.4199981689453,197.1999969482422,52164700
2025-04-21,191.97918701171875,193.16000366210938,193.8000030517578,189.80999755859375,193.27000427246094,46742500
2025-04-22,198.5189666748047,199.74000549316406,201.58999633789062,195.97000122070312,196.1199951171875,52976400
2025-04-23,203.3492431640625,204.60000610351562,208.0,202.8000030517578,206.0,52929200
2025-04-24,207.09619140625,208.3699951171875,208.8300018310547,202.94000244140625,204.88999938964844,47311000
2025-04-25,208.00064086914062,209.27999877929688,209.75,206.1999969482422,206.3699951171875,38222300
2025-04-28,208.85537719726562,210.13999938964844,211.5,207.4600067138672,210.0,38743100
2025-04-29,209.9188690185547,211.2100067138672,212.24000549316406,208.3699951171875,208.69000244140625,36827600
2025-04-30,211.20094299316406,212.5,213.5800018310547,206.6699981689453,209.3000030517578,52286500
2025-05-01,212.01596069335938,213.32000732421875,214.55999755859375,208.89999389648438,209.0800018310547,57365700
2025-05-02,204.0946807861328,205.35000610351562,206.99000549316406,202.16000366210938,206.08999633789062,101010600
2025-05-05,197.67416381835938,198.88999938964844,204.10000610351562,198.2100067138672,203.10000610351562,69018500
2025-05-06,197.29647827148438,198.50999450683594,200.64999389648438,197.02000427246094,198.2100067138672,51216500
2025-05-07,195.05026245117188,196.25,199.44000244140625,193.25,199.1699981689453,68536700
2025-05-08,196.28271484375,197.49000549316406,200.0500030517578,194.67999267578125,197.72000122070312,50478900
2025-05-09,197.3163604736328,198.52999877929688,200.5399932861328,197.5399932861328,199.0,36453900
2025-05-12,209.77613830566406,210.7899932861328,211.27000427246094,206.75,210.97000122070312,63775800
2025-05-13,211.90585327148438,212.92999267578125,213.39999389648438,209.0,210.42999267578125,51909300
2025-05-14,211.3087158203125,212.3300018310547,213.94000244140625,210.5800018310547,212.42999267578125,49325800
2025-05-15,210.43295288085938,211.4499969482422,212.9600067138672,209.5399932861328,210.9499969482422,45029500
2025-05-16,210.24386596679688,211.25999450683594,212.57000732421875,209.77000427246094,212.36000061035156,54737900
2025-05-19,207.77578735351562,208.77999877929688,209.47999572753906,204.25999450683594,207.91000366210938,46140500
2025-05-20,205.8650360107422,206.86000061035156,208.47000122070312,205.02999877929688,207.6699981689453,42496600
2025-05-21,201.11798095703125,202.08999633789062,207.0399932861328,200.7100067138672,205.1699981689453,59211800
2025-05-22,200.39149475097656,201.36000061035156,202.75,199.6999969482422,200.7100067138672,46742400
2025-05-23,194.33079528808594,195.27000427246094,197.6999969482422,193.4600067138672,193.6699981689453,78432900
2025-05-27,199.2470245361328,200.2100067138672,200.74000549316406,197.42999267578125,198.3000030517578,56288500
2025-05-28,199.45602416992188,200.4199981689453,202.72999572753906,199.89999389648438,200.58999633789062,45339700
2025-05-29,198.98825073242188,199.9499969482422,203.80999755859375,198.50999450683594,203.5800018310547,51396800
2025-05-30,199.88392639160156,200.85000610351562,201.9600067138672,196.77999877929688,199.3699951171875,70819900
2025-06-02,200.72984313964844,201.6999969482422,202.1300048828125,200.1199951171875,200.27999877929688,35423300
2025-06-03,202.29229736328125,203.27000427246094,203.77000427246094,200.9600067138672,201.35000610351562,46381600
2025-06-04,201.844482421875,202.82000732421875,206.24000549316406,202.10000610351562,202.91000366210938,43604000
2025-06-05,199.66502380371094,200.6300048828125,204.75,200.14999389648438,203.5,55126100
2025-06-06,202.93917846679688,203.9199981689453,205.6999969482422,202.0500030517578,203.0,46607700
2025-06-09,200.48104858398438,201.4499969482422,206.0,200.02000427246094,204.38999938964844,72862600
2025-06-10,201.6951904296875,202.6699981689453,204.35000610351562,200.57000732421875,200.60000610351562,54672600
2025-06-11,197.8238983154297,198.77999877929688,204.5,198.41000366210938,203.5,60989900
2025-06-12,198.24188232421875,199.1999969482422,199.67999267578125,197.36000061035156,199.0800018310547,43904600
2025-06-13,195.50511169433594,196.4499969482422,200.3699951171875,195.6999969482422,199.72999572753906,51447300
2025-06-16,197.46563720703125,198.4199981689453,198.69000244140625,196.55999755859375,197.3000030517578,43020700
2025-06-17,194.69900512695312,195.63999938964844,198.38999938964844,195.2100067138672,197.1999969482422,38856200
2025-06-18,195.63446044921875,196.5800018310547,197.57000732421875,195.07000732421875,195.94000244140625,45394700
2025-06-20,200.03321838378906,201.0,201.6999969482422,196.86000061035156,198.24000549316406,96813500
2025-06-23,200.53082275390625,201.5,202.3000030517578,198.9600067138672,201.6300048828125,55814300
2025-06-24,199.33657836914062,200.3000030517578,203.44000244140625,200.1999969482422,202.58999633789062,54064000
2025-06-25,200.5905303955078,201.55999755859375,203.6699981689453,200.6199951171875,201.4499969482422,39525700
2025-06-26,200.03321838378906,201.0,202.63999938964844,199.4600067138672,201.42999267578125,50799100
2025-06-27,200.1128387451172,201.0800018310547,203.22000122070312,200.0,201.88999938964844,73188600
2025-06-30,204.18316650390625,205.1699981689453,207.38999938964844,199.25999450683594,202.00999450683594,91912800
2025-07-01,206.82041931152344,207.82000732421875,210.19000244140625,206.13999938964844,206.6699981689453,78788900
2025-07-02,211.418212890625,212.44000244140625,213.33999633789062,208.13999938964844,208.91000366210938,67941800
2025-07-03,212.52285766601562,213.5500030517578,214.64999389648438,211.80999755859375,212.14999389648438,34955800
2025-07-07,208.94017028808594,209.9499969482422,216.22999572753906,208.8000030517578,212.67999267578125,50229000
2025-07-08,208.9998779296875,210.00999450683594,211.42999267578125,208.4499969482422,210.10000610351562,42848900
2025-07-09,210.12445068359375,211.13999938964844,211.3300018310547,207.22000122070312,209.52999877929688,48749400
2025-07-10,211.38833618164062,212.41000366210938,213.47999572753906,210.02999877929688,210.50999450683594,44443600
2025-07-11,210.14434814453125,211.16000366210938,212.1300048828125,209.86000061035156,210.57000732421875,39765800
2025-07-14,207.61656188964844,208.6199951171875,210.91000366210938,207.5399932861328,209.92999267578125,38840100
2025-07-15,208.10421752929688,209.11000061035156,211.88999938964844,208.9199981689453,209.22000122070312,42296300
2025-07-16,209.149169921875,210.16000366210938,212.39999389648438,208.63999938964844,210.3000030517578,47490500
2025-07-17,209.00985717773438,210.02000427246094,211.8000030517578,209.58999633789062,210.57000732421875,48068100
2025-07-18,210.1642608642578,211.17999267578125,211.7899932861328,209.6999969482422,210.8699951171875,48974600
2025-07-21,211.45799255371094,212.47999572753906,215.77999877929688,211.6300048828125,212.10000610351562,51377400
2025-07-22,213.3687744140625,214.39999389648438,214.9499969482422,212.22999572753906,213.13999938964844,46404100
2025-07-23,213.1199493408203,214.14999389648438,215.14999389648438,212.41000366210938,215.0,46989300
2025-07-24,212.73184204101562,213.75999450683594,215.69000244140625,213.52999877929688,213.89999389648438,46022600
2025-07-25,212.8512725830078,213.8800048828125,215.24000549316406,213.39999389648438,214.6999969482422,40268800
2025-07-28,213.0204620361328,214.0500030517578,214.85000610351562,213.05999755859375,214.02999877929688,37858000
2025-07-29,210.25384521484375,211.27000427246094,214.80999755859375,210.82000732421875,214.17999267578125,51411700
2025-07-30,208.0445098876953,209.0500030517578,212.38999938964844,207.72000122070312,211.89999389648438,45512500
2025-07-31,206.5716094970703,207.57000732421875,209.83999633789062,207.16000366210938,208.49000549316406,80698400
2025-08-01,201.40660095214844,202.3800048828125,213.5800018310547,201.5,210.8699951171875,104434500
2025-08-04,202.37191772460938,203.35000610351562,207.8800048828125,201.67999267578125,204.50999450683594,75109300
2025-08-05,201.94398498535156,202.9199981689453,205.33999633789062,202.16000366210938,203.39999389648438,44155100
2025-08-06,212.22430419921875,213.25,215.3800048828125,205.58999633789062,205.6300048828125,108483100
2025-08-07,218.97169494628906,220.02999877929688,220.85000610351562,216.5800018310547,218.8800048828125,90224800
2025-08-08,228.2468719482422,229.35000610351562,231.0,219.25,220.8300018310547,113854000
2025-08-11,226.34388732910156,227.17999267578125,229.55999755859375,224.75999450683594,227.9199981689453,61806100
2025-08-12,228.80477905273438,229.64999389648438,230.8000030517578,227.07000732421875,228.00999450683594,55626200
2025-08-13,232.47125244140625,233.3300018310547,235.0,230.42999267578125,231.07000732421875,69878500
2025-08-14,231.92327880859375,232.77999877929688,235.1199951171875,230.85000610351562,234.05999755859375,51916300
2025-08-15,230.73765563964844,231.58999633789062,234.27999877929688,229.33999633789062,234.0,56038700
2025-08-18,230.0402374267578,230.88999938964844,233.1199951171875,230.11000061035156,231.6999969482422,37476200
2025-08-19,229.71145629882812,230.55999755859375,232.8699951171875,229.35000610351562,231.27999877929688,39402600
2025-08-20,225.17819213867188,226.00999450683594,230.47000122070312,225.77000427246094,229.97999572753906,42263900
2025-08-21,224.072265625,224.89999389648438,226.52000427246094,223.77999877929688,226.27000427246094,30621200
2025-08-22,226.9217529296875,227.75999450683594,229.08999633789062,225.41000366210938,226.1699981689453,42477800
2025-08-25,226.323974609375,227.16000366210938,229.3000030517578,226.22999572753906,226.47999572753906,30983100
2025-08-26,228.46603393554688,229.30999755859375,229.49000549316406,224.69000244140625,226.8699951171875,54575100
2025-08-27,229.6417236328125,230.49000549316406,230.89999389648438,228.25999450683594,228.61000061035156,31259500
2025-08-28,231.70408630371094,232.55999755859375,233.41000366210938,229.33999633789062,230.82000732421875,38074700
2025-08-29,231.28561401367188,232.13999938964844,233.3800048828125,231.3699951171875,232.50999450683594,39418400
2025-09-02,228.87454223632812,229.72000122070312,230.85000610351562,226.97000122070312,229.25,44075600
2025-09-03,237.59234619140625,238.47000122070312,238.85000610351562,234.36000061035156,237.2100067138672,66427800
2025-09-04,238.8975067138672,239.77999877929688,239.89999389648438,236.74000549316406,238.4499969482422,47549400
2025-09-05,238.80784606933594,239.69000244140625,241.32000732421875,238.49000549316406,240.0,54870400
2025-09-08,237.0045166015625,237.8800048828125,240.14999389648438,236.33999633789062,239.3000030517578,48999500
2025-09-09,233.4875030517578,234.35000610351562,238.77999877929688,233.36000061035156,237.0,66313900
2025-09-10,225.95533752441406,226.7899932861328,232.4199981689453,225.9499969482422,232.19000244140625,83440800
2025-09-11,229.18341064453125,230.02999877929688,230.4499969482422,226.64999389648438,226.8800048828125,50208600
2025-09-12,233.20852661132812,234.07000732421875,234.50999450683594,229.02000427246094,229.22000122070312,55824200
2025-09-15,235.828857421875,236.6999969482422,238.19000244140625,235.02999877929688,237.0,42699500
2025-09-16,237.2735137939453,238.14999389648438,241.22000122070312,236.32000732421875,237.17999267578125,63421100
2025-09-17,238.11044311523438,238.99000549316406,240.10000610351562,237.72999572753906,238.97000122070312,46508000
2025-09-18,237.0045166015625,237.8800048828125,241.1999969482422,236.64999389648438,239.97000122070312,44249600
2025-09-19,244.59646606445312,245.5,246.3000030517578,240.2100067138672,241.22999572753906,163741300
2025-09-22,255.13751220703125,256.0799865722656,256.6400146484375,248.1199951171875,248.3000030517578,105517400
2025-09-23,253.49359130859375,254.42999267578125,257.3399963378906,253.5800018310547,255.8800048828125,60275200
2025-09-24,251.3813934326172,252.30999755859375,255.74000549316406,251.0399932861328,255.22000122070312,42303700
2025-09-25,255.9246063232422,256.8699951171875,257.1700134277344,251.7100067138672,253.2100067138672,55202100
2025-09-26,254.51980590820312,255.4600067138672,257.6000061035156,253.77999877929688,254.10000610351562,46076300
2025-09-29,253.49359130859375,254.42999267578125,255.0,253.00999450683594,254.55999755859375,40127700
2025-09-30,253.69285583496094,254.6300048828125,255.9199981689453,253.11000061035156,254.86000061035156,37704300
2025-10-01,254.5098419189453,255.4499969482422,258.7900085449219,254.92999267578125,255.0399932861328,48713900
2025-10-02,256.18365478515625,257.1300048828125,258.17999267578125,254.14999389648438,256.5799865722656,42630200
2025-10-03,257.07037353515625,258.0199890136719,259.239990234375,253.9499969482422,254.6699981689453,49155600
2025-10-06,255.7452850341797,256.69000244140625,259.07000732421875,255.0500030517578,257.989990234375,44664100
2025-10-07,255.53607177734375,256.4800109863281,257.3999938964844,255.42999267578125,256.80999755859375,31955800
2025-10-08,257.1102294921875,258.05999755859375,258.5199890136719,256.1099853515625,256.5199890136719,36496900
2025-10-09,253.1050262451172,254.0399932861328,258.0,253.13999938964844,257.80999755859375,38322000
2025-10-10,244.3673095703125,245.27000427246094,256.3800048828125,244.0,254.94000244140625,61999100
2025-10-13,246.74851989746094,247.66000366210938,249.69000244140625,245.55999755859375,249.3800048828125,38142900
2025-10-14,246.8581085205078,247.77000427246094,248.85000610351562,244.6999969482422,246.60000610351562,35478000
2025-10-15,248.42233276367188,249.33999633789062,251.82000732421875,247.47000122070312,249.49000549316406,33893600
2025-10-16,246.53929138183594,247.4499969482422,249.0399932861328,245.1300048828125,248.25,39777000
2025-10-17,251.36148071289062,252.2899932861328,253.3800048828125,247.27000427246094,248.02000427246094,49147000
2025-10-20,261.27484130859375,262.239990234375,264.3800048828125,255.6300048828125,255.88999938964844,90483000
2025-10-21,261.80291748046875,262.7699890136719,265.2900085449219,261.8299865722656,261.8800048828125,46695900
2025-10-22,257.49884033203125,258.45001220703125,262.8500061035156,255.42999267578125,262.6499938964844,45015300
2025-10-23,258.6246337890625,259.5799865722656,260.6199951171875,258.010009765625,259.94000244140625,32754900
2025-10-24,261.85272216796875,262.82000732421875,264.1300048828125,259.17999267578125,261.19000244140625,38253700
2025-10-27,267.8207092285156,268.80999755859375,269.1199951171875,264.6499938964844,264.8800048828125,44888200
2025-10-28,268.0099792480469,269.0,269.8900146484375,268.1499938964844,268.989990234375,41534800
2025-10-29,268.7073974609375,269.70001220703125,271.4100036621094,267.1099853515625,269.2799987792969,51086700
2025-10-30,270.4011535644531,271.3999938964844,274.1400146484375,268.4800109863281,271.989990234375,69886500
2025-10-31,269.37493896484375,270.3699951171875,277.32000732421875,269.1600036621094,276.989990234375,86167100
2025-11-03,268.05975341796875,269.04998779296875,270.8500061035156,266.25,270.4200134277344,50194600
2025-11-04,269.0461730957031,270.0400085449219,271.489990234375,267.6199951171875,268.3299865722656,49274800
2025-11-05,269.14581298828125,270.1400146484375,271.70001220703125,266.92999267578125,268.6099853515625,43683100
2025-11-06,268.7771301269531,269.7699890136719,273.3999938964844,267.8900146484375,267.8900146484375,51204000
2025-11-07,267.4819030761719,268.4700012207031,272.2900085449219,266.7699890136719,269.79998779296875,48227400
2025-11-10,268.6986083984375,269.42999267578125,273.7300109863281,267.4599914550781,268.9599914550781,41312400
2025-11-11,274.5028381347656,275.25,275.9100036621094,269.79998779296875,269.80999755859375,46208300
2025-11-12,272.7276306152344,273.4700012207031,275.7300109863281,271.70001220703125,275.0,48398000
2025-11-13,272.2090759277344,272.95001220703125,276.70001220703125,272.0899963378906,274.1099853515625,49602800
2025-11-14,271.6705322265625,272.4100036621094,275.9599914550781,269.6000061035156,271.04998779296875,47431300
2025-11-17,266.73394775390625,267.4599914550781,270.489990234375,265.7300109863281,268.82000732421875,45018300
2025-11-18,266.7140197753906,267.44000244140625,270.7099914550781,265.32000732421875,269.989990234375,45677300
2025-11-19,267.8309631347656,268.55999755859375,272.2099914550781,265.5,265.5299987792969,40424500
2025-11-20,265.5272521972656,266.25,275.42999267578125,265.9200134277344,270.8299865722656,45823600
2025-11-21,270.7530212402344,271.489990234375,273.3299865722656,265.6700134277344,265.95001220703125,59030800
2025-11-24,275.1710205078125,275.9200134277344,277.0,270.8999938964844,270.8999938964844,65585800
2025-11-25,276.2181396484375,276.9700012207031,280.3800048828125,275.25,275.2699890136719,46914200
2025-11-26,276.79656982421875,277.54998779296875,279.5299987792969,276.6300048828125,276.9599914550781,33431400
2025-11-28,278.093017578125,278.8500061035156,279.0,275.989990234375,277.260009765625,20135600
2025-12-01,282.33148193359375,283.1000061035156,283.4200134277344,276.1400146484375,278.010009765625,46587700
2025-12-02,285.4131164550781,286.19000244140625,287.3999938964844,282.6300048828125,283.0,53669500
2025-12-03,283.378662109375,284.1499938964844,288.6199951171875,283.29998779296875,286.20001220703125,43538700
2025-12-04,279.93804931640625,280.70001220703125,284.7300109863281,278.5899963378906,284.1000061035156,43989100
2025-12-05,278.02325439453125,278.7799987792969,281.1400146484375,278.04998779296875,280.5400085449219,47265800
2025-12-08,277.1356506347656,277.8900146484375,279.6700134277344,276.1499938964844,278.1300048828125,38211800
2025-12-09,276.4275817871094,277.17999267578125,280.0299987792969,276.9200134277344,278.1600036621094,32193300
2025-12-10,278.02325439453125,278.7799987792969,279.75,276.44000244140625,277.75,33038300
2025-12-11,277.2752380371094,278.0299987792969,279.5899963378906,273.80999755859375,279.1000061035156,33248000
2025-12-12,277.52459716796875,278.2799987792969,279.2200012207031,276.82000732421875,277.8999938964844,39532900
2025-12-15,273.3658752441406,274.1099853515625,280.1499938964844,272.8399963378906,280.1499938964844,50409100
2025-12-16,273.8645324707031,274.6099853515625,275.5,271.7900085449219,272.82000732421875,37648600
2025-12-17,271.10205078125,271.8399963378906,276.1600036621094,271.6400146484375,275.010009765625,50138700
2025-12-18,271.45111083984375,272.19000244140625,273.6300048828125,266.95001220703125,273.6099853515625,51630700
2025-12-19,272.9271240234375,273.6700134277344,274.6000061035156,269.8999938964844,272.1499938964844,144632000
2025-12-22,270.2344665527344,270.9700012207031,273.8800048828125,270.510009765625,272.8599853515625,36571800
2025-12-23,271.62066650390625,272.3599853515625,272.5,269.55999755859375,270.8399963378906,29642000
2025-12-24,273.0667419433594,273.80999755859375,275.42999267578125,272.20001220703125,272.3399963378906,17910600
2025-12-26,272.6578063964844,273.3999938964844,275.3699951171875,272.8599853515625,274.1600036621094,21521800
2025-12-29,273.0168762207031,273.760009765625,274.3599853515625,272.3500061035156,272.69000244140625,23715200
2025-12-30,272.33868408203125,273.0799865722656,274.0799865722656,272.2799987792969,272.80999755859375,22139600
