Date,Adj Close,Close,High,Low,Open,Volume
2009-12-01,39.25170135498047,63.5099983215332,63.65999984741211,62.95000076293945,62.95000076293945,12302300
2009-12-02,39.48039245605469,63.880001068115234,64.23999786376953,63.439998626708984,63.5099983215332,10896100
2009-12-03,39.65343475341797,64.16000366210938,64.7300033569336,63.869998931884766,64.05000305175781,12520100
2009-12-04,39.777042388916016,64.36000061035156,65.27999877929688,64.16000366210938,64.73999786376953,14992400
2009-12-07,39.783233642578125,64.37000274658203,64.76000213623047,64.19000244140625,64.4800033569336,9106500
2009-12-08,39.70905685424805,64.25,64.63999938964844,63.93000030517578,64.5,11073800
2009-12-09,39.78939437866211,64.37999725341797,64.4000015258789,64.02999877929688,64.4000015258789,8911600
2009-12-10,40.030426025390625,64.7699966430664,65.0,64.38999938964844,64.6500015258789,8841900
2009-12-11,40.07988357543945,64.8499984741211,65.16000366210938,64.72000122070312,64.73999786376953,7194100
2009-12-14,40.14788055419922,64.95999908447266,65.41000366210938,64.8499984741211,65.19999694824219,8172500
2009-12-15,40.011898040771484,64.73999786376953,64.80000305175781,64.44999694824219,64.7300033569336,10717800
2009-12-16,40.048988342285156,64.80000305175781,65.08000183105469,64.75,64.94999694824219,13333300
2009-12-17,39.845027923583984,64.47000122070312,64.77999877929688,64.20999908447266,64.44000244140625,10088900
2009-12-18,39.783233642578125,64.37000274658203,64.75,63.90999984741211,64.75,22171000
2009-12-21,39.75849151611328,64.33000183105469,65.0,64.2300033569336,64.63999938964844,11125400
2009-12-22,39.882110595703125,64.52999877929688,64.80999755859375,64.30999755859375,64.30999755859375,7124600
2009-12-23,39.906829833984375,64.56999969482422,64.83999633789062,64.54000091552734,64.54000091552734,6360400
2009-12-24,39.98717498779297,64.69999694824219,64.83999633789062,64.5199966430664,64.69000244140625,2433900
2009-12-28,40.13548278808594,64.94000244140625,64.98999786376953,64.7699966430664,64.9000015258789,5693500
2009-12-29,40.13548278808594,64.94000244140625,65.4000015258789,64.91999816894531,65.08999633789062,6661900
2009-12-30,40.11697006225586,64.91000366210938,65.02999877929688,64.52999877929688,64.77999877929688,5602100
2009-12-31,39.80794143676758,64.41000366210938,65.12000274658203,64.33000183105469,65.12000274658203,6962300
2010-01-04,39.974822998046875,64.68000030517578,64.98999786376953,64.41000366210938,64.70999908447266,9506200
2010-01-05,39.51129150390625,63.93000030517578,64.62000274658203,63.81999969482422,64.58000183105469,10673100
2010-01-06,39.83265686035156,64.44999694824219,64.54000091552734,63.83000183105469,63.900001525878906,13171500
2010-01-07,39.54836654663086,63.9900016784668,64.3499984741211,63.7400016784668,64.25,10901600
2010-01-08,39.6843376159668,64.20999908447266,64.26000213623047,63.630001068115234,63.91999816894531,7898000
2010-01-11,39.690513610839844,64.22000122070312,64.75,64.01000213623047,64.75,7975700
2010-01-12,39.9006462097168,64.55999755859375,64.72000122070312,64.0199966430664,64.12999725341797,10820700
2010-01-13,40.15403747558594,64.97000122070312,65.2300033569336,64.54000091552734,64.54000091552734,13023800
2010-01-14,40.23438262939453,65.0999984741211,65.2699966430664,64.75,65.19999694824219,7899000
2010-01-15,39.9006462097168,64.55999755859375,65.19999694824219,63.97999954223633,65.13999938964844,20995000
2010-01-19,40.38890075683594,65.3499984741211,65.75,64.11000061035156,64.13999938964844,15181800
2010-01-20,40.265296936035156,65.1500015258789,65.94999694824219,64.47000122070312,65.47000122070312,13033000
2010-01-21,39.536006927490234,63.970001220703125,65.47000122070312,63.79999923706055,65.06999969482422,14473900
2010-01-22,39.06010818481445,63.20000076293945,64.19000244140625,63.09000015258789,63.90999984741211,14017200
2010-01-25,39.072486877441406,63.220001220703125,63.70000076293945,63.04999923706055,63.66999816894531,10001700
2010-01-26,38.80670928955078,62.790000915527344,63.0099983215332,62.220001220703125,62.63999938964844,15630300
2010-01-27,39.20844268798828,63.439998626708984,63.720001220703125,62.70000076293945,62.779998779296875,14982400
2010-01-28,39.43095016479492,63.79999923706055,64.06999969482422,63.040000915527344,63.56999969482422,17096000
2010-01-29,38.84999084472656,62.86000061035156,64.2699966430664,62.81999969482422,63.95000076293945,17844400
2010-02-01,38.992130279541016,63.09000015258789,63.2599983215332,62.77000045776367,63.2599983215332,10153400
2010-02-02,39.54836654663086,63.9900016784668,64.19999694824219,62.630001068115234,63.20000076293945,13609300
2010-02-03,39.32586669921875,63.630001068115234,63.869998931884766,63.290000915527344,63.869998931884766,9255900
2010-02-04,38.714019775390625,62.63999938964844,63.619998931884766,62.619998931884766,63.4900016784668,18397000
2010-02-05,38.714019775390625,62.63999938964844,63.599998474121094,61.88999938964844,62.689998626708984,16775200
2010-02-08,38.5471305847168,62.369998931884766,62.97999954223633,62.2599983215332,62.5,10081200
2010-02-09,38.78815460205078,62.7599983215332,63.470001220703125,62.470001220703125,62.54999923706055,11356400
2010-02-10,38.76964569091797,62.72999954223633,63.06999969482422,62.209999084472656,62.790000915527344,10115800
2010-02-11,38.88089370727539,62.90999984741211,63.209999084472656,62.2599983215332,62.619998931884766,8353600
2010-02-12,38.76344680786133,62.720001220703125,63.0,62.11000061035156,62.61000061035156,12335800
2010-02-16,39.31352615356445,63.61000061035156,63.709999084472656,62.81999969482422,63.25,10212400
2010-02-17,39.54218292236328,63.97999954223633,64.36000061035156,63.61000061035156,63.630001068115234,9485500
2010-02-18,39.882110595703125,64.52999877929688,64.69999694824219,63.95000076293945,63.97999954223633,8260600
2010-02-19,39.73887634277344,63.810001373291016,64.45999908447266,63.619998931884766,64.1500015258789,14222300
2010-02-22,39.53957748413086,63.4900016784668,64.0999984741211,63.38999938964844,63.810001373291016,9839700
2010-02-23,39.427486419677734,63.310001373291016,63.849998474121094,63.22999954223633,63.560001373291016,12481400
2010-02-24,39.51467514038086,63.45000076293945,63.849998474121094,63.25,63.54999923706055,8519300
2010-02-25,39.408809661865234,63.279998779296875,63.349998474121094,62.52000045776367,62.790000915527344,10528900
2010-02-26,39.23442459106445,63.0,63.59000015258789,63.0,63.459999084472656,9357800
2010-03-01,39.477298736572266,63.38999938964844,63.459999084472656,63.16999816894531,63.27000045776367,9219400
2010-03-02,39.50844955444336,63.439998626708984,63.63999938964844,63.02000045776367,63.310001373291016,9014000
2010-03-03,39.48353576660156,63.400001525878906,63.75,63.220001220703125,63.59000015258789,9360400
2010-03-04,39.58939743041992,63.56999969482422,63.70000076293945,63.369998931884766,63.529998779296875,8067200
2010-03-05,39.88211441040039,64.04000091552734,64.06999969482422,63.54999923706055,63.65999984741211,10633600
2010-03-08,39.98174285888672,64.19999694824219,64.41000366210938,64.0199966430664,64.08000183105469,33380500
2010-03-09,40.02533721923828,64.2699966430664,64.55000305175781,64.08999633789062,64.55000305175781,8827100
2010-03-10,40.03779983520508,64.29000091552734,64.55999755859375,64.1500015258789,64.48999786376953,8436600
2010-03-11,39.994205474853516,64.22000122070312,64.22000122070312,63.599998474121094,64.1500015258789,9957800
2010-03-12,39.969295501708984,64.18000030517578,64.26000213623047,63.849998474121094,64.26000213623047,8223000
2010-03-15,40.21217346191406,64.56999969482422,64.56999969482422,64.06999969482422,64.13999938964844,7444700
2010-03-16,40.18726348876953,64.52999877929688,64.72000122070312,64.2300033569336,64.69999694824219,8882000
2010-03-17,40.26200485229492,64.6500015258789,64.73999786376953,64.4800033569336,64.72000122070312,8060700
2010-03-18,40.517333984375,65.05999755859375,65.1500015258789,64.37000274658203,64.58000183105469,11742100
2010-03-19,40.548484802246094,65.11000061035156,65.48999786376953,64.80999755859375,65.11000061035156,23117600
2010-03-22,40.542236328125,65.0999984741211,65.44000244140625,64.9800033569336,65.06999969482422,8803800
2010-03-23,40.70416259765625,65.36000061035156,65.38999938964844,64.87000274658203,65.18000030517578,9453900
2010-03-24,40.32426834106445,64.75,65.30999755859375,64.75,65.30999755859375,9312500
2010-03-25,40.21217346191406,64.56999969482422,65.25,64.52999877929688,65.04000091552734,10496600
2010-03-26,40.09384536743164,64.37999725341797,64.72000122070312,64.33000183105469,64.68000030517578,9450400
2010-03-29,40.36785888671875,64.81999969482422,64.93000030517578,64.4000015258789,64.45999908447266,7812900
2010-03-30,40.41769790649414,64.9000015258789,64.9800033569336,64.55999755859375,64.94999694824219,8311600
2010-03-31,40.60451889038086,65.19999694824219,65.30999755859375,64.69999694824219,64.83999633789062,11939100
2010-04-01,40.9594841003418,65.7699966430664,65.7699966430664,65.23999786376953,65.37000274658203,10600600
2010-04-05,40.729068756103516,65.4000015258789,65.88999938964844,65.37999725341797,65.7699966430664,8617600
2010-04-06,40.67302322387695,65.30999755859375,65.44999694824219,65.0,65.12999725341797,8260100
2010-04-07,40.616966247558594,65.22000122070312,65.48999786376953,65.08000183105469,65.23999786376953,9409400
2010-04-08,40.43637466430664,64.93000030517578,65.19000244140625,64.7699966430664,65.19000244140625,8962600
2010-04-09,40.56714630126953,65.13999938964844,65.16999816894531,64.77999877929688,64.87999725341797,6972700
2010-04-12,40.548484802246094,65.11000061035156,65.20999908447266,64.93000030517578,65.11000061035156,8692200
2010-04-13,40.9034423828125,65.68000030517578,65.8499984741211,64.91000366210938,65.05999755859375,12481600
2010-04-14,40.78512191772461,65.48999786376953,65.5999984741211,65.18000030517578,65.43000030517578,10501900
2010-04-15,40.797576904296875,65.51000213623047,65.54000091552734,65.12999725341797,65.29000091552734,8656900
2010-04-16,40.49241638183594,65.0199966430664,65.6500015258789,64.88999938964844,65.33999633789062,15742500
2010-04-19,41.121402740478516,66.02999877929688,66.0999984741211,65.05999755859375,65.05999755859375,14626300
2010-04-20,41.09651184082031,65.98999786376953,66.19999694824219,65.7300033569336,66.02999877929688,11916400
2010-04-21,40.72285079956055,65.38999938964844,65.9800033569336,65.06999969482422,65.9800033569336,13355700
2010-04-22,40.34295654296875,64.77999877929688,65.23999786376953,64.33000183105469,65.18000030517578,19583000
2010-04-23,40.50486755371094,65.04000091552734,65.04000091552734,64.33000183105469,64.70999908447266,11674900
2010-04-26,40.33050537109375,64.76000213623047,65.19999694824219,64.72000122070312,64.98999786376953,9281500
2010-04-27,40.03156661987305,64.27999877929688,64.87999725341797,64.20999908447266,64.56999969482422,11862200
2010-04-28,40.243316650390625,64.62000274658203,64.86000061035156,64.25,64.43000030517578,12476600
2010-04-29,40.48619842529297,65.01000213623047,65.33999633789062,64.8499984741211,64.8499984741211,7930100
2010-04-30,40.044029235839844,64.30000305175781,65.33999633789062,64.30000305175781,65.12999725341797,14255900
2010-05-03,40.685489654541016,65.33000183105469,65.62000274658203,64.54000091552734,65.16000366210938,15310500
2010-05-04,40.29314041137695,64.69999694824219,65.27999877929688,64.41000366210938,65.06999969482422,14895700
2010-05-05,40.56714630126953,65.13999938964844,65.29000091552734,64.44000244140625,64.58000183105469,13143700
2010-05-06,39.48353576660156,63.400001525878906,65.0999984741211,60.029998779296875,65.04000091552734,24410000
2010-05-07,39.427486419677734,63.310001373291016,63.599998474121094,62.09000015258789,63.2599983215332,20467100
2010-05-10,40.32426834106445,64.75,65.36000061035156,64.0,64.91000366210938,18445400
2010-05-11,40.27445602416992,64.66999816894531,65.08999633789062,64.18000030517578,64.2300033569336,10879000
2010-05-12,40.41769790649414,64.9000015258789,65.05000305175781,64.48999786376953,64.8499984741211,11036800
2010-05-13,40.27445602416992,64.66999816894531,65.16000366210938,64.51000213623047,64.83999633789062,12337000
2010-05-14,39.83851623535156,63.970001220703125,64.79000091552734,63.40999984741211,64.70999908447266,12505100
2010-05-17,39.782470703125,63.880001068115234,64.23999786376953,63.20000076293945,64.05999755859375,10260800
2010-05-18,39.21574401855469,62.970001220703125,63.560001373291016,62.849998474121094,63.439998626708984,18480900
2010-05-19,38.748680114746094,62.220001220703125,62.959999084472656,62.04999923706055,62.689998626708984,18863200
2010-05-20,37.708648681640625,60.54999923706055,61.84000015258789,60.54999923706055,61.81999969482422,24098700
2010-05-21,37.91416549682617,60.880001068115234,60.959999084472656,59.5099983215332,59.779998779296875,21813000
2010-05-24,37.72110366821289,60.56999969482422,61.45000076293945,60.209999084472656,60.619998931884766,13993300
2010-05-25,37.58409118652344,60.349998474121094,60.40999984741211,59.150001525878906,59.709999084472656,21179000
2010-05-26,37.154380798339844,59.65999984741211,60.83000183105469,59.650001525878906,60.83000183105469,18914100
2010-05-27,37.09782409667969,59.029998779296875,59.88999938964844,58.709999084472656,59.7400016784668,29926600
2010-05-28,36.6390380859375,58.29999923706055,59.119998931884766,58.189998626708984,58.720001220703125,26815900
2010-06-01,36.928138732910156,58.7599983215332,59.40999984741211,57.54999923706055,58.209999084472656,19508400
2010-06-02,37.537750244140625,59.72999954223633,59.72999954223633,58.689998626708984,59.06999969482422,15581800
2010-06-03,37.562889099121094,59.77000045776367,60.150001525878906,59.54999923706055,59.88999938964844,14254200
2010-06-04,36.45677947998047,58.0099983215332,59.029998779296875,57.7599983215332,58.959999084472656,21785400
2010-06-07,36.45051956176758,58.0,58.54999923706055,58.0,58.16999816894531,13843300
2010-06-08,36.852725982666016,58.63999938964844,58.709999084472656,57.869998931884766,58.150001525878906,14941500
2010-06-09,36.557334899902344,58.16999816894531,58.939998626708984,57.939998626708984,58.79999923706055,13173000
2010-06-10,36.76472854614258,58.5,59.130001068115234,58.349998474121094,58.720001220703125,16995200
2010-06-11,36.73958969116211,58.459999084472656,58.47999954223633,57.939998626708984,58.16999816894531,14713000
2010-06-14,36.714454650878906,58.41999816894531,59.099998474121094,58.380001068115234,58.70000076293945,10524000
2010-06-15,37.16695785522461,59.13999938964844,59.15999984741211,58.54999923706055,58.93000030517578,11103200
2010-06-16,37.22979736328125,59.2400016784668,59.58000183105469,58.779998779296875,59.25,8636300
2010-06-17,37.19208526611328,59.18000030517578,59.439998626708984,58.650001525878906,59.279998779296875,11723100
2010-06-18,37.19208526611328,59.18000030517578,59.290000915527344,58.849998474121094,59.18000030517578,16838200
2010-06-21,37.1606559753418,59.130001068115234,59.79999923706055,58.91999816894531,59.5,12143600
2010-06-22,37.17951583862305,59.15999984741211,60.09000015258789,59.119998931884766,59.25,13823800
2010-06-23,37.22979736328125,59.2400016784668,59.41999816894531,58.709999084472656,59.15999984741211,12659500
2010-06-24,37.45603942871094,59.599998474121094,59.939998626708984,59.029998779296875,59.029998779296875,18216100
2010-06-25,36.89043426513672,58.70000076293945,59.869998931884766,58.630001068115234,59.86000061035156,45006900
2010-06-28,37.36177444458008,59.45000076293945,59.790000915527344,58.810001373291016,59.0099983215332,15834300
2010-06-29,37.22979736328125,59.2400016784668,59.41999816894531,58.68000030517578,58.97999954223633,20236500
2010-06-30,37.116676330566406,59.060001373291016,59.61000061035156,58.939998626708984,59.040000915527344,15802100
2010-07-01,37.12295150756836,59.06999969482422,59.25,58.650001525878906,59.06999969482422,17973500
2010-07-02,37.129234313964844,59.08000183105469,59.59000015258789,58.849998474121094,59.41999816894531,10534400
2010-07-06,37.129234313964844,59.08000183105469,59.599998474121094,58.66999816894531,59.5,15461100
2010-07-07,38.09077453613281,60.61000061035156,60.70000076293945,59.040000915527344,59.33000183105469,17280000
2010-07-08,38.5746955871582,61.380001068115234,61.72999954223633,60.63999938964844,60.93000030517578,15895900
2010-07-09,38.04679489135742,60.540000915527344,61.06999969482422,60.380001068115234,60.970001220703125,12174000
2010-07-12,37.83940887451172,60.209999084472656,60.540000915527344,60.060001373291016,60.47999954223633,10797200
2010-07-13,38.02164840698242,60.5,60.959999084472656,60.439998626708984,60.59000015258789,10924500
2010-07-14,38.097068786621094,60.619998931884766,60.68000030517578,60.04999923706055,60.15999984741211,9668500
2010-07-15,37.870811462402344,60.2599983215332,60.75,59.900001525878906,60.619998931884766,12839300
2010-07-16,37.35547637939453,59.439998626708984,60.189998626708984,59.25,60.0,17569900
2010-07-19,37.437198638916016,59.56999969482422,59.790000915527344,59.369998931884766,59.720001220703125,10277500
2010-07-20,36.81501007080078,58.58000183105469,58.77000045776367,58.0,58.45000076293945,22304800
2010-07-21,35.897464752197266,57.119998931884766,58.79999923706055,56.869998931884766,58.79999923706055,25707600
2010-07-22,35.83462142944336,57.02000045776367,57.619998931884766,56.86000061035156,57.43000030517578,17972900
2010-07-23,36.217994689941406,57.630001068115234,57.63999938964844,57.0,57.279998779296875,15076600
2010-07-26,36.287113189697266,57.7400016784668,58.0099983215332,57.47999954223633,57.650001525878906,11775200
2010-07-27,36.51335525512695,58.099998474121094,58.439998626708984,57.619998931884766,57.95000076293945,16964000
2010-07-28,36.34367752075195,57.83000183105469,58.25,57.650001525878906,58.13999938964844,13502100
2010-07-29,36.34367752075195,57.83000183105469,58.27000045776367,57.709999084472656,58.099998474121094,13031000
2010-07-30,36.50706481933594,58.09000015258789,58.36000061035156,57.27000045776367,57.630001068115234,12978000
2010-08-02,36.903011322021484,58.720001220703125,58.880001068115234,58.40999984741211,58.5,11455600
2010-08-03,37.29891586303711,59.349998474121094,59.599998474121094,58.709999084472656,58.75,10855100
2010-08-04,37.544029235839844,59.7400016784668,59.93000030517578,59.22999954223633,59.369998931884766,10508800
2010-08-05,37.55657958984375,59.7599983215332,59.88999938964844,59.5099983215332,59.529998779296875,9796700
2010-08-06,37.682281494140625,59.959999084472656,60.0,59.25,59.52000045776367,8524100
2010-08-09,37.73884201049805,60.04999923706055,60.25,59.790000915527344,60.0,6674700
2010-08-10,37.34919738769531,59.43000030517578,59.810001373291016,58.900001525878906,59.40999984741211,13550800
2010-08-11,36.76472854614258,58.5,58.95000076293945,58.29999923706055,58.91999816894531,11470100
2010-08-12,36.77730178833008,58.52000045776367,58.709999084472656,58.099998474121094,58.150001525878906,8240500
2010-08-13,36.5447883605957,58.150001525878906,58.4900016784668,58.060001373291016,58.4900016784668,8546700
2010-08-16,36.45677947998047,58.0099983215332,58.11000061035156,57.470001220703125,57.9900016784668,8751200
2010-08-17,37.21722412109375,59.220001220703125,59.47999954223633,58.5,58.93000030517578,13479100
2010-08-18,37.29891586303711,59.349998474121094,59.81999969482422,59.029998779296875,59.459999084472656,10534900
2010-08-19,36.903011322021484,58.720001220703125,59.18000030517578,58.400001525878906,59.16999816894531,11949700
2010-08-20,36.915565490722656,58.7400016784668,58.90999984741211,58.4900016784668,58.70000076293945,11286200
2010-08-23,36.99726486206055,58.869998931884766,59.349998474121094,58.810001373291016,58.97999954223633,8842900
2010-08-24,36.45677947998047,58.0099983215332,58.689998626708984,57.86000061035156,58.5,14930400
2010-08-25,36.43794631958008,57.97999954223633,58.20000076293945,57.84000015258789,58.0,11675000
2010-08-26,36.324806213378906,57.79999923706055,58.220001220703125,57.779998779296875,58.20000076293945,12834100
2010-08-27,36.540504455566406,57.599998474121094,57.880001068115234,56.9900016784668,57.45000076293945,11674800
2010-08-30,36.350181579589844,57.29999923706055,57.79999923706055,57.2599983215332,57.599998474121094,9240100
2010-08-31,36.17257308959961,57.02000045776367,57.439998626708984,57.0,57.25,14563100
2010-09-01,36.97822570800781,58.290000915527344,58.36000061035156,57.439998626708984,57.66999816894531,11603700
2010-09-02,37.18124008178711,58.61000061035156,58.790000915527344,58.29999923706055,58.52000045776367,8079700
2010-09-03,37.38423538208008,58.93000030517578,59.0,58.5,58.849998474121094,7533400
2010-09-07,37.23833465576172,58.70000076293945,58.970001220703125,58.630001068115234,58.79999923706055,5625100
2010-09-08,37.33348846435547,58.849998474121094,59.029998779296875,58.41999816894531,58.41999816894531,8412500
2010-09-09,37.9488410949707,59.81999969482422,60.029998779296875,59.2599983215332,59.38999938964844,14077700
2010-09-10,38.05033874511719,59.97999954223633,60.0,59.77000045776367,59.939998626708984,8358800
2010-09-13,38.266029357910156,60.31999969482422,60.380001068115234,59.91999816894531,60.060001373291016,10706600
2010-09-14,38.430973052978516,60.58000183105469,60.970001220703125,60.25,60.43000030517578,9912900
2010-09-15,38.72913360595703,61.04999923706055,61.150001525878906,60.5,60.66999816894531,9111500
2010-09-16,38.88139343261719,61.290000915527344,61.38999938964844,60.7599983215332,60.81999969482422,10496300
2010-09-17,39.05901336669922,61.56999969482422,61.720001220703125,61.130001068115234,61.59000015258789,12240600
2010-09-20,39.38889694213867,62.09000015258789,62.22999954223633,61.5099983215332,61.650001525878906,10991500
2010-09-21,39.29373550415039,61.939998626708984,62.22999954223633,61.79999923706055,61.86000061035156,9449200
2010-09-22,39.31275939941406,61.970001220703125,62.5,61.900001525878906,61.97999954223633,9353300
2010-09-23,39.211265563964844,61.810001373291016,62.0,61.56999969482422,61.630001068115234,8393800
2010-09-24,39.42061233520508,62.13999938964844,62.400001525878906,61.83000183105469,61.97999954223633,12636900
2010-09-27,39.35082244873047,62.029998779296875,62.31999969482422,61.93000030517578,62.220001220703125,7687600
2010-09-28,39.60459518432617,62.43000030517578,62.599998474121094,61.689998626708984,61.959999084472656,12132800
2010-09-29,39.5284538269043,62.310001373291016,62.54999923706055,62.130001068115234,62.310001373291016,9590000
2010-09-30,39.30642318725586,61.959999084472656,62.70000076293945,61.54999923706055,62.4900016784668,12845600
2010-10-01,39.17319869995117,61.75,62.25,61.56999969482422,62.09000015258789,9773200
2010-10-04,39.12245559692383,61.66999816894531,61.97999954223633,61.29999923706055,61.540000915527344,8703600
2010-10-05,39.83930587768555,62.79999923706055,62.939998626708984,62.0099983215332,62.08000183105469,12439400
2010-10-06,40.09941101074219,63.209999084472656,63.2599983215332,62.5,62.88999938964844,11339800
2010-10-07,40.10573959350586,63.220001220703125,63.5,63.0,63.290000915527344,9826600
2010-10-08,40.11208724975586,63.22999954223633,63.38999938964844,63.029998779296875,63.380001068115234,7354800
2010-10-11,40.156490325927734,63.29999923706055,63.310001373291016,63.040000915527344,63.2599983215332,6172100
2010-10-12,40.15015411376953,63.290000915527344,63.439998626708984,62.970001220703125,63.130001068115234,8707400
2010-10-13,40.33413314819336,63.58000183105469,63.790000915527344,63.290000915527344,63.43000030517578,10104700
2010-10-14,40.435638427734375,63.7400016784668,63.79999923706055,63.38999938964844,63.790000915527344,8632700
2010-10-15,40.32778549194336,63.56999969482422,64.0,63.13999938964844,63.97999954223633,13265100
2010-10-18,40.511749267578125,63.86000061035156,63.97999954223633,63.25,63.689998626708984,10814100
2010-10-19,40.15015411376953,63.290000915527344,63.66999816894531,62.5,62.88999938964844,17235400
2010-10-20,40.34680938720703,63.599998474121094,64.02999877929688,63.060001373291016,63.31999969482422,10206800
2010-10-21,40.59421920776367,63.9900016784668,64.22000122070312,63.52000045776367,63.86000061035156,11111700
2010-10-22,40.48004150390625,63.810001373291016,64.12000274658203,63.63999938964844,64.08000183105469,6774800
2010-10-25,40.58787155151367,63.97999954223633,64.2300033569336,63.849998474121094,64.04000091552734,7794700
2010-10-26,40.49905776977539,63.84000015258789,63.95000076293945,63.61000061035156,63.849998474121094,7122900
2010-10-27,40.32778549194336,63.56999969482422,63.689998626708984,63.279998779296875,63.58000183105469,11916100
2010-10-28,40.321434020996094,63.560001373291016,64.11000061035156,63.5099983215332,63.939998626708984,10116000
2010-10-29,40.435638427734375,63.7400016784668,63.84000015258789,63.31999969482422,63.63999938964844,9309900
2010-11-01,40.4039192199707,63.689998626708984,64.08999633789062,63.310001373291016,63.880001068115234,9356000
2010-11-02,40.52444076538086,63.880001068115234,64.19999694824219,63.720001220703125,63.939998626708984,8632100
2010-11-03,40.721099853515625,64.19000244140625,64.19999694824219,63.54999923706055,63.9900016784668,9322100
2010-11-04,41.08269119262695,64.76000213623047,64.91999816894531,64.23999786376953,64.31999969482422,11337400
2010-11-05,41.01291275024414,64.6500015258789,64.83999633789062,64.0999984741211,64.75,9276500
2010-11-08,40.80990982055664,64.33000183105469,64.61000061035156,64.0999984741211,64.55999755859375,8484400
2010-11-09,40.79722213745117,64.30999755859375,64.5,64.0999984741211,64.47000122070312,9218500
2010-11-10,40.568843841552734,63.95000076293945,64.33999633789062,63.54999923706055,64.23999786376953,10795400
2010-11-11,40.54979705810547,63.91999816894531,63.95000076293945,63.58000183105469,63.70000076293945,9109500
2010-11-12,40.39122009277344,63.66999816894531,64.08999633789062,63.5099983215332,63.689998626708984,12944800
2010-11-15,40.68937683105469,64.13999938964844,64.69000244140625,63.97999954223633,64.11000061035156,12729400
2010-11-16,40.054988861083984,63.13999938964844,63.95000076293945,62.650001525878906,63.650001525878906,15651000
2010-11-17,40.00425338745117,63.060001373291016,63.290000915527344,62.91999816894531,63.130001068115234,7416900
2010-11-18,40.49271011352539,63.83000183105469,64.0,63.29999923706055,63.470001220703125,9400100
2010-11-19,40.49271011352539,63.83000183105469,64.22000122070312,63.650001525878906,63.88999938964844,12889800
2010-11-22,40.3595085144043,63.619998931884766,63.81999969482422,63.09000015258789,63.5,11179200
2010-11-23,39.88371658325195,62.869998931884766,63.25,62.650001525878906,62.9900016784668,14766500
2010-11-24,40.15015411376953,63.290000915527344,63.4900016784668,62.93000030517578,63.029998779296875,9591400
2010-11-26,39.86222457885742,62.29999923706055,62.56999969482422,62.13999938964844,62.5,4638800
2010-11-29,39.6126823425293,61.90999984741211,62.0099983215332,61.38999938964844,61.810001373291016,12019300
2010-11-30,39.3823356628418,61.54999923706055,61.81999969482422,61.25,61.47999954223633,12633500
2010-12-01,39.93899917602539,62.41999816894531,62.47999954223633,61.81999969482422,62.18000030517578,15364700
2010-12-02,40.054168701171875,62.599998474121094,62.880001068115234,62.27000045776367,62.38999938964844,10160400
2010-12-03,40.02858352661133,62.560001373291016,62.77000045776367,62.22999954223633,62.5099983215332,9882800
2010-12-06,39.79824447631836,62.20000076293945,62.47999954223633,62.20000076293945,62.310001373291016,8989000
2010-12-07,39.868621826171875,62.310001373291016,62.7400016784668,62.25,62.560001373291016,9528800
2010-12-08,39.95820236206055,62.45000076293945,62.560001373291016,62.13999938964844,62.220001220703125,7871900
2010-12-09,39.70866394042969,62.060001373291016,62.959999084472656,61.75,62.43000030517578,12965600
2010-12-10,39.6126823425293,61.90999984741211,62.33000183105469,61.689998626708984,62.189998626708984,11457300
2010-12-13,39.580692291259766,61.86000061035156,61.970001220703125,61.560001373291016,61.83000183105469,13672100
2010-12-14,40.1629524230957,62.77000045776367,62.939998626708984,61.88999938964844,62.029998779296875,13491200
2010-12-15,40.034976959228516,62.56999969482422,63.15999984741211,62.439998626708984,62.93000030517578,11534100
2010-12-16,39.926204681396484,62.400001525878906,62.790000915527344,62.040000915527344,62.75,11141100
2010-12-17,40.01579666137695,62.540000915527344,62.540000915527344,61.97999954223633,62.25,15961000
2010-12-20,39.98379898071289,62.4900016784668,62.650001525878906,62.22999954223633,62.540000915527344,8907000
2010-12-21,39.8878173828125,62.34000015258789,62.79999923706055,62.279998779296875,62.790000915527344,7908200
2010-12-22,39.68307113647461,62.02000045776367,62.400001525878906,61.91999816894531,62.33000183105469,8850100
2010-12-23,39.83022689819336,62.25,62.459999084472656,62.02000045776367,62.02000045776367,7229500
2010-12-27,39.625492095947266,61.93000030517578,62.2400016784668,61.81999969482422,62.189998626708984,5163700
2010-12-28,39.702274322509766,62.04999923706055,62.29999923706055,61.900001525878906,62.060001373291016,6354200
2010-12-29,39.753456115722656,62.130001068115234,62.439998626708984,62.11000061035156,62.119998931884766,4968700
2010-12-30,39.63188171386719,61.939998626708984,62.189998626708984,61.900001525878906,62.099998474121094,5770100
2010-12-31,39.574283599853516,61.849998474121094,62.09000015258789,61.75,61.900001525878906,4981400
2011-01-03,40.1949462890625,62.81999969482422,63.18000030517578,62.529998779296875,62.630001068115234,14894800
2011-01-04,40.5340690612793,63.349998474121094,63.349998474121094,62.75,63.130001068115234,12346300
2011-01-05,40.50845718383789,63.310001373291016,63.540000915527344,62.95000076293945,63.40999984741211,11837900
2011-01-06,40.444488525390625,63.209999084472656,63.529998779296875,62.900001525878906,63.43000030517578,7606000
2011-01-07,40.054168701171875,62.599998474121094,63.25,62.560001373291016,63.20000076293945,11084800
2011-01-10,39.77265167236328,62.15999984741211,62.400001525878906,62.0,62.290000915527344,9775000
2011-01-11,39.84302520751953,62.27000045776367,62.349998474121094,62.0,62.220001220703125,7372800
2011-01-12,39.99018096923828,62.5,62.880001068115234,62.31999969482422,62.45000076293945,8312700
2011-01-13,40.25251770019531,62.90999984741211,62.97999954223633,62.349998474121094,62.560001373291016,9489700
2011-01-14,40.02218246459961,62.54999923706055,62.970001220703125,62.25,62.95000076293945,11274700
2011-01-18,39.73426055908203,62.099998474121094,62.59000015258789,62.0099983215332,62.220001220703125,13944900
2011-01-19,40.02858352661133,62.560001373291016,62.61000061035156,62.0099983215332,62.04999923706055,9596700
2011-01-20,40.220550537109375,62.86000061035156,63.099998474121094,62.540000915527344,62.72999954223633,11518600
2011-01-21,40.092559814453125,62.65999984741211,63.25,62.459999084472656,63.25,12932200
2011-01-24,39.81103515625,62.220001220703125,62.720001220703125,62.15999984741211,62.560001373291016,11373000
2011-01-25,39.08161163330078,61.08000183105469,61.630001068115234,60.709999084472656,60.88999938964844,28056700
2011-01-26,38.774505615234375,60.599998474121094,61.25,60.599998474121094,61.18000030517578,20262100
2011-01-27,38.82566833496094,60.68000030517578,61.040000915527344,60.599998474121094,60.63999938964844,11219500
2011-01-28,38.39698791503906,60.0099983215332,61.0,60.0,60.90999984741211,15298800
2011-01-31,38.243438720703125,59.77000045776367,60.220001220703125,59.689998626708984,60.15999984741211,19056200
2011-02-01,38.79368209838867,60.630001068115234,60.7400016784668,59.70000076293945,59.70000076293945,14780500
2011-02-02,38.787288665771484,60.619998931884766,60.7599983215332,60.279998779296875,60.459999084472656,9994200
2011-02-03,38.90245056152344,60.79999923706055,60.970001220703125,60.59000015258789,60.65999984741211,10078900
2011-02-04,38.92804718017578,60.84000015258789,60.9900016784668,60.650001525878906,60.939998626708984,9725500
2011-02-07,38.94725036621094,60.869998931884766,60.9900016784668,60.650001525878906,60.880001068115234,8217000
2011-02-08,38.992042541503906,60.939998626708984,60.9900016784668,60.75,60.939998626708984,7867600
2011-02-09,38.95364761352539,60.880001068115234,60.939998626708984,60.63999938964844,60.93000030517578,8541500
2011-02-10,38.98563003540039,60.93000030517578,61.06999969482422,60.41999816894531,60.63999938964844,8627500
2011-02-11,38.83848190307617,60.70000076293945,61.16999816894531,60.5099983215332,60.7400016784668,9630800
2011-02-14,38.83848190307617,60.70000076293945,60.97999954223633,60.650001525878906,60.689998626708984,8130800
2011-02-15,38.787288665771484,60.619998931884766,60.70000076293945,60.47999954223633,60.599998474121094,8572800
2011-02-16,38.72329330444336,60.52000045776367,60.7400016784668,60.5,60.61000061035156,9426400
2011-02-17,38.89606475830078,60.790000915527344,60.93000030517578,60.33000183105469,60.369998931884766,7133700
2011-02-18,39.100826263427734,61.11000061035156,61.220001220703125,60.54999923706055,60.88999938964844,12393000
2011-02-22,38.806488037109375,60.650001525878906,60.9900016784668,60.45000076293945,60.68000030517578,11050500
2011-02-23,38.64011764526367,60.38999938964844,61.08000183105469,60.369998931884766,60.7599983215332,12100300
2011-02-24,38.550537109375,60.25,60.5,60.029998779296875,60.470001220703125,11766700
2011-02-25,38.505367279052734,59.63999938964844,59.95000076293945,59.36000061035156,59.91999816894531,11863700
2011-02-28,39.6674919128418,61.439998626708984,61.45000076293945,59.77000045776367,59.93000030517578,20031000
2011-03-01,39.18972396850586,60.70000076293945,61.5,60.599998474121094,61.25,14035300
2011-03-02,39.2607307434082,60.810001373291016,60.93000030517578,60.36000061035156,60.5,10264600
2011-03-03,39.415687561035156,61.04999923706055,61.20000076293945,60.810001373291016,61.119998931884766,7802700
2011-03-04,39.42214584350586,61.060001373291016,61.290000915527344,60.34000015258789,61.290000915527344,11432700
2011-03-07,38.99602127075195,60.400001525878906,61.099998474121094,60.29999923706055,61.09000015258789,9584000
2011-03-08,39.1961669921875,60.709999084472656,60.9900016784668,60.34000015258789,60.47999954223633,8881800
2011-03-09,38.99602127075195,60.400001525878906,61.060001373291016,60.31999969482422,60.7400016784668,10082600
2011-03-10,38.48597717285156,59.61000061035156,60.29999923706055,59.400001525878906,60.13999938964844,14852300
2011-03-11,38.53763198852539,59.689998626708984,59.869998931884766,59.11000061035156,59.2400016784668,10426600
2011-03-14,38.17607879638672,59.130001068115234,59.4900016784668,58.91999816894531,59.4900016784668,11775000
2011-03-15,37.75641632080078,58.47999954223633,58.84000015258789,58.02000045776367,58.790000915527344,16016800
2011-03-16,37.226993560791016,57.65999984741211,58.56999969482422,57.5,58.56999969482422,16995600
2011-03-17,37.530452728271484,58.130001068115234,58.380001068115234,57.900001525878906,58.209999084472656,12456000
2011-03-18,37.81452560424805,58.56999969482422,58.689998626708984,58.099998474121094,58.560001373291016,14371900
2011-03-21,37.98238754272461,58.83000183105469,59.15999984741211,58.66999816894531,58.66999816894531,10692700
2011-03-22,37.95656204223633,58.790000915527344,59.150001525878906,58.70000076293945,58.79999923706055,10151800
2011-03-23,37.911376953125,58.720001220703125,58.88999938964844,58.5,58.720001220703125,9899800
2011-03-24,38.111515045166016,59.029998779296875,59.08000183105469,58.72999954223633,58.97999954223633,8655800
2011-03-25,38.0792236328125,58.97999954223633,59.09000015258789,58.650001525878906,59.0099983215332,8077400
2011-03-28,38.247100830078125,59.2400016784668,59.29999923706055,58.97999954223633,58.97999954223633,8382500
2011-03-29,38.23418045043945,59.220001220703125,59.310001373291016,58.93000030517578,58.97999954223633,9280300
2011-03-30,38.337493896484375,59.380001068115234,59.72999954223633,59.2400016784668,59.34000015258789,10736400
2011-03-31,38.25355529785156,59.25,59.70000076293945,59.209999084472656,59.209999084472656,9680200
2011-04-01,38.408504486083984,59.4900016784668,59.63999938964844,59.060001373291016,59.630001068115234,9908000
2011-04-04,38.834625244140625,60.150001525878906,60.18000030517578,59.459999084472656,59.5,9415100
2011-04-05,38.60866165161133,59.79999923706055,59.959999084472656,59.47999954223633,59.75,10557700
2011-04-06,38.51824951171875,59.65999984741211,59.900001525878906,59.599998474121094,59.70000076293945,10011200
2011-04-07,38.40205001831055,59.47999954223633,59.7599983215332,59.25,59.720001220703125,9232900
2011-04-08,38.38912582397461,59.459999084472656,59.779998779296875,59.310001373291016,59.72999954223633,7853200
2011-04-11,38.64739227294922,59.86000061035156,60.16999816894531,59.5,59.540000915527344,9845800
2011-04-12,38.699039459228516,59.939998626708984,60.08000183105469,59.65999984741211,59.65999984741211,9208000
2011-04-13,38.47952651977539,59.599998474121094,59.95000076293945,59.5099983215332,59.65999984741211,10509000
2011-04-14,38.75067901611328,60.02000045776367,60.119998931884766,59.4900016784668,59.54999923706055,10436200
2011-04-15,39.09933853149414,60.560001373291016,60.95000076293945,59.97999954223633,60.2400016784668,18608500
2011-04-18,39.034767150878906,60.459999084472656,61.189998626708984,60.099998474121094,60.45000076293945,20034800
2011-04-19,40.47451400756836,62.689998626708984,62.869998931884766,61.79999923706055,62.0,26083100
2011-04-20,41.572078704833984,64.38999938964844,64.54000091552734,63.18000030517578,63.209999084472656,26732100
2011-04-21,41.365482330322266,64.06999969482422,64.30000305175781,63.77000045776367,63.810001373291016,11688100
2011-04-25,41.391319274902344,64.11000061035156,64.19999694824219,63.5099983215332,63.650001525878906,7226900
2011-04-26,41.93364334106445,64.94999694824219,65.30000305175781,64.06999969482422,64.06999969482422,14500000
2011-04-27,42.33393096923828,65.56999969482422,65.5999984741211,63.400001525878906,63.45000076293945,23777500
2011-04-28,42.21126174926758,65.37999725341797,65.73999786376953,64.93000030517578,65.38999938964844,13091400
2011-04-29,42.4307746887207,65.72000122070312,65.97000122070312,65.4000015258789,65.58999633789062,12100000
2011-05-02,42.74713134765625,66.20999908447266,66.30999755859375,65.80999755859375,65.91999816894531,15456200
2011-05-03,42.77942657470703,66.26000213623047,66.45999908447266,66.01000213623047,66.11000061035156,13105500
2011-05-04,42.39849853515625,65.66999816894531,66.31999969482422,65.37000274658203,66.0,13408900
2011-05-05,41.972373962402344,65.01000213623047,65.61000061035156,64.80000305175781,65.44999694824219,14925200
2011-05-06,42.14023208618164,65.2699966430664,65.5,65.12000274658203,65.25,11904600
2011-05-09,42.3726806640625,65.62999725341797,65.76000213623047,65.06999969482422,65.11000061035156,9003100
2011-05-10,42.456607818603516,65.76000213623047,65.80000305175781,65.27999877929688,65.61000061035156,9693100
2011-05-11,42.97956466674805,66.56999969482422,66.73999786376953,65.80999755859375,66.31999969482422,19986100
2011-05-12,43.37986373901367,67.19000244140625,67.37000274658203,65.81999969482422,66.04000091552734,15622200
2011-05-13,43.0118408203125,66.62000274658203,67.25,65.94999694824219,67.08999633789062,11700900
2011-05-16,42.850440979003906,66.37000274658203,66.79000091552734,66.19000244140625,66.41000366210938,11513200
2011-05-17,42.86979293823242,66.4000015258789,66.4800033569336,65.86000061035156,66.2300033569336,10784100
2011-05-18,42.93437957763672,66.5,66.51000213623047,65.94000244140625,66.16999816894531,9028400
2011-05-19,42.863346099853516,66.38999938964844,66.52999877929688,65.8499984741211,66.52999877929688,9685100
2011-05-20,42.41141128540039,65.69000244140625,66.33000183105469,65.27999877929688,66.25,12367000
2011-05-23,42.32746887207031,65.55999755859375,65.69000244140625,65.08000183105469,65.19000244140625,12020200
2011-05-24,42.469505310058594,65.77999877929688,66.2300033569336,65.5,65.73999786376953,11017700
2011-05-25,42.798770904541016,66.29000091552734,66.58999633789062,66.06999969482422,66.29000091552734,14767100
2011-05-26,42.66203308105469,65.51000213623047,65.77999877929688,65.27999877929688,65.58999633789062,12044100
2011-05-27,43.48257827758789,66.7699966430664,66.97000122070312,65.5999984741211,65.79000091552734,16385700
2011-05-31,43.821205139160156,67.29000091552734,67.33999633789062,66.98999786376953,67.30999755859375,16473800
2011-06-01,43.29372787475586,66.4800033569336,67.29000091552734,66.45999908447266,67.0199966430664,11003400
2011-06-02,43.29372787475586,66.4800033569336,66.76000213623047,66.27999877929688,66.44000244140625,9582900
2011-06-03,43.039730072021484,66.08999633789062,66.36000061035156,65.80000305175781,65.83999633789062,10364900
2011-06-06,43.01369094848633,66.05000305175781,66.22000122070312,65.83999633789062,65.87000274658203,8397400
2011-06-07,42.655513763427734,65.5,66.27999877929688,65.5,66.0,10426800
2011-06-08,43.07229232788086,66.13999938964844,66.2300033569336,65.18000030517578,65.48999786376953,10020300
2011-06-09,43.48908615112305,66.77999877929688,67.27999877929688,66.16999816894531,66.33000183105469,14054500
2011-06-10,43.039730072021484,66.08999633789062,66.68000030517578,66.08999633789062,66.48999786376953,9312900
2011-06-13,43.3653450012207,66.58999633789062,66.95999908447266,66.26000213623047,66.31999969482422,8146200
2011-06-14,43.697486877441406,67.0999984741211,67.36000061035156,66.75,66.94999694824219,11389100
2011-06-15,43.0853385925293,66.16000366210938,67.0,65.70999908447266,67.0,12623500
2011-06-16,43.189517974853516,66.31999969482422,66.3499984741211,65.47000122070312,65.69999694824219,11683900
2011-06-17,43.169979095458984,66.29000091552734,66.94999694824219,66.19000244140625,66.62999725341797,14336400
2011-06-20,43.313270568847656,66.51000213623047,66.73999786376953,66.06999969482422,66.08000183105469,9309200
2011-06-21,43.300228118896484,66.48999786376953,66.75,66.16000366210938,66.5199966430664,9811500
2011-06-22,43.02672576904297,66.06999969482422,66.62000274658203,66.05000305175781,66.47000122070312,7988100
2011-06-23,42.766231536865234,65.66999816894531,65.73999786376953,64.69000244140625,65.54000091552734,16234800
2011-06-24,42.36897277832031,65.05999755859375,65.61000061035156,64.83000183105469,65.56999969482422,13186200
2011-06-27,42.492713928222656,65.25,65.61000061035156,65.0,65.29000091552734,7199500
2011-06-28,42.92251968383789,65.91000366210938,66.12000274658203,65.37999725341797,65.58999633789062,7724600
2011-06-29,43.183013916015625,66.30999755859375,66.58999633789062,65.93000030517578,66.2300033569336,9227000
2011-06-30,43.31977081298828,66.5199966430664,66.91000366210938,66.25,66.41999816894531,9747200
2011-07-01,43.827735900878906,67.30000305175781,67.36000061035156,66.2699966430664,66.4800033569336,9216500
2011-07-05,44.0361328125,67.62000274658203,67.66999816894531,67.25,67.29000091552734,9773600
2011-07-06,43.99054718017578,67.55000305175781,67.75,67.37000274658203,67.62999725341797,7100400
2011-07-07,44.231483459472656,67.91999816894531,68.05000305175781,67.4000015258789,67.81999969482422,8415200
2011-07-08,44.00355529785156,67.56999969482422,67.98999786376953,67.19000244140625,67.80999755859375,7866100
2011-07-11,43.80819320678711,67.2699966430664,67.41000366210938,66.83000183105469,66.87999725341797,8918900
2011-07-12,43.651912689208984,67.02999877929688,67.68000030517578,66.83000183105469,66.9000015258789,10528700
2011-07-13,44.042633056640625,67.62999725341797,67.9800033569336,67.20999908447266,67.38999938964844,9031700
2011-07-14,44.062191009521484,67.66000366210938,67.93000030517578,67.47000122070312,67.5999984741211,9636500
2011-07-15,43.925411224365234,67.44999694824219,67.94999694824219,66.98999786376953,67.7300033569336,10245100
2011-07-18,43.69096755981445,67.08999633789062,67.3499984741211,66.55000305175781,67.16999816894531,10361000
2011-07-19,43.450016021728516,66.72000122070312,67.22000122070312,66.1500015258789,67.0999984741211,13677400
2011-07-20,43.137428283691406,66.23999786376953,66.9000015258789,66.05999755859375,66.56999969482422,8912600
2011-07-21,43.28720474243164,66.47000122070312,66.79000091552734,66.12999725341797,66.44999694824219,11394100
2011-07-22,43.450016021728516,66.72000122070312,66.79000091552734,66.48999786376953,66.69000244140625,7721000
2011-07-25,43.14394760131836,66.25,66.43000030517578,66.01000213623047,66.20999908447266,10247700
2011-07-26,42.92903518676758,65.91999816894531,66.31999969482422,65.87000274658203,66.16999816894531,10008300
2011-07-27,42.47970199584961,65.2300033569336,65.87000274658203,65.13999938964844,65.76000213623047,12810400
2011-07-28,42.38198471069336,65.08000183105469,65.62000274658203,64.77999877929688,65.2300033569336,9920400
2011-07-29,42.19314956665039,64.79000091552734,64.93000030517578,64.12999725341797,64.73999786376953,16829000
2011-08-01,41.94567108154297,64.41000366210938,65.33000183105469,63.65999984741211,65.27999877929688,15842200
2011-08-02,41.30746078491211,63.43000030517578,64.3499984741211,63.43000030517578,64.11000061035156,17118300
2011-08-03,41.29445266723633,63.40999984741211,63.529998779296875,61.86000061035156,63.369998931884766,17660300
2011-08-04,40.27201843261719,61.84000015258789,63.15999984741211,61.810001373291016,62.61000061035156,23485600
2011-08-05,40.83859634399414,62.709999084472656,63.43000030517578,61.04999923706055,62.119998931884766,24037800
2011-08-08,39.80313491821289,61.119998931884766,62.58000183105469,61.04999923706055,61.79999923706055,32423200
2011-08-09,40.506465911865234,62.20000076293945,62.369998931884766,59.08000183105469,61.709999084472656,36288000
2011-08-10,39.2039909362793,60.20000076293945,61.959999084472656,60.0099983215332,61.619998931884766,32688900
2011-08-11,41.31398391723633,63.439998626708984,64.19000244140625,60.130001068115234,60.18000030517578,33514400
2011-08-12,41.26189041137695,63.36000061035156,63.9900016784668,62.900001525878906,63.61000061035156,42324600
2011-08-15,42.06289291381836,64.58999633789062,64.62000274658203,63.61000061035156,63.849998474121094,39362000
2011-08-16,41.913108825683594,64.36000061035156,64.70999908447266,63.689998626708984,63.77000045776367,13142100
2011-08-17,41.847999572753906,64.26000213623047,64.8499984741211,63.79999923706055,64.55999755859375,11847600
2011-08-18,41.131629943847656,63.15999984741211,63.58000183105469,62.02000045776367,63.189998626708984,23376400
2011-08-19,41.118614196777344,63.13999938964844,63.779998779296875,62.7400016784668,62.90999984741211,19394800
2011-08-22,41.21628952026367,63.290000915527344,64.0999984741211,63.0099983215332,63.9900016784668,13689300
2011-08-23,42.31035614013672,64.97000122070312,64.98999786376953,63.41999816894531,63.52000045776367,14879000
2011-08-24,42.675045013427734,65.52999877929688,65.69999694824219,64.83999633789062,65.37999725341797,14523000
2011-08-25,42.03685760498047,64.55000305175781,65.48999786376953,64.19999694824219,65.48999786376953,13134400
2011-08-26,42.23396301269531,64.27999877929688,64.56999969482422,62.5,63.54999923706055,14150600
2011-08-29,43.272056579589844,65.86000061035156,65.91999816894531,64.55999755859375,64.63999938964844,12867900
2011-08-30,43.212928771972656,65.7699966430664,66.04000091552734,65.19000244140625,65.81999969482422,11183000
2011-08-31,43.23264694213867,65.80000305175781,66.2300033569336,65.33999633789062,66.02999877929688,14555300
2011-09-01,42.92383575439453,65.33000183105469,66.13999938964844,65.11000061035156,65.66000366210938,11141100
2011-09-02,42.09598159790039,64.06999969482422,65.0,63.90999984741211,64.83000183105469,13713600
2011-09-06,42.47048568725586,64.63999938964844,64.75,62.5,63.16999816894531,15848300
2011-09-07,42.98954772949219,65.43000030517578,65.44999694824219,64.69000244140625,65.04000091552734,10759700
2011-09-08,42.674156188964844,64.94999694824219,65.93000030517578,64.83999633789062,64.95999908447266,15551500
2011-09-09,41.81345748901367,63.63999938964844,64.41000366210938,63.290000915527344,64.38999938964844,17008200
2011-09-12,41.78060531616211,63.59000015258789,63.61000061035156,62.29999923706055,63.099998474121094,13448200
2011-09-13,41.79375076293945,63.61000061035156,64.05000305175781,63.18000030517578,63.9900016784668,11595300
2011-09-14,41.872589111328125,63.72999954223633,64.47000122070312,62.97999954223633,63.95000076293945,13429500
2011-09-15,42.31279754638672,64.4000015258789,64.62999725341797,63.91999816894531,64.27999877929688,10625800
2011-09-16,42.43764114379883,64.58999633789062,64.73999786376953,63.959999084472656,64.5199966430664,15688800
2011-09-19,42.1419677734375,64.13999938964844,64.38999938964844,63.630001068115234,64.05000305175781,8571800
2011-09-20,42.19453811645508,64.22000122070312,64.8499984741211,63.790000915527344,64.41999816894531,10874800
2011-09-21,41.478370666503906,63.130001068115234,64.5999984741211,63.099998474121094,64.19000244140625,10041300
2011-09-22,40.683372497558594,61.91999816894531,62.599998474121094,61.13999938964844,62.15999984741211,19456900
2011-09-23,40.46654510498047,61.59000015258789,61.900001525878906,61.0,61.29999923706055,10983700
2011-09-26,41.189273834228516,62.689998626708984,62.849998474121094,62.0099983215332,62.04999923706055,10561700
2011-09-27,41.93172073364258,63.81999969482422,64.3499984741211,62.709999084472656,63.369998931884766,13118200
2011-09-28,41.55720520019531,63.25,64.44999694824219,63.13999938964844,63.900001525878906,8964200
2011-09-29,41.984291076660156,63.900001525878906,64.23999786376953,63.02000045776367,63.91999816894531,8923300
2011-09-30,41.846317291259766,63.689998626708984,64.73999786376953,63.150001525878906,63.220001220703125,14556100
2011-10-03,40.78847885131836,62.08000183105469,64.20999908447266,62.04999923706055,63.650001525878906,16891100
2011-10-04,40.847618103027344,62.16999816894531,62.33000183105469,60.83000183105469,61.54999923706055,18192000
2011-10-05,40.96588897705078,62.349998474121094,62.5099983215332,61.599998474121094,62.209999084472656,15405200
2011-10-06,41.268123626708984,62.810001373291016,62.83000183105469,62.099998474121094,62.52000045776367,9595400
2011-10-07,41.478370666503906,63.130001068115234,63.720001220703125,63.0,63.0099983215332,12361600
2011-10-10,42.3325080871582,64.43000030517578,64.43000030517578,63.63999938964844,63.88999938964844,7104000
2011-10-11,42.023704528808594,63.959999084472656,64.36000061035156,63.849998474121094,64.26000213623047,7628700
2011-10-12,42.266815185546875,64.33000183105469,64.69000244140625,63.869998931884766,64.12999725341797,9375100
2011-10-13,42.201114654541016,64.2300033569336,64.44999694824219,63.56999969482422,64.44999694824219,7781100
2011-10-14,42.52305603027344,64.72000122070312,64.73999786376953,64.16999816894531,64.69000244140625,6678800
2011-10-17,41.912017822265625,63.790000915527344,64.83999633789062,63.619998931884766,64.4000015258789,10797900
2011-10-18,42.32594299316406,64.41999816894531,64.73999786376953,63.400001525878906,63.7599983215332,11705300
2011-10-19,41.15641784667969,62.63999938964844,64.51000213623047,62.15999984741211,64.51000213623047,19964600
2011-10-20,41.08414840698242,62.529998779296875,63.130001068115234,62.310001373291016,62.959999084472656,11562600
2011-10-21,41.905452728271484,63.779998779296875,63.84000015258789,62.88999938964844,63.11000061035156,13175400
2011-10-24,42.52960968017578,64.7300033569336,64.79000091552734,63.599998474121094,63.900001525878906,12552700
2011-10-25,41.846317291259766,63.689998626708984,64.83000183105469,63.560001373291016,64.55999755859375,10324800
2011-10-26,42.371925354003906,64.48999786376953,64.5999984741211,63.790000915527344,64.19000244140625,9932100
2011-10-27,43.03554153442383,65.5,65.69000244140625,64.70999908447266,64.98999786376953,16450700
2011-10-28,43.10123062133789,65.5999984741211,65.8499984741211,65.02999877929688,65.63999938964844,10390800
2011-10-31,42.306209564208984,64.38999938964844,65.86000061035156,64.37999725341797,65.16999816894531,13720400
2011-11-01,41.64262390136719,63.380001068115234,64.0999984741211,63.18000030517578,63.68000030517578,14749900
2011-11-02,41.81345748901367,63.63999938964844,64.38999938964844,63.40999984741211,64.38999938964844,10136200
2011-11-03,42.27338409423828,64.33999633789062,64.5199966430664,63.66999816894531,64.06999969482422,10466000
2011-11-04,42.12882995605469,64.12000274658203,64.54000091552734,63.40999984741211,64.0,9725200
2011-11-07,42.049991607666016,64.0,64.33999633789062,63.25,63.959999084472656,8783900
2011-11-08,42.61502456665039,64.86000061035156,64.98999786376953,63.95000076293945,64.08999633789062,7989500
2011-11-09,41.741180419921875,63.529998779296875,64.12999725341797,63.099998474121094,64.06999969482422,11072500
2011-11-10,42.12882995605469,64.12000274658203,64.41999816894531,63.65999984741211,64.12999725341797,7597500
2011-11-11,42.87128448486328,65.25,65.48999786376953,64.62000274658203,64.62000274658203,9086800
2011-11-14,42.647884368896484,64.91000366210938,65.33000183105469,64.6500015258789,64.97000122070312,8276100
2011-11-15,42.700443267822266,64.98999786376953,65.29000091552734,64.51000213623047,64.97000122070312,10726300
2011-11-16,42.31279754638672,64.4000015258789,65.16000366210938,64.30000305175781,64.52999877929688,8398100
2011-11-17,42.01056671142578,63.939998626708984,64.51000213623047,63.29999923706055,64.16999816894531,13924700
2011-11-18,41.95143127441406,63.849998474121094,64.19999694824219,63.560001373291016,64.19000244140625,12659600
2011-11-21,41.35353469848633,62.939998626708984,63.34000015258789,62.880001068115234,63.27000045776367,32806700
2011-11-22,41.32724380493164,62.900001525878906,63.20000076293945,62.70000076293945,62.95000076293945,8680000
2011-11-23,40.7293586730957,61.9900016784668,62.650001525878906,61.9900016784668,62.59000015258789,10362800
2011-11-25,40.6298828125,61.27000045776367,61.63999938964844,61.04999923706055,61.310001373291016,5838800
2011-11-28,41.35933303833008,62.369998931884766,62.709999084472656,61.779998779296875,61.880001068115234,11678000
2011-11-29,41.63121795654297,62.779998779296875,63.130001068115234,62.459999084472656,62.81999969482422,8923600
2011-11-30,42.91767501831055,64.72000122070312,64.73999786376953,63.79999923706055,63.91999816894531,15032600
2011-12-01,42.73862838745117,64.44999694824219,64.94999694824219,64.3499984741211,64.68000030517578,9852700
2011-12-02,42.088768005371094,63.470001220703125,64.88999938964844,63.29999923706055,64.87000274658203,15792800
2011-12-05,42.01581954956055,63.36000061035156,64.25,62.849998474121094,64.0999984741211,15294500
2011-12-06,42.10202407836914,63.4900016784668,63.93000030517578,63.2599983215332,63.61000061035156,10417800
2011-12-07,42.73862838745117,64.44999694824219,64.80999755859375,63.369998931884766,63.56999969482422,11504700
2011-12-08,42.294349670410156,63.779998779296875,64.44999694824219,63.560001373291016,64.13999938964844,9566800
2011-12-09,42.79168701171875,64.52999877929688,64.68000030517578,63.97999954223633,64.31999969482422,8835700
2011-12-12,42.11528015136719,63.5099983215332,64.19999694824219,63.349998474121094,63.869998931884766,10808700
2011-12-13,42.01581954956055,63.36000061035156,64.08000183105469,63.13999938964844,64.08000183105469,14215500
2011-12-14,41.896453857421875,63.18000030517578,63.779998779296875,62.93000030517578,63.380001068115234,9802400
2011-12-15,42.440223693847656,64.0,64.0999984741211,63.56999969482422,63.650001525878906,9656700
2011-12-16,42.639156341552734,64.30000305175781,64.37000274658203,63.54999923706055,64.36000061035156,19214300
2011-12-19,42.128562927246094,63.529998779296875,64.27999877929688,63.36000061035156,64.18000030517578,9024700
2011-12-20,42.785057067871094,64.5199966430664,64.7300033569336,64.01000213623047,64.0199966430664,12247700
2011-12-21,43.07683181762695,64.95999908447266,65.0,64.58000183105469,64.80999755859375,8517800
2011-12-22,43.222721099853516,65.18000030517578,65.26000213623047,64.62000274658203,65.05999755859375,7428000
2011-12-23,43.75321960449219,65.9800033569336,66.0,65.18000030517578,65.2300033569336,6503300
2011-12-27,43.779747009277344,66.0199966430664,66.31999969482422,65.9000015258789,65.98999786376953,4995100
2011-12-28,43.401756286621094,65.44999694824219,66.02999877929688,65.30000305175781,65.97000122070312,5943900
2011-12-29,43.6869010925293,65.87999725341797,66.02999877929688,65.25,65.30999755859375,5702400
2011-12-30,43.487979888916016,65.58000183105469,65.93000030517578,65.52999877929688,65.58999633789062,4959700
2012-01-03,43.6869010925293,65.87999725341797,66.0,65.25,65.58999633789062,16116200
2012-01-04,43.42167663574219,65.4800033569336,65.87999725341797,65.11000061035156,65.75,9243100
2012-01-05,43.36860656738281,65.4000015258789,65.5999984741211,64.83000183105469,65.31999969482422,11886900
2012-01-06,42.99061965942383,64.83000183105469,65.45999908447266,64.61000061035156,65.44000244140625,15359900
2012-01-09,43.056941986083984,64.93000030517578,65.08999633789062,64.41000366210938,64.95999908447266,7934600
2012-01-10,43.23597717285156,65.19999694824219,65.4000015258789,65.0,65.11000061035156,8476600
2012-01-11,43.1895637512207,65.12999725341797,65.54000091552734,64.83999633789062,65.11000061035156,6784600
2012-01-12,43.25589370727539,65.2300033569336,65.41000366210938,64.93000030517578,65.27999877929688,7402900
2012-01-13,43.27577590942383,65.26000213623047,65.27999877929688,64.36000061035156,64.97000122070312,8978800
2012-01-17,43.182926177978516,65.12000274658203,65.69000244140625,64.5,65.54000091552734,8359900
2012-01-18,43.289031982421875,65.27999877929688,65.37000274658203,65.0,65.26000213623047,8095600
2012-01-19,43.2293701171875,65.19000244140625,65.25,64.79000091552734,65.16000366210938,11699800
2012-01-20,43.28239059448242,65.2699966430664,65.55000305175781,64.54000091552734,65.27999877929688,14715500
2012-01-23,43.103355407714844,65.0,65.33000183105469,64.87999725341797,65.2300033569336,10125000
2012-01-24,43.103355407714844,65.0,65.44999694824219,64.33999633789062,64.33999633789062,12367900
2012-01-25,43.24924850463867,65.22000122070312,65.30000305175781,64.76000213623047,64.83000183105469,10531400
2012-01-26,43.567543029785156,65.69999694824219,65.87999725341797,65.22000122070312,65.52999877929688,12546100
2012-01-27,43.47471237182617,65.55999755859375,65.87000274658203,65.45999908447266,65.62000274658203,10466300
2012-01-30,43.57417297363281,65.70999908447266,65.70999908447266,65.12999725341797,65.33000183105469,7482100
2012-01-31,43.70680618286133,65.91000366210938,65.94999694824219,65.55999755859375,65.86000061035156,13562900
2012-02-01,43.5609245300293,65.69000244140625,66.31999969482422,65.6500015258789,65.97000122070312,12275900
2012-02-02,43.49460220336914,65.58999633789062,65.97000122070312,65.3499984741211,65.94000244140625,8282400
2012-02-03,43.527767181396484,65.63999938964844,66.0199966430664,65.52999877929688,65.9000015258789,9036200
2012-02-06,43.2293701171875,65.19000244140625,65.58000183105469,65.05000305175781,65.45999908447266,9535700
2012-02-07,43.27577590942383,65.26000213623047,65.38999938964844,65.0199966430664,65.16000366210938,9248100
2012-02-08,43.26250457763672,65.23999786376953,65.3499984741211,65.08999633789062,65.19999694824219,6889400
2012-02-09,43.0304069519043,64.88999938964844,65.3499984741211,64.81999969482422,65.16000366210938,10936200
2012-02-10,42.83810806274414,64.5999984741211,64.7699966430664,64.25,64.70999908447266,13954200
2012-02-13,42.89116668701172,64.68000030517578,64.94999694824219,64.5999984741211,64.9000015258789,9662500
2012-02-14,42.84474563598633,64.61000061035156,64.86000061035156,64.33000183105469,64.75,8978500
2012-02-15,42.87126922607422,64.6500015258789,64.94999694824219,64.47000122070312,64.51000213623047,9023400
2012-02-16,43.05030822753906,64.91999816894531,65.16000366210938,64.44000244140625,64.5999984741211,8194500
2012-02-17,43.096717834472656,64.98999786376953,65.27999877929688,64.80999755859375,65.22000122070312,9057500
2012-02-21,43.12987518310547,65.04000091552734,65.23999786376953,64.75,65.2300033569336,8081700
2012-02-22,43.103355407714844,65.0,65.33999633789062,64.87000274658203,65.08000183105469,8150600
2012-02-23,43.16965866088867,65.0999984741211,66.05000305175781,64.9000015258789,65.19000244140625,8991500
2012-02-24,43.122833251953125,64.45999908447266,64.79000091552734,64.19000244140625,64.79000091552734,10478200
2012-02-27,43.116153717041016,64.44999694824219,64.63999938964844,64.0199966430664,64.26000213623047,8523000
2012-02-28,43.6045036315918,65.18000030517578,65.41999816894531,64.5,64.5999984741211,11581400
2012-02-29,43.53761291503906,65.08000183105469,65.26000213623047,64.70999908447266,65.22000122070312,11489100
2012-03-01,43.370365142822266,64.83000183105469,65.26000213623047,64.63999938964844,65.11000061035156,8813800
2012-03-02,43.33021545410156,64.7699966430664,64.87000274658203,64.56999969482422,64.73999786376953,6063900
2012-03-05,43.423885345458984,64.91000366210938,64.95999908447266,64.54000091552734,64.69000244140625,7601000
2012-03-06,43.04924774169922,64.3499984741211,64.7300033569336,64.19000244140625,64.45999908447266,9511100
2012-03-07,43.015804290771484,64.30000305175781,64.45999908447266,64.12000274658203,64.2699966430664,8591800
2012-03-08,43.38373947143555,64.8499984741211,65.08000183105469,64.73999786376953,64.94999694824219,11311100
2012-03-09,43.310150146484375,64.73999786376953,65.0,64.58999633789062,64.83000183105469,8410600
2012-03-12,43.55099105834961,65.0999984741211,65.1500015258789,64.54000091552734,64.55000305175781,7284700
2012-03-13,43.704864501953125,65.33000183105469,65.44000244140625,65.02999877929688,65.41999816894531,9884100
2012-03-14,43.53761291503906,65.08000183105469,65.37999725341797,65.0199966430664,65.20999908447266,9612200
2012-03-15,43.530921936035156,65.06999969482422,65.37999725341797,64.8499984741211,64.93000030517578,11372900
2012-03-16,43.564369201660156,65.12000274658203,65.45999908447266,64.80999755859375,65.19999694824219,17707000
2012-03-19,43.62457275390625,65.20999908447266,65.2699966430664,64.9000015258789,64.94999694824219,7321800
2012-03-20,43.45732498168945,64.95999908447266,65.12999725341797,64.76000213623047,65.0,7760400
2012-03-21,43.32353210449219,64.76000213623047,65.06999969482422,64.63999938964844,64.95999908447266,7839600
2012-03-22,43.122833251953125,64.45999908447266,64.69000244140625,64.4000015258789,64.68000030517578,10621300
2012-03-23,43.18306350708008,64.55000305175781,64.70999908447266,64.37000274658203,64.48999786376953,8062500
2012-03-26,43.59782028198242,65.16999816894531,65.26000213623047,64.83000183105469,64.88999938964844,8503800
2012-03-27,43.75169372558594,65.4000015258789,65.5,65.22000122070312,65.33000183105469,10723800
2012-03-28,43.898868560791016,65.62000274658203,65.62000274658203,65.18000030517578,65.4000015258789,10305500
2012-03-29,43.845340728759766,65.54000091552734,65.54000091552734,65.19999694824219,65.27999877929688,9553300
2012-03-30,44.12632369995117,65.95999908447266,66.18000030517578,65.58000183105469,65.62999725341797,11307700
2012-04-02,44.29356002807617,66.20999908447266,66.30000305175781,65.81999969482422,66.04000091552734,8785900
2012-04-03,44.07276916503906,65.87999725341797,66.1500015258789,65.5,66.12000274658203,9128400
2012-04-04,43.744991302490234,65.38999938964844,65.69999694824219,65.36000061035156,65.61000061035156,9432300
2012-04-05,43.711551666259766,65.33999633789062,65.37999725341797,65.08999633789062,65.26000213623047,7922700
2012-04-09,43.43056869506836,64.91999816894531,65.2300033569336,64.87999725341797,64.94999694824219,6363400
2012-04-10,42.94889831542969,64.19999694824219,64.86000061035156,64.16000366210938,64.80999755859375,12793200
2012-04-11,42.90206527709961,64.12999725341797,64.69000244140625,63.959999084472656,64.69000244140625,10434100
2012-04-12,42.91545104980469,64.1500015258789,64.1500015258789,63.68000030517578,64.05000305175781,13122300
2012-04-13,42.50737380981445,63.540000915527344,64.0,63.52000045776367,63.939998626708984,11226600
2012-04-16,42.80173110961914,63.97999954223633,64.16000366210938,63.66999816894531,63.720001220703125,10502400
2012-04-17,42.9622802734375,64.22000122070312,64.27999877929688,63.27000045776367,64.2300033569336,18322900
2012-04-18,42.32005310058594,63.2599983215332,63.91999816894531,63.119998931884766,63.900001525878906,20567700
2012-04-19,42.166194915771484,63.029998779296875,63.540000915527344,62.7599983215332,63.220001220703125,15189000
2012-04-20,42.62109375,63.709999084472656,63.970001220703125,63.20000076293945,63.220001220703125,14320700
2012-04-23,42.39364242553711,63.369998931884766,63.689998626708984,63.29999923706055,63.5,10120900
2012-04-24,42.66124725341797,63.77000045776367,63.790000915527344,63.36000061035156,63.54999923706055,9022400
2012-04-25,43.10276794433594,64.43000030517578,64.58000183105469,63.84000015258789,63.959999084472656,11162800
2012-04-26,43.31684875488281,64.75,64.97000122070312,64.26000213623047,64.41000366210938,9139200
2012-04-27,43.377037048339844,64.83999633789062,65.12999725341797,64.68000030517578,64.94999694824219,10746700
2012-04-30,43.55099105834961,65.0999984741211,65.38999938964844,64.83999633789062,64.8499984741211,11362300
2012-05-01,43.63126754760742,65.22000122070312,65.36000061035156,64.80000305175781,64.91000366210938,10107900
2012-05-02,43.704864501953125,65.33000183105469,65.33000183105469,64.83999633789062,65.16999816894531,8349700
2012-05-03,43.711551666259766,65.33999633789062,65.48999786376953,65.0999984741211,65.4000015258789,10431800
2012-05-04,43.310150146484375,64.73999786376953,65.29000091552734,64.73999786376953,65.19000244140625,10301300
2012-05-07,43.35029602050781,64.80000305175781,65.0199966430664,64.51000213623047,64.58000183105469,8387800
2012-05-08,43.4707145690918,64.9800033569336,64.9800033569336,64.55000305175781,64.68000030517578,12491900
2012-05-09,43.00242614746094,64.27999877929688,64.87999725341797,64.25,64.58999633789062,10649400
2012-05-10,43.196434020996094,64.56999969482422,64.86000061035156,64.38999938964844,64.80999755859375,7702000
2012-05-11,43.04256057739258,64.33999633789062,64.98999786376953,64.2300033569336,64.43000030517578,37824600
2012-05-14,42.768272399902344,63.93000030517578,64.0999984741211,63.560001373291016,64.02999877929688,39687800
2012-05-15,42.554203033447266,63.61000061035156,64.13999938964844,63.40999984741211,63.70000076293945,8500000
2012-05-16,42.62109375,63.709999084472656,63.93000030517578,63.45000076293945,63.790000915527344,10018400
2012-05-17,42.514060974121094,63.54999923706055,64.0,63.47999954223633,63.709999084472656,7993500
2012-05-18,42.38025665283203,63.349998474121094,63.90999984741211,63.09000015258789,63.869998931884766,13781300
2012-05-21,42.46054458618164,63.470001220703125,63.83000183105469,63.25,63.2599983215332,8784900
2012-05-22,42.493988037109375,63.52000045776367,63.79999923706055,63.33000183105469,63.400001525878906,8409300
2012-05-23,42.32675552368164,63.27000045776367,63.75,62.880001068115234,63.400001525878906,11269100
2012-05-24,42.62395477294922,63.099998474121094,63.34000015258789,62.79999923706055,62.88999938964844,9309400
2012-05-25,42.22541427612305,62.5099983215332,62.97999954223633,62.290000915527344,62.880001068115234,11208500
2012-05-29,42.27946853637695,62.59000015258789,62.93000030517578,62.29999923706055,62.84000015258789,10089700
2012-05-30,42.02278137207031,62.209999084472656,62.400001525878906,62.0,62.34000015258789,9414700
2012-05-31,42.171382904052734,62.43000030517578,62.880001068115234,62.13999938964844,62.36000061035156,13297100
2012-06-01,41.732295989990234,61.779998779296875,62.310001373291016,61.709999084472656,62.040000915527344,12061100
2012-06-04,42.1105842590332,62.34000015258789,62.45000076293945,61.88999938964844,62.040000915527344,9200000
2012-06-05,42.02278137207031,62.209999084472656,62.380001068115234,62.0,62.15999984741211,9523400
2012-06-06,42.42131423950195,62.79999923706055,62.79999923706055,61.88999938964844,62.09000015258789,11562500
2012-06-07,42.42131423950195,62.79999923706055,63.20000076293945,62.5099983215332,63.18000030517578,12959300
2012-06-08,42.542903900146484,62.97999954223633,63.040000915527344,62.33000183105469,62.540000915527344,11249500
2012-06-11,41.96198272705078,62.119998931884766,63.029998779296875,62.11000061035156,62.970001220703125,12226400
2012-06-12,42.61044692993164,63.08000183105469,63.27000045776367,61.83000183105469,62.15999984741211,26655400
2012-06-13,43.5358772277832,64.44999694824219,64.69999694824219,63.18000030517578,64.23999786376953,98440200
2012-06-14,44.21138381958008,65.44999694824219,65.75,64.29000091552734,64.3499984741211,34314900
2012-06-15,44.589664459228516,66.01000213623047,66.0999984741211,65.51000213623047,65.9000015258789,25992800
2012-06-18,44.78557586669922,66.30000305175781,66.38999938964844,65.81999969482422,65.81999969482422,25750000
2012-06-19,45.06926345825195,66.72000122070312,66.95999908447266,66.36000061035156,66.4000015258789,23615400
2012-06-20,45.2584114074707,67.0,67.0,66.45999908447266,66.77999877929688,21254600
2012-06-21,44.846351623535156,66.38999938964844,66.97000122070312,66.16000366210938,66.55000305175781,24545300
2012-06-22,45.00846481323242,66.62999725341797,66.97000122070312,66.5199966430664,66.66000366210938,18965700
2012-06-25,44.920650482177734,66.5,66.62999725341797,66.13999938964844,66.26000213623047,13734500
2012-06-26,44.866615295410156,66.41999816894531,66.69000244140625,66.41000366210938,66.55999755859375,11100000
2012-06-27,45.150333404541016,66.83999633789062,67.19999694824219,66.36000061035156,66.41999816894531,17594200
2012-06-28,45.21788787841797,66.94000244140625,67.0,66.44000244140625,66.70999908447266,12110900
2012-06-29,45.63669204711914,67.55999755859375,67.69999694824219,67.20999908447266,67.30000305175781,18286000
2012-07-02,45.933902740478516,68.0,68.0,67.33999633789062,67.41999816894531,12552700
2012-07-03,45.9609375,68.04000091552734,68.12000274658203,67.72000122070312,67.95999908447266,8902400
2012-07-05,45.7852897644043,67.77999877929688,68.1500015258789,67.77999877929688,67.91999816894531,11857800
2012-07-06,45.690731048583984,67.63999938964844,67.87999725341797,67.36000061035156,67.51000213623047,9758000
2012-07-09,45.7852897644043,67.77999877929688,67.95999908447266,67.62999725341797,67.73999786376953,12485900
2012-07-10,45.852848052978516,67.87999725341797,68.0999984741211,67.73999786376953,67.97000122070312,12851800
2012-07-11,45.866355895996094,67.9000015258789,68.11000061035156,67.72000122070312,68.02999877929688,12026100
2012-07-12,45.738014221191406,67.70999908447266,68.12000274658203,67.44000244140625,67.62000274658203,16484200
2012-07-13,46.34596633911133,68.61000061035156,68.73999786376953,67.7300033569336,67.79000091552734,13238800
2012-07-16,46.237884521484375,68.44999694824219,68.72000122070312,68.36000061035156,68.47000122070312,12921500
2012-07-17,46.60939407348633,69.0,69.18000030517578,67.61000061035156,67.83999633789062,24201900
2012-07-18,46.85934066772461,69.37000274658203,69.45999908447266,68.66000366210938,68.73999786376953,15616200
2012-07-19,46.96741485595703,69.52999877929688,69.69999694824219,68.9800033569336,69.25,13499500
2012-07-20,46.359474182128906,68.62999725341797,69.36000061035156,68.3499984741211,69.3499984741211,13964600
2012-07-23,46.00822448730469,68.11000061035156,68.30999755859375,67.6500015258789,68.13999938964844,11771400
2012-07-24,45.49482345581055,67.3499984741211,68.25,67.0,68.0999984741211,12145700
2012-07-25,45.61643600463867,67.52999877929688,68.0199966430664,67.38999938964844,67.66999816894531,9882200
2012-07-26,46.433780670166016,68.73999786376953,68.9800033569336,68.20999908447266,68.30000305175781,16477200
2012-07-27,46.960670471191406,69.5199966430664,69.68000030517578,68.88999938964844,68.94999694824219,14015900
2012-07-30,46.913387298583984,69.44999694824219,69.6500015258789,69.16000366210938,69.37000274658203,8379500
2012-07-31,46.75800704956055,69.22000122070312,69.55999755859375,69.0999984741211,69.25,10313900
2012-08-01,46.866092681884766,69.37999725341797,69.75,69.25,69.4800033569336,11681700
2012-08-02,46.237884521484375,68.44999694824219,68.9800033569336,68.0199966430664,68.80999755859375,13536000
2012-08-03,46.69048309326172,69.12000274658203,69.31999969482422,68.88999938964844,68.9800033569336,10898800
2012-08-06,46.50132369995117,68.83999633789062,69.33999633789062,68.77999877929688,69.18000030517578,8723200
2012-08-07,46.129798889160156,68.29000091552734,68.94000244140625,68.20999908447266,68.80999755859375,11268400
2012-08-08,46.17032241821289,68.3499984741211,68.55999755859375,68.22000122070312,68.29000091552734,6573100
2012-08-09,46.15007400512695,68.31999969482422,68.6500015258789,68.16999816894531,68.33000183105469,7764200
2012-08-10,46.36621856689453,68.63999938964844,68.70999908447266,68.12000274658203,68.12000274658203,7645000
2012-08-13,46.24462890625,68.45999908447266,68.55000305175781,68.16999816894531,68.38999938964844,7199200
2012-08-14,46.36621856689453,68.63999938964844,68.75,68.5,68.73999786376953,8217800
2012-08-15,46.17032241821289,68.3499984741211,68.83999633789062,68.30000305175781,68.51000213623047,9349100
2012-08-16,46.069007873535156,68.19999694824219,68.44999694824219,68.0199966430664,68.44000244140625,13518500
2012-08-17,45.798805236816406,67.80000305175781,68.18000030517578,67.51000213623047,68.12000274658203,11999500
2012-08-20,45.73125457763672,67.69999694824219,67.83999633789062,67.66999816894531,67.80000305175781,12645200
2012-08-21,45.7852897644043,67.77999877929688,68.25,67.62000274658203,67.69000244140625,9544900
2012-08-22,45.76503372192383,67.75,67.93000030517578,67.52999877929688,67.62999725341797,8230900
2012-08-23,45.758270263671875,67.73999786376953,67.94999694824219,67.55999755859375,67.80000305175781,9062700
2012-08-24,46.07863998413086,67.5999984741211,67.83999633789062,67.1500015258789,67.22000122070312,11297500
2012-08-27,46.00367736816406,67.48999786376953,67.95999908447266,67.4800033569336,67.54000091552734,8761000
2012-08-28,46.017295837402344,67.51000213623047,67.69999694824219,67.22000122070312,67.30999755859375,6750800
2012-08-29,45.921878814697266,67.37000274658203,67.83000183105469,67.05999755859375,67.27999877929688,9609500
2012-08-30,45.81282043457031,67.20999908447266,67.41000366210938,66.8499984741211,67.2300033569336,9672700
2012-08-31,45.9627571105957,67.43000030517578,67.9000015258789,67.16000366210938,67.44999694824219,10151800
2012-09-04,45.846893310546875,67.26000213623047,67.54000091552734,66.97000122070312,67.48999786376953,8402700
2012-09-05,45.85371017456055,67.2699966430664,67.87000274658203,67.13999938964844,67.44000244140625,9266000
2012-09-06,46.24223327636719,67.83999633789062,68.22000122070312,67.58999633789062,67.70999908447266,13075500
2012-09-07,46.26950454711914,67.87999725341797,68.01000213623047,67.5199966430664,67.97000122070312,8403300
2012-09-10,46.47400665283203,68.18000030517578,68.47000122070312,67.83000183105469,67.98999786376953,11441300
2012-09-11,46.487632751464844,68.19999694824219,68.55000305175781,68.18000030517578,68.36000061035156,8821700
2012-09-12,46.453548431396484,68.1500015258789,68.45999908447266,68.02999877929688,68.37000274658203,8230700
2012-09-13,47.026119232177734,68.98999786376953,69.16999816894531,68.0,68.01000213623047,13006300
2012-09-14,46.67167282104492,68.47000122070312,68.91000366210938,68.08000183105469,68.91000366210938,13024000
2012-09-17,46.52170181274414,68.25,68.69999694824219,68.0,68.48999786376953,11584100
2012-09-18,46.726200103759766,68.55000305175781,68.66999816894531,68.06999969482422,68.08000183105469,8063100
2012-09-19,46.760292053222656,68.5999984741211,68.91999816894531,68.5999984741211,68.75,9911300
2012-09-20,46.96479034423828,68.9000015258789,68.98999786376953,68.33000183105469,68.41000366210938,8704000
2012-09-21,47.07383346557617,69.05999755859375,69.36000061035156,68.83999633789062,69.05000305175781,19064400
2012-09-24,47.032928466796875,69.0,69.19999694824219,68.80999755859375,68.87999725341797,9082100
2012-09-25,47.25105285644531,69.31999969482422,69.63999938964844,69.01000213623047,69.01000213623047,11625400
2012-09-26,47.032928466796875,69.0,69.5,68.95999908447266,69.5,9971900
2012-09-27,47.039772033691406,69.01000213623047,69.3499984741211,68.88999938964844,69.08999633789062,8253200
2012-09-28,46.97159194946289,68.91000366210938,69.04000091552734,68.5,68.7699966430664,10293200
2012-10-01,47.121551513671875,69.12999725341797,69.44999694824219,68.91999816894531,68.91999816894531,9647200
2012-10-02,47.00568389892578,68.95999908447266,69.27999877929688,68.63999938964844,69.12000274658203,10062700
2012-10-03,47.032928466796875,69.0,69.31999969482422,68.7300033569336,69.19000244140625,8557900
2012-10-04,47.21696853637695,69.2699966430664,69.5,69.01000213623047,69.0999984741211,9395900
2012-10-05,47.476009368896484,69.6500015258789,69.73999786376953,69.31999969482422,69.45999908447266,9429900
2012-10-08,47.332855224609375,69.44000244140625,69.6500015258789,69.16999816894531,69.5999984741211,6444600
2012-10-09,46.63078689575195,68.41000366210938,68.97000122070312,68.0999984741211,68.62000274658203,15365900
2012-10-10,46.50127410888672,68.22000122070312,68.48999786376953,67.9800033569336,68.37999725341797,10710100
2012-10-11,46.33086013793945,67.97000122070312,68.30000305175781,67.86000061035156,68.20999908447266,9505500
2012-10-12,46.33086013793945,67.97000122070312,68.51000213623047,67.80000305175781,68.18000030517578,8685500
2012-10-15,46.760292053222656,68.5999984741211,68.98999786376953,68.06999969482422,68.18000030517578,14868000
2012-10-16,47.40784454345703,69.55000305175781,69.80000305175781,69.0199966430664,69.30000305175781,13688800
2012-10-17,48.39620590209961,71.0,71.18000030517578,69.55000305175781,69.7300033569336,26522700
2012-10-18,49.43229675292969,72.5199966430664,72.73999786376953,70.81999969482422,70.87000274658203,33591100
2012-10-19,48.98241424560547,71.86000061035156,72.23999786376953,71.7300033569336,72.11000061035156,18391000
2012-10-22,48.927879333496094,71.77999877929688,72.29000091552734,71.33000183105469,71.79000091552734,14033400
2012-10-23,48.32123947143555,70.88999938964844,71.52999877929688,70.52999877929688,71.16999816894531,11086000
2012-10-24,48.21898651123047,70.73999786376953,71.19999694824219,70.66999816894531,70.98999786376953,8572000
2012-10-25,48.49165725708008,71.13999938964844,71.55999755859375,70.98999786376953,71.01000213623047,9672700
2012-10-26,48.32805252075195,70.9000015258789,71.31999969482422,70.55999755859375,71.0,8965200
2012-10-31,48.273521423339844,70.81999969482422,71.25,70.4800033569336,71.11000061035156,9950600
2012-11-01,48.73705291748047,71.5,71.9000015258789,70.83000183105469,71.0999984741211,11226000
2012-11-02,48.32805252075195,70.9000015258789,71.69999694824219,70.83000183105469,71.69999694824219,7946700
2012-11-05,48.25306701660156,70.79000091552734,71.0,70.47000122070312,70.86000061035156,6874500
2012-11-06,48.40302276611328,71.01000213623047,71.62000274658203,70.88999938964844,71.0,7927500
2012-11-07,47.94634246826172,70.33999633789062,70.98999786376953,69.69999694824219,70.69000244140625,12719700
2012-11-08,47.476009368896484,69.6500015258789,70.41999816894531,69.6500015258789,70.1500015258789,12652100
2012-11-09,47.625953674316406,69.87000274658203,70.26000213623047,69.43000030517578,69.55999755859375,10511700
2012-11-12,47.4964599609375,69.68000030517578,70.05000305175781,69.30999755859375,69.79000091552734,9761000
2012-11-13,47.380577087402344,69.51000213623047,70.11000061035156,69.4000015258789,69.5199966430664,8244500
2012-11-14,47.21696853637695,69.2699966430664,69.76000213623047,69.02999877929688,69.62999725341797,10470700
2012-11-15,47.080657958984375,69.06999969482422,69.19999694824219,68.72000122070312,68.98999786376953,11803600
2012-11-16,47.162471771240234,69.19000244140625,69.2699966430664,68.51000213623047,68.87000274658203,14272300
2012-11-19,47.2033576965332,69.25,69.80999755859375,69.04000091552734,69.54000091552734,12337400
2012-11-20,47.4896354675293,69.66999816894531,69.70999908447266,69.13999938964844,69.26000213623047,9859500
2012-11-21,47.43510055541992,69.58999633789062,69.87999725341797,69.44999694824219,69.62999725341797,7639900
2012-11-23,47.83395767211914,69.55999755859375,69.55999755859375,68.94999694824219,69.08000183105469,5450100
2012-11-26,47.510746002197266,69.08999633789062,69.5,68.81999969482422,69.12000274658203,9884800
2012-11-27,47.31821060180664,68.80999755859375,69.1500015258789,68.7300033569336,69.01000213623047,8763200
2012-11-28,47.64828109741211,69.29000091552734,69.37999725341797,68.5999984741211,68.70999908447266,9983200
2012-11-29,47.60013198852539,69.22000122070312,69.55999755859375,69.05000305175781,69.47000122070312,9853400
2012-11-30,47.95085906982422,69.7300033569336,69.91999816894531,69.18000030517578,69.38999938964844,13480700
2012-12-03,47.89582824707031,69.6500015258789,69.91999816894531,69.36000061035156,69.80000305175781,9928900
2012-12-04,48.04024124145508,69.86000061035156,70.48999786376953,69.44999694824219,69.58000183105469,14278100
2012-12-05,48.11589813232422,69.97000122070312,70.29000091552734,69.58000183105469,69.93000030517578,11037100
2012-12-06,48.17090606689453,70.05000305175781,70.33999633789062,69.80000305175781,70.33999633789062,9459200
2012-12-07,48.44598388671875,70.44999694824219,70.5199966430664,69.86000061035156,70.04000091552734,10021300
2012-12-10,48.549137115478516,70.5999984741211,70.80000305175781,70.26000213623047,70.26000213623047,9700300
2012-12-11,48.89295959472656,71.0999984741211,71.62000274658203,70.75,70.93000030517578,14933700
2012-12-12,48.79668045043945,70.95999908447266,71.37000274658203,70.8499984741211,71.20999908447266,11783300
2012-12-13,48.65227508544922,70.75,71.0,70.62000274658203,70.9000015258789,8838900
2012-12-14,48.61101531982422,70.69000244140625,70.86000061035156,70.48999786376953,70.62000274658203,10263600
2012-12-17,48.782928466796875,70.94000244140625,71.18000030517578,70.77999877929688,70.83999633789062,14317200
2012-12-18,48.7898063659668,70.94999694824219,71.0999984741211,70.5,71.05999755859375,16352400
2012-12-19,48.56974792480469,70.62999725341797,71.30999755859375,70.62999725341797,70.91000366210938,11865600
2012-12-20,48.65227508544922,70.75,70.9000015258789,70.48999786376953,70.73999786376953,11775800
2012-12-21,48.32219314575195,70.2699966430664,70.75,70.05999755859375,70.55999755859375,22142300
2012-12-24,48.150272369384766,70.0199966430664,70.4000015258789,69.94000244140625,70.31999969482422,5006500
2012-12-26,48.25342559814453,70.16999816894531,70.36000061035156,69.87999725341797,69.94999694824219,7737300
2012-12-27,48.19840621948242,70.08999633789062,70.4000015258789,69.80000305175781,70.12999725341797,10700400
2012-12-28,47.77894592285156,69.4800033569336,70.06999969482422,69.41999816894531,69.83999633789062,9691100
2012-12-31,48.20528030395508,70.0999984741211,70.11000061035156,69.18000030517578,69.23999786376953,12770000
2013-01-02,48.71414566040039,70.83999633789062,71.0199966430664,70.30000305175781,71.0199966430664,12874200
2013-01-03,48.64539337158203,70.73999786376953,71.0,70.44999694824219,70.9800033569336,9598300
2013-01-04,49.20240783691406,71.55000305175781,71.7300033569336,71.01000213623047,71.23999786376953,11631800
2013-01-07,49.09925842285156,71.4000015258789,71.52999877929688,71.19000244140625,71.5,7548800
2013-01-08,49.10612869262695,71.41000366210938,71.6500015258789,71.25,71.30999755859375,9825300
2013-01-09,49.326194763183594,71.7300033569336,71.8499984741211,71.5,71.63999938964844,7672800
2013-01-10,49.64251708984375,72.19000244140625,72.37999725341797,71.73999786376953,71.80999755859375,11888500
2013-01-11,49.752532958984375,72.3499984741211,72.58000183105469,72.16000366210938,72.19000244140625,7766700
2013-01-14,49.89693069458008,72.55999755859375,72.79000091552734,72.37000274658203,72.5999984741211,7386000
2013-01-15,49.76628494262695,72.37000274658203,72.44000244140625,72.0,72.25,7795100
2013-01-16,49.91070556640625,72.58000183105469,72.81999969482422,72.25,72.26000213623047,8779900
2013-01-17,50.13075256347656,72.9000015258789,73.01000213623047,72.37000274658203,72.87999725341797,10570100
2013-01-18,50.35768127441406,73.2300033569336,73.2300033569336,72.79000091552734,72.9000015258789,13558600
2013-01-22,49.986351013183594,72.69000244140625,73.20999908447266,72.41999816894531,72.91999816894531,11469800
2013-01-23,50.096351623535156,72.8499984741211,72.91000366210938,72.47000122070312,72.5199966430664,10155100
2013-01-24,50.268272399902344,73.0999984741211,73.2300033569336,72.83999633789062,72.95999908447266,9369700
2013-01-25,50.832191467285156,73.91999816894531,73.93000030517578,73.05999755859375,73.12999725341797,10421500
2013-01-28,50.625858306884766,73.62000274658203,74.0,73.43000030517578,73.95999908447266,9420900
2013-01-29,51.169132232666016,74.41000366210938,74.62000274658203,73.63999938964844,73.66999816894531,12386500
2013-01-30,50.94905090332031,74.08999633789062,74.80000305175781,74.01000213623047,74.44999694824219,9245500
2013-01-31,50.832191467285156,73.91999816894531,74.36000061035156,73.77999877929688,74.08000183105469,10448700
2013-02-01,51.010948181152344,74.18000030517578,74.41999816894531,74.08000183105469,74.13999938964844,10016300
2013-02-04,50.96282958984375,74.11000061035156,74.25,73.55999755859375,73.55999755859375,9200700
2013-02-05,51.341064453125,74.66000366210938,74.81999969482422,74.47000122070312,74.48999786376953,10230800
2013-02-06,51.84303665161133,75.38999938964844,75.38999938964844,74.5199966430664,74.56999969482422,12084000
2013-02-07,51.61611557006836,75.05999755859375,75.19999694824219,74.68000030517578,74.81999969482422,9798200
2013-02-08,51.904930114746094,75.4800033569336,75.61000061035156,74.7300033569336,75.16999816894531,8153300
2013-02-11,51.8568000793457,75.41000366210938,75.5,75.05000305175781,75.27999877929688,5697100
2013-02-12,52.124969482421875,75.80000305175781,75.86000061035156,75.41999816894531,75.41999816894531,7598900
2013-02-13,52.02869415283203,75.66000366210938,75.87000274658203,75.37000274658203,75.79000091552734,8014800
2013-02-14,52.13185119628906,75.80999755859375,76.08999633789062,75.37999725341797,75.5,9681800
2013-02-15,52.372528076171875,76.16000366210938,76.16000366210938,75.51000213623047,75.72000122070312,10528400
2013-02-19,52.922664642333984,76.95999908447266,77.0,75.95999908447266,76.02999877929688,9747400
2013-02-20,52.7094841003418,76.6500015258789,76.97000122070312,76.54000091552734,76.79000091552734,7857500
2013-02-21,52.86079025268555,76.87000274658203,77.0199966430664,76.37999725341797,76.47000122070312,9465700
2013-02-22,52.853843688964844,76.25,76.48999786376953,75.97000122070312,76.38999938964844,8571500
2013-02-25,52.38249969482422,75.56999969482422,76.66000366210938,75.56999969482422,76.47000122070312,10603300
2013-02-26,52.50726318359375,75.75,76.33999633789062,75.5,75.87999725341797,10742100
2013-02-27,52.90235900878906,76.31999969482422,76.44999694824219,75.5999984741211,75.68000030517578,8180300
2013-02-28,52.75682067871094,76.11000061035156,76.48999786376953,76.11000061035156,76.2300033569336,11806300
2013-03-01,53.165771484375,76.69999694824219,76.7699966430664,75.7300033569336,75.79000091552734,9528300
2013-03-04,53.5123405456543,77.19999694824219,77.27999877929688,76.7300033569336,76.7300033569336,12628000
2013-03-05,53.83120346069336,77.66000366210938,77.70999908447266,77.44000244140625,77.55999755859375,9399400
2013-03-06,53.6440544128418,77.38999938964844,77.73999786376953,77.22000122070312,77.69000244140625,8535200
2013-03-07,53.893611907958984,77.75,77.95999908447266,77.58999633789062,77.62000274658203,7996500
2013-03-08,54.19859313964844,78.19000244140625,78.22000122070312,77.69999694824219,77.83999633789062,8554100
2013-03-11,54.37187194824219,78.44000244140625,78.5199966430664,77.83999633789062,77.91999816894531,8807600
2013-03-12,54.45506286621094,78.55999755859375,78.69000244140625,78.20999908447266,78.5,8790500
2013-03-13,54.4481315612793,78.55000305175781,78.66999816894531,78.19999694824219,78.5199966430664,7983400
2013-03-14,54.82936477661133,79.0999984741211,79.0999984741211,78.48999786376953,78.66999816894531,10130400
2013-03-15,54.89177703857422,79.19000244140625,79.23999786376953,78.62000274658203,78.62000274658203,18296500
2013-03-18,54.62835693359375,78.80999755859375,79.19000244140625,78.69999694824219,78.72000122070312,8005400
2013-03-19,54.66301727294922,78.86000061035156,79.08999633789062,78.5,78.9800033569336,7095800
2013-03-20,55.07196044921875,79.44999694824219,79.61000061035156,79.16999816894531,79.18000030517578,8000800
2013-03-21,54.7669792175293,79.01000213623047,79.5,78.7699966430664,79.12000274658203,8436300
2013-03-22,55.272972106933594,79.73999786376953,79.73999786376953,79.0199966430664,79.11000061035156,6873100
2013-03-25,55.23139190673828,79.68000030517578,79.94000244140625,79.47000122070312,79.83000183105469,9616600
2013-03-26,56.04243087768555,80.8499984741211,80.87999725341797,79.8499984741211,79.93000030517578,12682900
2013-03-27,56.33354187011719,81.2699966430664,81.3499984741211,80.2699966430664,80.55999755859375,10703400
2013-03-28,56.513755798339844,81.52999877929688,81.58999633789062,80.94999694824219,81.37000274658203,11332100
2013-04-01,56.7910270690918,81.93000030517578,81.95999908447266,81.27999877929688,81.38999938964844,7376800
2013-04-02,57.31781005859375,82.69000244140625,82.69000244140625,81.9000015258789,82.0,10342200
2013-04-03,56.8880729675293,82.06999969482422,82.94999694824219,81.56999969482422,82.73999786376953,12254000
2013-04-04,57.12376022338867,82.41000366210938,82.72000122070312,81.93000030517578,82.19999694824219,10303000
2013-04-05,56.867271423339844,82.04000091552734,82.11000061035156,81.62000274658203,81.79000091552734,8581400
2013-04-08,56.222625732421875,81.11000061035156,81.38999938964844,80.30999755859375,81.2699966430664,15828500
2013-04-09,56.50682830810547,81.5199966430664,81.75,81.23999786376953,81.26000213623047,9111000
2013-04-10,56.85338592529297,82.0199966430664,82.19999694824219,81.73999786376953,81.83000183105469,7583200
2013-04-11,57.06135940551758,82.31999969482422,82.95999908447266,82.08000183105469,82.13999938964844,9882700
2013-04-12,57.35249328613281,82.73999786376953,82.73999786376953,82.16999816894531,82.25,6987000
2013-04-15,56.638526916503906,81.70999908447266,83.08999633789062,81.70999908447266,82.72000122070312,12385800
2013-04-16,57.83769607543945,83.44000244140625,83.54000091552734,82.06999969482422,82.33000183105469,12620000
2013-04-17,58.15655517578125,83.9000015258789,84.43000030517578,83.29000091552734,83.36000061035156,13693300
2013-04-18,57.65750503540039,83.18000030517578,84.30000305175781,83.02999877929688,83.95999908447266,9921500
2013-04-19,58.56551742553711,84.48999786376953,84.56999969482422,83.47000122070312,83.51000213623047,10787600
2013-04-22,58.80120849609375,84.83000183105469,84.93000030517578,84.19999694824219,84.58999633789062,6989900
2013-04-23,59.230960845947266,85.44999694824219,85.68000030517578,84.0,84.98999786376953,8982100
2013-04-24,58.49620819091797,84.38999938964844,85.73999786376953,84.27999877929688,85.68000030517578,9480600
2013-04-25,59.07155227661133,85.22000122070312,85.44000244140625,84.33999633789062,84.54000091552734,8689400
2013-04-26,59.002227783203125,85.12000274658203,85.48999786376953,84.80999755859375,85.30000305175781,6784700
2013-04-29,59.321067810058594,85.58000183105469,85.88999938964844,84.91000366210938,85.0199966430664,8038000
2013-04-30,59.07847595214844,85.2300033569336,85.69999694824219,84.88999938964844,85.38999938964844,12099600
2013-05-01,58.385292053222656,84.2300033569336,85.12999725341797,83.87999725341797,84.5,12312100
2013-05-02,59.029937744140625,85.16000366210938,85.20999908447266,84.16999816894531,84.44000244140625,8668900
2013-05-03,59.43891143798828,85.75,85.98999786376953,85.44999694824219,85.58000183105469,9213800
2013-05-06,58.697227478027344,84.68000030517578,85.77999877929688,84.55000305175781,85.77999877929688,8815600
2013-05-07,59.28641891479492,85.52999877929688,85.56999969482422,84.62999725341797,84.87000274658203,9061800
2013-05-08,59.23790740966797,85.45999908447266,85.5999984741211,84.93000030517578,85.4800033569336,8044600
2013-05-09,59.02301025390625,85.1500015258789,85.69000244140625,84.95999908447266,85.44999694824219,8342000
2013-05-10,59.445865631103516,85.76000213623047,85.76000213623047,85.18000030517578,85.29000091552734,7594800
2013-05-13,59.50823211669922,85.8499984741211,86.06999969482422,85.44000244140625,85.55999755859375,6631500
2013-05-14,60.28458023071289,86.97000122070312,87.08000183105469,85.76000213623047,85.76000213623047,10360700
2013-05-15,60.74900436401367,87.63999938964844,87.87999725341797,86.94000244140625,86.94000244140625,13444400
2013-05-16,60.61727523803711,87.44999694824219,87.7699966430664,87.05999755859375,87.33000183105469,9441900
2013-05-17,61.060916900634766,88.08999633789062,88.19999694824219,87.41000366210938,87.47000122070312,11437700
2013-05-20,61.00547409057617,88.01000213623047,88.19999694824219,87.80999755859375,88.0999984741211,7235800
2013-05-21,61.407493591308594,88.58999633789062,88.63999938964844,87.79000091552734,87.94000244140625,10099600
2013-05-22,61.317405700683594,88.45999908447266,89.98999786376953,88.19999694824219,88.69999694824219,13825900
2013-05-23,60.90536880493164,87.20999908447266,87.97000122070312,87.0,87.11000061035156,14446900
2013-05-24,60.632999420166016,86.81999969482422,87.02999877929688,86.48999786376953,86.80000305175781,10390100
2013-05-28,61.1847038269043,87.61000061035156,88.29000091552734,87.2699966430664,87.54000091552734,8380200
2013-05-29,59.815895080566406,85.6500015258789,87.16000366210938,85.13999938964844,87.08000183105469,11872100
2013-05-30,60.0533332824707,85.98999786376953,86.30999755859375,85.68000030517578,85.70999908447266,7801200
2013-05-31,58.78929901123047,84.18000030517578,85.98999786376953,84.18000030517578,85.68000030517578,13302700
2013-06-03,59.15940475463867,84.70999908447266,84.70999908447266,83.37000274658203,84.27999877929688,11768500
2013-06-04,58.733394622802734,84.0999984741211,85.02999877929688,83.55999755859375,84.72000122070312,9972000
2013-06-05,58.44011306762695,83.68000030517578,85.0,83.4800033569336,83.91000366210938,9839100
2013-06-06,58.984825134277344,84.45999908447266,84.45999908447266,82.6500015258789,83.58999633789062,10671000
2013-06-07,59.299076080322266,84.91000366210938,85.18000030517578,84.4000015258789,84.95999908447266,8907700
2013-06-10,59.45974349975586,85.13999938964844,85.70999908447266,84.7300033569336,85.01000213623047,8477100
2013-06-11,59.14543914794922,84.69000244140625,85.0199966430664,84.12999725341797,84.76000213623047,8967000
2013-06-12,58.481998443603516,83.73999786376953,85.5,83.69999694824219,85.18000030517578,8413200
2013-06-13,59.299076080322266,84.91000366210938,84.95999908447266,83.08000183105469,83.5999984741211,8570000
2013-06-14,59.299076080322266,84.91000366210938,85.4800033569336,84.66000366210938,84.70999908447266,6357100
2013-06-17,59.801918029785156,85.62999725341797,86.4000015258789,84.9800033569336,85.37000274658203,8429100
2013-06-18,60.31172180175781,86.36000061035156,86.44000244140625,85.62999725341797,85.75,7233600
2013-06-19,59.26417922973633,84.86000061035156,86.5,84.80000305175781,86.43000030517578,8288400
2013-06-20,57.699806213378906,82.62000274658203,84.44999694824219,82.12000274658203,84.20999908447266,15172600
2013-06-21,58.1048698425293,83.19999694824219,84.31999969482422,82.5,83.0,20715800
2013-06-24,59.08959197998047,84.61000061035156,85.30999755859375,82.80999755859375,82.91999816894531,14777500
2013-06-25,59.60636901855469,85.3499984741211,85.58999633789062,84.54000091552734,85.16000366210938,11239400
2013-06-26,60.7517204284668,86.98999786376953,87.31999969482422,85.94000244140625,85.94999694824219,11966500
2013-06-27,60.556182861328125,86.70999908447266,87.81999969482422,86.48999786376953,87.52999877929688,8890300
2013-06-28,59.96256637573242,85.86000061035156,87.37999725341797,85.8499984741211,86.72000122070312,11896300
2013-07-01,60.50030517578125,86.62999725341797,87.63999938964844,85.5,85.72000122070312,9905200
2013-07-02,60.45839309692383,86.56999969482422,87.19999694824219,86.20999908447266,86.6500015258789,8572100
2013-07-03,60.60503005981445,86.77999877929688,87.04000091552734,86.0999984741211,86.54000091552734,3599900
2013-07-05,61.36628341674805,87.87000274658203,87.87999725341797,86.91999816894531,87.58000183105469,5403600
2013-07-08,61.869102478027344,88.58999633789062,88.98999786376953,87.97000122070312,88.08999633789062,12051400
2013-07-09,62.071632385253906,88.87999725341797,89.08000183105469,88.36000061035156,88.6500015258789,9348600
2013-07-10,62.323062896728516,89.23999786376953,89.4800033569336,88.80999755859375,88.87999725341797,7067100
2013-07-11,62.62335205078125,89.66999816894531,89.93000030517578,89.0,89.80999755859375,8941300
2013-07-12,62.84685516357422,89.98999786376953,89.98999786376953,89.37999725341797,89.69000244140625,7590600
2013-07-15,63.13318634033203,90.4000015258789,90.80999755859375,89.76000213623047,89.91000366210938,13343200
2013-07-16,63.13318634033203,90.4000015258789,91.66000366210938,90.12999725341797,91.04000091552734,11409200
2013-07-17,62.944610595703125,90.12999725341797,90.97000122070312,89.87999725341797,90.58000183105469,12832200
2013-07-18,62.972530364990234,90.16999816894531,90.94999694824219,90.05999755859375,90.33000183105469,8329300
2013-07-19,64.41120147705078,92.2300033569336,92.2699966430664,90.05000305175781,90.23999786376953,12506300
2013-07-22,64.44610595703125,92.27999877929688,92.55999755859375,91.61000061035156,92.08000183105469,9916200
2013-07-23,64.54388427734375,92.41999816894531,92.86000061035156,92.11000061035156,92.38999938964844,8467700
2013-07-24,64.50198364257812,92.36000061035156,92.66000366210938,91.75,92.6500015258789,6846300
2013-07-25,64.6486587524414,92.56999969482422,92.75,91.75,92.0,7368000
2013-07-26,64.83023071289062,92.83000183105469,92.93000030517578,91.6500015258789,92.31999969482422,8663700
2013-07-29,65.09562683105469,93.20999908447266,93.38999938964844,92.61000061035156,92.62999725341797,7925000
2013-07-30,65.06768035888672,93.16999816894531,93.97000122070312,93.0199966430664,93.47000122070312,8863000
2013-07-31,65.29813385009766,93.5,94.41999816894531,93.19000244140625,93.2300033569336,11365700
2013-08-01,65.48670196533203,93.7699966430664,94.4000015258789,93.69999694824219,94.16000366210938,11098600
2013-08-02,65.919677734375,94.38999938964844,94.38999938964844,93.44999694824219,93.55999755859375,8503100
2013-08-05,65.50765228271484,93.80000305175781,94.30000305175781,93.43000030517578,94.05000305175781,7192400
2013-08-06,65.51461791992188,93.80999755859375,93.94000244140625,93.5,93.87999725341797,6415000
2013-08-07,65.40988159179688,93.66000366210938,94.02999877929688,93.47000122070312,93.5999984741211,9056900
2013-08-08,65.18639373779297,93.33999633789062,94.37000274658203,92.70999908447266,94.2699966430664,11090000
2013-08-09,64.50198364257812,92.36000061035156,93.38999938964844,91.77999877929688,93.38999938964844,12135800
2013-08-12,64.25056457519531,92.0,92.7699966430664,91.75,92.08000183105469,11012300
2013-08-13,64.9559326171875,93.01000213623047,93.3499984741211,91.76000213623047,91.88999938964844,10099800
2013-08-14,63.34269332885742,90.69999694824219,92.94999694824219,90.51000213623047,92.79000091552734,12716800
2013-08-15,62.53953170776367,89.55000305175781,90.41000366210938,89.08999633789062,90.31999969482422,12010700
2013-08-16,62.41383743286133,89.37000274658203,89.80000305175781,88.7699966430664,89.12999725341797,14100700
2013-08-19,63.168094635009766,90.44999694824219,91.25,89.3499984741211,89.47000122070312,8687000
2013-08-20,62.665279388427734,89.7300033569336,91.6500015258789,89.7300033569336,90.55000305175781,8559200
2013-08-21,62.01578903198242,88.80000305175781,89.62999725341797,88.68000030517578,89.47000122070312,7940700
2013-08-22,61.63865280151367,88.26000213623047,89.02999877929688,88.12000274658203,88.76000213623047,7191900
2013-08-23,62.20859909057617,88.41000366210938,88.44000244140625,87.20999908447266,87.93000030517578,7714900
2013-08-26,61.58938980102539,87.52999877929688,88.4800033569336,87.38999938964844,88.36000061035156,6724500
2013-08-27,60.63243865966797,86.16999816894531,87.08000183105469,85.95999908447266,86.97000122070312,9941200
2013-08-28,60.885772705078125,86.52999877929688,86.91000366210938,85.87999725341797,86.36000061035156,8829200
2013-08-29,60.91389846801758,86.56999969482422,87.13999938964844,85.98999786376953,86.41000366210938,5768800
2013-08-30,60.80131149291992,86.41000366210938,86.77999877929688,85.8499984741211,86.77999877929688,7471300
2013-09-03,60.80835723876953,86.41999816894531,87.30000305175781,86.02999877929688,86.88999938964844,7590500
2013-09-04,61.146095275878906,86.9000015258789,87.25,86.25,86.45999908447266,8458800
2013-09-05,61.24460220336914,87.04000091552734,87.16999816894531,86.62000274658203,87.0,5647900
2013-09-06,61.32903289794922,87.16000366210938,87.91999816894531,86.0,87.22000122070312,10034900
2013-09-09,61.6104850769043,87.55999755859375,87.5999984741211,87.01000213623047,87.38999938964844,6819700
2013-09-10,62.29301452636719,88.52999877929688,88.58000183105469,87.8499984741211,88.13999938964844,8658700
2013-09-11,62.78559494018555,89.2300033569336,89.2699966430664,88.13999938964844,88.62999725341797,8098100
2013-09-12,62.63078308105469,89.01000213623047,89.56999969482422,88.87999725341797,89.30000305175781,7938500
2013-09-13,62.3211555480957,88.56999969482422,89.25,88.19999694824219,89.12999725341797,7738600
2013-09-16,62.64483642578125,89.02999877929688,89.56999969482422,88.83000183105469,89.43000030517578,7563700
2013-09-17,62.66594314575195,89.05999755859375,89.22000122070312,88.58000183105469,89.05000305175781,6291100
2013-09-18,63.264034271240234,89.91000366210938,89.91000366210938,88.30000305175781,88.91000366210938,10115500
2013-09-19,63.37662887573242,90.06999969482422,90.19999694824219,89.79000091552734,90.05000305175781,6721000
2013-09-20,63.10222244262695,89.68000030517578,90.72000122070312,89.68000030517578,90.19999694824219,14708600
2013-09-23,62.68706512451172,89.08999633789062,89.75,88.80999755859375,89.43000030517578,7376200
2013-09-24,62.07490539550781,88.22000122070312,89.19999694824219,88.1500015258789,89.0199966430664,7797500
2013-09-25,61.27277755737305,87.08000183105469,88.47000122070312,87.06999969482422,88.41999816894531,7493200
2013-09-26,61.2657470703125,87.06999969482422,87.69999694824219,86.72000122070312,87.27999877929688,6400600
2013-09-27,61.0265007019043,86.7300033569336,86.94000244140625,86.44000244140625,86.80999755859375,5461100
2013-09-30,60.99834060668945,86.69000244140625,86.94999694824219,86.1500015258789,86.33000183105469,7962300
2013-10-01,61.547176361083984,87.47000122070312,87.48999786376953,86.26000213623047,86.58999633789062,6318700
2013-10-02,61.42051696777344,87.29000091552734,87.29000091552734,86.44000244140625,87.12999725341797,6383400
2013-10-03,60.92094802856445,86.58000183105469,87.4000015258789,86.27999877929688,87.19000244140625,7724600
2013-10-04,61.43461227416992,87.30999755859375,87.41999816894531,86.55999755859375,86.81999969482422,6050000
2013-10-07,60.92798614501953,86.58999633789062,86.9800033569336,86.29000091552734,86.69999694824219,5705200
2013-10-08,60.2384033203125,85.61000061035156,86.73999786376953,85.56999969482422,86.62000274658203,8669800
2013-10-09,60.48469924926758,85.95999908447266,86.2300033569336,85.5,85.93000030517578,8014200
2013-10-10,61.765316009521484,87.77999877929688,87.77999877929688,86.69999694824219,86.72000122070312,8647900
2013-10-11,62.940372467041016,89.44999694824219,89.4800033569336,88.0199966430664,88.62000274658203,8449800
2013-10-14,63.18666458129883,89.80000305175781,89.88999938964844,88.62999725341797,88.83000183105469,9198600
2013-10-15,63.27813720703125,89.93000030517578,91.45999908447266,89.93000030517578,90.33000183105469,11024000
2013-10-16,64.10841369628906,91.11000061035156,91.16999816894531,90.16000366210938,90.41999816894531,8116000
2013-10-17,64.71353912353516,91.97000122070312,92.0,90.7699966430664,90.87000274658203,8569600
2013-10-18,64.47428894042969,91.62999725341797,92.05000305175781,91.13999938964844,91.75,9082600
2013-10-21,64.1717300415039,91.19999694824219,91.62999725341797,90.7699966430664,91.62999725341797,6940500
2013-10-22,64.98795318603516,92.36000061035156,92.55999755859375,91.5,91.52999877929688,9635500
2013-10-23,64.80502319335938,92.0999984741211,92.43000030517578,91.5199966430664,92.06999969482422,6449600
2013-10-24,64.98091888427734,92.3499984741211,92.98999786376953,92.13999938964844,92.6500015258789,5251000
2013-10-25,64.79796600341797,92.08999633789062,92.2699966430664,91.77999877929688,92.04000091552734,6076000
2013-10-28,65.00907897949219,92.38999938964844,92.80000305175781,91.91999816894531,91.95999908447266,6551000
2013-10-29,65.53679656982422,93.13999938964844,93.18000030517578,92.58000183105469,92.80000305175781,6096700
2013-10-30,65.29052734375,92.79000091552734,93.44999694824219,92.6500015258789,93.2699966430664,6295400
2013-10-31,65.16386413574219,92.61000061035156,93.3499984741211,92.31999969482422,92.8499984741211,7773900
2013-11-01,65.69866180419922,93.37000274658203,93.58000183105469,92.37999725341797,92.37999725341797,6835900
2013-11-04,65.45938873291016,93.02999877929688,93.5,92.43000030517578,93.45999908447266,6862500
2013-11-05,65.30461120605469,92.80999755859375,92.94999694824219,92.27999877929688,92.54000091552734,5350600
2013-11-06,65.46642303466797,93.04000091552734,93.19999694824219,92.72000122070312,93.02999877929688,5301300
2013-11-07,65.22016906738281,92.69000244140625,93.3499984741211,92.69000244140625,93.19000244140625,6116900
2013-11-08,66.1771011352539,94.05000305175781,94.0999984741211,92.55999755859375,92.62999725341797,7229500
2013-11-11,66.34595489501953,94.29000091552734,94.63999938964844,93.94000244140625,93.97000122070312,4723100
2013-11-12,65.83232879638672,93.55999755859375,94.08999633789062,93.0,93.9800033569336,7639600
2013-11-13,65.67752075195312,93.33999633789062,93.44999694824219,92.31999969482422,93.36000061035156,8954300
2013-11-14,66.08562469482422,93.91999816894531,94.13999938964844,93.4000015258789,93.4000015258789,7045700
2013-11-15,66.41632843017578,94.38999938964844,94.4000015258789,93.55000305175781,93.62999725341797,7063000
2013-11-18,66.35301208496094,94.30000305175781,94.5999984741211,94.01000213623047,94.36000061035156,8492000
2013-11-19,66.74706268310547,94.86000061035156,94.91999816894531,94.0,94.2699966430664,6624200
2013-11-20,66.95111083984375,95.1500015258789,95.47000122070312,94.66000366210938,94.94000244140625,7076500
2013-11-21,66.9863052368164,95.19999694824219,95.75,95.05000305175781,95.45999908447266,6896200
2013-11-22,67.48936462402344,95.25,95.58000183105469,94.38999938964844,94.38999938964844,6462100
2013-11-25,67.75862884521484,95.62999725341797,95.98999786376953,95.08000183105469,95.48999786376953,6374600
2013-11-26,67.35474395751953,95.05999755859375,95.87000274658203,94.97000122070312,95.58000183105469,7267600
2013-11-27,67.29804992675781,94.9800033569336,95.37000274658203,94.61000061035156,95.33999633789062,4603800
2013-11-29,67.0713119506836,94.66000366210938,95.5,94.43000030517578,95.2300033569336,4106800
2013-12-02,66.80207061767578,94.27999877929688,94.66000366210938,93.97000122070312,94.41000366210938,5827400
2013-12-03,66.58241271972656,93.97000122070312,94.55999755859375,93.51000213623047,94.19999694824219,9061100
2013-12-04,66.34151458740234,93.62999725341797,94.25,93.12999725341797,93.76000213623047,6218500
2013-12-05,65.8739013671875,92.97000122070312,93.62999725341797,92.66000366210938,93.41999816894531,8666200
2013-12-06,66.91545104980469,94.44000244140625,94.4800033569336,93.41999816894531,93.5999984741211,7280400
2013-12-09,66.91545104980469,94.44000244140625,94.4800033569336,93.69999694824219,94.30000305175781,6974500
2013-12-10,66.70289611816406,94.13999938964844,94.79000091552734,93.95999908447266,94.58000183105469,7576600
2013-12-11,65.97306823730469,93.11000061035156,94.44999694824219,93.02999877929688,94.4000015258789,9424300
2013-12-12,64.59141540527344,91.16000366210938,92.86000061035156,91.06999969482422,92.83999633789062,12285700
2013-12-13,64.72600555419922,91.3499984741211,91.86000061035156,91.08000183105469,91.45999908447266,7909000
2013-12-16,64.74019622802734,91.37000274658203,92.31999969482422,91.16000366210938,91.41999816894531,6623000
2013-12-17,64.23711395263672,90.66000366210938,91.33000183105469,90.5,91.30000305175781,8794000
2013-12-18,65.64004516601562,92.63999938964844,92.66000366210938,89.7699966430664,90.94999694824219,9691100
2013-12-19,65.17237854003906,91.9800033569336,92.4000015258789,91.41999816894531,92.4000015258789,7341000
2013-12-20,65.25033569335938,92.08999633789062,92.75,91.94999694824219,91.94999694824219,11265000
2013-12-23,65.20783233642578,92.02999877929688,92.68000030517578,91.76000213623047,92.55999755859375,5312200
2013-12-24,65.22908020019531,92.05999755859375,92.38999938964844,91.8499984741211,92.18000030517578,3147300
2013-12-26,65.56919860839844,92.54000091552734,92.54000091552734,91.7699966430664,91.98999786376953,3459100
2013-12-27,65.43456268310547,92.3499984741211,92.95999908447266,92.18000030517578,92.7699966430664,3511300
2013-12-30,65.39913177490234,92.30000305175781,92.30000305175781,91.7300033569336,92.16000366210938,4370100
2013-12-31,64.89608764648438,91.58999633789062,92.22000122070312,91.1500015258789,92.16999816894531,6348200
2014-01-02,64.49928283691406,91.02999877929688,91.7300033569336,91.01000213623047,91.13999938964844,5919600
2014-01-03,65.08030700683594,91.8499984741211,92.22000122070312,91.26000213623047,91.29000091552734,5637600
2014-01-06,65.42041015625,92.33000183105469,92.75,91.87000274658203,91.93000030517578,7443500
2014-01-07,66.80912017822266,94.29000091552734,94.62000274658203,92.98999786376953,93.04000091552734,11063300
2014-01-08,66.71704864501953,94.16000366210938,94.5999984741211,93.87999725341797,94.16999816894531,9096700
2014-01-09,67.12092590332031,94.7300033569336,95.37999725341797,94.08999633789062,94.94000244140625,7944700
2014-01-10,67.12799835205078,94.73999786376953,94.9800033569336,94.13999938964844,94.63999938964844,6697400
2014-01-13,66.95796203613281,94.5,94.98999786376953,94.05999755859375,94.37000274658203,9589200
2014-01-14,67.11383056640625,94.72000122070312,94.9000015258789,94.31999969482422,94.5999984741211,7567300
2014-01-15,67.17051696777344,94.80000305175781,95.2699966430664,94.51000213623047,94.6500015258789,7390700
2014-01-16,67.05716705322266,94.63999938964844,95.08999633789062,94.2300033569336,94.5999984741211,8401100
2014-01-17,67.35474395751953,95.05999755859375,95.16999816894531,94.37999725341797,94.72000122070312,13714400
2014-01-21,66.62492370605469,94.02999877929688,95.0999984741211,92.62000274658203,94.93000030517578,16368400
2014-01-22,66.83039855957031,94.31999969482422,94.55000305175781,93.54000091552734,93.98999786376953,8875500
2014-01-23,65.71090698242188,92.73999786376953,93.80000305175781,92.41000366210938,93.73999786376953,9322300
2014-01-24,64.20172119140625,90.61000061035156,92.61000061035156,90.61000061035156,92.12000274658203,10604200
2014-01-27,63.72697448730469,89.94000244140625,90.76000213623047,89.8499984741211,90.30000305175781,8685200
2014-01-28,63.840328216552734,90.0999984741211,90.5999984741211,89.79000091552734,90.58000183105469,8254400
2014-01-29,62.99008560180664,88.9000015258789,89.70999908447266,88.52999877929688,89.47000122070312,11160100
2014-01-30,63.41520690917969,89.5,89.77999877929688,89.01000213623047,89.62000274658203,6874900
2014-01-31,62.685401916503906,88.47000122070312,89.33999633789062,88.1500015258789,89.01000213623047,12193800
2014-02-03,61.4879264831543,86.77999877929688,88.77999877929688,86.61000061035156,88.75,13944600
2014-02-04,61.37457275390625,86.62000274658203,87.27999877929688,86.08999633789062,86.93000030517578,11436400
2014-02-05,61.84221649169922,87.27999877929688,87.66999816894531,86.4800033569336,86.48999786376953,10667300
2014-02-06,62.88377380371094,88.75,88.76000213623047,87.55000305175781,87.62999725341797,10037900
2014-02-07,63.7978401184082,90.04000091552734,90.04000091552734,88.61000061035156,88.91999816894531,9435100
2014-02-10,64.52761840820312,91.06999969482422,91.08000183105469,89.80000305175781,90.23999786376953,8080200
2014-02-11,65.8739013671875,92.97000122070312,92.97000122070312,90.94999694824219,91.08999633789062,11556300
2014-02-12,65.48416137695312,92.41999816894531,92.98999786376953,91.94999694824219,92.94999694824219,7696100
2014-02-13,65.5833740234375,92.55999755859375,92.62000274658203,91.70999908447266,92.0,5926000
2014-02-14,65.72509002685547,92.76000213623047,92.94999694824219,92.02999877929688,92.5999984741211,5485100
2014-02-18,65.30703735351562,92.16999816894531,92.8499984741211,92.08999633789062,92.7699966430664,6926500
2014-02-19,64.93147277832031,91.63999938964844,92.75,91.56999969482422,92.1500015258789,7693400
2014-02-20,65.4558334350586,92.37999725341797,92.7300033569336,91.30999755859375,91.69000244140625,8160100
2014-02-21,65.3131103515625,91.5199966430664,92.25,91.44999694824219,91.86000061035156,7381500
2014-02-24,65.02050018310547,91.11000061035156,92.05999755859375,91.0999984741211,91.44999694824219,8406700
2014-02-25,65.02050018310547,91.11000061035156,91.87000274658203,90.66000366210938,91.58999633789062,6383400
2014-02-26,65.02050018310547,91.11000061035156,91.54000091552734,90.7699966430664,91.11000061035156,6334100
2014-02-27,65.19889068603516,91.36000061035156,91.41999816894531,90.75,91.16000366210938,7040300
2014-02-28,65.74127960205078,92.12000274658203,92.63999938964844,91.05999755859375,91.41999816894531,9643700
2014-03-03,65.34163665771484,91.55999755859375,91.9800033569336,90.83000183105469,91.12999725341797,7506700
2014-03-04,66.6119384765625,93.33999633789062,93.45999908447266,92.25,92.47000122070312,8796300
2014-03-05,66.07669830322266,92.58999633789062,93.30000305175781,92.37999725341797,93.2699966430664,6842500
2014-03-06,66.29080963134766,92.88999938964844,93.6500015258789,92.81999969482422,93.19000244140625,7718300
2014-03-07,66.59764099121094,93.31999969482422,93.4800033569336,92.69000244140625,93.37000274658203,6792000
2014-03-10,66.69044494628906,93.44999694824219,93.48999786376953,92.79000091552734,93.16999816894531,4878200
2014-03-11,66.71900177001953,93.48999786376953,93.75,93.08999633789062,93.70999908447266,5837200
2014-03-12,66.79749298095703,93.5999984741211,93.62000274658203,92.6500015258789,92.81999969482422,6154900
2014-03-13,66.36930847167969,93.0,94.19999694824219,92.9800033569336,93.8499984741211,7659400
2014-03-14,66.23371887207031,92.80999755859375,93.44000244140625,92.45999908447266,92.87999725341797,7337800
2014-03-17,67.03299713134766,93.93000030517578,94.18000030517578,93.18000030517578,93.26000213623047,5872600
2014-03-18,67.04013061523438,93.94000244140625,94.23999786376953,93.4800033569336,93.9000015258789,5891900
2014-03-19,66.79033660888672,93.58999633789062,94.36000061035156,92.91999816894531,93.88999938964844,5937600
2014-03-20,67.16858673095703,94.12000274658203,94.19000244140625,92.95999908447266,93.5199966430664,5727400
2014-03-21,68.46028137207031,95.93000030517578,95.93000030517578,93.87999725341797,94.7699966430664,23988800
2014-03-24,67.93932342529297,95.19999694824219,95.43000030517578,94.54000091552734,95.30000305175781,13944100
2014-03-25,69.49506378173828,97.37999725341797,97.69999694824219,95.69999694824219,95.69999694824219,14167300
2014-03-26,69.25956726074219,97.05000305175781,98.47000122070312,97.05000305175781,97.51000213623047,11215100
2014-03-27,69.42371368408203,97.27999877929688,97.69999694824219,96.26000213623047,97.08000183105469,8694600
2014-03-28,69.53790283203125,97.44000244140625,98.22000122070312,96.95999908447266,97.51000213623047,8816000
2014-03-31,70.1016845703125,98.2300033569336,98.5999984741211,97.61000061035156,98.0,7545700
2014-04-01,69.89471435546875,97.94000244140625,98.68000030517578,97.37000274658203,98.30999755859375,7068500
2014-04-02,70.1016845703125,98.2300033569336,98.38999938964844,97.37000274658203,98.01000213623047,7995600
2014-04-03,70.12308502197266,98.26000213623047,98.33999633789062,97.52999877929688,97.97000122070312,5471200
2014-04-04,70.23725128173828,98.41999816894531,99.37999725341797,98.31999969482422,98.62000274658203,10309700
2014-04-07,69.85901641845703,97.88999938964844,99.36000061035156,97.83000183105469,98.38999938964844,11409200
2014-04-08,69.98036193847656,98.05999755859375,98.7300033569336,97.5,98.02999877929688,9601800
2014-04-09,70.61550903320312,98.94999694824219,99.0,97.77999877929688,98.41999816894531,8921300
2014-04-10,68.89559936523438,96.54000091552734,98.93000030517578,96.5199966430664,98.86000061035156,9667800
2014-04-11,69.13114929199219,96.87000274658203,97.19999694824219,96.05000305175781,96.19999694824219,8710700
2014-04-14,69.32382202148438,97.13999938964844,97.36000061035156,96.25,97.27999877929688,8617200
2014-04-15,70.79390716552734,99.19999694824219,99.20999908447266,98.05000305175781,98.44999694824219,13999100
2014-04-16,70.47276306152344,98.75,99.70999908447266,98.06999969482422,99.56999969482422,11308000
2014-04-17,70.6226577758789,98.95999908447266,99.6500015258789,98.69000244140625,98.69000244140625,9153500
2014-04-21,71.36483764648438,100.0,100.12999725341797,98.66999816894531,99.01000213623047,7031400
2014-04-22,71.49327087402344,100.18000030517578,100.75,99.73999786376953,100.0,7937900
2014-04-23,71.52181243896484,100.22000122070312,100.55999755859375,99.91999816894531,100.23999786376953,5876000
2014-04-24,71.33628845214844,99.95999908447266,100.37000274658203,99.55000305175781,100.23999786376953,6149900
2014-04-25,71.21498107910156,99.79000091552734,100.26000213623047,99.4000015258789,99.97000122070312,5895900
2014-04-28,72.32111358642578,101.33999633789062,101.5,100.12000274658203,100.55999755859375,8792900
2014-04-29,72.0998764038086,101.02999877929688,101.9800033569336,100.95999908447266,101.62999725341797,7811200
2014-04-30,72.28541564941406,101.29000091552734,101.66999816894531,100.69999694824219,100.83999633789062,8513600
2014-05-01,71.74307250976562,100.52999877929688,101.02999877929688,99.93000030517578,100.7699966430664,6590500
2014-05-02,70.87242889404297,99.30999755859375,100.37999725341797,98.87999725341797,100.16999816894531,8744200
2014-05-05,71.36483764648438,100.0,100.16999816894531,99.04000091552734,99.29000091552734,5438200
2014-05-06,71.01513671875,99.51000213623047,100.0199966430664,99.51000213623047,100.0199966430664,5795900
2014-05-07,72.01426696777344,100.91000366210938,101.05000305175781,99.3499984741211,99.8499984741211,8720800
2014-05-08,71.72164916992188,100.5,101.08999633789062,100.36000061035156,100.66999816894531,5667900
2014-05-09,72.01426696777344,100.91000366210938,101.25,100.41000366210938,100.86000061035156,5691700
2014-05-12,71.73592376708984,100.5199966430664,101.23999786376953,100.41999816894531,101.23999786376953,7437300
2014-05-13,72.09275817871094,101.0199966430664,101.48999786376953,100.62999725341797,100.9000015258789,6183200
2014-05-14,71.98570251464844,100.87000274658203,101.0999984741211,100.7699966430664,100.94999694824219,4187200
2014-05-15,71.85726928710938,100.69000244140625,100.83999633789062,100.41000366210938,100.63999938964844,7007600
2014-05-16,71.77875518798828,100.58000183105469,100.88999938964844,100.13999938964844,100.56999969482422,6516900
2014-05-19,71.82157135009766,100.63999938964844,100.93000030517578,100.12999725341797,100.22000122070312,6997200
2014-05-20,71.54325866699219,100.25,100.9800033569336,99.95999908447266,100.80999755859375,5438400
2014-05-21,72.17837524414062,101.13999938964844,101.19999694824219,100.52999877929688,100.5999984741211,5302500
2014-05-22,72.55205535888672,100.95999908447266,101.01000213623047,100.08000183105469,100.58000183105469,5124900
2014-05-23,72.56645202636719,100.9800033569336,101.16000366210938,100.66999816894531,101.04000091552734,5275700
2014-05-27,72.44428253173828,100.80999755859375,101.36000061035156,100.2699966430664,101.0999984741211,4524400
2014-05-28,72.07778930664062,100.30000305175781,100.93000030517578,100.12000274658203,100.66999816894531,4352700
2014-05-29,72.4083251953125,100.76000213623047,100.80000305175781,100.1500015258789,100.55999755859375,3685200
2014-05-30,72.911376953125,101.45999908447266,101.54000091552734,100.55000305175781,100.69999694824219,5973900
2014-06-02,73.42163848876953,102.16999816894531,102.26000213623047,101.01000213623047,101.54000091552734,5845400
2014-06-03,73.62998962402344,102.45999908447266,102.5999984741211,101.83999633789062,101.91000366210938,6681300
2014-06-04,73.78811645507812,102.68000030517578,102.70999908447266,101.94000244140625,102.2300033569336,5608600
2014-06-05,74.17618560791016,103.22000122070312,103.36000061035156,102.41999816894531,102.77999877929688,4730900
2014-06-06,74.14742279052734,103.18000030517578,103.33000183105469,102.83999633789062,103.25,4624000
2014-06-09,74.17618560791016,103.22000122070312,103.2300033569336,102.68000030517578,103.06999969482422,3748800
2014-06-10,74.80855560302734,104.0999984741211,104.12000274658203,102.7699966430664,103.47000122070312,5792100
2014-06-11,74.24801635742188,103.31999969482422,104.1500015258789,103.12999725341797,103.80999755859375,5960500
2014-06-12,73.6802978515625,102.52999877929688,103.20999908447266,102.51000213623047,103.18000030517578,5930700
2014-06-13,73.6802978515625,102.52999877929688,102.6500015258789,102.16999816894531,102.51000213623047,4301600
2014-06-16,73.62284851074219,102.44999694824219,102.88999938964844,101.83999633789062,102.5199966430664,5645500
2014-06-17,73.2491226196289,101.93000030517578,102.19999694824219,101.37999725341797,102.12999725341797,4834600
2014-06-18,73.88153076171875,102.80999755859375,102.83000183105469,101.86000061035156,101.91000366210938,5445000
2014-06-19,74.60015106201172,103.80999755859375,103.87000274658203,102.80999755859375,102.93000030517578,5481500
2014-06-20,75.64933013916016,105.2699966430664,105.4800033569336,104.06999969482422,104.37000274658203,12459700
2014-06-23,75.27567291259766,104.75,105.12000274658203,104.44000244140625,104.91000366210938,6063200
2014-06-24,75.16069030761719,104.58999633789062,105.2300033569336,104.55000305175781,104.62999725341797,5915000
2014-06-25,76.00145721435547,105.76000213623047,105.87000274658203,104.2300033569336,104.2300033569336,6411100
2014-06-26,75.92241668701172,105.6500015258789,105.97000122070312,105.02999877929688,105.83999633789062,5106900
2014-06-27,75.44815063476562,104.98999786376953,105.58999633789062,104.44999694824219,105.47000122070312,6463000
2014-06-30,75.1822509765625,104.62000274658203,106.0,104.5199966430664,105.62000274658203,6877800
2014-07-01,76.08051300048828,105.87000274658203,106.0,104.98999786376953,105.1500015258789,5129200
2014-07-02,76.07333374023438,105.86000061035156,105.97000122070312,105.30000305175781,105.69999694824219,3764900
2014-07-03,75.75713348388672,105.41999816894531,106.25,105.11000061035156,105.87000274658203,4199100
2014-07-07,76.5116958618164,106.47000122070312,106.73999786376953,105.2699966430664,105.41999816894531,7014900
2014-07-08,75.97271728515625,105.72000122070312,106.25,105.5199966430664,106.20999908447266,6268400
2014-07-09,76.20268249511719,106.04000091552734,106.20999908447266,105.72000122070312,106.0,5720900
2014-07-10,76.03018951416016,105.80000305175781,106.0,104.5199966430664,105.08000183105469,4955100
2014-07-11,75.52714538574219,105.0999984741211,106.01000213623047,104.86000061035156,105.83999633789062,5461000
2014-07-14,75.7283935546875,105.37999725341797,105.48999786376953,105.11000061035156,105.37999725341797,7784800
2014-07-15,74.21929931640625,103.27999877929688,105.47000122070312,102.7699966430664,105.2300033569336,14219700
2014-07-16,73.4575424194336,102.22000122070312,103.66999816894531,101.94999694824219,103.52999877929688,11946800
2014-07-17,72.12808990478516,100.37000274658203,102.0999984741211,100.26000213623047,101.9000015258789,11218900
2014-07-18,73.15571594238281,101.80000305175781,101.95999908447266,100.37000274658203,100.66999816894531,8408400
2014-07-21,72.77485656738281,101.2699966430664,101.58000183105469,101.0199966430664,101.44000244140625,6379900
2014-07-22,73.63720703125,102.47000122070312,102.54000091552734,101.77999877929688,101.91000366210938,6554100
2014-07-23,73.43597412109375,102.19000244140625,102.93000030517578,101.87999725341797,102.80000305175781,4815300
2014-07-24,73.44315338134766,102.19999694824219,102.7300033569336,102.0199966430664,102.33999633789062,5177200
2014-07-25,73.37850952148438,102.11000061035156,102.4000015258789,101.80000305175781,102.2699966430664,3951500
2014-07-28,73.37850952148438,102.11000061035156,102.4000015258789,101.66000366210938,101.88999938964844,4634800
2014-07-29,73.27067565917969,101.95999908447266,102.51000213623047,101.69000244140625,102.44999694824219,6053900
2014-07-30,73.51502227783203,102.30000305175781,102.8499984741211,101.80999755859375,102.2699966430664,5994800
2014-07-31,71.9268569946289,100.08999633789062,101.83999633789062,100.05000305175781,101.7699966430664,9141500
2014-08-01,71.79033660888672,99.9000015258789,100.41000366210938,98.80000305175781,99.76000213623047,8610700
2014-08-04,71.97718048095703,100.16000366210938,100.37999725341797,99.31999969482422,99.98999786376953,6790800
2014-08-05,71.73283386230469,99.81999969482422,100.23999786376953,99.55000305175781,99.83000183105469,6230900
2014-08-06,72.37240600585938,100.70999908447266,100.83000183105469,99.5999984741211,99.66999816894531,7412100
2014-08-07,71.81190490722656,99.93000030517578,101.19000244140625,99.58000183105469,101.08999633789062,7417800
2014-08-08,72.6383056640625,101.08000183105469,101.1500015258789,99.7699966430664,100.20999908447266,5618400
2014-08-11,72.69579315185547,101.16000366210938,101.77999877929688,101.01000213623047,101.62000274658203,5703000
2014-08-12,72.31493377685547,100.62999725341797,101.22000122070312,100.30999755859375,101.0,4577700
2014-08-13,73.11260223388672,101.73999786376953,101.94999694824219,101.1500015258789,101.1500015258789,4563700
2014-08-14,73.31379699707031,102.0199966430664,102.05000305175781,101.5,101.88999938964844,5239400
2014-08-15,72.7030029296875,101.16999816894531,102.44000244140625,100.80000305175781,102.20999908447266,6986000
2014-08-18,73.8024673461914,102.69999694824219,102.72000122070312,101.75,101.91999816894531,5979500
2014-08-19,73.98931884765625,102.95999908447266,102.95999908447266,102.0199966430664,102.7300033569336,5670000
2014-08-20,74.16897583007812,103.20999908447266,103.30000305175781,102.69999694824219,102.87000274658203,5183000
2014-08-21,74.87322998046875,104.19000244140625,104.41999816894531,103.33000183105469,103.33000183105469,8357600
2014-08-22,74.59105682373047,103.0999984741211,104.02999877929688,102.97000122070312,103.62999725341797,5076300
2014-08-25,74.68511199951172,103.2300033569336,103.80999755859375,103.08999633789062,103.6500015258789,3678200
2014-08-26,74.83704376220703,103.44000244140625,103.72000122070312,103.16999816894531,103.47000122070312,3512400
2014-08-27,74.67791748046875,103.22000122070312,103.72000122070312,102.91000366210938,103.5999984741211,4786100
2014-08-28,74.48255157470703,102.94999694824219,103.19000244140625,102.70999908447266,102.9000015258789,3482200
2014-08-29,75.04686737060547,103.7300033569336,103.76000213623047,103.01000213623047,103.0999984741211,5287800
2014-09-02,74.77916717529297,103.36000061035156,103.70999908447266,103.0199966430664,103.30000305175781,4644800
2014-09-03,75.06855773925781,103.76000213623047,104.0999984741211,103.54000091552734,103.81999969482422,4725800
2014-09-04,75.1264419555664,103.83999633789062,104.0999984741211,103.76000213623047,103.98999786376953,6147700
2014-09-05,75.54605102539062,104.41999816894531,104.41999816894531,103.33999633789062,103.91999816894531,5744400
2014-09-08,75.27838134765625,104.05000305175781,104.58000183105469,103.83000183105469,104.41999816894531,4900300
2014-09-09,75.0975112915039,103.80000305175781,104.4000015258789,103.55000305175781,104.4000015258789,5999400
2014-09-10,75.9584732055664,104.98999786376953,105.33999633789062,103.95999908447266,104.19000244140625,7402200
2014-09-11,75.64013671875,104.55000305175781,104.88999938964844,104.0999984741211,104.77999877929688,4834100
2014-09-12,75.6618423461914,104.58000183105469,104.80999755859375,103.95999908447266,104.54000091552734,5929200
2014-09-15,75.76311492919922,104.72000122070312,104.91000366210938,104.3499984741211,104.58999633789062,4525500
2014-09-16,76.60233306884766,105.87999725341797,105.94000244140625,104.30000305175781,104.48999786376953,6081400
2014-09-17,76.82662200927734,106.19000244140625,106.62999725341797,105.80000305175781,105.87999725341797,6627800
2014-09-18,77.66588592529297,107.3499984741211,107.41000366210938,106.02999877929688,106.18000030517578,6628700
2014-09-19,78.12890625,107.98999786376953,108.37000274658203,107.62000274658203,107.88999938964844,13033400
2014-09-22,78.0493392944336,107.87999725341797,108.25,107.77999877929688,108.0,5788300
2014-09-23,77.74543762207031,107.45999908447266,108.0999984741211,107.19000244140625,107.7699966430664,8108100
2014-09-24,78.59915161132812,108.63999938964844,108.7699966430664,107.33999633789062,107.69999694824219,5890900
2014-09-25,77.4849853515625,107.0999984741211,108.55000305175781,107.06999969482422,108.52999877929688,5688200
2014-09-26,77.4849853515625,107.0999984741211,107.48999786376953,106.19999694824219,107.41000366210938,4467500
2014-09-29,77.0798568725586,106.54000091552734,106.6500015258789,106.04000091552734,106.37999725341797,6581600
2014-09-30,77.11602020263672,106.58999633789062,107.20999908447266,106.44999694824219,106.5,6822500
2014-10-01,75.45924377441406,104.30000305175781,106.27999877929688,103.94999694824219,105.9800033569336,12263700
2014-10-02,75.1336669921875,103.8499984741211,104.54000091552734,103.25,104.05999755859375,7566100
2014-10-03,76.05973815917969,105.12999725341797,105.19000244140625,104.12999725341797,104.2300033569336,6856100
2014-10-06,75.86434936523438,104.86000061035156,106.0,104.37000274658203,105.68000030517578,5015100
2014-10-07,74.0774154663086,102.38999938964844,104.45999908447266,102.33999633789062,104.45999908447266,8407800
2014-10-08,75.90056610107422,104.91000366210938,105.02999877929688,102.04000091552734,102.43000030517578,8337000
2014-10-09,73.85311126708984,102.08000183105469,104.86000061035156,101.79000091552734,104.62999725341797,10675900
2014-10-10,73.23816680908203,101.2300033569336,102.52999877929688,101.2300033569336,102.3499984741211,9984100
2014-10-13,71.71162414550781,99.12000274658203,101.45999908447266,99.0199966430664,101.45999908447266,10334600
2014-10-14,70.18506622314453,97.01000213623047,100.9000015258789,95.33999633789062,100.52999877929688,20807400
2014-10-15,71.05322265625,98.20999908447266,98.72000122070312,95.0999984741211,96.05000305175781,21905900
2014-10-16,70.0186538696289,96.77999877929688,98.0,96.5,96.97000122070312,14575300
2014-10-17,71.4077377319336,98.69999694824219,99.1500015258789,97.30999755859375,97.54000091552734,12272900
2014-10-20,71.76947784423828,99.19999694824219,99.19999694824219,98.31999969482422,98.83000183105469,7988900
2014-10-21,72.60872650146484,100.36000061035156,100.37999725341797,99.33999633789062,99.83000183105469,7287300
2014-10-22,73.23089599609375,101.22000122070312,101.79000091552734,100.5199966430664,101.0999984741211,9360100
2014-10-23,74.25102996826172,102.62999725341797,102.9800033569336,101.94000244140625,102.26000213623047,7570400
2014-10-24,74.61277770996094,103.12999725341797,103.29000091552734,102.20999908447266,102.94999694824219,5973100
2014-10-27,75.29285430908203,104.06999969482422,104.23999786376953,103.04000091552734,103.06999969482422,7043900
2014-10-28,75.81376647949219,104.79000091552734,104.80000305175781,103.55999755859375,104.55000305175781,10347800
2014-10-29,76.37084197998047,105.55999755859375,105.55999755859375,104.86000061035156,105.0,8188300
2014-10-30,77.44157409667969,107.04000091552734,107.05000305175781,104.91000366210938,105.16999816894531,9068300
2014-10-31,77.97698974609375,107.77999877929688,108.18000030517578,107.26000213623047,107.94000244140625,10800100
2014-11-03,77.74543762207031,107.45999908447266,108.12000274658203,106.75,107.83000183105469,7082600
2014-11-04,78.58470153808594,108.62000274658203,108.7300033569336,107.33999633789062,107.88999938964844,9349000
2014-11-05,78.72938537597656,108.81999969482422,109.26000213623047,107.94999694824219,109.05000305175781,6966800
2014-11-06,78.86687469482422,109.01000213623047,109.31999969482422,108.55000305175781,108.93000030517578,6200300
2014-11-07,78.28081512451172,108.19999694824219,109.02999877929688,107.91999816894531,109.0,6652600
2014-11-10,78.72938537597656,108.81999969482422,108.91999816894531,107.19999694824219,108.06999969482422,7573300
2014-11-11,78.79449462890625,108.91000366210938,109.4000015258789,108.55000305175781,108.87999725341797,6221100
2014-11-12,78.67874145507812,108.75,109.0,108.38999938964844,108.66999816894531,4895900
2014-11-13,78.91027069091797,109.06999969482422,109.48999786376953,108.5,109.05000305175781,4860000
2014-11-14,78.25187683105469,108.16000366210938,109.05999755859375,108.01000213623047,108.91999816894531,5650700
2014-11-17,78.35316467285156,108.30000305175781,108.69000244140625,107.61000061035156,108.0,5233000
2014-11-18,78.73661804199219,108.83000183105469,109.05999755859375,107.72000122070312,108.12999725341797,5407200
2014-11-19,78.68596649169922,108.76000213623047,108.80999755859375,108.0999984741211,108.44999694824219,5217800
2014-11-20,78.266357421875,108.18000030517578,108.56999969482422,107.69000244140625,108.55000305175781,8090700
2014-11-21,78.54307556152344,107.86000061035156,108.7300033569336,107.62000274658203,108.7300033569336,8417400
2014-11-24,77.82945251464844,106.87999725341797,108.2300033569336,106.63999938964844,107.91999816894531,9098000
2014-11-25,77.69837951660156,106.69999694824219,107.19000244140625,106.69999694824219,106.9800033569336,7367900
2014-11-26,78.06974792480469,107.20999908447266,107.25,106.5999984741211,106.7699966430664,5503700
2014-11-28,78.82705688476562,108.25,108.81999969482422,107.33000183105469,107.61000061035156,5881200
2014-12-01,78.6668701171875,108.02999877929688,108.80999755859375,107.3499984741211,107.88999938964844,5638800
2014-12-02,79.01643371582031,108.51000213623047,108.52999877929688,107.5,107.97000122070312,6184400
2014-12-03,78.44111633300781,107.72000122070312,108.98999786376953,107.6500015258789,108.54000091552734,8957400
2014-12-04,78.32461547851562,107.55999755859375,108.30000305175781,107.37999725341797,108.08999633789062,6697600
2014-12-05,79.01643371582031,108.51000213623047,108.73999786376953,107.22000122070312,107.52999877929688,6449700
2014-12-08,79.02368927001953,108.5199966430664,108.87999725341797,108.13999938964844,108.41999816894531,6499300
2014-12-09,78.68142700195312,108.05000305175781,108.47000122070312,106.88999938964844,108.22000122070312,7214300
2014-12-10,77.36341094970703,106.23999786376953,107.95999908447266,106.1500015258789,107.61000061035156,9416400
2014-12-11,77.71292114257812,106.72000122070312,107.30999755859375,105.36000061035156,105.8499984741211,7114600
2014-12-12,76.04537200927734,104.43000030517578,106.87000274658203,104.38999938964844,106.6500015258789,8325500
2014-12-15,75.70310974121094,103.95999908447266,105.05999755859375,103.62999725341797,104.7699966430664,12110600
2014-12-16,74.82928466796875,102.76000213623047,105.20999908447266,102.5,103.4800033569336,10209200
2014-12-17,75.7832260131836,104.06999969482422,104.48999786376953,102.69999694824219,103.2699966430664,10207600
2014-12-18,77.77848815917969,106.80999755859375,106.81999969482422,104.73999786376953,105.62000274658203,11756800
2014-12-19,76.8609390258789,105.55000305175781,107.38999938964844,105.5,106.62999725341797,19154400
2014-12-22,77.7275161743164,106.73999786376953,106.83000183105469,105.66999816894531,105.69000244140625,8124500
2014-12-23,75.9361343383789,104.27999877929688,106.91000366210938,103.91999816894531,106.66000366210938,10171700
2014-12-24,76.16189575195312,104.58999633789062,105.33000183105469,104.37999725341797,104.37999725341797,3415100
2014-12-26,76.5041275024414,105.05999755859375,105.69000244140625,104.69000244140625,105.06999969482422,2951000
2014-12-29,76.70074462890625,105.33000183105469,105.69000244140625,104.61000061035156,104.63999938964844,4273400
2014-12-30,76.72257995605469,105.36000061035156,105.80000305175781,105.05999755859375,105.41999816894531,4371700
2014-12-31,76.14732360839844,104.56999969482422,106.11000061035156,104.54000091552734,105.61000061035156,6202100
2015-01-02,76.11088562011719,104.5199966430664,105.55000305175781,104.12999725341797,105.05000305175781,5753600
2015-01-05,75.57933044433594,103.79000091552734,104.7300033569336,103.68000030517578,104.4800033569336,8079300
2015-01-06,75.20793914794922,103.27999877929688,104.98999786376953,102.94000244140625,104.33999633789062,7428000
2015-01-07,76.86823272705078,105.55999755859375,105.83000183105469,103.80999755859375,103.91000366210938,7931700
2015-01-08,77.47264099121094,106.38999938964844,106.48999786376953,105.75,106.05999755859375,9916000
2015-01-09,76.41676330566406,104.94000244140625,106.5,104.75,106.5,7364800
2015-01-12,76.15460968017578,104.58000183105469,105.81999969482422,104.30000305175781,105.16999816894531,6839000
2015-01-13,76.28565979003906,104.76000213623047,106.33000183105469,104.23999786376953,105.44000244140625,10151100
2015-01-14,75.73225402832031,104.0,104.43000030517578,103.51000213623047,103.86000061035156,8887700
2015-01-15,74.6326675415039,102.48999786376953,103.93000030517578,101.94999694824219,102.97000122070312,10834800
2015-01-16,75.76136779785156,104.04000091552734,104.62000274658203,102.0,102.05999755859375,14092300
2015-01-20,73.75881958007812,101.29000091552734,102.05000305175781,100.26000213623047,101.55000305175781,20460000
2015-01-21,74.2030258178711,101.9000015258789,102.0999984741211,100.4000015258789,100.55999755859375,11702900
2015-01-22,75.55747985839844,103.76000213623047,103.83000183105469,101.56999969482422,102.38999938964844,9036600
2015-01-23,74.42147064208984,102.19999694824219,102.97000122070312,101.94000244140625,102.94000244140625,10126000
2015-01-26,74.4651870727539,102.26000213623047,102.44999694824219,101.20999908447266,101.80000305175781,8962800
2015-01-27,74.34137725830078,102.08999633789062,102.7699966430664,100.93000030517578,101.83000183105469,10160500
2015-01-28,73.8971939086914,101.4800033569336,102.93000030517578,101.44000244140625,102.4800033569336,9053200
2015-01-29,74.55257415771484,102.37999725341797,102.45999908447266,100.66999816894531,101.51000213623047,7569300
2015-01-30,72.92141723632812,100.13999938964844,102.0,100.08999633789062,101.58000183105469,10676300
2015-02-02,73.42383575439453,100.83000183105469,100.8499984741211,99.37999725341797,100.48999786376953,8990700
2015-02-03,74.61080169677734,102.45999908447266,102.55999755859375,101.12000274658203,101.4000015258789,10005200
2015-02-04,73.80980682373047,101.36000061035156,102.44999694824219,101.0199966430664,102.12000274658203,9514100
2015-02-05,74.61080169677734,102.45999908447266,102.55999755859375,101.45999908447266,101.56999969482422,6642200
2015-02-06,73.6204833984375,101.0999984741211,102.44999694824219,100.83000183105469,102.11000061035156,9215700
2015-02-09,72.65924072265625,99.77999877929688,101.05999755859375,99.0999984741211,101.05999755859375,9851700
2015-02-10,73.07433319091797,100.3499984741211,100.69999694824219,99.43000030517578,100.19000244140625,12275500
2015-02-11,73.09617614746094,100.37999725341797,100.79000091552734,99.94999694824219,100.45999908447266,8177000
2015-02-12,71.6834945678711,98.44000244140625,100.54000091552734,97.1500015258789,100.5,25835200
2015-02-13,72.54276275634766,99.62000274658203,99.66999816894531,98.33000183105469,98.44000244140625,11153600
2015-02-17,73.13987731933594,100.44000244140625,100.4800033569336,99.12000274658203,99.38999938964844,8627100
2015-02-18,72.79034423828125,99.95999908447266,100.94000244140625,99.37999725341797,100.69999694824219,7878200
2015-02-19,73.32919311523438,100.69999694824219,100.83999633789062,99.61000061035156,99.94999694824219,10028200
2015-02-20,73.5198745727539,100.26000213623047,100.37000274658203,99.11000061035156,100.18000030517578,10085700
2015-02-23,73.46117401123047,100.18000030517578,100.7699966430664,99.80000305175781,100.73999786376953,6878200
2015-02-24,73.84249114990234,100.69999694824219,101.05000305175781,100.0,100.25,6587200
2015-02-25,74.21647644042969,101.20999908447266,101.29000091552734,100.16000366210938,100.94000244140625,9684000
2015-02-26,75.38243103027344,102.80000305175781,103.18000030517578,101.22000122070312,101.37999725341797,11437900
2015-02-27,75.16978454589844,102.51000213623047,103.33000183105469,102.4800033569336,103.04000091552734,8500000
2015-03-02,75.69042205810547,103.22000122070312,103.41000366210938,102.51000213623047,102.51000213623047,7277600
2015-03-03,75.04508972167969,102.33999633789062,103.0999984741211,101.80999755859375,103.0999984741211,6419700
2015-03-04,74.53913879394531,101.6500015258789,102.12000274658203,101.16999816894531,102.12000274658203,8665500
2015-03-05,75.17708587646484,102.5199966430664,103.20999908447266,102.0,102.06999969482422,8042300
2015-03-06,73.40986633300781,100.11000061035156,102.43000030517578,99.87999725341797,102.08999633789062,9287600
2015-03-09,73.81317138671875,100.66000366210938,100.91999816894531,99.76000213623047,100.19999694824219,5701100
2015-03-10,72.98455810546875,99.52999877929688,100.44000244140625,99.51000213623047,99.98999786376953,8735700
2015-03-11,72.09725952148438,98.31999969482422,99.83000183105469,98.22000122070312,99.83000183105469,9138100
2015-03-12,73.20452117919922,99.83000183105469,100.23999786376953,98.83000183105469,98.95999908447266,8318000
2015-03-13,72.74991607666016,99.20999908447266,100.05000305175781,98.63999938964844,99.8499984741211,7821800
2015-03-16,74.10648345947266,101.05999755859375,101.06999969482422,99.73999786376953,99.73999786376953,7726500
2015-03-17,73.24853515625,99.88999938964844,100.5199966430664,99.41000366210938,100.11000061035156,7301500
2015-03-18,74.39978790283203,101.45999908447266,101.73999786376953,99.12999725341797,99.88999938964844,7972500
2015-03-19,74.56845092773438,101.69000244140625,101.95999908447266,100.91000366210938,101.04000091552734,6863100
2015-03-20,75.08909606933594,102.4000015258789,102.9000015258789,101.76000213623047,101.87000274658203,12433800
2015-03-23,75.514404296875,102.9800033569336,103.3499984741211,102.2300033569336,102.47000122070312,9016000
2015-03-24,74.76644134521484,101.95999908447266,103.2300033569336,101.93000030517578,102.83000183105469,8390700
2015-03-25,73.57850646972656,100.33999633789062,102.5,100.33999633789062,101.8499984741211,8444100
2015-03-26,73.4318618774414,100.13999938964844,100.80999755859375,99.55999755859375,99.94999694824219,9972400
2015-03-27,73.57850646972656,100.33999633789062,100.94999694824219,100.1500015258789,100.27999877929688,5847400
2015-03-30,74.46583557128906,101.55000305175781,101.86000061035156,100.76000213623047,101.23999786376953,6061200
2015-03-31,73.76917266845703,100.5999984741211,101.48999786376953,100.58999633789062,100.97000122070312,8028000
2015-04-01,72.70592498779297,99.1500015258789,100.45999908447266,98.61000061035156,100.45999908447266,11368100
2015-04-02,73.06523132324219,99.63999938964844,99.98999786376953,98.88999938964844,99.44000244140625,6097100
2015-04-06,72.7132339477539,99.16000366210938,99.55999755859375,98.04000091552734,98.83999633789062,9697600
2015-04-07,73.40253448486328,100.0999984741211,100.87000274658203,99.43000030517578,99.55000305175781,7900300
2015-04-08,73.44652557373047,100.16000366210938,100.44999694824219,99.5999984741211,99.83999633789062,7354100
2015-04-09,74.30448150634766,101.33000183105469,101.6500015258789,100.33000183105469,100.56999969482422,8073900
2015-04-10,74.83979034423828,102.05999755859375,102.13999938964844,100.93000030517578,101.33000183105469,6786500
2015-04-13,73.7325210571289,100.55000305175781,101.9800033569336,100.55000305175781,101.54000091552734,10753500
2015-04-14,73.71048736572266,100.5199966430664,101.45999908447266,100.19000244140625,101.05000305175781,9322200
2015-04-15,73.76917266845703,100.5999984741211,101.23999786376953,100.33000183105469,100.54000091552734,8237100
2015-04-16,73.17520904541016,99.79000091552734,100.31999969482422,99.7699966430664,100.2699966430664,7324800
2015-04-17,73.0212173461914,99.58000183105469,99.8499984741211,99.11000061035156,99.37000274658203,11084200
2015-04-20,73.48319244384766,100.20999908447266,100.87999725341797,100.05000305175781,100.26000213623047,6668500
2015-04-21,73.5492172241211,100.30000305175781,100.98999786376953,100.16000366210938,100.66000366210938,6532700
2015-04-22,73.64451599121094,100.43000030517578,100.80000305175781,99.95999908447266,100.62999725341797,4763900
2015-04-23,73.66651916503906,100.45999908447266,100.81999969482422,99.91000366210938,100.5,7351500
2015-04-24,74.12114715576172,101.08000183105469,101.52999877929688,100.0,100.11000061035156,6566900
2015-04-27,73.75453186035156,100.58000183105469,101.5999984741211,100.47000122070312,101.16000366210938,9113900
2015-04-28,73.87181854248047,100.73999786376953,100.94999694824219,99.30999755859375,100.44999694824219,7484600
2015-04-29,73.61519622802734,100.38999938964844,100.61000061035156,99.9000015258789,100.51000213623047,8926200
2015-04-30,72.74256896972656,99.19999694824219,100.1500015258789,98.7699966430664,100.06999969482422,10170600
2015-05-01,73.42453002929688,100.12999725341797,100.38999938964844,99.62000274658203,99.62000274658203,6255000
2015-05-04,73.58584594726562,100.3499984741211,100.55000305175781,100.16000366210938,100.33000183105469,5532400
2015-05-05,72.96255493164062,99.5,100.29000091552734,99.29000091552734,100.12999725341797,8828000
2015-05-06,72.7205810546875,99.16999816894531,99.87000274658203,98.66000366210938,99.62000274658203,8030800
2015-05-07,73.07988739013672,99.66000366210938,100.0,98.91000366210938,98.94000244140625,6401600
2015-05-08,74.40715026855469,101.47000122070312,101.66999816894531,100.44000244140625,100.4800033569336,7508600
2015-05-11,74.08448791503906,101.02999877929688,101.66000366210938,101.01000213623047,101.31999969482422,5698900
2015-05-12,73.67384338378906,100.47000122070312,101.05000305175781,100.27999877929688,100.87999725341797,6903100
2015-05-13,73.7325210571289,100.55000305175781,101.12999725341797,100.47000122070312,100.68000030517578,5826800
2015-05-14,74.67115020751953,101.83000183105469,101.87000274658203,100.94999694824219,100.97000122070312,5454000
2015-05-15,75.01577758789062,102.30000305175781,102.31999969482422,101.66999816894531,101.9800033569336,6023500
2015-05-18,75.8370590209961,103.41999816894531,104.33999633789062,102.31999969482422,102.37000274658203,10479600
2015-05-19,76.23302459716797,103.95999908447266,104.12000274658203,103.26000213623047,103.66000366210938,7724100
2015-05-20,75.96905517578125,103.5999984741211,104.4800033569336,103.30999755859375,104.41999816894531,7146500
2015-05-21,75.6514663696289,102.41999816894531,103.30000305175781,102.33999633789062,102.91000366210938,6875600
2015-05-22,74.8611068725586,101.3499984741211,102.41000366210938,101.33000183105469,102.2699966430664,6216600
2015-05-26,74.4696273803711,100.81999969482422,101.55000305175781,100.58000183105469,101.2300033569336,7918900
2015-05-27,74.69862365722656,101.12999725341797,101.41000366210938,100.80000305175781,101.01000213623047,9297900
2015-05-28,74.71336364746094,101.1500015258789,101.69999694824219,100.80999755859375,101.01000213623047,5700100
2015-05-29,73.96734619140625,100.13999938964844,101.62000274658203,99.83000183105469,101.55000305175781,9957800
2015-06-01,73.89347076416016,100.04000091552734,100.5999984741211,99.72000122070312,100.27999877929688,7298100
2015-06-02,73.84915924072266,99.9800033569336,100.23999786376953,99.0999984741211,99.91999816894531,8312400
2015-06-03,73.9303970336914,100.08999633789062,100.43000030517578,99.83999633789062,100.31999969482422,5375200
2015-06-04,73.295166015625,99.2300033569336,100.47000122070312,99.05999755859375,99.94000244140625,8057900
2015-06-05,72.82245635986328,98.58999633789062,99.05000305175781,98.19999694824219,98.98999786376953,7557300
2015-06-08,72.35711669921875,97.95999908447266,98.9800033569336,97.95999908447266,98.5999984741211,7054600
2015-06-09,72.54175567626953,98.20999908447266,98.54000091552734,97.80000305175781,98.44000244140625,7844300
2015-06-10,73.0366439819336,98.87999725341797,99.55000305175781,98.19999694824219,98.4800033569336,10025100
2015-06-11,73.30256652832031,99.23999786376953,99.80000305175781,98.83000183105469,99.19999694824219,6175200
2015-06-12,72.64517974853516,98.3499984741211,99.2300033569336,98.12000274658203,98.87999725341797,8717200
2015-06-15,72.00994873046875,97.48999786376953,97.87000274658203,97.01000213623047,97.75,6833500
2015-06-16,72.6525650024414,98.36000061035156,98.48999786376953,97.0999984741211,97.5,6049500
2015-06-17,72.92587280273438,98.7300033569336,99.12000274658203,98.1500015258789,98.37999725341797,6155800
2015-06-18,74.12984466552734,100.36000061035156,100.55000305175781,98.70999908447266,98.86000061035156,8815800
2015-06-19,73.7605209350586,99.86000061035156,100.19999694824219,99.77999877929688,99.87999725341797,11653600
2015-06-22,73.9303970336914,100.08999633789062,100.83999633789062,99.98999786376953,100.5999984741211,5055900
2015-06-23,73.701416015625,99.77999877929688,100.36000061035156,99.4800033569336,100.0999984741211,6046600
2015-06-24,73.36902618408203,99.33000183105469,99.80999755859375,99.06999969482422,99.51000213623047,7254700
2015-06-25,73.21391296386719,99.12000274658203,99.9800033569336,99.11000061035156,99.5,6581100
2015-06-26,73.59800720214844,99.63999938964844,100.12999725341797,99.25,99.43000030517578,9041100
2015-06-29,72.15028381347656,97.68000030517578,99.3499984741211,97.62000274658203,98.9800033569336,11150900
2015-06-30,71.9877700805664,97.45999908447266,98.44999694824219,97.30000305175781,98.43000030517578,8967900
2015-07-01,72.73380279541016,98.47000122070312,98.68000030517578,97.63999938964844,98.30000305175781,6726700
2015-07-02,72.7116470336914,98.44000244140625,99.0199966430664,98.31999969482422,98.8499984741211,6091900
2015-07-06,72.53435516357422,98.19999694824219,98.5,96.63999938964844,97.70999908447266,6817800
2015-07-07,73.06620025634766,98.91999816894531,98.9800033569336,97.5199966430664,98.62999725341797,7122600
2015-07-08,72.21675872802734,97.7699966430664,98.58999633789062,97.69000244140625,98.41999816894531,6845500
2015-07-09,72.68211364746094,98.4000015258789,99.54000091552734,98.4000015258789,99.05000305175781,7316400
2015-07-10,73.51678466796875,99.52999877929688,99.88999938964844,99.08999633789062,99.77999877929688,6969300
2015-07-13,74.0633544921875,100.2699966430664,100.4800033569336,99.87000274658203,100.05000305175781,6986300
2015-07-14,73.701416015625,99.77999877929688,99.87999725341797,98.55000305175781,99.26000213623047,9890600
2015-07-15,74.1741714477539,100.41999816894531,100.94000244140625,99.62999725341797,99.76000213623047,7990300
2015-07-16,74.68382263183594,101.11000061035156,101.36000061035156,100.77999877929688,100.94999694824219,5775000
2015-07-17,73.92302703857422,100.08000183105469,100.91000366210938,99.95999908447266,100.88999938964844,8054200
2015-07-20,74.1372299194336,100.37000274658203,100.6500015258789,100.0999984741211,100.5,5016200
2015-07-21,74.11506652832031,100.33999633789062,100.80999755859375,100.06999969482422,100.5999984741211,5891600
2015-07-22,73.99690246582031,100.18000030517578,100.70999908447266,99.7300033569336,100.41000366210938,6721900
2015-07-23,74.01165771484375,100.19999694824219,100.5999984741211,100.0,100.5,5016100
2015-07-24,73.23607635498047,99.1500015258789,99.94999694824219,99.05000305175781,99.75,6524200
2015-07-27,72.59347534179688,98.27999877929688,98.98999786376953,97.91999816894531,98.97000122070312,8734000
2015-07-28,73.14006805419922,99.0199966430664,99.2300033569336,98.41999816894531,98.88999938964844,7757500
2015-07-29,73.66450500488281,99.7300033569336,100.05000305175781,99.05000305175781,99.26000213623047,7853500
2015-07-30,73.7457504272461,99.83999633789062,100.0,99.37999725341797,99.80000305175781,5517400
2015-07-31,74.01904296875,100.20999908447266,100.9800033569336,99.95999908447266,100.33999633789062,6216800
2015-08-03,73.87870025634766,100.0199966430664,100.20999908447266,99.2300033569336,100.0,6172500
2015-08-04,73.7161865234375,99.80000305175781,100.5,99.6500015258789,100.41000366210938,6005300
2015-08-05,74.24803161621094,100.5199966430664,101.0,100.3499984741211,100.56999969482422,4571300
2015-08-06,73.17699432373047,99.06999969482422,100.5999984741211,99.01000213623047,100.48999786376953,6988000
2015-08-07,73.01449584960938,98.8499984741211,99.06999969482422,98.16000366210938,99.0199966430664,6027900
2015-08-10,73.70880889892578,99.79000091552734,100.05999755859375,99.44999694824219,99.56999969482422,6133500
2015-08-11,73.13267517089844,99.01000213623047,99.33999633789062,98.7699966430664,99.05000305175781,6682600
2015-08-12,72.91107177734375,98.70999908447266,98.7300033569336,97.41000366210938,98.4000015258789,7462400
2015-08-13,72.74118041992188,98.4800033569336,98.9800033569336,98.1500015258789,98.73999786376953,5048000
2015-08-14,72.98492431640625,98.80999755859375,98.83000183105469,97.87000274658203,98.33000183105469,5177300
2015-08-17,73.76788330078125,99.87000274658203,99.87999725341797,98.05999755859375,98.44000244140625,6901800
2015-08-18,73.39860534667969,99.37000274658203,99.68000030517578,99.0199966430664,99.23999786376953,7618800
2015-08-19,73.354248046875,99.30999755859375,99.98999786376953,98.77999877929688,99.18000030517578,7642400
2015-08-20,72.97017669677734,98.79000091552734,100.12000274658203,98.79000091552734,98.94999694824219,10620400
2015-08-21,71.12432861328125,95.55999755859375,98.5199966430664,95.51000213623047,97.22000122070312,16141500
2015-08-24,69.08496856689453,92.81999969482422,95.20999908447266,81.79000091552734,91.08000183105469,25636300
2015-08-25,67.52942657470703,90.7300033569336,95.69999694824219,90.4000015258789,95.69000244140625,15671100
2015-08-26,70.78941345214844,95.11000061035156,95.22000122070312,91.45999908447266,92.91000366210938,14738300
2015-08-27,71.61555480957031,96.22000122070312,96.4000015258789,94.3499984741211,96.0999984741211,11131200
2015-08-28,70.83406829833984,95.16999816894531,96.29000091552734,94.37999725341797,95.93000030517578,9200300
2015-08-31,69.9483642578125,93.9800033569336,95.16999816894531,93.58000183105469,94.87999725341797,9083500
2015-09-01,68.54164123535156,92.08999633789062,92.88999938964844,91.45999908447266,92.29000091552734,14593500
2015-09-02,69.4794692993164,93.3499984741211,93.47000122070312,92.5,93.16999816894531,11517400
2015-09-03,68.95101928710938,92.63999938964844,94.08999633789062,92.26000213623047,93.66000366210938,9027200
2015-09-04,67.9610824584961,91.30999755859375,91.87999725341797,90.56999969482422,91.58000183105469,10996800
2015-09-08,69.91858673095703,93.94000244140625,93.9800033569336,92.51000213623047,93.08999633789062,11394100
2015-09-09,68.63841247558594,92.22000122070312,95.16000366210938,92.02999877929688,94.98999786376953,7384500
2015-09-10,69.01055145263672,92.72000122070312,93.4800033569336,91.62000274658203,92.11000061035156,8359500
2015-09-11,69.1668701171875,92.93000030517578,93.0,91.80000305175781,92.44000244140625,7381300
2015-09-14,69.45712280273438,93.31999969482422,93.91000366210938,92.51000213623047,92.9000015258789,7948700
2015-09-15,70.26097106933594,94.4000015258789,94.75,93.19000244140625,93.79000091552734,7030700
2015-09-16,70.41726684570312,94.61000061035156,94.81999969482422,93.81999969482422,94.48999786376953,5630400
2015-09-17,70.58844757080078,94.83999633789062,96.19000244140625,94.31999969482422,94.52999877929688,8258000
2015-09-18,69.50921630859375,93.38999938964844,94.72000122070312,93.25,94.08000183105469,14211100
2015-09-21,69.31571197509766,93.12999725341797,94.5999984741211,92.37000274658203,93.87000274658203,7053700
2015-09-22,69.3975830078125,93.23999786376953,93.44000244140625,91.87999725341797,92.26000213623047,10618700
2015-09-23,69.21149444580078,92.98999786376953,93.69999694824219,92.55999755859375,93.20999908447266,5609300
2015-09-24,68.83191680908203,92.4800033569336,92.94000244140625,91.77999877929688,92.5199966430664,7407600
2015-09-25,67.73038482666016,91.0,93.12999725341797,90.76000213623047,92.93000030517578,10794400
2015-09-28,68.00578308105469,91.37000274658203,92.06999969482422,89.9000015258789,90.69999694824219,14332800
2015-09-29,69.24872589111328,93.04000091552734,93.83999633789062,91.83000183105469,92.23999786376953,11520000
2015-09-30,69.4794692993164,93.3499984741211,94.47000122070312,92.58999633789062,94.12999725341797,10970100
2015-10-01,69.3454818725586,93.16999816894531,93.8499984741211,91.76000213623047,93.43000030517578,9675900
2015-10-02,69.91112518310547,93.93000030517578,93.97000122070312,91.83999633789062,92.13999938964844,8368100
2015-10-05,70.52892303466797,94.76000213623047,94.81999969482422,94.08000183105469,94.19000244140625,9419200
2015-10-06,69.53157806396484,93.41999816894531,94.66000366210938,92.58000183105469,94.5199966430664,8365200
2015-10-07,70.69263458251953,94.9800033569336,95.41999816894531,93.44000244140625,94.26000213623047,9397300
2015-10-08,70.76705932617188,95.08000183105469,95.19999694824219,93.80999755859375,94.70999908447266,7090700
2015-10-09,70.98294067382812,95.37000274658203,95.95999908447266,94.77999877929688,95.13999938964844,8259700
2015-10-12,71.44438934326172,95.98999786376953,96.47000122070312,94.9800033569336,95.06999969482422,8957900
2015-10-13,71.04246520996094,95.44999694824219,96.2300033569336,94.30999755859375,94.79000091552734,12761900
2015-10-14,70.35771179199219,94.52999877929688,95.95999908447266,94.12000274658203,95.20999908447266,8881900
2015-10-15,72.30774688720703,97.1500015258789,97.3499984741211,94.86000061035156,95.0,9561900
2015-10-16,73.11904907226562,98.23999786376953,98.30999755859375,97.4000015258789,97.87000274658203,9495300
2015-10-19,72.89576721191406,97.94000244140625,98.19999694824219,97.30999755859375,98.05000305175781,8725400
2015-10-20,72.6352310180664,97.58999633789062,98.25,97.30999755859375,97.94999694824219,6041800
2015-10-21,72.6650161743164,97.62999725341797,98.22000122070312,97.06999969482422,97.63999938964844,7059800
2015-10-22,74.07917785644531,99.52999877929688,99.80999755859375,97.12999725341797,97.8499984741211,9887900
2015-10-23,74.65972900390625,100.30999755859375,100.87999725341797,99.52999877929688,99.87999725341797,9178900
2015-10-26,74.38432312011719,99.94000244140625,100.27999877929688,99.48999786376953,100.05000305175781,7561600
2015-10-27,74.57037353515625,100.19000244140625,100.9000015258789,99.69999694824219,99.91999816894531,8883200
2015-10-28,74.78622436523438,100.4800033569336,100.4800033569336,99.5,100.44999694824219,7256300
2015-10-29,75.44866180419922,101.37000274658203,101.52999877929688,100.12000274658203,100.47000122070312,6340700
2015-10-30,75.19559478759766,101.02999877929688,102.12000274658203,101.01000213623047,101.52999877929688,10520300
2015-11-02,76.04410552978516,102.16999816894531,102.33999633789062,100.83999633789062,101.18000030517578,6297900
2015-11-03,75.8877944946289,101.95999908447266,102.30000305175781,101.11000061035156,101.83999633789062,6229200
2015-11-04,75.87291717529297,101.94000244140625,102.38999938964844,101.69000244140625,101.9000015258789,5592300
2015-11-05,76.16316223144531,102.33000183105469,102.48999786376953,101.41999816894531,102.25,6545600
2015-11-06,75.8580551147461,101.91999816894531,101.91999816894531,100.86000061035156,101.56999969482422,6221100
2015-11-09,75.05419158935547,100.83999633789062,101.58999633789062,100.55000305175781,101.38999938964844,6625900
2015-11-10,75.50819396972656,101.44999694824219,101.76000213623047,100.68000030517578,101.0,5114200
2015-11-11,75.81336212158203,101.86000061035156,102.36000061035156,101.5,101.77999877929688,6284700
2015-11-12,74.62993621826172,100.2699966430664,101.61000061035156,100.22000122070312,101.13999938964844,6918700
2015-11-13,74.33967590332031,99.87999725341797,100.94000244140625,99.73999786376953,100.04000091552734,8517500
2015-11-16,75.33704376220703,101.22000122070312,101.29000091552734,100.04000091552734,100.37999725341797,5755800
2015-11-17,75.54541015625,101.5,101.70999908447266,100.37999725341797,100.37999725341797,5124000
2015-11-18,76.41621398925781,102.66999816894531,102.80000305175781,101.30999755859375,101.52999877929688,7148400
2015-11-19,76.28230285644531,102.48999786376953,102.68000030517578,102.05999755859375,102.66000366210938,5164500
2015-11-20,76.83710479736328,102.4800033569336,102.80000305175781,102.19999694824219,102.48999786376953,7671500
2015-11-23,77.0545425415039,102.7699966430664,103.0,102.19000244140625,102.38999938964844,6730600
2015-11-24,76.50718688964844,102.04000091552734,102.79000091552734,101.80999755859375,101.80999755859375,7492400
2015-11-25,76.44721221923828,101.95999908447266,102.33000183105469,101.95999908447266,102.16999816894531,5400800
2015-11-27,76.75462341308594,102.37000274658203,102.62000274658203,101.79000091552734,102.27999877929688,2353800
2015-11-30,75.90736389160156,101.23999786376953,102.4800033569336,101.23999786376953,102.4800033569336,8983700
2015-12-01,76.74712371826172,102.36000061035156,102.48999786376953,101.12000274658203,101.7300033569336,7545700
2015-12-02,76.51469421386719,102.05000305175781,102.93000030517578,101.98999786376953,102.5,6623500
2015-12-03,75.56996154785156,100.79000091552734,102.37000274658203,100.30999755859375,102.2699966430664,12008700
2015-12-04,77.18948364257812,102.94999694824219,103.0,101.27999877929688,101.4000015258789,7845400
2015-12-07,77.4669418334961,103.31999969482422,103.48999786376953,102.5999984741211,102.61000061035156,7262900
2015-12-08,76.7921371459961,102.41999816894531,103.23999786376953,101.91000366210938,102.9800033569336,8005400
2015-12-09,76.58966827392578,102.1500015258789,103.33999633789062,101.66999816894531,102.13999938964844,7947000
2015-12-10,76.9570541381836,102.63999938964844,103.33999633789062,101.80000305175781,102.30000305175781,6479300
2015-12-11,76.23727416992188,101.68000030517578,102.37000274658203,101.43000030517578,102.37000274658203,7796500
2015-12-14,76.58966827392578,102.1500015258789,102.29000091552734,100.77999877929688,101.6500015258789,10641500
2015-12-15,78.07421875,104.12999725341797,104.69000244140625,102.6500015258789,102.6500015258789,9283200
2015-12-16,78.91398620605469,105.25,105.48999786376953,103.5199966430664,104.63999938964844,8178800
2015-12-17,77.70685577392578,103.63999938964844,105.26000213623047,103.62999725341797,105.16000366210938,8740800
2015-12-18,76.43972778320312,101.94999694824219,103.08000183105469,101.94999694824219,103.08000183105469,14966000
2015-12-21,76.16228485107422,101.58000183105469,102.91999816894531,100.8499984741211,102.33999633789062,8321900
2015-12-22,77.00955200195312,102.70999908447266,102.87999725341797,101.1500015258789,101.91000366210938,5581600
2015-12-23,77.5943832397461,103.48999786376953,103.66999816894531,102.73999786376953,103.11000061035156,5531700
2015-12-24,77.76681518554688,103.72000122070312,103.91000366210938,103.01000213623047,103.12000274658203,2546300
2015-12-28,77.39193725585938,103.22000122070312,103.47000122070312,102.93000030517578,103.18000030517578,4063000
2015-12-29,77.9992446899414,104.02999877929688,104.19000244140625,103.33999633789062,103.33999633789062,4230000
2015-12-30,77.81180572509766,103.77999877929688,104.33999633789062,103.52999877929688,104.11000061035156,3847800
2015-12-31,77.01705932617188,102.72000122070312,103.62000274658203,102.69000244140625,103.37000274658203,4592600
2016-01-04,75.3375244140625,100.4800033569336,101.80999755859375,99.44999694824219,101.70999908447266,12722800
2016-01-05,75.65245056152344,100.9000015258789,101.44000244140625,100.56999969482422,100.58000183105469,6467200
2016-01-06,75.27008056640625,100.38999938964844,100.97000122070312,99.5999984741211,99.81999969482422,7733800
2016-01-07,74.392822265625,99.22000122070312,100.08999633789062,98.87999725341797,99.30999755859375,9433100
2016-01-08,73.59806823730469,98.16000366210938,99.94000244140625,97.8499984741211,99.87999725341797,9766700
2016-01-11,73.15567016601562,97.56999969482422,98.62999725341797,96.08000183105469,98.23999786376953,8151400
2016-01-12,73.65806579589844,98.23999786376953,98.62999725341797,97.23999786376953,97.98999786376953,6745000
2016-01-13,72.74331665039062,97.0199966430664,98.9800033569336,96.83999633789062,98.48999786376953,8290700
2016-01-14,74.14540100097656,98.88999938964844,99.47000122070312,97.0,97.0999984741211,10164300
2016-01-15,72.72832489013672,97.0,98.0,96.25,96.37000274658203,12662200
2016-01-19,73.10321807861328,97.5,98.41000366210938,96.9000015258789,97.93000030517578,12457800
2016-01-20,71.7911148071289,95.75,97.27999877929688,94.52999877929688,96.11000061035156,12685200
2016-01-21,71.93354797363281,95.94000244140625,96.63999938964844,94.27999877929688,95.7699966430664,11266400
2016-01-22,72.5408935546875,96.75,97.08999633789062,95.94999694824219,97.0199966430664,8380000
2016-01-25,72.2784652709961,96.4000015258789,97.69000244140625,96.04000091552734,96.72000122070312,9350200
2016-01-26,75.86237335205078,101.18000030517578,101.33999633789062,97.13999938964844,97.26000213623047,17266600
2016-01-27,76.59716033935547,102.16000366210938,103.37999725341797,100.48999786376953,100.48999786376953,19330500
2016-01-28,76.67961883544922,102.2699966430664,103.04000091552734,101.8499984741211,102.5,12789500
2016-01-29,78.30664825439453,104.44000244140625,104.75,102.62999725341797,102.88999938964844,15614600
2016-02-01,78.2541732788086,104.37000274658203,104.79000091552734,103.22000122070312,103.61000061035156,9803700
2016-02-02,77.53439331054688,103.41000366210938,104.26000213623047,103.0,103.30000305175781,10616300
2016-02-03,78.08171081542969,104.13999938964844,104.37999725341797,102.01000213623047,103.6500015258789,10168600
2016-02-04,77.90179443359375,103.9000015258789,104.08999633789062,102.7300033569336,103.61000061035156,10389000
2016-02-05,75.38252258300781,100.54000091552734,102.7699966430664,99.77999877929688,102.66000366210938,15522200
2016-02-08,76.47721099853516,102.0,103.51000213623047,100.22000122070312,100.30999755859375,14323800
2016-02-09,76.45470428466797,101.97000122070312,102.23999786376953,100.97000122070312,101.30999755859375,10044500
2016-02-10,76.27477264404297,101.7300033569336,102.91000366210938,101.37000274658203,102.05000305175781,9833100
2016-02-11,76.25228118896484,101.69999694824219,102.0199966430664,99.9800033569336,100.45999908447266,12465800
2016-02-12,76.34224700927734,101.81999969482422,101.9800033569336,100.72000122070312,101.81999969482422,9035000
2016-02-16,76.71713256835938,102.31999969482422,103.05000305175781,101.6500015258789,102.37000274658203,10452800
2016-02-17,76.85209655761719,102.5,103.23999786376953,102.2300033569336,102.75,8904000
2016-02-18,78.15668487548828,104.23999786376953,104.68000030517578,102.5,102.83000183105469,10744600
2016-02-19,78.6626968383789,104.16000366210938,104.68000030517578,103.37999725341797,103.58000183105469,9343300
2016-02-22,79.1082763671875,104.75,104.75,104.05000305175781,104.16000366210938,6947000
2016-02-23,78.60227966308594,104.08000183105469,104.79000091552734,103.95999908447266,104.6500015258789,6629200
2016-02-24,79.26689147949219,104.95999908447266,105.08000183105469,102.97000122070312,103.33999633789062,9076100
2016-02-25,80.33926391601562,106.37999725341797,106.38999938964844,104.7699966430664,104.94999694824219,8092500
2016-02-26,79.88613891601562,105.77999877929688,106.91999816894531,105.41999816894531,106.81999969482422,9049400
2016-02-29,79.45567321777344,105.20999908447266,106.19999694824219,105.04000091552734,105.27999877929688,10111100
2016-03-01,80.9736557006836,107.22000122070312,107.23999786376953,105.44000244140625,105.9000015258789,8298500
2016-03-02,80.83769989013672,107.04000091552734,107.41000366210938,106.43000030517578,106.91000366210938,9767000
2016-03-03,80.54315948486328,106.6500015258789,107.0,105.62999725341797,106.81999969482422,6927200
2016-03-04,80.42989349365234,106.5,106.9800033569336,106.06999969482422,106.51000213623047,6715700
2016-03-07,80.61113739013672,106.73999786376953,106.91999816894531,105.48999786376953,106.0,6973500
2016-03-08,80.21842956542969,106.22000122070312,106.7699966430664,105.97000122070312,106.5199966430664,7632900
2016-03-09,80.6866455078125,106.83999633789062,107.0199966430664,106.08999633789062,106.83999633789062,7564200
2016-03-10,80.91322326660156,107.13999938964844,107.4800033569336,106.06999969482422,106.98999786376953,10474700
2016-03-11,81.34369659423828,107.70999908447266,107.98999786376953,107.20999908447266,107.5,7763800
2016-03-14,81.3059310913086,107.66000366210938,108.30000305175781,107.30999755859375,107.91999816894531,7242800
2016-03-15,81.38146209716797,107.76000213623047,108.3499984741211,106.76000213623047,107.62000274658203,8476600
2016-03-16,81.11713409423828,107.41000366210938,107.77999877929688,106.87999725341797,107.7300033569336,7065100
2016-03-17,80.61113739013672,106.73999786376953,107.5999984741211,106.44999694824219,107.47000122070312,8571100
2016-03-18,81.18508911132812,107.5,107.83999633789062,106.36000061035156,106.98999786376953,14758300
2016-03-21,81.01895141601562,107.27999877929688,107.75,106.55000305175781,107.41000366210938,7674700
2016-03-22,81.094482421875,107.37999725341797,107.62999725341797,107.05000305175781,107.27999877929688,7821700
2016-03-23,81.94031524658203,108.5,108.83000183105469,107.19999694824219,107.29000091552734,8191300
2016-03-24,81.79682922363281,108.30999755859375,108.61000061035156,107.75,108.22000122070312,6284500
2016-03-28,81.73640441894531,108.2300033569336,108.9000015258789,108.05999755859375,108.41000366210938,4738100
2016-03-29,82.42363739013672,109.13999938964844,109.25,107.73999786376953,108.30000305175781,6612800
2016-03-30,82.30280303955078,108.9800033569336,109.55999755859375,108.93000030517578,109.44999694824219,5248200
2016-03-31,81.71372985839844,108.19999694824219,108.9800033569336,108.04000091552734,108.86000061035156,8167700
2016-04-01,82.4614028930664,109.19000244140625,109.29000091552734,107.69000244140625,108.0,9043200
2016-04-04,82.00826263427734,108.58999633789062,109.0999984741211,108.26000213623047,108.81999969482422,10668900
2016-04-05,82.2801513671875,108.94999694824219,109.83999633789062,108.01000213623047,108.2300033569336,7939000
2016-04-06,82.63510131835938,109.41999816894531,109.5,107.87999725341797,108.72000122070312,6828700
2016-04-07,82.52181243896484,109.2699966430664,109.62000274658203,108.62999725341797,109.0,7822900
2016-04-08,82.39342498779297,109.0999984741211,109.63999938964844,108.76000213623047,109.37000274658203,6301600
2016-04-11,82.29524230957031,108.97000122070312,109.62000274658203,108.6500015258789,109.1500015258789,6823900
2016-04-12,82.77102661132812,109.5999984741211,110.23999786376953,108.75,109.0,8412300
2016-04-13,82.97496032714844,109.87000274658203,110.3499984741211,109.30999755859375,110.0,5758300
2016-04-14,82.95230102539062,109.83999633789062,110.29000091552734,109.44999694824219,110.0,4457100
2016-04-15,83.20905303955078,110.18000030517578,110.4000015258789,109.5,110.06999969482422,10057900
2016-04-18,83.77546691894531,110.93000030517578,111.0999984741211,109.66999816894531,110.0,7772500
2016-04-19,85.09710693359375,112.68000030517578,113.94999694824219,111.4800033569336,111.6500015258789,10526400
2016-04-20,85.77680206298828,113.58000183105469,114.19000244140625,113.05000305175781,113.19000244140625,8213400
2016-04-21,85.76922607421875,113.56999969482422,113.7300033569336,112.7699966430664,113.30999755859375,7884500
2016-04-22,85.58039855957031,113.31999969482422,113.75,112.83000183105469,113.43000030517578,7508700
2016-04-25,85.72391510009766,113.51000213623047,113.55000305175781,112.4800033569336,113.30999755859375,6139900
2016-04-26,85.27076721191406,112.91000366210938,113.55999755859375,112.6500015258789,113.44999694824219,5853600
2016-04-27,85.1650619506836,112.7699966430664,113.19999694824219,112.45999908447266,112.95999908447266,5759300
2016-04-28,84.946044921875,112.4800033569336,112.70999908447266,111.63999938964844,112.0999984741211,6640000
2016-04-29,84.64396667480469,112.08000183105469,112.22000122070312,111.51000213623047,112.05999755859375,7774500
2016-05-02,85.14994812011719,112.75,112.79000091552734,111.93000030517578,112.22000122070312,5178800
2016-05-03,85.10464477539062,112.69000244140625,113.0999984741211,112.12000274658203,112.55999755859375,7554500
2016-05-04,84.74968719482422,112.22000122070312,112.54000091552734,111.69999694824219,112.04000091552734,5214600
2016-05-05,85.24811553955078,112.87999725341797,113.0999984741211,112.04000091552734,112.08000183105469,5404300
2016-05-06,85.14237976074219,112.73999786376953,113.05000305175781,112.27999877929688,112.58000183105469,6099900
2016-05-09,85.88249206542969,113.72000122070312,113.98999786376953,112.7300033569336,112.9800033569336,6512700
2016-05-10,86.59996795654297,114.66999816894531,115.0,113.91999816894531,114.0,8356400
2016-05-11,86.37339782714844,114.37000274658203,114.76000213623047,114.30999755859375,114.56999969482422,6680700
2016-05-12,86.26764678955078,114.2300033569336,114.76000213623047,113.54000091552734,114.5,7156300
2016-05-13,85.76166534423828,113.55999755859375,114.08999633789062,113.36000061035156,113.9000015258789,6779900
2016-05-16,86.42625427246094,114.44000244140625,114.62999725341797,113.30999755859375,113.38999938964844,6222900
2016-05-17,85.96556091308594,113.83000183105469,114.55999755859375,113.23999786376953,114.54000091552734,9233900
2016-05-18,85.78431701660156,113.58999633789062,114.02999877929688,112.87999725341797,113.61000061035156,8267900
2016-05-19,85.22547149658203,112.8499984741211,113.04000091552734,112.19999694824219,112.98999786376953,8232200
2016-05-20,85.67420959472656,112.63999938964844,112.91999816894531,111.76000213623047,112.19999694824219,7435200
2016-05-23,85.30915069580078,112.16000366210938,112.81999969482422,112.04000091552734,112.7699966430664,6462300
2016-05-24,85.7122573852539,112.69000244140625,113.5,112.5199966430664,112.5199966430664,6125300
2016-05-25,86.21424102783203,113.3499984741211,113.7300033569336,112.8499984741211,113.18000030517578,5453800
2016-05-26,85.87200164794922,112.9000015258789,113.31999969482422,112.8499984741211,113.11000061035156,3973600
2016-05-27,85.99369049072266,113.05999755859375,113.33999633789062,112.69000244140625,113.04000091552734,4647000
2016-05-31,85.7122573852539,112.69000244140625,113.62999725341797,112.31999969482422,113.26000213623047,10104700
2016-06-01,85.78070068359375,112.77999877929688,113.05999755859375,112.06999969482422,112.69000244140625,4748900
2016-06-02,87.08133697509766,114.48999786376953,114.6500015258789,112.86000061035156,112.87000274658203,7310800
2016-06-03,87.28669738769531,114.76000213623047,115.38999938964844,114.12000274658203,114.47000122070312,6881700
2016-06-06,88.0549087524414,115.7699966430664,116.0,114.93000030517578,114.97000122070312,6349400
2016-06-07,88.02450561523438,115.7300033569336,116.2300033569336,115.44999694824219,116.01000213623047,6417400
2016-06-08,88.07772827148438,115.80000305175781,115.94999694824219,115.41000366210938,115.5199966430664,5863800
2016-06-09,88.99043273925781,117.0,117.19000244140625,115.61000061035156,115.77999877929688,7375500
2016-06-10,88.9980697631836,117.01000213623047,117.2300033569336,116.36000061035156,116.73999786376953,6067400
2016-06-13,88.83072662353516,116.79000091552734,117.63999938964844,116.79000091552734,117.12999725341797,7940900
2016-06-14,89.08171844482422,117.12000274658203,117.18000030517578,116.30000305175781,116.44999694824219,6378400
2016-06-15,88.54170227050781,116.41000366210938,117.73999786376953,116.33999633789062,117.63999938964844,6371400
2016-06-16,88.71664428710938,116.63999938964844,116.88999938964844,115.22000122070312,115.69000244140625,6664300
2016-06-17,87.8343505859375,115.4800033569336,116.66999816894531,115.01000213623047,116.62000274658203,10702200
2016-06-20,88.64059448242188,116.54000091552734,117.13999938964844,116.43000030517578,116.5999984741211,5588200
2016-06-21,88.36677551269531,116.18000030517578,117.1500015258789,116.18000030517578,116.98999786376953,5493500
2016-06-22,88.57971954345703,116.45999908447266,117.20999908447266,116.30999755859375,116.54000091552734,5833800
2016-06-23,89.27947235107422,117.37999725341797,117.37999725341797,116.68000030517578,117.19999694824219,6775900
2016-06-24,87.94841766357422,115.62999725341797,117.12000274658203,115.0,115.06999969482422,13939500
2016-06-27,88.648193359375,116.55000305175781,116.63999938964844,115.0,115.0,10877400
2016-06-28,89.9260025024414,118.2300033569336,118.37000274658203,116.55000305175781,117.16999816894531,10089600
2016-06-29,90.76266479492188,119.33000183105469,119.41000366210938,118.0999984741211,118.83999633789062,8341500
2016-06-30,92.26104736328125,121.30000305175781,121.41000366210938,119.16000366210938,119.18000030517578,11559900
2016-07-01,92.2534408569336,121.29000091552734,121.54000091552734,120.79000091552734,121.30000305175781,7051400
2016-07-05,92.99881744384766,122.2699966430664,123.2300033569336,121.33999633789062,121.36000061035156,9334100
2016-07-06,93.28024291992188,122.63999938964844,122.66000366210938,121.54000091552734,121.93000030517578,9332400
2016-07-07,93.18138885498047,122.51000213623047,122.80999755859375,122.01000213623047,122.58999633789062,6058700
2016-07-08,93.43997955322266,122.8499984741211,123.0999984741211,121.95999908447266,123.0,6129900
2016-07-11,93.50081634521484,122.93000030517578,123.44999694824219,122.41000366210938,122.70999908447266,6711600
2016-07-12,93.49320983886719,122.91999816894531,123.19999694824219,122.61000061035156,122.6500015258789,6415900
2016-07-13,93.55408477783203,123.0,123.4000015258789,122.30000305175781,122.68000030517578,5230800
2016-07-14,93.69098663330078,123.18000030517578,123.73999786376953,122.91000366210938,122.9800033569336,5322700
2016-07-15,93.55408477783203,123.0,124.30000305175781,122.70999908447266,123.7699966430664,7192800
2016-07-18,93.66053009033203,123.13999938964844,123.22000122070312,122.44000244140625,123.0,6599200
2016-07-19,95.26545715332031,125.25,125.75,123.33999633789062,124.77999877929688,11325700
2016-07-20,95.18177032470703,125.13999938964844,126.06999969482422,125.04000091552734,125.83999633789062,7334600
2016-07-21,95.18936157226562,125.1500015258789,125.73999786376953,124.88999938964844,125.20999908447266,5492600
2016-07-22,95.09808349609375,125.02999877929688,125.3499984741211,124.6500015258789,125.12000274658203,5839200
2016-07-25,94.99160766601562,124.88999938964844,125.12999725341797,124.13999938964844,125.06999969482422,4880600
2016-07-26,95.18936157226562,125.1500015258789,125.55000305175781,124.75,125.02999877929688,5589900
2016-07-27,94.90032958984375,124.7699966430664,125.2300033569336,124.33999633789062,125.0999984741211,4812600
2016-07-28,94.66455078125,124.45999908447266,125.0,124.41000366210938,124.9800033569336,4320400
2016-07-29,95.25019073486328,125.2300033569336,125.31999969482422,124.33999633789062,124.33999633789062,7020900
2016-08-01,95.3794937133789,125.4000015258789,125.70999908447266,125.0999984741211,125.30999755859375,4615100
2016-08-02,94.96117401123047,124.8499984741211,125.9000015258789,124.4800033569336,125.6500015258789,7158700
2016-08-03,94.2386245727539,123.9000015258789,125.0,123.69000244140625,125.0,5310600
2016-08-04,94.20819091796875,123.86000061035156,124.38999938964844,123.63999938964844,124.23999786376953,4728200
2016-08-05,94.49720764160156,124.23999786376953,124.37999725341797,123.76000213623047,124.37999725341797,5146900
2016-08-08,94.04845428466797,123.6500015258789,124.1500015258789,123.2300033569336,124.0,5232500
2016-08-09,93.88111114501953,123.43000030517578,124.0,123.33000183105469,123.91000366210938,3941500
2016-08-10,93.82786560058594,123.36000061035156,123.77999877929688,123.23999786376953,123.58999633789062,4333500
2016-08-11,94.13973999023438,123.7699966430664,124.13999938964844,123.47000122070312,123.8499984741211,4052000
2016-08-12,93.72139739990234,123.22000122070312,123.7699966430664,122.94999694824219,123.47000122070312,4234800
2016-08-15,93.02925109863281,122.30999755859375,123.2699966430664,122.27999877929688,123.12000274658203,6469500
2016-08-16,91.52326202392578,120.33000183105469,122.31999969482422,120.05999755859375,122.11000061035156,11289100
2016-08-17,92.2686538696289,121.30999755859375,121.33000183105469,119.8499984741211,120.5,10442800
2016-08-18,91.81990814208984,120.72000122070312,121.38999938964844,119.9000015258789,121.16999816894531,8728000
2016-08-19,91.81990051269531,119.91999816894531,119.98999786376953,119.31999969482422,119.91000366210938,7798300
2016-08-22,91.21501159667969,119.12999725341797,119.9000015258789,118.94999694824219,119.9000015258789,6544900
2016-08-23,91.45237731933594,119.44000244140625,119.95999908447266,119.0199966430664,119.66999816894531,5603200
2016-08-24,90.89344024658203,118.70999908447266,119.61000061035156,118.62000274658203,119.4800033569336,6303900
2016-08-25,90.78622436523438,118.56999969482422,119.20999908447266,118.33000183105469,118.86000061035156,5566000
2016-08-26,91.1460952758789,119.04000091552734,119.73999786376953,118.55999755859375,118.83999633789062,6482700
2016-08-29,91.81990051269531,119.91999816894531,120.12999725341797,119.05999755859375,119.30000305175781,5074900
2016-08-30,91.47534942626953,119.47000122070312,120.66999816894531,119.26000213623047,120.66999816894531,3820500
2016-08-31,91.37580871582031,119.33999633789062,119.62000274658203,119.01000213623047,119.54000091552734,5693100
2016-09-01,91.17670440673828,119.08000183105469,119.38999938964844,118.5999984741211,119.19000244140625,4551800
2016-09-02,91.36048126220703,119.31999969482422,119.80999755859375,118.9000015258789,119.36000061035156,5806400
2016-09-06,91.68973541259766,119.75,119.97000122070312,119.36000061035156,119.77999877929688,5280700
2016-09-07,91.58255767822266,119.61000061035156,119.94999694824219,119.44000244140625,119.83999633789062,4753800
2016-09-08,91.47534942626953,119.47000122070312,119.81999969482422,119.13999938964844,119.37000274658203,4833000
2016-09-09,90.52592468261719,118.2300033569336,119.16000366210938,118.18000030517578,119.02999877929688,7957300
2016-09-12,91.23796844482422,119.16000366210938,119.44999694824219,117.37999725341797,117.76000213623047,7239800
2016-09-13,90.05118560791016,117.61000061035156,118.83000183105469,117.48999786376953,118.41999816894531,7957900
2016-09-14,90.24261474609375,117.86000061035156,118.33000183105469,117.45999908447266,117.8499984741211,6124900
2016-09-15,90.83218383789062,118.62999725341797,118.94000244140625,117.31999969482422,117.80999755859375,5812100
2016-09-16,90.5412368774414,118.25,119.13999938964844,118.12000274658203,118.51000213623047,12408800
2016-09-19,90.08946990966797,117.66000366210938,118.66000366210938,117.63999938964844,118.36000061035156,5457600
2016-09-20,90.31153106689453,117.94999694824219,118.23999786376953,117.69000244140625,118.16999816894531,5187700
2016-09-21,91.04656219482422,118.91000366210938,119.0,117.63999938964844,117.94999694824219,6337300
2016-09-22,91.46769714355469,119.45999908447266,119.83999633789062,119.13999938964844,119.25,5340500
2016-09-23,90.9699935913086,118.80999755859375,119.5999984741211,118.70999908447266,119.41000366210938,4773000
2016-09-26,90.18135833740234,117.77999877929688,118.63999938964844,117.55999755859375,118.62999725341797,5998900
2016-09-27,91.28392028808594,119.22000122070312,119.22000122070312,117.72000122070312,118.38999938964844,5349500
2016-09-28,91.41407775878906,119.38999938964844,119.5199966430664,118.80999755859375,119.05000305175781,5076100
2016-09-29,89.79084014892578,117.2699966430664,119.2699966430664,117.04000091552734,118.87999725341797,6190200
2016-09-30,90.44932556152344,118.12999725341797,118.62000274658203,117.38999938964844,117.77999877929688,7941100
2016-10-03,90.9699935913086,118.80999755859375,119.01000213623047,117.43000030517578,118.0,6098600
2016-10-04,90.9776382446289,118.81999969482422,119.4800033569336,118.27999877929688,118.83999633789062,5733900
2016-10-05,91.25331115722656,119.18000030517578,119.44000244140625,118.5999984741211,119.22000122070312,5778700
2016-10-06,90.9240493774414,118.75,118.8499984741211,117.91999816894531,118.5,4448500
2016-10-07,91.29925537109375,119.23999786376953,119.56999969482422,118.69000244140625,119.16999816894531,4799300
2016-10-10,91.72801971435547,119.80000305175781,120.19999694824219,119.3499984741211,119.51000213623047,3657000
2016-10-11,90.07415008544922,117.63999938964844,119.62999725341797,117.05999755859375,119.41000366210938,6394200
2016-10-12,90.32682800292969,117.97000122070312,118.43000030517578,117.5,117.95999908447266,4685200
2016-10-13,90.54885864257812,118.26000213623047,119.19999694824219,117.27999877929688,117.54000091552734,7387400
2016-10-14,90.01289367675781,117.55999755859375,118.80000305175781,117.55999755859375,118.5,5640500
2016-10-17,90.7249984741211,118.48999786376953,118.55000305175781,117.5,117.5,6956400
2016-10-18,88.36670684814453,115.41000366210938,118.4800033569336,115.16000366210938,117.37999725341797,12598300
2016-10-19,87.73884582519531,114.58999633789062,115.88999938964844,114.45999908447266,115.56999969482422,7400900
2016-10-20,87.95323181152344,114.87000274658203,115.69999694824219,114.58999633789062,114.83000183105469,6973000
2016-10-21,86.85831451416016,113.44000244140625,114.23999786376953,112.98999786376953,114.11000061035156,8422000
2016-10-24,86.98848724365234,113.61000061035156,114.19000244140625,113.44000244140625,113.93000030517578,6141900
2016-10-25,87.25647735595703,113.95999908447266,114.16000366210938,113.08999633789062,113.63999938964844,5595000
2016-10-26,87.71586608886719,114.55999755859375,115.22000122070312,113.5999984741211,113.63999938964844,6429200
2016-10-27,88.58873748779297,115.69999694824219,116.55000305175781,114.79000091552734,114.9800033569336,7548700
2016-10-28,88.30543518066406,115.33000183105469,115.91000366210938,114.56999969482422,115.81999969482422,8813300
2016-10-31,88.81078338623047,115.98999786376953,116.2300033569336,114.5,115.27999877929688,8552500
2016-11-01,88.31309509277344,115.33999633789062,115.94000244140625,114.62999725341797,114.76000213623047,7591900
2016-11-02,87.94558715820312,114.86000061035156,115.76000213623047,114.83000183105469,115.5199966430664,6591300
2016-11-03,88.07574462890625,115.02999877929688,115.44000244140625,114.75,114.87999725341797,6227100
2016-11-04,88.13700103759766,115.11000061035156,115.94000244140625,115.04000091552734,115.04000091552734,7160600
2016-11-07,89.32379150390625,116.66000366210938,116.72000122070312,115.83999633789062,115.88999938964844,6398200
2016-11-08,89.62242126464844,117.05000305175781,117.56999969482422,116.47000122070312,116.4800033569336,6675300
2016-11-09,92.11849212646484,120.30999755859375,122.5,118.0999984741211,120.0,16220000
2016-11-10,91.5289306640625,119.54000091552734,121.0999984741211,119.0199966430664,120.7699966430664,11904500
2016-11-11,90.70966339111328,118.47000122070312,119.48999786376953,118.12999725341797,119.48999786376953,8134800
2016-11-14,89.27782440185547,116.5999984741211,118.98999786376953,116.5,118.58000183105469,10054900
2016-11-15,89.0634536743164,116.31999969482422,116.69000244140625,115.81999969482422,116.4000015258789,7446700
2016-11-16,89.0940933227539,116.36000061035156,116.77999877929688,116.08000183105469,116.6500015258789,6594800
2016-11-17,89.2548828125,116.56999969482422,116.68000030517578,116.12000274658203,116.68000030517578,5730300
2016-11-18,88.93877410888672,115.36000061035156,115.91999816894531,114.80999755859375,115.79000091552734,7717800
2016-11-21,88.66124725341797,115.0,115.68000030517578,114.80000305175781,115.44000244140625,5843300
2016-11-22,86.91883087158203,112.73999786376953,115.0,112.2699966430664,114.58999633789062,11649700
2016-11-23,87.17326354980469,113.06999969482422,113.43000030517578,111.55999755859375,112.25,7892600
2016-11-25,87.99048614501953,114.12999725341797,114.2300033569336,113.37999725341797,113.5999984741211,3433300
2016-11-28,87.21951293945312,113.12999725341797,114.12000274658203,113.05000305175781,113.79000091552734,9065700
2016-11-29,86.71839141845703,112.4800033569336,113.41000366210938,112.16999816894531,112.94999694824219,7799600
2016-11-30,85.80865478515625,111.30000305175781,112.5199966430664,111.30000305175781,112.19000244140625,11178500
2016-12-01,85.87034606933594,111.37999725341797,111.54000091552734,111.0,111.36000061035156,8143300
2016-12-02,86.31751251220703,111.95999908447266,112.52999877929688,111.44000244140625,111.72000122070312,6167700
2016-12-05,86.30207061767578,111.94000244140625,112.41999816894531,111.7300033569336,112.4000015258789,5451600
2016-12-06,86.39459228515625,112.05999755859375,113.19999694824219,111.8499984741211,112.23999786376953,6530400
2016-12-07,85.65447235107422,111.0999984741211,111.88999938964844,109.31999969482422,111.88999938964844,11761100
2016-12-08,85.56964111328125,110.98999786376953,111.19999694824219,109.93000030517578,110.54000091552734,7774900
2016-12-09,86.54878234863281,112.26000213623047,112.43000030517578,111.19999694824219,111.41000366210938,7672100
2016-12-12,88.93877410888672,115.36000061035156,115.4000015258789,112.58000183105469,112.69000244140625,9544600
2016-12-13,89.3473892211914,115.88999938964844,115.97000122070312,115.01000213623047,115.52999877929688,7051600
2016-12-14,88.65351867675781,114.98999786376953,117.30000305175781,114.58000183105469,116.12000274658203,9378700
2016-12-15,89.3473892211914,115.88999938964844,115.91999816894531,114.88999938964844,115.33000183105469,6738100
2016-12-16,89.33967590332031,115.87999725341797,116.45999908447266,115.45999908447266,116.41000366210938,11291100
2016-12-19,89.44758605957031,116.0199966430664,116.66000366210938,115.94000244140625,116.06999969482422,6310800
2016-12-20,89.17008972167969,115.66000366210938,116.25,114.91000366210938,115.9800033569336,5715200
2016-12-21,88.90025329589844,115.30999755859375,116.19999694824219,114.73999786376953,116.19999694824219,5907600
2016-12-22,89.00045776367188,115.44000244140625,115.52999877929688,113.87999725341797,115.0,4602300
2016-12-23,89.40135192871094,115.95999908447266,116.31999969482422,115.30000305175781,115.4000015258789,2992500
2016-12-27,89.36282348632812,115.91000366210938,116.0,115.37999725341797,115.88999938964844,3232600
2016-12-28,88.73831176757812,115.0999984741211,116.16000366210938,115.05000305175781,115.87999725341797,3278300
2016-12-29,89.03902435302734,115.48999786376953,115.87000274658203,115.01000213623047,115.2300033569336,2993600
2016-12-30,88.82315826416016,115.20999908447266,115.98999786376953,114.9800033569336,115.80000305175781,5506700
2017-01-03,89.30884552001953,115.83999633789062,116.0,115.2300033569336,115.77999877929688,5953000
2017-01-04,89.16234588623047,115.6500015258789,116.2300033569336,115.30999755859375,115.5,5828900
2017-01-05,90.0952377319336,116.86000061035156,116.97000122070312,115.44000244140625,116.0,6217200
2017-01-06,89.66349029541016,116.30000305175781,117.0,115.76000213623047,116.66999816894531,5221400
2017-01-09,89.64805603027344,116.27999877929688,116.61000061035156,115.88999938964844,116.3499984741211,5457500
2017-01-10,89.5555648803711,116.16000366210938,117.0,115.87000274658203,116.02999877929688,5312800
2017-01-11,88.45311737060547,114.7300033569336,116.25,114.0199966430664,116.08000183105469,8887200
2017-01-12,88.36827087402344,114.62000274658203,114.7300033569336,113.37000274658203,114.2699966430664,6627300
2017-01-13,88.35285186767578,114.5999984741211,115.0199966430664,114.44000244140625,114.94000244140625,4935200
2017-01-17,88.56102752685547,114.87000274658203,115.05000305175781,113.66999816894531,113.94000244140625,6255400
2017-01-18,88.4299545288086,114.69999694824219,115.0999984741211,114.41000366210938,114.87000274658203,5014600
2017-01-19,88.04444122314453,114.19999694824219,114.9000015258789,113.91999816894531,114.68000030517578,5540800
2017-01-20,88.00592803955078,114.1500015258789,115.02999877929688,114.08000183105469,114.48999786376953,7502400
2017-01-23,87.82087707519531,113.91000366210938,114.7699966430664,113.80000305175781,114.51000213623047,7989800
2017-01-24,86.16333770751953,111.76000213623047,113.30000305175781,111.1500015258789,112.91000366210938,12450300
2017-01-25,86.96510314941406,112.80000305175781,112.80000305175781,110.76000213623047,111.93000030517578,9385500
2017-01-26,86.2249755859375,111.83999633789062,112.83999633789062,111.5999984741211,112.0,10164300
2017-01-27,87.41226196289062,113.37999725341797,113.54000091552734,111.9000015258789,112.0,8886100
2017-01-30,87.21951293945312,113.12999725341797,113.5999984741211,112.8499984741211,113.4000015258789,6969400
2017-01-31,87.31205749511719,113.25,113.4000015258789,112.43000030517578,112.79000091552734,8713400
2017-02-01,87.296630859375,113.2300033569336,113.31999969482422,112.47000122070312,112.4800033569336,7082300
2017-02-02,87.55876922607422,113.56999969482422,113.62000274658203,112.7699966430664,112.81999969482422,7826300
2017-02-03,87.61270141601562,113.63999938964844,113.66000366210938,112.66000366210938,113.5,7267600
2017-02-06,87.42769622802734,113.4000015258789,113.58999633789062,112.62000274658203,113.45999908447266,6178400
2017-02-07,87.48937225341797,113.4800033569336,113.62000274658203,113.05000305175781,113.5999984741211,5507900
2017-02-08,87.42769622802734,113.4000015258789,113.69000244140625,113.1500015258789,113.30000305175781,5272000
2017-02-09,87.95195007324219,114.08000183105469,114.6500015258789,113.4000015258789,113.4000015258789,5854600
2017-02-10,88.84628295898438,115.23999786376953,115.98999786376953,114.2300033569336,114.31999969482422,6438500
2017-02-13,89.33967590332031,115.87999725341797,116.12000274658203,115.22000122070312,115.27999877929688,5710800
2017-02-14,89.70976257324219,116.36000061035156,116.4000015258789,115.31999969482422,115.44000244140625,5539100
2017-02-15,90.35735321044922,117.19999694824219,117.45999908447266,115.58999633789062,115.9000015258789,5979700
2017-02-16,91.03582000732422,118.08000183105469,118.27999877929688,117.0,117.0,7119300
2017-02-17,91.63717651367188,118.86000061035156,118.9000015258789,118.05000305175781,118.19000244140625,8691400
2017-02-21,92.25393676757812,119.66000366210938,119.88999938964844,118.31999969482422,118.4000015258789,8595100
2017-02-22,92.14600372314453,119.5199966430664,119.7699966430664,119.25,119.27999877929688,5103900
2017-02-23,93.82671356201172,121.69999694824219,121.9000015258789,119.4800033569336,119.5199966430664,9980900
2017-02-24,95.24691009521484,122.7300033569336,122.73999786376953,120.9000015258789,121.5,10835000
2017-02-27,94.99083709716797,122.4000015258789,122.87999725341797,122.0999984741211,122.12999725341797,5946200
2017-02-28,94.84337615966797,122.20999908447266,122.6500015258789,121.94000244140625,122.01000213623047,8885500
2017-03-01,96.12389373779297,123.86000061035156,124.44999694824219,122.41999816894531,122.48999786376953,9393900
2017-03-02,95.94535827636719,123.62999725341797,124.36000061035156,123.0199966430664,123.75,6950200
2017-03-03,96.06956481933594,123.79000091552734,123.93000030517578,123.2300033569336,123.62999725341797,5585200
2017-03-06,96.00748443603516,123.70999908447266,124.43000030517578,122.5999984741211,123.01000213623047,6670700
2017-03-07,96.1006088256836,123.83000183105469,124.45999908447266,122.38999938964844,122.58000183105469,6644000
2017-03-08,96.31015014648438,124.0999984741211,124.68000030517578,123.5,123.75,7909900
2017-03-09,97.74586486816406,125.94999694824219,126.20999908447266,124.16999816894531,124.58000183105469,8571100
2017-03-10,97.94762420654297,126.20999908447266,126.48999786376953,125.54000091552734,126.04000091552734,7395400
2017-03-13,98.3124008178711,126.68000030517578,126.94999694824219,125.79000091552734,125.83000183105469,7162500
2017-03-14,98.59954833984375,127.05000305175781,127.75,126.7699966430664,126.86000061035156,7679700
2017-03-15,100.08184814453125,128.9600067138672,129.0,126.5999984741211,127.05000305175781,8360600
2017-03-16,99.69378662109375,128.4600067138672,128.6999969482422,127.7699966430664,128.44000244140625,7610700
2017-03-17,99.38336944580078,128.05999755859375,128.94000244140625,127.94999694824219,128.4499969482422,13300800
2017-03-20,99.39112854003906,128.07000732421875,128.4199981689453,127.97000122070312,128.0399932861328,5827500
2017-03-21,98.75474548339844,127.25,128.4499969482422,127.13999938964844,128.3800048828125,7578600
2017-03-22,97.9864501953125,126.26000213623047,127.6500015258789,126.20999908447266,127.05000305175781,10272700
2017-03-23,97.70706176757812,125.9000015258789,127.0,125.66000366210938,126.0999984741211,8508100
2017-03-24,97.3811264038086,125.4800033569336,126.36000061035156,125.12999725341797,125.86000061035156,6490300
2017-03-27,97.62945556640625,125.80000305175781,126.13999938964844,125.1500015258789,125.16000366210938,5004300
2017-03-28,97.52080535888672,125.66000366210938,125.77999877929688,124.77999877929688,125.62000274658203,5287600
2017-03-29,96.94651794433594,124.91999816894531,125.33000183105469,124.36000061035156,125.05000305175781,3971800
2017-03-30,96.74474334716797,124.66000366210938,125.43000030517578,124.27999877929688,124.73999786376953,4711700
2017-03-31,96.65937805175781,124.55000305175781,124.83000183105469,124.02999877929688,124.11000061035156,5657600
2017-04-03,96.76801300048828,124.69000244140625,125.30999755859375,124.27999877929688,124.7300033569336,4956400
2017-04-04,96.76025390625,124.68000030517578,124.7699966430664,124.22000122070312,124.51000213623047,5358500
2017-04-05,96.85340118408203,124.80000305175781,125.5999984741211,124.41000366210938,124.72000122070312,5646300
2017-04-06,97.04740905761719,125.05000305175781,125.45999908447266,124.5,124.8499984741211,4324200
2017-04-07,96.94651794433594,124.91999816894531,125.47000122070312,124.83000183105469,125.12000274658203,3615100
2017-04-10,96.49637603759766,124.33999633789062,124.94999694824219,124.2300033569336,124.87000274658203,4594200
2017-04-11,96.40327453613281,124.22000122070312,124.79000091552734,123.94999694824219,124.26000213623047,4161500
2017-04-12,97.31904602050781,125.4000015258789,125.45999908447266,124.36000061035156,124.54000091552734,5556600
2017-04-13,97.0008316040039,124.98999786376953,125.6500015258789,124.95999908447266,125.12999725341797,5396500
2017-04-17,97.5673828125,125.72000122070312,125.80999755859375,124.93000030517578,125.0199966430664,5367500
2017-04-18,94.54071044921875,121.81999969482422,123.37000274658203,120.94999694824219,123.18000030517578,13485700
2017-04-19,94.19145965576172,121.37000274658203,122.27999877929688,121.11000061035156,122.0999984741211,6993100
2017-04-20,94.57949829101562,121.87000274658203,122.1500015258789,121.3499984741211,121.86000061035156,6330100
2017-04-21,94.49413299560547,121.76000213623047,122.04000091552734,121.54000091552734,121.77999877929688,6021700
2017-04-24,95.37108612060547,122.88999938964844,123.20999908447266,122.1500015258789,122.5199966430664,5679000
2017-04-25,95.79016876220703,123.43000030517578,123.75,123.01000213623047,123.33999633789062,5090000
2017-04-26,95.85223388671875,123.51000213623047,124.26000213623047,123.4800033569336,123.79000091552734,5021800
2017-04-27,96.03076171875,123.73999786376953,124.30999755859375,123.4000015258789,123.58000183105469,4225200
2017-04-28,95.82121276855469,123.47000122070312,123.9000015258789,123.12999725341797,123.8499984741211,4381800
2017-05-01,95.72032928466797,123.33999633789062,123.77999877929688,123.0,123.4000015258789,4556400
2017-05-02,95.99967956542969,123.69999694824219,123.73999786376953,122.88999938964844,123.5199966430664,4881600
2017-05-03,95.71257019042969,123.33000183105469,123.69999694824219,123.04000091552734,123.58999633789062,3736500
2017-05-04,96.1937255859375,123.94999694824219,123.94999694824219,123.2300033569336,123.69000244140625,3753700
2017-05-05,95.85223388671875,123.51000213623047,123.80000305175781,122.86000061035156,123.80000305175781,4139800
2017-05-08,95.65047454833984,123.25,123.80000305175781,123.0199966430664,123.52999877929688,3608600
2017-05-09,95.61943054199219,123.20999908447266,123.47000122070312,122.87999725341797,123.2300033569336,3762500
2017-05-10,95.30900573730469,122.80999755859375,123.05999755859375,122.37999725341797,122.91000366210938,4237400
2017-05-11,95.6116714477539,123.19999694824219,123.20999908447266,122.33999633789062,122.5,4095900
2017-05-12,95.95314025878906,123.63999938964844,124.0999984741211,123.01000213623047,123.11000061035156,4097100
2017-05-15,98.552978515625,126.98999786376953,127.36000061035156,124.33000183105469,124.41000366210938,9854600
2017-05-16,99.15829467773438,127.7699966430664,128.3699951171875,127.05999755859375,127.33999633789062,7233800
2017-05-17,98.30462646484375,126.66999816894531,127.88999938964844,126.44999694824219,127.7699966430664,6480800
2017-05-18,98.53746032714844,126.97000122070312,127.87000274658203,125.95999908447266,126.45999908447266,6571300
2017-05-19,98.56073760986328,127.0,127.38999938964844,126.44000244140625,127.02999877929688,6957200
2017-05-22,98.76251220703125,127.26000213623047,127.6500015258789,126.62999725341797,126.62999725341797,4858200
2017-05-23,98.96427917480469,127.5199966430664,128.14999389648438,127.30999755859375,127.30999755859375,3972500
2017-05-24,98.9565200805664,127.51000213623047,128.0,127.29000091552734,127.79000091552734,3965200
2017-05-25,99.62838745117188,127.52999877929688,127.62000274658203,126.33000183105469,126.73999786376953,5294300
2017-05-26,99.15184020996094,126.91999816894531,127.66999816894531,126.83000183105469,127.2300033569336,4005200
2017-05-30,99.3002700805664,127.11000061035156,127.38999938964844,126.19000244140625,126.69999694824219,3665400
2017-05-31,100.19084930419922,128.25,128.8000030517578,127.3499984741211,127.3499984741211,8813500
2017-06-01,100.60489654541016,128.77999877929688,128.77999877929688,128.1199951171875,128.32000732421875,5790900
2017-06-02,101.6204833984375,130.0800018310547,130.13999938964844,128.8300018310547,129.0500030517578,6562600
2017-06-05,101.8392105102539,130.36000061035156,130.52000427246094,129.8000030517578,129.97000122070312,4634700
2017-06-06,102.20638275146484,130.8300018310547,131.3300018310547,130.02999877929688,130.17999267578125,5619100
2017-06-07,102.14391326904297,130.75,131.47999572753906,130.5800018310547,131.0,5765200
2017-06-08,101.98764038085938,130.5500030517578,131.39999389648438,129.9600067138672,130.75,8101700
2017-06-09,102.75324249267578,131.52999877929688,131.6999969482422,130.30999755859375,130.3699951171875,5992500
2017-06-12,102.97981262207031,131.82000732421875,131.8300018310547,131.4199981689453,131.52999877929688,8020700
2017-06-13,103.13603973388672,132.02000427246094,132.72999572753906,131.39999389648438,131.75,5733800
2017-06-14,103.72193908691406,132.77000427246094,133.55999755859375,132.50999450683594,132.50999450683594,7329400
2017-06-15,103.9328842163086,133.0399932861328,133.35000610351562,131.80999755859375,132.0,5265000
2017-06-16,104.95629119873047,134.35000610351562,134.60000610351562,133.0399932861328,133.72000122070312,12639600
2017-06-19,104.73753356933594,134.07000732421875,134.67999267578125,133.49000549316406,134.14999389648438,7488700
2017-06-20,104.85472869873047,134.22000122070312,134.75999450683594,133.89999389648438,133.89999389648438,5201200
2017-06-21,105.39374542236328,134.91000366210938,135.11000061035156,134.02000427246094,134.2899932861328,5841100
2017-06-22,106.2843017578125,136.0500030517578,137.0,135.27000427246094,135.4499969482422,7311000
2017-06-23,106.5811767578125,136.42999267578125,136.50999450683594,135.32000732421875,135.4499969482422,9007100
2017-06-26,106.51087951660156,136.33999633789062,136.89999389648438,136.1999969482422,136.47999572753906,5561800
2017-06-27,105.47187042236328,135.00999450683594,136.72999572753906,134.99000549316406,136.5,6120500
2017-06-28,104.54220581054688,133.82000732421875,136.1999969482422,133.57000732421875,135.9499969482422,6557900
2017-06-29,103.62037658691406,132.63999938964844,133.72999572753906,132.30999755859375,133.39999389648438,5750000
2017-06-30,103.3469467163086,132.2899932861328,133.1999969482422,132.27999877929688,132.6999969482422,5264400
2017-07-03,103.82349395751953,132.89999389648438,133.32000732421875,132.64999389648438,132.7899932861328,2931000
2017-07-05,104.40159606933594,133.63999938964844,134.05999755859375,132.4199981689453,132.97999572753906,4302700
2017-07-06,103.52664184570312,132.52000427246094,133.97000122070312,132.41000366210938,133.61000061035156,4282200
2017-07-07,103.5422592163086,132.5399932861328,133.0,131.69000244140625,132.91000366210938,4994100
2017-07-10,102.76884460449219,131.5500030517578,132.8699951171875,131.22999572753906,132.74000549316406,4019600
2017-07-11,102.51885986328125,131.22999572753906,131.7899932861328,130.47999572753906,131.42999267578125,3733100
2017-07-12,103.30009460449219,132.22999572753906,132.88999938964844,131.77000427246094,132.0399932861328,5053200
2017-07-13,103.01102447509766,131.86000061035156,132.22000122070312,130.99000549316406,132.10000610351562,4424400
2017-07-14,103.58916473388672,132.60000610351562,133.0,131.74000549316406,132.0,4383100
2017-07-17,103.2375717163086,132.14999389648438,132.92999267578125,131.75,132.7100067138672,4939400
2017-07-18,105.04222106933594,134.4600067138672,134.9499969482422,131.0800018310547,131.6199951171875,10256000
2017-07-19,105.62813568115234,135.2100067138672,135.41000366210938,134.52000427246094,134.83999633789062,5503300
2017-07-20,106.69055938720703,136.57000732421875,137.0800018310547,135.6199951171875,135.72999572753906,6088600
2017-07-21,105.70622253417969,135.30999755859375,136.27000427246094,135.10000610351562,135.3300018310547,6773500
2017-07-24,103.90943145751953,133.00999450683594,135.16000366210938,132.85000610351562,134.99000549316406,8306700
2017-07-25,103.02665710449219,131.8800048828125,133.85000610351562,131.4499969482422,133.74000549316406,6262900
2017-07-26,102.30012512207031,130.9499969482422,132.24000549316406,130.75,131.66000366210938,5382200
2017-07-27,102.20638275146484,130.8300018310547,131.14999389648438,129.57000732421875,130.85000610351562,5838100
2017-07-28,103.00324249267578,131.85000610351562,131.99000549316406,130.52000427246094,131.13999938964844,4970900
2017-07-31,103.68289947509766,132.72000122070312,133.5800018310547,132.10000610351562,132.13999938964844,5440800
2017-08-01,103.5188217163086,132.50999450683594,133.35000610351562,132.27999877929688,133.1699981689453,3837600
2017-08-02,103.24542999267578,132.16000366210938,132.5,131.5,132.0800018310547,4032100
2017-08-03,104.17505645751953,133.35000610351562,133.39999389648438,131.50999450683594,131.91000366210938,4327300
2017-08-04,104.04226684570312,133.17999267578125,134.00999450683594,132.8000030517578,133.74000549316406,3192800
2017-08-07,103.79226684570312,132.86000061035156,133.47999572753906,132.50999450683594,133.08999633789062,3010800
2017-08-08,103.33134460449219,132.27000427246094,132.8000030517578,131.39999389648438,132.5,5535800
2017-08-09,104.08130645751953,133.22999572753906,133.41000366210938,132.3699951171875,132.80999755859375,6332300
2017-08-10,103.97190856933594,133.08999633789062,133.85000610351562,132.3699951171875,133.0399932861328,5607900
2017-08-11,103.97975158691406,133.10000610351562,134.49000549316406,132.75,133.63999938964844,4270600
2017-08-14,104.27660369873047,133.47999572753906,134.3699951171875,132.8699951171875,134.1999969482422,3041100
2017-08-15,104.198486328125,133.3800048828125,133.94000244140625,133.1999969482422,133.85000610351562,3931800
2017-08-16,104.81562805175781,134.1699981689453,134.97000122070312,133.86000061035156,134.0800018310547,4469900
2017-08-17,103.9328842163086,133.0399932861328,134.74000549316406,133.02999877929688,134.17999267578125,5741400
2017-08-18,103.6125717163086,132.6300048828125,133.77999877929688,132.3800048828125,132.6699981689453,4792800
2017-08-21,104.25316619873047,133.4499969482422,133.64999389648438,132.19000244140625,132.27999877929688,4660000
2017-08-22,105.22970581054688,134.6999969482422,134.7899932861328,132.89999389648438,133.27000427246094,4150300
2017-08-23,103.74539947509766,132.8000030517578,134.49000549316406,132.64999389648438,134.42999267578125,5129900
2017-08-24,103.8156967163086,132.88999938964844,133.0800018310547,132.27000427246094,132.82000732421875,5398400
2017-08-25,103.52481079101562,131.67999267578125,132.55999755859375,131.6199951171875,131.91000366210938,4133300
2017-08-28,103.57197570800781,131.74000549316406,132.1199951171875,131.49000549316406,131.67999267578125,5349200
2017-08-29,103.94146728515625,132.2100067138672,132.4499969482422,131.3000030517578,131.57000732421875,3277900
2017-08-30,103.04523468017578,131.07000732421875,132.0,130.89999389648438,132.0,5430800
2017-08-31,104.0672836303711,132.3699951171875,132.5,131.25,131.38999938964844,7407100
2017-09-01,103.01378631591797,131.02999877929688,132.64999389648438,130.94000244140625,132.60000610351562,3820800
2017-09-05,102.12537384033203,129.89999389648438,131.17999267578125,129.72000122070312,130.72000122070312,5146600
2017-09-06,102.73077392578125,130.6699981689453,131.0,130.2100067138672,130.5399932861328,5601900
2017-09-07,103.92578125,132.19000244140625,132.52000427246094,130.25,130.86000061035156,3800200
2017-09-08,102.97450256347656,130.97999572753906,132.33999633789062,130.8699951171875,132.0,4854400
2017-09-11,104.72767639160156,133.2100067138672,133.33999633789062,131.02000427246094,131.3699951171875,5724200
2017-09-12,104.27169036865234,132.6300048828125,133.8800048828125,131.92999267578125,133.8300018310547,5465200
2017-09-13,104.13018035888672,132.4499969482422,133.75,131.85000610351562,132.6699981689453,4679500
2017-09-14,105.49026489257812,134.17999267578125,134.47000122070312,131.99000549316406,132.13999938964844,6274500
2017-09-15,105.7025375366211,134.4499969482422,135.4499969482422,134.17999267578125,134.7899932861328,15522000
2017-09-18,106.43370056152344,135.3800048828125,135.77000427246094,134.11000061035156,134.44000244140625,5260800
2017-09-19,106.30791473388672,135.22000122070312,135.7899932861328,134.35000610351562,135.02000427246094,4903800
2017-09-20,104.73552703857422,133.22000122070312,134.2899932861328,132.33999633789062,133.25,8705500
2017-09-21,103.579833984375,131.75,133.82000732421875,131.3800048828125,133.30999755859375,6051800
2017-09-22,103.29682159423828,131.38999938964844,132.38999938964844,131.27000427246094,131.99000549316406,4334900
2017-09-25,103.12387084960938,131.1699981689453,131.75999450683594,130.8300018310547,131.47000122070312,6017400
2017-09-26,102.9430160522461,130.94000244140625,131.94000244140625,130.82000732421875,131.5,4516200
2017-09-27,102.00747680664062,129.75,131.08999633789062,129.42999267578125,131.0,5796100
2017-09-28,101.78734588623047,129.47000122070312,130.27000427246094,129.2899932861328,129.91000366210938,3992700
2017-09-29,102.2118911743164,130.00999450683594,130.47000122070312,129.0500030517578,129.5800018310547,5736900
2017-10-02,103.16316223144531,131.22000122070312,131.3300018310547,130.02000427246094,130.16000366210938,4492900
2017-10-03,103.8550033569336,132.10000610351562,132.39999389648438,131.36000061035156,131.64999389648438,3900800
2017-10-04,104.47608184814453,132.88999938964844,133.17999267578125,132.10000610351562,132.39999389648438,3589000
2017-10-05,104.7119369506836,133.19000244140625,133.30999755859375,132.36000061035156,132.88999938964844,3741100
2017-10-06,104.73552703857422,133.22000122070312,133.25,132.47999572753906,133.0,2469500
2017-10-09,104.91635131835938,133.4499969482422,133.82000732421875,133.1699981689453,133.66000366210938,3750500
2017-10-10,105.27013397216797,133.89999389648438,134.1300048828125,132.9199981689453,133.55999755859375,4184600
2017-10-11,107.43214416503906,136.64999389648438,137.0800018310547,134.3699951171875,134.8800048828125,8269400
2017-10-12,107.57363891601562,136.8300018310547,137.52000427246094,136.02000427246094,136.33999633789062,5172800
2017-10-13,107.25919342041016,136.42999267578125,137.4199981689453,136.33999633789062,136.60000610351562,4106600
2017-10-16,107.01544189453125,136.1199951171875,137.25999450683594,135.5399932861328,136.4499969482422,5120100
2017-10-17,110.68694305419922,140.7899932861328,141.1199951171875,137.05999755859375,137.6699981689453,11717300
2017-10-18,110.6004409790039,140.67999267578125,141.5800018310547,140.07000732421875,140.7899932861328,6827700
2017-10-19,111.66967010498047,142.0399932861328,142.97999572753906,140.5399932861328,140.7100067138672,9181300
2017-10-20,111.95269775390625,142.39999389648438,143.6199951171875,141.8300018310547,142.3800048828125,5634500
2017-10-23,112.91183471679688,143.6199951171875,144.35000610351562,142.0800018310547,142.1300048828125,6686000
2017-10-24,111.3552017211914,141.63999938964844,143.3800048828125,140.92999267578125,143.3800048828125,6585800
2017-10-25,111.92130279541016,142.36000061035156,143.22999572753906,140.9600067138672,141.16000366210938,6563600
2017-10-26,111.48886108398438,141.80999755859375,143.75,141.3800048828125,142.50999450683594,5841100
2017-10-27,111.46527862548828,141.77999877929688,142.6999969482422,140.1999969482422,141.0,5140100
2017-10-30,110.06587982177734,140.0,141.2100067138672,139.32000732421875,141.0800018310547,6034300
2017-10-31,109.60202026367188,139.41000366210938,140.25999450683594,138.97999572753906,140.02000427246094,4832100
2017-11-01,110.05013275146484,139.97999572753906,140.58999633789062,139.33999633789062,139.8300018310547,5006800
2017-11-02,110.01083374023438,139.92999267578125,140.2899932861328,139.11000061035156,140.11000061035156,3494100
2017-11-03,110.12874603271484,140.0800018310547,140.39999389648438,139.3000030517578,139.72999572753906,2737000
2017-11-06,109.87712860107422,139.75999450683594,140.49000549316406,139.72000122070312,140.00999450683594,4220700
2017-11-07,109.88506317138672,139.77000427246094,140.14999389648438,138.91000366210938,140.0800018310547,4201900
2017-11-08,111.1036148071289,141.32000732421875,141.8699951171875,139.4600067138672,139.6999969482422,4440700
2017-11-09,110.34103393554688,140.35000610351562,141.41000366210938,139.8000030517578,140.86000061035156,3517100
2017-11-10,109.71992492675781,139.55999755859375,140.1300048828125,138.61000061035156,140.1300048828125,4240800
2017-11-13,109.87712860107422,139.75999450683594,140.02000427246094,138.4199981689453,139.00999450683594,4322300
2017-11-14,109.6648941040039,139.49000549316406,140.27999877929688,138.9199981689453,139.57000732421875,4078200
2017-11-15,109.3582763671875,139.10000610351562,139.8300018310547,138.75,139.22999572753906,4811500
2017-11-16,109.1774673461914,138.8699951171875,139.67999267578125,138.63999938964844,139.4199981689453,4193800
2017-11-17,108.49346923828125,138.0,138.86000061035156,137.88999938964844,138.3000030517578,4247400
2017-11-20,108.43844604492188,137.92999267578125,138.55999755859375,137.74000549316406,138.14999389648438,4266300
2017-11-21,108.76078796386719,138.33999633789062,139.25999450683594,138.19000244140625,138.4499969482422,5660600
2017-11-22,107.93531036376953,137.2899932861328,138.3800048828125,136.60000610351562,138.3000030517578,3917000
2017-11-24,108.5013656616211,138.00999450683594,138.3800048828125,137.30999755859375,137.5,2606800
2017-11-27,109.23696899414062,138.10000610351562,138.30999755859375,137.47999572753906,137.50999450683594,3933100
2017-11-28,110.75569915771484,140.02000427246094,140.52999877929688,138.25,138.3000030517578,5052800
2017-11-29,110.58959197998047,139.80999755859375,140.6300048828125,138.9499969482422,140.22000122070312,5851400
2017-11-30,110.20993041992188,139.3300018310547,140.27999877929688,138.47999572753906,140.05999755859375,8941900
2017-12-01,110.72406005859375,139.97999572753906,140.52999877929688,138.60000610351562,139.57000732421875,5990500
2017-12-04,109.95679473876953,139.00999450683594,141.5,138.92999267578125,140.6199951171875,5916700
2017-12-05,110.47885131835938,139.6699981689453,140.80999755859375,139.1999969482422,139.7899932861328,6745300
2017-12-06,111.57833099365234,141.05999755859375,141.9600067138672,140.19000244140625,140.83999633789062,5591700
2017-12-07,110.74778747558594,140.00999450683594,141.5,139.25999450683594,140.00999450683594,4713100
2017-12-08,111.2065658569336,140.58999633789062,140.75999450683594,139.8000030517578,140.0,5101300
2017-12-11,111.6416244506836,141.13999938964844,141.1699981689453,139.8300018310547,140.89999389648438,4358600
2017-12-12,112.79649353027344,142.60000610351562,143.57000732421875,142.0399932861328,142.60000610351562,8016700
2017-12-13,113.0259017944336,142.88999938964844,143.42999267578125,142.2100067138672,142.5,6118400
2017-12-14,112.04502868652344,141.64999389648438,143.6199951171875,141.61000061035156,143.52000427246094,5337900
2017-12-15,112.68574523925781,142.4600067138672,143.13999938964844,141.77999877929688,142.47999572753906,12517000
2017-12-18,112.16370391845703,141.8000030517578,143.8000030517578,141.39999389648438,142.55999755859375,5833200
2017-12-19,112.14787292480469,141.77999877929688,142.3800048828125,141.36000061035156,141.88999938964844,6580100
2017-12-20,111.657470703125,141.16000366210938,142.5800018310547,141.0800018310547,142.25999450683594,6289800
2017-12-21,111.57833099365234,141.05999755859375,142.1699981689453,141.02000427246094,141.58999633789062,6284700
2017-12-22,110.83480072021484,140.1199951171875,141.35000610351562,140.0399932861328,141.0,4665600
2017-12-26,110.81108093261719,140.08999633789062,140.5399932861328,139.67999267578125,140.4600067138672,3271100
2017-12-27,111.19074249267578,140.57000732421875,141.14999389648438,140.1999969482422,140.4199981689453,3753600
2017-12-28,111.18285369873047,140.55999755859375,141.0,140.3300018310547,140.6999969482422,2485000
2017-12-29,110.51839447021484,139.72000122070312,141.2100067138672,139.5800018310547,140.97999572753906,4452900
2018-01-02,110.13080596923828,139.22999572753906,139.9499969482422,138.72000122070312,139.66000366210938,6842100
2018-01-03,111.18285369873047,140.55999755859375,140.67999267578125,138.89999389648438,139.36000061035156,5350500
2018-01-04,111.17489624023438,140.5500030517578,141.13999938964844,140.22000122070312,140.4499969482422,4837600
2018-01-05,112.09248352050781,141.7100067138672,141.82000732421875,140.27999877929688,140.69000244140625,6158800
2018-01-08,112.2348861694336,141.88999938964844,142.0,140.9199981689453,141.6999969482422,5129800
2018-01-09,114.0146255493164,144.13999938964844,145.67999267578125,142.25999450683594,142.3699951171875,8897000
2018-01-10,113.88015747070312,143.97000122070312,144.16000366210938,143.32000732421875,143.5500030517578,6558600
2018-01-11,114.5287857055664,144.7899932861328,144.89999389648438,143.69000244140625,144.1300048828125,4962200
2018-01-12,115.2960205078125,145.75999450683594,146.4199981689453,144.89999389648438,144.99000549316406,5450600
2018-01-16,116.1661376953125,146.86000061035156,148.05999755859375,146.02999877929688,146.4199981689453,8804000
2018-01-17,116.26105499267578,146.97999572753906,148.32000732421875,145.47999572753906,147.83999633789062,10619700
2018-01-18,116.21360778808594,146.9199981689453,147.44000244140625,145.97000122070312,146.92999267578125,5554800
2018-01-19,116.56161499023438,147.36000061035156,147.64999389648438,146.4199981689453,147.4600067138672,8738800
2018-01-22,117.1785888671875,148.13999938964844,148.13999938964844,146.72000122070312,147.00999450683594,7010400
2018-01-23,112.1874008178711,141.8300018310547,147.44000244140625,141.6199951171875,146.9600067138672,17473600
2018-01-24,112.37730407714844,142.07000732421875,143.55999755859375,141.8000030517578,143.5,13034400
2018-01-25,114.22027587890625,144.39999389648438,144.66000366210938,142.2100067138672,142.30999755859375,7938800
2018-01-26,114.95590209960938,145.3300018310547,145.60000610351562,144.1300048828125,144.5,8065600
2018-01-29,113.65071105957031,143.67999267578125,144.94000244140625,143.52999877929688,144.85000610351562,8013400
2018-01-30,112.66197967529297,142.42999267578125,143.82000732421875,142.42999267578125,143.39999389648438,8376100
2018-01-31,109.30815124511719,138.19000244140625,142.57000732421875,138.10000610351562,142.57000732421875,13137400
2018-02-01,110.75569915771484,140.02000427246094,140.6699981689453,137.0,137.52999877929688,9393600
2018-02-02,108.90476989746094,137.67999267578125,140.36000061035156,137.3800048828125,139.02000427246094,9262500
2018-02-05,103.13837432861328,130.38999938964844,137.0,122.1500015258789,136.5800018310547,19954100
2018-02-06,104.27741241455078,131.8300018310547,132.99000549316406,128.0,130.00999450683594,19193500
2018-02-07,103.95310974121094,131.4199981689453,133.42999267578125,131.35000610351562,131.88999938964844,10550400
2018-02-08,99.9506607055664,126.36000061035156,131.25,126.11000061035156,130.91000366210938,11680200
2018-02-09,102.45812225341797,129.52999877929688,130.9199981689453,125.44000244140625,127.5199966430664,15030900
2018-02-12,103.04346466064453,130.27000427246094,131.32000732421875,127.68000030517578,130.0,9963900
2018-02-13,102.79827117919922,129.9600067138672,130.60000610351562,128.6999969482422,129.2100067138672,6339000
2018-02-14,102.56887817382812,129.6699981689453,130.00999450683594,128.38999938964844,129.44000244140625,6259700
2018-02-15,103.80281829833984,131.22999572753906,131.27999877929688,129.39999389648438,130.10000610351562,5606400
2018-02-16,105.321533203125,133.14999389648438,134.4499969482422,130.83999633789062,130.9600067138672,7970100
2018-02-20,103.51808166503906,130.8699951171875,133.4499969482422,130.66000366210938,132.8699951171875,6563500
2018-02-21,102.75870513916016,129.91000366210938,132.42999267578125,129.86000061035156,130.8000030517578,6578000
2018-02-22,102.75870513916016,129.91000366210938,131.02000427246094,129.47999572753906,130.10000610351562,5732200
2018-02-23,104.42771911621094,132.02000427246094,132.0800018310547,130.02000427246094,130.08999633789062,5126800
2018-02-26,105.13619995117188,132.07000732421875,133.41000366210938,131.0,131.7100067138672,6684400
2018-02-27,104.81778717041016,131.6699981689453,133.08999633789062,131.60000610351562,132.2100067138672,7158600
2018-02-28,103.39282989501953,129.8800048828125,132.3300018310547,129.8699951171875,131.9499969482422,7985900
2018-03-01,101.32305908203125,127.27999877929688,130.1199951171875,126.5199966430664,129.11000061035156,9424000
2018-03-02,102.54902648925781,128.82000732421875,129.11000061035156,126.91000366210938,126.91000366210938,6910400
2018-03-05,103.32118225097656,129.7899932861328,130.3000030517578,128.17999267578125,128.6300048828125,5799800
2018-03-06,102.07135772705078,128.22000122070312,130.1999969482422,127.91999816894531,130.0,5546500
2018-03-07,102.72415161132812,129.0399932861328,129.3300018310547,127.2699966430664,127.4800033569336,6391700
2018-03-08,105.12825012207031,132.05999755859375,132.3000030517578,129.3300018310547,129.3300018310547,6423400
2018-03-09,106.51339721679688,133.8000030517578,133.82000732421875,131.55999755859375,132.50999450683594,7557800
2018-03-12,105.58198547363281,132.6300048828125,134.22999572753906,132.32000732421875,133.8000030517578,4942000
2018-03-13,106.95122528076172,134.35000610351562,135.38999938964844,133.4499969482422,133.8000030517578,9152300
2018-03-14,105.3352279663086,132.32000732421875,135.6999969482422,131.89999389648438,135.24000549316406,6770600
2018-03-15,105.9242935180664,133.05999755859375,134.24000549316406,132.47000122070312,132.5500030517578,6147200
2018-03-16,106.41787719726562,133.67999267578125,134.39999389648438,132.10000610351562,133.16000366210938,14233500
2018-03-19,103.67940521240234,130.24000549316406,133.47000122070312,129.36000061035156,133.35000610351562,6017000
2018-03-20,104.45158386230469,131.2100067138672,131.77999877929688,129.3800048828125,130.77999877929688,6214300
2018-03-21,104.43568420410156,131.19000244140625,132.77999877929688,130.66000366210938,131.39999389648438,5158700
2018-03-22,101.40266418457031,127.37999725341797,130.67999267578125,127.0999984741211,130.47000122070312,7560100
2018-03-23,99.587646484375,125.0999984741211,127.80000305175781,124.9000015258789,127.62999725341797,8452500
2018-03-26,101.41061401367188,127.38999938964844,127.54000091552734,125.20999908447266,126.41000366210938,8358200
2018-03-27,101.26734924316406,127.20999908447266,129.10000610351562,126.38999938964844,127.11000061035156,7789900
2018-03-28,101.45838928222656,127.44999694824219,129.02000427246094,127.20999908447266,127.62999725341797,6868500
2018-03-29,102.01563262939453,128.14999389648438,128.75999450683594,126.81999969482422,127.97000122070312,6119400
2018-04-02,99.15779113769531,124.55999755859375,127.87999725341797,123.54000091552734,127.81999969482422,8916900
2018-04-03,102.17485809326172,128.35000610351562,128.49000549316406,124.68000030517578,125.18000030517578,8035000
2018-04-04,103.81474304199219,130.41000366210938,131.1199951171875,126.38999938964844,126.9000015258789,7717100
2018-04-05,104.0535659790039,130.7100067138672,131.1999969482422,129.5,130.41000366210938,5621700
2018-04-06,101.97582244873047,128.10000610351562,130.63999938964844,126.41000366210938,130.22000122070312,6399300
2018-04-09,103.07435607910156,129.47999572753906,131.13999938964844,127.68000030517578,128.64999389648438,6395800
2018-04-10,103.6873550415039,130.25,130.91000366210938,129.2899932861328,130.25,6019300
2018-04-11,103.19380950927734,129.6300048828125,130.35000610351562,129.02999877929688,129.13999938964844,4575400
2018-04-12,103.8306655883789,130.42999267578125,131.30999755859375,129.86000061035156,130.08999633789062,4559800
2018-04-13,103.98190307617188,130.6199951171875,131.4199981689453,129.6300048828125,131.08999633789062,4742300
2018-04-16,104.88941192626953,131.75999450683594,132.8800048828125,131.27999877929688,131.41000366210938,6379600
2018-04-17,103.91824340820312,130.5399932861328,132.1999969482422,128.80999755859375,132.11000061035156,11008700
2018-04-18,101.67333984375,127.72000122070312,129.89999389648438,126.94000244140625,129.69000244140625,9383600
2018-04-19,101.53797912597656,127.55000305175781,128.27000427246094,126.88999938964844,127.62999725341797,5959500
2018-04-20,100.82950592041016,126.66000366210938,128.3000030517578,126.16999816894531,128.0,7743900
2018-04-23,100.96482849121094,126.83000183105469,127.30000305175781,125.77999877929688,126.87999725341797,7501900
2018-04-24,100.45533752441406,126.19000244140625,127.45999908447266,125.30999755859375,126.94000244140625,6577500
2018-04-25,100.90908813476562,126.76000213623047,126.8499984741211,125.27999877929688,125.91000366210938,5859600
2018-04-26,101.90419006347656,128.00999450683594,129.22000122070312,126.62000274658203,126.62000274658203,8211100
2018-04-27,102.11117553710938,128.27000427246094,128.7899932861328,127.5,127.7300033569336,4266800
2018-04-30,100.69415283203125,126.48999786376953,128.97999572753906,126.48999786376953,128.86000061035156,8219400
2018-05-01,100.31206512451172,126.01000213623047,126.63999938964844,124.97000122070312,126.31999969482422,5122600
2018-05-02,98.3139419555664,123.5,126.18000030517578,123.19999694824219,125.5199966430664,7390800
2018-05-03,97.9397964477539,123.02999877929688,123.69000244140625,121.27999877929688,123.30000305175781,7282900
2018-05-04,98.86322021484375,124.19000244140625,124.51000213623047,121.80000305175781,122.5999984741211,6127600
2018-05-07,98.38558197021484,123.58999633789062,125.23999786376953,123.31999969482422,124.13999938964844,6707900
2018-05-08,97.60542297363281,122.61000061035156,123.48999786376953,121.69000244140625,122.86000061035156,5951800
2018-05-09,98.32188415527344,123.51000213623047,124.05000305175781,122.52999877929688,122.98999786376953,6808600
2018-05-10,99.78667449951172,125.3499984741211,126.05000305175781,124.0,124.22000122070312,4948000
2018-05-11,101.2912368774414,127.23999786376953,127.5999984741211,125.76000213623047,125.7699966430664,5716700
2018-05-14,100.35185241699219,126.05999755859375,127.61000061035156,125.5999984741211,127.3499984741211,6101600
2018-05-15,99.61150360107422,125.12999725341797,125.83000183105469,124.4000015258789,125.54000091552734,5875700
2018-05-16,99.78667449951172,125.3499984741211,125.9000015258789,125.0,125.44000244140625,3818100
2018-05-17,98.59257507324219,123.8499984741211,125.58999633789062,123.55000305175781,125.48999786376953,6473400
2018-05-18,98.90301513671875,124.23999786376953,124.44000244140625,123.27999877929688,123.77999877929688,5433900
2018-05-21,98.48908233642578,123.72000122070312,124.98999786376953,123.31999969482422,124.62000274658203,5558700
2018-05-22,97.84426879882812,122.91000366210938,124.23999786376953,122.76000213623047,123.80000305175781,7172700
2018-05-23,98.2741470336914,123.44999694824219,123.97000122070312,122.73999786376953,122.87000274658203,4940800
2018-05-24,97.31885528564453,122.25,123.38999938964844,121.55000305175781,123.22000122070312,6923600
2018-05-25,97.41509246826172,121.47000122070312,122.80000305175781,121.12999725341797,121.55999755859375,4594800
2018-05-29,95.75501251220703,119.4000015258789,120.80000305175781,118.62000274658203,120.5,9821900
2018-05-30,97.01409912109375,120.97000122070312,121.58000183105469,119.54000091552734,120.12000274658203,6423700
2018-05-31,95.93145751953125,119.62000274658203,121.25,119.54000091552734,120.91999816894531,10337500
2018-06-01,97.2466812133789,121.26000213623047,121.31999969482422,119.97000122070312,120.37999725341797,5741000
2018-06-04,97.8000259399414,121.94999694824219,122.37000274658203,121.0199966430664,121.8499984741211,4853000
2018-06-05,97.42311096191406,121.4800033569336,122.55999755859375,120.9000015258789,122.05000305175781,5125400
2018-06-06,98.47368621826172,122.79000091552734,122.79000091552734,121.45999908447266,121.97000122070312,6799300
2018-06-07,98.90675354003906,123.33000183105469,123.48999786376953,122.2699966430664,123.0,7414100
2018-06-08,99.49217987060547,124.05999755859375,124.8499984741211,123.33000183105469,123.36000061035156,6208100
2018-06-11,98.36943817138672,122.66000366210938,124.33999633789062,122.55000305175781,124.2699966430664,5571400
2018-06-12,98.27320861816406,122.54000091552734,123.18000030517578,121.94999694824219,123.16000366210938,5227300
2018-06-13,98.34537506103516,122.62999725341797,124.08999633789062,122.45999908447266,123.1500015258789,5836900
2018-06-14,98.1689682006836,122.41000366210938,123.1500015258789,122.08999633789062,122.70999908447266,5239200
2018-06-15,98.32933807373047,122.61000061035156,122.7300033569336,121.23999786376953,122.0999984741211,13173500
2018-06-18,97.29479217529297,121.31999969482422,121.80999755859375,120.25,121.61000061035156,6787400
2018-06-19,98.2972640991211,122.56999969482422,123.16999816894531,120.56999969482422,120.66000366210938,8572400
2018-06-20,97.87222290039062,122.04000091552734,122.66000366210938,121.66000366210938,122.41999816894531,6277200
2018-06-21,97.39904022216797,121.44999694824219,122.23999786376953,121.11000061035156,121.83000183105469,4417200
2018-06-22,98.51380157470703,122.83999633789062,123.37999725341797,121.6500015258789,121.68000030517578,9501400
2018-06-25,98.31329345703125,122.58999633789062,123.43000030517578,121.51000213623047,122.81999969482422,8170500
2018-06-26,98.12081146240234,122.3499984741211,122.88999938964844,121.5999984741211,122.48999786376953,5496400
2018-06-27,97.52738189697266,121.61000061035156,122.97000122070312,121.44999694824219,122.12999725341797,5666000
2018-06-28,97.84011840820312,122.0,122.41000366210938,121.06999969482422,121.77999877929688,5296800
2018-06-29,97.31085968017578,121.33999633789062,123.18000030517578,121.19000244140625,122.23999786376953,7308700
2018-07-02,97.50330352783203,121.58000183105469,121.7300033569336,120.11000061035156,121.33999633789062,5481400
2018-07-03,98.40955352783203,122.70999908447266,123.45999908447266,121.26000213623047,121.6500015258789,4248100
2018-07-05,100.24602508544922,125.0,125.12000274658203,123.2300033569336,123.5999984741211,7319100
2018-07-06,100.84749603271484,125.75,125.91999816894531,124.61000061035156,125.16000366210938,7297900
2018-07-09,101.0881118774414,126.05000305175781,126.75,125.5999984741211,126.22000122070312,6706100
2018-07-10,102.15470886230469,127.37999725341797,127.5199966430664,126.11000061035156,126.37000274658203,5075600
2018-07-11,101.24049377441406,126.23999786376953,127.44000244140625,126.05999755859375,127.41000366210938,4827400
2018-07-12,102.45948028564453,127.76000213623047,128.2100067138672,127.16999816894531,127.70999908447266,6199000
2018-07-13,100.99186706542969,125.93000030517578,127.5,125.31999969482422,125.31999969482422,8250200
2018-07-16,99.9974365234375,124.69000244140625,126.0999984741211,124.16000366210938,126.0,7314400
2018-07-17,103.54212188720703,129.11000061035156,130.5399932861328,127.55999755859375,128.52999877929688,12858700
2018-07-18,102.49154663085938,127.80000305175781,129.0500030517578,127.16999816894531,128.80999755859375,7152000
2018-07-19,100.99988555908203,125.94000244140625,127.69999694824219,125.87000274658203,127.52999877929688,5984600
2018-07-20,100.92768859863281,125.8499984741211,126.13999938964844,125.12000274658203,125.30000305175781,5835500
2018-07-23,101.5532455444336,126.62999725341797,126.68000030517578,125.44999694824219,125.75,4631100
2018-07-24,103.74259948730469,129.36000061035156,129.6199951171875,127.1500015258789,127.23999786376953,7158800
2018-07-25,103.14915466308594,128.6199951171875,129.22999572753906,127.6500015258789,129.13999938964844,6523000
2018-07-26,104.48043823242188,130.27999877929688,131.22000122070312,129.85000610351562,129.89999389648438,7640600
2018-07-27,105.49893951416016,131.5500030517578,132.27000427246094,129.94000244140625,129.97999572753906,6620400
2018-07-30,105.99616241455078,132.1699981689453,132.49000549316406,131.25,131.77999877929688,11013100
2018-07-31,106.27680969238281,132.52000427246094,132.63999938964844,131.77000427246094,132.27999877929688,7598900
2018-08-01,106.37309265136719,132.63999938964844,132.9600067138672,132.0800018310547,132.38999938964844,5770400
2018-08-02,105.25833129882812,131.25,133.0,131.08999633789062,132.88999938964844,6563300
2018-08-03,105.8197021484375,131.9499969482422,132.6999969482422,130.89999389648438,131.17999267578125,6498700
2018-08-06,105.87586212158203,132.02000427246094,132.52999877929688,131.00999450683594,131.63999938964844,5840000
2018-08-07,105.4267578125,131.4600067138672,132.1699981689453,131.3000030517578,131.8800048828125,4664600
2018-08-08,105.1941909790039,131.1699981689453,131.8000030517578,130.88999938964844,131.49000549316406,3721500
2018-08-09,105.21823120117188,131.1999969482422,131.72000122070312,130.6699981689453,131.5399932861328,4057800
2018-08-10,104.85736846923828,130.75,131.6300048828125,130.25999450683594,131.19000244140625,4324000
2018-08-13,104.43231964111328,130.22000122070312,130.89999389648438,129.85000610351562,130.72000122070312,3778000
2018-08-14,103.85490417480469,129.5,130.47000122070312,129.35000610351562,129.6699981689453,4542800
2018-08-15,104.60073852539062,130.42999267578125,130.74000549316406,128.92999267578125,129.75,5377300
2018-08-16,106.24476623535156,132.47999572753906,132.8800048828125,130.57000732421875,131.02000427246094,7861500
2018-08-17,107.84066009521484,134.47000122070312,135.0,132.19000244140625,132.4499969482422,6700900
2018-08-20,109.77342224121094,136.8800048828125,137.1199951171875,134.0,134.92999267578125,7935000
2018-08-21,108.54640197753906,135.35000610351562,137.42999267578125,135.3000030517578,137.0,5832100
2018-08-22,107.95298767089844,134.61000061035156,135.67999267578125,134.4199981689453,135.55999755859375,4688400
2018-08-23,108.35395050048828,135.11000061035156,135.49000549316406,134.10000610351562,134.61000061035156,5057600
2018-08-24,109.02759552001953,135.9499969482422,136.14999389648438,134.8300018310547,135.11000061035156,4809400
2018-08-27,108.92264556884766,134.9199981689453,136.0500030517578,134.2100067138672,135.5,4325900
2018-08-28,108.43826293945312,134.32000732421875,134.89999389648438,133.88999938964844,134.77999877929688,6037500
2018-08-29,108.87422943115234,134.86000061035156,134.94000244140625,133.94000244140625,134.32000732421875,4648700
2018-08-30,108.94686126708984,134.9499969482422,135.60000610351562,134.60000610351562,134.6999969482422,4821900
2018-08-31,108.7369613647461,134.69000244140625,135.0,133.97000122070312,134.60000610351562,6139500
2018-09-04,107.95387268066406,133.72000122070312,134.75,133.44000244140625,134.69000244140625,4406800
2018-09-05,109.6815185546875,135.86000061035156,135.94000244140625,133.4600067138672,133.47999572753906,6174800
2018-09-06,110.49687957763672,136.8699951171875,137.30999755859375,135.17999267578125,135.5,6562000
2018-09-07,110.86021423339844,137.32000732421875,137.69000244140625,135.75,136.77999877929688,6375200
2018-09-10,110.7713851928711,137.2100067138672,138.47000122070312,137.05999755859375,137.52999877929688,4892200
2018-09-11,111.82089233398438,138.50999450683594,138.91000366210938,137.22000122070312,137.63999938964844,7856800
2018-09-12,112.50711059570312,139.36000061035156,139.99000549316406,138.55999755859375,138.89999389648438,6767700
2018-09-13,112.93499755859375,139.88999938964844,140.47999572753906,139.02000427246094,139.88999938964844,6456100
2018-09-14,112.612060546875,139.49000549316406,140.35000610351562,139.10000610351562,140.0,4534800
2018-09-17,112.99150085449219,139.9600067138672,140.39999389648438,139.17999267578125,139.3300018310547,5295500
2018-09-18,113.45973205566406,140.5399932861328,140.83999633789062,139.8300018310547,140.27000427246094,4581200
2018-09-19,113.39515686035156,140.4600067138672,140.99000549316406,140.0500030517578,140.75999450683594,5049900
2018-09-20,114.62223815917969,141.97999572753906,142.13999938964844,140.50999450683594,140.82000732421875,5019300
2018-09-21,115.34883880615234,142.8800048828125,143.1300048828125,141.69000244140625,142.17999267578125,13283400
2018-09-24,113.40321350097656,140.47000122070312,142.5,140.22999572753906,142.10000610351562,6708000
2018-09-25,111.92583465576172,138.63999938964844,140.9600067138672,138.39999389648438,140.52999877929688,7982800
2018-09-26,111.53836822509766,138.16000366210938,140.0,137.9600067138672,138.9499969482422,7133300
2018-09-27,111.58678436279297,138.22000122070312,139.5800018310547,137.57000732421875,138.4499969482422,6450500
2018-09-28,111.5464096069336,138.1699981689453,138.55999755859375,137.41000366210938,138.10000610351562,6638500
2018-10-01,112.7735366821289,139.69000244140625,139.85000610351562,138.0,138.25999450683594,4871800
2018-10-02,113.41130065917969,140.47999572753906,140.72999572753906,139.64999389648438,139.7899932861328,6439100
2018-10-03,112.24067687988281,139.02999877929688,141.27000427246094,138.8800048828125,140.5399932861328,5411800
2018-10-04,112.49905395507812,139.35000610351562,139.52999877929688,137.32000732421875,138.5500030517578,4738700
2018-10-05,112.29721069335938,139.10000610351562,140.25,138.55999755859375,139.8000030517578,4309300
2018-10-08,112.53131866455078,139.38999938964844,139.67999267578125,138.6199951171875,138.89999389648438,5174100
2018-10-09,112.37794494628906,139.1999969482422,139.6199951171875,137.80999755859375,138.74000549316406,4475300
2018-10-10,111.19121551513672,137.72999572753906,140.4600067138672,137.72999572753906,139.35000610351562,7265600
2018-10-11,108.05072784423828,133.83999633789062,138.66000366210938,132.8800048828125,137.91000366210938,11603200
2018-10-12,108.07498168945312,133.8699951171875,134.41000366210938,132.22999572753906,134.39999389648438,6998000
2018-10-15,108.13956451416016,133.9499969482422,135.3000030517578,133.50999450683594,133.8800048828125,6398700
2018-10-16,110.24664306640625,136.55999755859375,137.99000549316406,134.75,134.75,9592800
2018-10-17,112.58785247802734,139.4600067138672,140.0,136.2100067138672,136.22999572753906,8261100
2018-10-18,112.62013244628906,139.5,139.80999755859375,137.7100067138672,139.1999969482422,7583900
2018-10-19,112.25686645507812,139.0500030517578,140.0,137.91000366210938,138.33999633789062,5924800
2018-10-22,111.95812225341797,138.67999267578125,139.25999450683594,138.13999938964844,138.61000061035156,4864300
2018-10-23,112.15998840332031,138.92999267578125,139.49000549316406,137.4499969482422,137.7899932861328,8282700
2018-10-24,110.98131561279297,137.47000122070312,140.11000061035156,137.1699981689453,138.52000427246094,8279200
2018-10-25,111.78860473632812,138.47000122070312,139.08999633789062,135.0500030517578,137.4600067138672,9720700
2018-10-26,110.57763671875,136.97000122070312,139.3000030517578,135.3300018310547,137.94000244140625,11371400
2018-10-29,111.04586791992188,137.5500030517578,139.10000610351562,136.22000122070312,136.99000549316406,6783000
2018-10-30,113.62928009033203,140.75,141.10000610351562,137.0,137.92999267578125,9646200
2018-10-31,113.01570892333984,139.99000549316406,141.42999267578125,139.61000061035156,141.0,9968900
2018-11-01,113.68578338623047,140.82000732421875,141.5800018310547,139.85000610351562,140.07000732421875,6913500
2018-11-02,113.57274627685547,140.67999267578125,142.0,139.66000366210938,141.97000122070312,7673200
2018-11-05,114.79988861083984,142.1999969482422,142.74000549316406,139.0,141.0,5601400
2018-11-06,115.09859466552734,142.57000732421875,142.8300018310547,141.05999755859375,141.52999877929688,5798900
2018-11-07,116.85858154296875,144.75,144.8699951171875,142.97000122070312,143.10000610351562,7173600
2018-11-08,117.30255126953125,145.3000030517578,145.7899932861328,144.0,144.30999755859375,5497100
2018-11-09,117.33485412597656,145.33999633789062,145.74000549316406,144.3800048828125,145.0399932861328,5343100
2018-11-12,117.56088256835938,145.6199951171875,146.24000549316406,144.72999572753906,144.99000549316406,7013600
2018-11-13,116.80203247070312,144.67999267578125,146.75,143.4199981689453,146.19000244140625,7432300
2018-11-14,116.45491027832031,144.25,145.30999755859375,143.55999755859375,145.02000427246094,6433100
2018-11-15,116.6567153930664,144.5,144.50999450683594,142.47999572753906,143.41000366210938,6657900
2018-11-16,117.85960388183594,145.99000549316406,146.74000549316406,144.5500030517578,144.7100067138672,8494300
2018-11-19,119.2643051147461,147.72999572753906,148.44000244140625,146.3699951171875,146.42999267578125,8714600
2018-11-20,118.23094177246094,146.4499969482422,148.75,146.35000610351562,147.5,8937700
2018-11-21,114.63033294677734,141.99000549316406,146.22999572753906,140.77999877929688,146.22999572753906,10275400
2018-11-23,114.82410430908203,142.22999572753906,142.72999572753906,141.60000610351562,141.85000610351562,3404900
2018-11-26,114.85659790039062,141.3699951171875,142.0500030517578,140.72000122070312,142.0,7590900
2018-11-27,116.35963439941406,143.22000122070312,143.35000610351562,139.66000366210938,140.57000732421875,5962100
2018-11-28,118.97572326660156,146.44000244140625,146.55999755859375,143.36000061035156,143.8300018310547,8411400
2018-11-29,118.49640655517578,145.85000610351562,147.1999969482422,144.83999633789062,145.6199951171875,6900000
2018-11-30,119.3494644165039,146.89999389648438,147.0,145.10000610351562,145.33999633789062,12517600
2018-12-03,118.78887939453125,146.2100067138672,146.6300048828125,144.94000244140625,145.57000732421875,8827200
2018-12-04,118.64263916015625,146.02999877929688,148.99000549316406,145.82000732421875,146.32000732421875,9803500
2018-12-06,118.5451431274414,145.91000366210938,146.4499969482422,142.7899932861328,144.5,11572500
2018-12-07,118.15515899658203,145.42999267578125,147.33999633789062,144.1199951171875,145.49000549316406,9444500
2018-12-10,118.01702117919922,145.25999450683594,145.8800048828125,142.3800048828125,145.38999938964844,6848100
2018-12-11,119.02448272705078,146.5,148.2100067138672,145.7899932861328,146.2899932861328,9857400
2018-12-12,119.511962890625,147.10000610351562,148.49000549316406,147.0,147.0,8869200
2018-12-13,120.11316680908203,147.83999633789062,148.58999633789062,146.8000030517578,146.9600067138672,6008300
2018-12-14,108.05638885498047,133.0,145.3800048828125,130.1999969482422,144.33999633789062,58140200
2018-12-17,104.9202880859375,129.13999938964844,131.64999389648438,126.83000183105469,128.32000732421875,36933100
2018-12-18,105.96024322509766,130.4199981689453,132.8000030517578,129.1999969482422,132.0500030517578,24640100
2018-12-19,103.6772232055664,127.61000061035156,131.35000610351562,127.08999633789062,129.8699951171875,21232100
2018-12-20,104.21346282958984,128.27000427246094,129.75,126.76000213623047,127.72000122070312,16609600
2018-12-21,104.0672378540039,128.08999633789062,130.60000610351562,127.12000274658203,127.80000305175781,19732900
2018-12-24,99.80181121826172,122.83999633789062,128.0,121.0,127.30000305175781,7531900
2018-12-26,102.94602966308594,126.70999908447266,126.76000213623047,122.01000213623047,123.41999816894531,9253000
2018-12-27,103.51473236083984,127.41000366210938,127.41000366210938,123.06999969482422,125.87000274658203,9918700
2018-12-28,103.40100860595703,127.2699966430664,128.75,126.75,127.91000366210938,6537200
2018-12-31,104.84716796875,129.0500030517578,129.5500030517578,127.41999816894531,128.17999267578125,7409900
2019-01-02,103.79100036621094,127.75,128.3800048828125,126.27999877929688,128.1300048828125,7631700
2019-01-03,102.1417007446289,125.72000122070312,128.27000427246094,125.36000061035156,128.13999938964844,8654500
2019-01-04,103.8559799194336,127.83000183105469,128.64999389648438,126.7300033569336,127.12000274658203,8831700
2019-01-07,103.18978118896484,127.01000213623047,128.35000610351562,126.80000305175781,127.62999725341797,8404700
2019-01-08,105.58651733398438,129.9600067138672,130.5,127.7300033569336,128.17999267578125,9351600
2019-01-09,104.74964904785156,128.92999267578125,130.24000549316406,128.3300018310547,129.8300018310547,7403500
2019-01-10,105.3833999633789,129.7100067138672,129.88999938964844,127.69000244140625,127.69000244140625,6224400
2019-01-11,105.4159164428711,129.75,129.83999633789062,128.30999755859375,129.0,5300400
2019-01-14,104.22157287597656,128.27999877929688,128.9600067138672,127.58999633789062,128.74000549316406,7374400
2019-01-15,105.09901428222656,129.36000061035156,129.49000549316406,127.6500015258789,128.52000427246094,5194400
2019-01-16,104.02658081054688,128.0399932861328,129.41000366210938,127.9000015258789,129.41000366210938,6264200
2019-01-17,104.8796615600586,129.08999633789062,129.52000427246094,127.45999908447266,127.70999908447266,7632000
2019-01-18,106.1795883178711,130.69000244140625,131.17999267578125,129.4499969482422,129.89999389648438,10593000
2019-01-22,104.64407348632812,128.8000030517578,129.5,127.01000213623047,128.1999969482422,10568100
2019-01-23,104.64407348632812,128.8000030517578,129.3000030517578,127.93000030517578,128.5,9267800
2019-01-24,103.2060317993164,127.02999877929688,128.6999969482422,125.0,128.49000549316406,9917000
2019-01-25,104.18096160888672,128.22999572753906,128.4499969482422,127.02999877929688,128.1300048828125,7585100
2019-01-28,104.79843139648438,128.99000549316406,129.14999389648438,127.29000091552734,127.80999755859375,6927700
2019-01-29,105.8870849609375,130.3300018310547,130.47000122070312,128.5,128.9499969482422,6669300
2019-01-30,106.951416015625,131.63999938964844,132.19000244140625,130.3000030517578,130.3699951171875,7299300
2019-01-31,108.1213607788086,133.0800018310547,135.19000244140625,130.8699951171875,131.6300048828125,17298100
2019-02-01,109.03130340576172,134.1999969482422,134.69000244140625,133.47000122070312,134.02000427246094,9575200
2019-02-04,107.95885467529297,132.8800048828125,134.14999389648438,132.2100067138672,133.9600067138672,7759000
2019-02-05,107.95885467529297,132.8800048828125,133.8800048828125,132.75,133.52000427246094,6449800
2019-02-06,108.05638885498047,133.0,133.57000732421875,132.3000030517578,133.0800018310547,5066100
2019-02-07,107.2845230102539,132.0500030517578,132.63999938964844,131.52999877929688,132.4499969482422,6085300
2019-02-08,107.56889343261719,132.39999389648438,132.4600067138672,131.5399932861328,131.9499969482422,4436700
2019-02-11,107.24391174316406,132.0,132.6699981689453,131.25999450683594,132.30999755859375,4962200
2019-02-12,108.99881744384766,134.16000366210938,134.3000030517578,132.0800018310547,132.0800018310547,6262300
2019-02-13,109.23442077636719,134.4499969482422,134.97999572753906,133.2100067138672,134.07000732421875,7902200
2019-02-14,109.12068939208984,134.30999755859375,134.82000732421875,133.35000610351562,134.3000030517578,3910400
2019-02-15,110.80245208740234,136.3800048828125,136.41000366210938,135.00999450683594,135.19000244140625,6665000
2019-02-19,110.24188995361328,135.69000244140625,136.3800048828125,135.6300048828125,136.13999938964844,5935500
2019-02-20,110.77808380126953,136.35000610351562,136.72999572753906,135.72999572753906,135.97000122070312,6089800
2019-02-21,110.02251434326172,135.4199981689453,135.7899932861328,134.27000427246094,134.97999572753906,6665500
2019-02-22,110.981201171875,136.60000610351562,136.63999938964844,134.82000732421875,135.2899932861328,5223900
2019-02-25,111.39012145996094,136.1999969482422,137.49000549316406,135.86000061035156,136.35000610351562,6846600
2019-02-26,111.31649017333984,136.11000061035156,136.9600067138672,136.0500030517578,136.44000244140625,5106900
2019-02-27,111.12023162841797,135.8699951171875,136.25,135.38999938964844,135.52000427246094,4378100
2019-02-28,111.74996185302734,136.63999938964844,137.9499969482422,135.69000244140625,135.9499969482422,10133200
2019-03-01,113.14850616455078,138.35000610351562,138.61000061035156,137.00999450683594,137.22000122070312,5641600
2019-03-04,113.25482940673828,138.47999572753906,139.41000366210938,137.50999450683594,138.85000610351562,8377700
2019-03-05,113.4919662475586,138.77000427246094,139.13999938964844,138.36000061035156,138.80999755859375,6568900
2019-03-06,113.75369262695312,139.08999633789062,139.64999389648438,138.60000610351562,139.47000122070312,6236900
2019-03-07,113.05848693847656,138.24000549316406,139.1199951171875,137.6999969482422,138.52999877929688,6100400
2019-03-08,112.91133117675781,138.05999755859375,139.3000030517578,136.4199981689453,138.08999633789062,7046700
2019-03-11,113.32024383544922,138.55999755859375,139.02999877929688,137.52000427246094,138.11000061035156,6150400
2019-03-12,113.82728576660156,139.17999267578125,140.0,138.5,138.64999389648438,5552900
2019-03-13,114.01536560058594,139.41000366210938,139.83999633789062,139.02000427246094,139.58999633789062,6446900
2019-03-14,112.87859344482422,138.02000427246094,138.8000030517578,137.94000244140625,138.33999633789062,8493600
2019-03-15,112.53511047363281,137.60000610351562,138.25999450683594,136.8300018310547,138.0,11922500
2019-03-18,112.18342590332031,137.1699981689453,137.77999877929688,136.72000122070312,137.64999389648438,7369600
2019-03-19,113.22211456298828,138.44000244140625,138.82000732421875,137.47000122070312,137.61000061035156,5882500
2019-03-20,112.28155517578125,137.2899932861328,138.50999450683594,136.64999389648438,138.3300018310547,5475700
2019-03-21,112.94403839111328,138.10000610351562,138.77999877929688,136.9499969482422,137.0,5765100
2019-03-22,111.97078704833984,136.91000366210938,138.38999938964844,136.86000061035156,137.75,6528800
2019-03-25,111.72543334960938,136.61000061035156,137.00999450683594,135.74000549316406,136.91000366210938,4500300
2019-03-26,113.32843017578125,138.57000732421875,139.27000427246094,136.92999267578125,136.92999267578125,4758600
2019-03-27,113.4347152709961,138.6999969482422,139.47999572753906,138.07000732421875,138.58999633789062,6764900
2019-03-28,113.58194732666016,138.8800048828125,139.4600067138672,138.7100067138672,139.05999755859375,4602100
2019-03-29,114.32616424560547,139.7899932861328,139.8800048828125,138.8800048828125,139.27999877929688,7168400
2019-04-01,113.66374206542969,138.97999572753906,140.2899932861328,138.74000549316406,139.99000549316406,5885200
2019-04-02,112.62507629394531,137.7100067138672,139.00999450683594,136.91000366210938,139.00999450683594,5517800
2019-04-03,112.18342590332031,137.1699981689453,138.24000549316406,136.8699951171875,138.1999969482422,5947000
2019-04-04,110.8748779296875,135.57000732421875,137.00999450683594,135.1300048828125,136.8699951171875,5844600
2019-04-05,111.3737564086914,136.17999267578125,136.5800018310547,135.6999969482422,136.0399932861328,4759700
2019-04-08,111.34104919433594,136.13999938964844,136.50999450683594,135.6999969482422,136.0500030517578,4329600
2019-04-09,110.8748779296875,135.57000732421875,136.25999450683594,134.55999755859375,136.0,5210300
2019-04-10,110.883056640625,135.5800018310547,136.1300048828125,135.3300018310547,135.88999938964844,4194100
2019-04-11,110.58043670654297,135.2100067138672,136.17999267578125,134.4199981689453,135.9600067138672,4485200
2019-04-12,111.210205078125,135.97999572753906,136.35000610351562,134.75,135.22000122070312,5756800
2019-04-15,111.6518325805664,136.52000427246094,136.7899932861328,135.8000030517578,136.0,5380900
2019-04-16,112.87859344482422,138.02000427246094,140.6999969482422,137.55999755859375,138.32000732421875,10745700
2019-04-17,113.28751373291016,138.52000427246094,140.14999389648438,137.6699981689453,139.0,9543700
2019-04-18,112.46965789794922,137.52000427246094,140.24000549316406,135.75,139.35000610351562,10485300
2019-04-22,112.72319793701172,137.8300018310547,138.49000549316406,136.4600067138672,136.97999572753906,4666500
2019-04-23,114.41610717773438,139.89999389648438,140.85000610351562,137.25,137.4199981689453,5790500
2019-04-24,113.84367370605469,139.1999969482422,140.13999938964844,138.86000061035156,139.64999389648438,5676300
2019-04-25,114.2116470336914,139.64999389648438,139.77000427246094,137.9600067138672,138.52000427246094,5218100
2019-04-26,114.8168716430664,140.38999938964844,140.52000427246094,139.30999755859375,139.8800048828125,4613600
2019-04-29,114.36707305908203,139.83999633789062,140.42999267578125,139.5800018310547,140.35000610351562,4275200
2019-04-30,115.47931671142578,141.1999969482422,141.4499969482422,138.9600067138672,140.19000244140625,6003700
2019-05-01,116.09270477294922,141.9499969482422,142.35000610351562,139.75,140.9499969482422,6656300
2019-05-02,115.54474639892578,141.27999877929688,142.14999389648438,140.1199951171875,141.91000366210938,8835600
2019-05-03,116.14179229736328,142.00999450683594,142.08999633789062,141.0800018310547,141.2899932861328,5281600
2019-05-06,116.20722198486328,142.08999633789062,142.24000549316406,139.92999267578125,140.25,5818900
2019-05-07,114.47340393066406,139.97000122070312,141.3800048828125,139.05999755859375,140.82000732421875,6606700
2019-05-08,114.32616424560547,139.7899932861328,140.9199981689453,139.6999969482422,140.1999969482422,4667300
2019-05-09,113.459228515625,138.72999572753906,139.32000732421875,137.63999938964844,138.9499969482422,5604200
2019-05-10,113.7209701538086,139.0500030517578,139.25,136.41000366210938,138.42999267578125,4771600
2019-05-13,112.20796966552734,137.1999969482422,138.05999755859375,136.52999877929688,137.85000610351562,5560000
2019-05-14,111.8971939086914,136.82000732421875,137.83999633789062,136.72999572753906,137.0399932861328,7179400
2019-05-15,111.97078704833984,136.91000366210938,137.49000549316406,135.3300018310547,136.89999389648438,6429400
2019-05-16,113.03396606445312,138.2100067138672,139.19000244140625,136.97000122070312,137.38999938964844,6857200
2019-05-17,113.36112976074219,138.61000061035156,139.02999877929688,136.86000061035156,137.0,6915300
2019-05-20,113.20572662353516,138.4199981689453,138.9600067138672,137.67999267578125,138.61000061035156,4771100
2019-05-21,112.96037292480469,138.1199951171875,139.57000732421875,138.0800018310547,139.1199951171875,4859000
2019-05-22,113.48383331298828,138.75999450683594,138.9499969482422,137.49000549316406,138.35000610351562,5456800
2019-05-23,114.32616424560547,139.7899932861328,139.85000610351562,137.6699981689453,138.5,6951800
2019-05-24,114.33440399169922,138.85000610351562,139.5,138.55999755859375,139.5,5473300
2019-05-28,112.86869812011719,137.07000732421875,140.49000549316406,137.0500030517578,139.0,11919600
2019-05-29,108.14215087890625,131.3300018310547,135.88999938964844,128.52000427246094,135.88999938964844,23247400
2019-05-30,108.78443145751953,132.11000061035156,132.82000732421875,131.1699981689453,131.44000244140625,7360600
2019-05-31,107.99392700195312,131.14999389648438,132.0,129.61000061035156,131.52000427246094,7811000
2019-06-03,108.23271942138672,131.44000244140625,132.39999389648438,131.0399932861328,131.5,8434600
2019-06-04,110.11837768554688,133.72999572753906,134.3000030517578,132.5800018310547,132.60000610351562,6648900
2019-06-05,110.65363311767578,134.3800048828125,135.1300048828125,133.86000061035156,134.6999969482422,6860600
2019-06-06,112.54753112792969,136.67999267578125,137.66000366210938,134.58999633789062,134.89999389648438,9115800
2019-06-07,114.0873794555664,138.5500030517578,139.58999633789062,137.13999938964844,137.58999633789062,6533900
2019-06-10,114.47439575195312,139.02000427246094,139.14999389648438,137.60000610351562,138.60000610351562,4994700
2019-06-11,115.10020446777344,139.77999877929688,140.66000366210938,139.5,139.67999267578125,8230500
2019-06-12,116.66474151611328,141.67999267578125,142.91000366210938,140.3000030517578,140.3000030517578,9216500
2019-06-13,115.86602783203125,140.7100067138672,141.9499969482422,140.2100067138672,141.72000122070312,7500800
2019-06-14,115.35549926757812,140.08999633789062,141.49000549316406,140.0399932861328,141.22999572753906,6548100
2019-06-17,114.82024383544922,139.44000244140625,140.24000549316406,139.2100067138672,140.0,5562800
2019-06-18,115.47075653076172,140.22999572753906,140.92999267578125,139.7899932861328,140.55999755859375,7122700
2019-06-19,115.65190887451172,140.4499969482422,140.97000122070312,139.91000366210938,140.00999450683594,6393400
2019-06-20,117.10115814208984,142.2100067138672,142.39999389648438,141.0,141.25,7335800
2019-06-21,117.00235748291016,142.08999633789062,142.42999267578125,141.00999450683594,141.4600067138672,11272200
2019-06-24,117.80105590820312,143.05999755859375,143.6999969482422,142.08999633789062,142.4199981689453,5894700
2019-06-25,118.77273559570312,144.24000549316406,144.97999572753906,143.19000244140625,143.27000427246094,7517000
2019-06-26,116.80473327636719,141.85000610351562,143.85000610351562,140.75999450683594,143.85000610351562,7674100
2019-06-27,115.84955596923828,140.69000244140625,142.5,140.60000610351562,142.22999572753906,5233500
2019-06-28,114.68846893310547,139.27999877929688,141.10000610351562,138.50999450683594,140.74000549316406,12792400
2019-07-01,114.75434875488281,139.36000061035156,140.25999450683594,138.72000122070312,140.1999969482422,5872300
2019-07-02,115.30603790283203,140.02999877929688,140.02999877929688,138.69000244140625,139.22000122070312,4501200
2019-07-03,117.04351043701172,142.13999938964844,142.17999267578125,140.7899932861328,141.0,3436300
2019-07-05,115.75074768066406,140.57000732421875,141.86000061035156,140.3699951171875,141.74000549316406,4652400
2019-07-08,116.08009338378906,140.97000122070312,141.0800018310547,139.63999938964844,140.1199951171875,4078100
2019-07-09,116.44243621826172,141.41000366210938,142.47000122070312,140.91000366210938,141.4600067138672,4217400
2019-07-10,116.2777099609375,141.2100067138672,141.99000549316406,140.6699981689453,141.77999877929688,4874400
2019-07-11,115.37191772460938,140.11000061035156,141.2100067138672,139.02000427246094,140.94000244140625,5817400
2019-07-12,110.5877456665039,134.3000030517578,140.1199951171875,132.32000732421875,140.1199951171875,17780100
2019-07-15,110.92536926269531,134.7100067138672,136.36000061035156,134.4499969482422,135.38999938964844,10038200
2019-07-16,109.1055908203125,132.5,133.8300018310547,131.75,132.92999267578125,10214500
2019-07-17,108.57857513427734,131.86000061035156,133.5800018310547,131.41000366210938,132.49000549316406,8862100
2019-07-18,108.75149536132812,132.07000732421875,132.50999450683594,131.1699981689453,132.1300048828125,6203100
2019-07-19,107.30223846435547,130.30999755859375,132.38999938964844,130.19000244140625,132.25,8340200
2019-07-22,105.9271011352539,128.63999938964844,130.14999389648438,127.83999633789062,130.0,12624800
2019-07-23,106.09178924560547,128.83999633789062,129.4499969482422,128.16000366210938,128.61000061035156,5803600
2019-07-24,106.86582946777344,129.77999877929688,129.7899932861328,128.57000732421875,128.8800048828125,6838600
2019-07-25,107.9692153930664,131.1199951171875,131.52999877929688,129.6699981689453,130.05999755859375,8897800
2019-07-26,107.64806365966797,130.72999572753906,131.3000030517578,130.49000549316406,131.3000030517578,4894600
2019-07-29,109.53376770019531,133.02000427246094,133.30999755859375,130.2100067138672,131.0,7832000
2019-07-30,108.75975799560547,132.0800018310547,132.49000549316406,131.27000427246094,132.47000122070312,5509600
2019-07-31,107.22813415527344,130.22000122070312,132.0,130.17999267578125,131.63999938964844,8559200
2019-08-01,107.28577423095703,130.2899932861328,130.74000549316406,129.02000427246094,130.25999450683594,7870700
2019-08-02,107.92806243896484,131.07000732421875,131.47000122070312,129.77000427246094,130.86000061035156,6574900
2019-08-05,107.17872619628906,130.16000366210938,131.4600067138672,129.00999450683594,130.91000366210938,9480000
2019-08-06,107.68101501464844,130.77000427246094,131.22000122070312,129.58999633789062,130.33999633789062,7880600
2019-08-07,107.21990203857422,130.2100067138672,130.91000366210938,128.19000244140625,129.36000061035156,6771700
2019-08-08,108.43036651611328,131.67999267578125,131.9499969482422,130.22999572753906,130.97999572753906,5260500
2019-08-09,108.72679901123047,132.0399932861328,132.75999450683594,131.22999572753906,131.8000030517578,4677300
2019-08-12,108.63621520996094,131.92999267578125,132.6999969482422,131.2899932861328,131.5,6852100
2019-08-13,109.86312866210938,133.4199981689453,134.10000610351562,132.0,132.3000030517578,5013200
2019-08-14,107.2610855102539,130.25999450683594,132.5399932861328,130.1300048828125,132.52999877929688,7736200
2019-08-15,107.49161529541016,130.5399932861328,131.07000732421875,129.25,130.1699981689453,7251200
2019-08-16,108.1668701171875,131.36000061035156,131.6699981689453,130.60000610351562,131.47000122070312,5858900
2019-08-19,108.89970397949219,132.25,132.57000732421875,131.82000732421875,132.5,4958000
2019-08-20,107.54103088378906,130.60000610351562,132.66000366210938,130.4600067138672,131.9600067138672,7302000
2019-08-21,108.30685424804688,131.52999877929688,132.41000366210938,130.85000610351562,131.6999969482422,6912800
2019-08-22,108.09275817871094,131.27000427246094,132.1300048828125,130.8000030517578,131.60000610351562,7213500
2019-08-23,105.17777252197266,127.7300033569336,131.25999450683594,127.12999725341797,131.07000732421875,15714000
2019-08-26,106.02397918701172,127.80000305175781,128.0800018310547,126.62999725341797,127.41999816894531,8889500
2019-08-27,107.55045318603516,129.63999938964844,132.39999389648438,129.10000610351562,129.8800048828125,20183800
2019-08-28,106.75402069091797,128.67999267578125,128.8699951171875,127.01000213623047,127.86000061035156,9878800
2019-08-29,106.38899993896484,128.24000549316406,129.1999969482422,126.83000183105469,128.83999633789062,6749900
2019-08-30,106.48853302001953,128.36000061035156,129.10000610351562,127.62000274658203,128.27000427246094,7371100
2019-09-03,106.80382537841797,128.74000549316406,128.97999572753906,127.51000213623047,127.98999786376953,5710200
2019-09-04,106.90336608886719,128.86000061035156,129.58999633789062,128.0800018310547,129.49000549316406,4807200
2019-09-05,106.67106628417969,128.5800018310547,129.89999389648438,128.30999755859375,129.89999389648438,4754100
2019-09-06,106.36412048339844,128.2100067138672,129.22999572753906,128.07000732421875,128.8800048828125,6758300
2019-09-09,105.31880187988281,126.94999694824219,128.16000366210938,126.58999633789062,128.0,7684700
2019-09-10,107.47578430175781,129.5500030517578,129.5500030517578,126.33999633789062,127.33999633789062,8239500
2019-09-11,108.81976318359375,131.1699981689453,131.27999877929688,129.0800018310547,129.86000061035156,6203600
2019-09-12,108.20585632324219,130.42999267578125,131.77000427246094,130.05999755859375,131.36000061035156,5250000
2019-09-13,108.4962158203125,130.77999877929688,131.57000732421875,129.9600067138672,131.3300018310547,5369800
2019-09-16,107.46749877929688,129.5399932861328,130.75,129.3300018310547,130.11000061035156,5101700
2019-09-17,107.57534790039062,129.6699981689453,130.5,129.11000061035156,129.60000610351562,4976400
2019-09-18,108.18923950195312,130.41000366210938,130.55999755859375,128.77999877929688,129.89999389648438,4373600
2019-09-19,107.94037628173828,130.11000061035156,131.19000244140625,129.36000061035156,129.6300048828125,4730100
2019-09-20,109.21795654296875,131.64999389648438,132.0,130.2899932861328,131.0,12053100
2019-09-23,109.2926254272461,131.74000549316406,132.0500030517578,130.49000549316406,131.02000427246094,5183700
2019-09-24,109.13502502441406,131.5500030517578,132.77999877929688,131.33999633789062,132.10000610351562,7102600
2019-09-25,108.6704330444336,130.99000549316406,131.57000732421875,130.22999572753906,131.5,4522900
2019-09-26,106.89507293701172,128.85000610351562,131.30999755859375,128.02999877929688,131.08999633789062,7545800
2019-09-27,106.68766021728516,128.60000610351562,129.39999389648438,126.69999694824219,128.61000061035156,6006500
2019-09-30,107.3347396850586,129.3800048828125,130.27999877929688,129.0,129.07000732421875,6552100
2019-10-01,107.8408203125,129.99000549316406,130.8000030517578,129.77000427246094,130.02000427246094,7673000
2019-10-02,109.50835418701172,132.0,134.6999969482422,131.22000122070312,132.75999450683594,12051800
2019-10-03,108.83636474609375,131.19000244140625,132.3699951171875,130.00999450683594,131.63999938964844,6997600
2019-10-04,110.88546752929688,133.66000366210938,133.72000122070312,131.25,131.33999633789062,7233300
2019-10-07,110.47069549560547,133.16000366210938,133.82000732421875,132.13999938964844,133.08999633789062,5427200
2019-10-08,109.37557983398438,131.83999633789062,133.25999450683594,131.49000549316406,132.4499969482422,7870400
2019-10-09,107.20201110839844,129.22000122070312,131.25,128.52000427246094,131.13999938964844,7787700
2019-10-10,107.06928253173828,129.05999755859375,130.1199951171875,128.6300048828125,128.9499969482422,5119700
2019-10-11,108.95250701904297,131.3300018310547,132.6199951171875,130.82000732421875,131.13999938964844,7161400
2019-10-14,108.44641876220703,130.72000122070312,131.36000061035156,130.4199981689453,131.36000061035156,5700000
2019-10-15,110.2052001953125,132.83999633789062,134.25,132.10000610351562,133.0,10008800
2019-10-16,112.13819885253906,135.1699981689453,136.58999633789062,133.8000030517578,134.89999389648438,12434200
2019-10-17,112.96781158447266,136.1699981689453,137.49000549316406,135.64999389648438,135.9600067138672,8434000
2019-10-18,105.94100189208984,127.69999694824219,134.38999938964844,127.69999694824219,133.30999755859375,25868700
2019-10-21,106.20648956298828,128.02000427246094,129.6699981689453,127.05999755859375,128.6699981689453,13823600
2019-10-22,107.18544006347656,129.1999969482422,130.5399932861328,128.08999633789062,128.75999450683594,7613700
2019-10-23,107.7661361694336,129.89999389648438,130.47999572753906,129.07000732421875,129.66000366210938,6693400
2019-10-24,105.77509307861328,127.5,130.5800018310547,126.0999984741211,130.4199981689453,12111600
2019-10-25,106.48027801513672,128.35000610351562,129.10000610351562,127.30999755859375,127.83000183105469,6947300
2019-10-28,107.16883087158203,129.17999267578125,130.0,128.50999450683594,128.6199951171875,7876300
2019-10-29,107.11907196044922,129.1199951171875,129.97000122070312,128.55999755859375,129.6999969482422,4506300
2019-10-30,110.2052001953125,132.83999633789062,133.52999877929688,131.72999572753906,133.3000030517578,9627600
2019-10-31,109.54151916503906,132.0399932861328,132.83999633789062,130.88999938964844,132.3800048828125,7686700
2019-11-01,108.84465026855469,131.1999969482422,133.0,131.13999938964844,132.0500030517578,5541800
2019-11-04,108.0399169921875,130.22999572753906,131.9499969482422,130.08999633789062,131.8000030517578,6140300
2019-11-05,108.19754791259766,130.4199981689453,131.47000122070312,129.67999267578125,130.52999877929688,6257300
2019-11-06,108.6455307006836,130.9600067138672,131.47999572753906,129.6999969482422,130.4199981689453,5450000
2019-11-07,109.03543853759766,131.42999267578125,132.3800048828125,131.00999450683594,131.72999572753906,5873700
2019-11-08,110.33794403076172,133.0,133.0399932861328,130.97000122070312,131.3000030517578,5003000
2019-11-11,109.4917221069336,131.97999572753906,132.52000427246094,131.3300018310547,132.27000427246094,4371400
2019-11-12,108.96908569335938,131.35000610351562,132.08999633789062,131.02000427246094,132.0,5228700
2019-11-13,108.9027328491211,131.27000427246094,131.49000549316406,130.72000122070312,131.0399932861328,5885400
2019-11-14,108.6455307006836,130.9600067138672,131.36000061035156,130.13999938964844,131.02999877929688,4217500
2019-11-15,111.9473648071289,134.94000244140625,134.97000122070312,130.77999877929688,131.25,10495100
2019-11-18,111.85612487792969,134.8300018310547,135.69000244140625,132.66000366210938,134.22000122070312,9291800
2019-11-19,111.84783172607422,134.82000732421875,135.19000244140625,134.2100067138672,135.0,5192200
2019-11-20,112.77699279785156,135.94000244140625,136.33999633789062,134.07000732421875,135.11000061035156,7594400
2019-11-21,113.19181060791016,136.44000244140625,136.85000610351562,135.0,135.94000244140625,6424900
2019-11-22,114.54405975341797,138.07000732421875,138.6300048828125,136.5,136.64999389648438,9235800
2019-11-25,114.59416961669922,137.17999267578125,137.64999389648438,136.24000549316406,137.05999755859375,6111900
2019-11-26,114.58580780029297,137.1699981689453,137.33999633789062,135.14999389648438,136.47000122070312,10636500
2019-11-27,115.07035064697266,137.75,138.25,136.89999389648438,137.16000366210938,5523000
2019-11-29,114.8531494140625,137.49000549316406,138.27000427246094,136.94000244140625,137.60000610351562,3278900
2019-12-02,114.74453735351562,137.36000061035156,137.85000610351562,136.85000610351562,137.72000122070312,4717100
2019-12-03,114.57746887207031,137.16000366210938,137.4499969482422,136.16000366210938,136.91000366210938,5741400
2019-12-04,116.43196868896484,139.3800048828125,139.74000549316406,138.0399932861328,138.5,7257300
2019-12-05,116.58231353759766,139.55999755859375,139.75,137.9499969482422,139.35000610351562,5472900
2019-12-06,117.26729583740234,140.3800048828125,141.5800018310547,139.4600067138672,139.4600067138672,6640400
2019-12-09,117.36753845214844,140.5,140.80999755859375,140.05999755859375,140.38999938964844,4241000
2019-12-10,116.9415283203125,139.99000549316406,141.0,139.91000366210938,140.8000030517578,5310300
2019-12-11,117.76854705810547,140.97999572753906,141.97999572753906,140.6300048828125,140.92999267578125,6631500
2019-12-12,118.06920623779297,141.33999633789062,142.05999755859375,140.72999572753906,141.32000732421875,5012400
2019-12-13,118.10266876220703,141.3800048828125,141.8000030517578,140.30999755859375,141.10000610351562,4257200
2019-12-16,118.44515991210938,141.7899932861328,142.85000610351562,141.49000549316406,141.72999572753906,5353100
2019-12-17,119.92371368408203,143.55999755859375,144.0500030517578,142.52000427246094,143.0,10722400
2019-12-18,119.61467742919922,143.19000244140625,143.8800048828125,142.74000549316406,143.72000122070312,7849200
2019-12-19,121.41907501220703,145.35000610351562,145.8800048828125,143.61000061035156,143.88999938964844,9414700
2019-12-20,122.01212310791016,146.05999755859375,147.83999633789062,144.8000030517578,146.8800048828125,14532800
2019-12-23,122.32958221435547,146.44000244140625,146.75999450683594,145.33999633789062,145.74000549316406,6558700
2019-12-24,121.90350341796875,145.92999267578125,146.00999450683594,145.25999450683594,146.0,4238900
2019-12-26,121.82001495361328,145.8300018310547,146.17999267578125,145.16000366210938,145.97000122070312,3019300
2019-12-27,121.7531967163086,145.75,146.5500030517578,145.5399932861328,146.1999969482422,3432700
2019-12-30,121.37725067138672,145.3000030517578,146.1999969482422,145.02999877929688,145.77999877929688,2923300
2019-12-31,121.8534164428711,145.8699951171875,146.00999450683594,144.77999877929688,145.10000610351562,4435000
2020-01-02,121.93694305419922,145.97000122070312,146.02000427246094,145.0800018310547,145.8699951171875,5777000
2020-01-03,120.52519989013672,144.27999877929688,145.3699951171875,143.0,143.5,5752400
2020-01-06,120.37484741210938,144.10000610351562,144.1999969482422,142.85000610351562,144.0,7731300
2020-01-07,121.10994720458984,144.97999572753906,145.4499969482422,141.3800048828125,144.00999450683594,7382900
2020-01-08,121.0932846069336,144.9600067138672,145.97999572753906,143.6999969482422,144.8699951171875,6605800
2020-01-09,121.45247650146484,145.38999938964844,146.02999877929688,144.99000549316406,145.75999450683594,6112700
2020-01-10,121.17676544189453,145.05999755859375,146.17999267578125,144.89999389648438,145.75,5042600
2020-01-13,121.7114028930664,145.6999969482422,145.7899932861328,144.72000122070312,145.47999572753906,4593200
2020-01-14,122.39640045166016,146.52000427246094,146.61000061035156,144.72999572753906,145.0500030517578,7037500
2020-01-15,122.80572509765625,147.00999450683594,147.39999389648438,146.24000549316406,146.39999389648438,4960300
2020-01-16,123.79981231689453,148.1999969482422,148.83999633789062,146.1999969482422,147.4199981689453,6476000
2020-01-17,124.6100845336914,149.1699981689453,149.41000366210938,147.92999267578125,148.41000366210938,9083600
2020-01-21,124.69368743896484,149.27000427246094,150.1699981689453,148.5,148.5800018310547,9543900
2020-01-22,123.8415756225586,148.25,149.17999267578125,146.0,146.6999969482422,10305300
2020-01-23,124.07546997070312,148.52999877929688,148.77000427246094,146.75999450683594,148.0399932861328,8671900
2020-01-24,123.90005493164062,148.32000732421875,148.9499969482422,147.92999267578125,148.5800018310547,9051900
2020-01-27,124.2592544555664,148.75,149.4600067138672,147.0,147.52000427246094,7587100
2020-01-28,124.88574981689453,149.5,150.57000732421875,148.14999389648438,148.4600067138672,7336600
2020-01-29,125.7545166015625,150.5399932861328,151.19000244140625,149.1300048828125,149.4499969482422,6288600
2020-01-30,125.60415649414062,150.36000061035156,150.50999450683594,149.0500030517578,150.02999877929688,6470600
2020-01-31,124.35950469970703,148.8699951171875,150.0,148.63999938964844,149.75,8651700
2020-02-03,125.4454574584961,150.1699981689453,150.49000549316406,149.24000549316406,149.4199981689453,5765200
2020-02-04,126.6400146484375,151.60000610351562,152.75,151.1999969482422,151.49000549316406,6541400
2020-02-05,128.6365203857422,153.99000549316406,154.02000427246094,151.30999755859375,151.72000122070312,5979900
2020-02-06,128.25222778320312,153.52999877929688,154.5,152.74000549316406,154.25,6201200
2020-02-07,126.88228607177734,151.88999938964844,153.4600067138672,151.5500030517578,153.33999633789062,5700300
2020-02-10,126.85720825195312,151.86000061035156,151.91000366210938,150.88999938964844,151.67999267578125,4835600
2020-02-11,126.9658203125,151.99000549316406,152.3800048828125,151.5399932861328,152.2899932861328,3715300
2020-02-12,126.21398162841797,151.08999633789062,152.14999389648438,150.9199981689453,151.8699951171875,5166800
2020-02-13,125.3786392211914,150.08999633789062,151.0399932861328,149.8800048828125,150.16000366210938,5480200
2020-02-14,125.41204071044922,150.1300048828125,150.63999938964844,149.14999389648438,150.55999755859375,5716300
2020-02-18,124.58501434326172,149.13999938964844,150.74000549316406,149.05999755859375,150.47000122070312,7230700
2020-02-19,124.41795349121094,148.94000244140625,149.75999450683594,148.5800018310547,149.2100067138672,6115200
2020-02-20,123.9417953491211,148.3699951171875,149.3800048828125,147.39999389648438,148.61000061035156,7464700
2020-02-21,125.2449722290039,149.92999267578125,150.24000549316406,147.5399932861328,148.08999633789062,7776800
2020-02-24,122.66409301757812,145.91000366210938,149.0,145.25,146.5,10588900
2020-02-25,121.60479736328125,144.64999389648438,146.75,143.8300018310547,145.99000549316406,10529000
2020-02-26,120.78933715820312,143.67999267578125,146.22000122070312,143.58999633789062,145.35000610351562,10093800
2020-02-27,116.95581817626953,139.1199951171875,144.77000427246094,138.9499969482422,142.55999755859375,12566700
2020-02-28,113.0550765991211,134.47999572753906,137.2899932861328,130.82000732421875,135.36000061035156,19820300
2020-03-02,117.71244812011719,140.02000427246094,140.1300048828125,134.00999450683594,134.77999877929688,11508200
2020-03-03,113.98822021484375,135.58999633789062,140.99000549316406,133.10000610351562,140.0,13662500
2020-03-04,120.62120056152344,143.47999572753906,143.63999938964844,137.13999938964844,137.67999267578125,10560500
2020-03-05,119.3853988647461,142.00999450683594,142.67999267578125,139.83999633789062,140.8000030517578,11339200
2020-03-06,119.40222930908203,142.02999877929688,143.00999450683594,137.41000366210938,138.47999572753906,12239100
2020-03-09,114.70281982421875,136.44000244140625,139.67999267578125,134.89999389648438,136.3300018310547,13848600
2020-03-10,119.0743637084961,141.63999938964844,141.9499969482422,134.22999572753906,139.97000122070312,12698100
2020-03-11,110.80200958251953,131.8000030517578,138.75,131.5,138.08999633789062,17763400
2020-03-12,105.43006134033203,125.41000366210938,133.75999450683594,124.5,127.30999755859375,21539200
2020-03-13,112.89533233642578,134.2899932861328,134.9199981689453,124.6500015258789,129.32000732421875,20084200
2020-03-16,106.87603759765625,127.12999725341797,133.75999450683594,122.43000030517578,123.56999969482422,18877900
2020-03-17,114.82889556884766,136.58999633789062,136.77000427246094,127.80999755859375,128.5500030517578,18911800
2020-03-18,113.45860290527344,134.9600067138672,135.6699981689453,128.7100067138672,131.02000427246094,17521100
2020-03-19,106.80879211425781,127.05000305175781,134.99000549316406,126.1500015258789,134.99000549316406,18482300
2020-03-20,100.78948974609375,119.88999938964844,127.44000244140625,118.12999725341797,126.83000183105469,19785100
2020-03-23,93.43351745605469,111.13999938964844,118.55999755859375,109.16000366210938,117.0,20815200
2020-03-24,100.19261932373047,119.18000030517578,119.6500015258789,113.86000061035156,118.76000213623047,17604800
2020-03-25,100.37757873535156,119.4000015258789,123.95999908447266,116.69999694824219,118.91000366210938,13986100
2020-03-26,106.4052734375,126.56999969482422,127.0999984741211,120.37999725341797,120.56999969482422,15066800
2020-03-27,103.53852844238281,123.16000366210938,127.62000274658203,120.58000183105469,121.6500015258789,12133200
2020-03-30,111.81926727294922,133.00999450683594,133.99000549316406,127.5,128.4600067138672,21754000
2020-03-31,110.2387924194336,131.1300048828125,135.7100067138672,130.0500030517578,134.99000549316406,15746100
2020-04-01,108.28839874267578,128.80999755859375,130.22999572753906,125.5,127.69999694824219,12606100
2020-04-02,111.93695831298828,133.14999389648438,134.0,127.22000122070312,129.1199951171875,11594500
2020-04-03,112.79447174072266,134.1699981689453,134.7899932861328,131.5800018310547,132.3800048828125,10071200
2020-04-06,117.49384307861328,139.75999450683594,140.97000122070312,135.5399932861328,137.00999450683594,14994400
2020-04-07,115.57711791992188,137.47999572753906,142.02999877929688,137.25999450683594,139.86000061035156,11567100
2020-04-08,120.4362564086914,143.25999450683594,144.1300048828125,137.3000030517578,137.75,10758200
2020-04-09,118.72969818115234,141.22999572753906,145.4199981689453,140.27999877929688,144.00999450683594,11125400
2020-04-13,117.50228881835938,139.77000427246094,141.49000549316406,137.83999633789062,140.0,8153200
2020-04-14,122.76496887207031,146.02999877929688,147.4199981689453,144.0500030517578,145.4199981689453,13838000
2020-04-15,124.13529205322266,147.66000366210938,147.91000366210938,143.5399932861328,145.5500030517578,11962300
2020-04-16,125.8250503540039,149.6699981689453,150.67999267578125,146.44000244140625,148.30999755859375,12181700
2020-04-17,127.8006362915039,152.02000427246094,152.3000030517578,149.60000610351562,151.99000549316406,10920000
2020-04-20,127.50640869140625,151.6699981689453,153.0,150.08999633789062,150.92999267578125,12226200
2020-04-21,125.83340454101562,149.67999267578125,151.63999938964844,148.57000732421875,150.1199951171875,9951100
2020-04-22,128.61611938476562,152.99000549316406,155.0,151.72999572753906,152.80999755859375,11515600
2020-04-23,130.734619140625,155.50999450683594,157.0,153.6999969482422,154.25,10665000
2020-04-24,130.1881866455078,154.86000061035156,156.3000030517578,153.63999938964844,155.57000732421875,8653400
2020-04-27,129.708984375,154.2899932861328,156.0500030517578,154.0,154.80999755859375,8924000
2020-04-28,127.27101135253906,151.38999938964844,153.10000610351562,150.6999969482422,151.25,8558700
2020-04-29,126.3042221069336,150.24000549316406,151.6300048828125,149.16000366210938,151.3800048828125,9285200
2020-04-30,126.13609313964844,150.0399932861328,150.42999267578125,147.16000366210938,148.4600067138672,14829600
2020-05-01,124.6648941040039,148.2899932861328,149.6699981689453,146.7899932861328,149.6199951171875,7309000
2020-05-04,124.64805603027344,148.27000427246094,149.0800018310547,147.08999633789062,148.77000427246094,7198400
2020-05-05,125.6821060180664,149.5,150.77999877929688,148.63999938964844,149.0,6562300
2020-05-06,124.48836517333984,148.0800018310547,150.32000732421875,148.0399932861328,150.0,6191600
2020-05-07,124.07638549804688,147.58999633789062,149.52999877929688,147.1300048828125,149.3699951171875,5570500
2020-05-08,125.00958251953125,148.6999969482422,149.17999267578125,147.88999938964844,148.9199981689453,4712100
2020-05-11,125.3542709350586,149.11000061035156,150.10000610351562,148.1199951171875,148.4499969482422,5887500
2020-05-12,123.69810485839844,147.13999938964844,150.33999633789062,147.02999877929688,150.10000610351562,7039200
2020-05-13,123.6897201538086,147.1300048828125,148.9499969482422,146.00999450683594,146.0800018310547,6970500
2020-05-14,124.1184310913086,147.63999938964844,147.75999450683594,144.25999450683594,145.38999938964844,6871400
2020-05-15,126.47234344482422,150.44000244140625,150.47999572753906,145.66000366210938,147.8699951171875,10340400
2020-05-18,126.53962707519531,150.52000427246094,153.6199951171875,150.4600067138672,152.49000549316406,7388400
2020-05-19,125.27859497070312,149.02000427246094,151.10000610351562,148.39999389648438,150.10000610351562,6107300
2020-05-20,124.15204620361328,147.67999267578125,150.38999938964844,147.27000427246094,149.75,5713400
2020-05-21,123.33663940429688,146.7100067138672,148.5,145.82000732421875,148.5,6487300
2020-05-22,122.21073150634766,144.3699951171875,146.2899932861328,144.05999755859375,144.57000732421875,6140900
2020-05-26,122.3716049194336,144.55999755859375,146.44000244140625,144.3000030517578,146.19000244140625,7072300
2020-05-27,122.65096282958984,144.88999938964844,145.25,143.00999450683594,144.32000732421875,7950000
2020-05-28,124.41170501708984,146.97000122070312,148.11000061035156,145.80999755859375,146.02000427246094,6189600
2020-05-29,125.91851806640625,148.75,149.35000610351562,145.3300018310547,147.9600067138672,8504000
2020-06-01,124.59793090820312,147.19000244140625,148.33999633789062,146.00999450683594,147.2899932861328,6141800
2020-06-02,125.49520111083984,148.25,148.35000610351562,146.1199951171875,147.05999755859375,6078300
2020-06-03,125.83381652832031,148.64999389648438,149.13999938964844,146.4499969482422,148.52000427246094,6339500
2020-06-04,124.20852661132812,146.72999572753906,148.3699951171875,145.5800018310547,146.8000030517578,8170500
2020-06-05,124.69105529785156,147.3000030517578,149.63999938964844,146.60000610351562,147.69000244140625,9725400
2020-06-08,124.24240112304688,146.77000427246094,147.61000061035156,145.74000549316406,145.8800048828125,7555600
2020-06-09,123.55670166015625,145.9600067138672,149.3300018310547,145.64999389648438,148.25,8247200
2020-06-10,125.11431884765625,147.8000030517578,150.02999877929688,146.60000610351562,146.60000610351562,10137100
2020-06-11,119.24797821044922,140.8699951171875,149.1699981689453,140.75,148.5800018310547,11913300
2020-06-12,120.33150482177734,142.14999389648438,143.7100067138672,140.27999877929688,142.83999633789062,8687400
2020-06-15,119.56965637207031,141.25,142.39999389648438,139.38999938964844,141.0,8649600
2020-06-16,122.28694915771484,144.4600067138672,145.4199981689453,142.77000427246094,144.08999633789062,7579100
2020-06-17,121.91448211669922,144.02000427246094,145.4199981689453,143.47000122070312,144.89999389648438,5100100
2020-06-18,121.3980941772461,143.41000366210938,144.1199951171875,141.8699951171875,142.52000427246094,4797400
2020-06-19,121.75364685058594,143.8300018310547,145.8800048828125,143.25,145.7899932861328,12206900
2020-06-22,121.38118743896484,143.38999938964844,143.66000366210938,142.02999877929688,143.47000122070312,5285600
2020-06-23,120.93252563476562,142.86000061035156,144.0800018310547,142.67999267578125,143.74000549316406,5921600
2020-06-24,118.35917663574219,139.82000732421875,142.19000244140625,138.72000122070312,141.49000549316406,8211200
2020-06-25,118.23213958740234,139.6699981689453,140.57000732421875,137.5399932861328,140.57000732421875,7421200
2020-06-26,116.65763854980469,137.80999755859375,139.60000610351562,137.02000427246094,139.52999877929688,12849700
2020-06-29,117.69886016845703,139.0399932861328,139.6999969482422,137.97999572753906,138.74000549316406,5309800
2020-06-30,119.04479217529297,140.6300048828125,141.02000427246094,137.83999633789062,139.39999389648438,7738300
2020-07-01,118.83314514160156,140.3800048828125,141.38999938964844,140.05999755859375,140.69000244140625,6174800
2020-07-02,119.33264923095703,140.97000122070312,141.83999633789062,140.3300018310547,141.25,5152200
2020-07-06,121.03412628173828,142.97999572753906,143.77000427246094,141.8800048828125,142.1699981689453,6156400
2020-07-07,120.92410278320312,142.85000610351562,143.97000122070312,141.22999572753906,141.38999938964844,5622600
2020-07-08,121.27960205078125,143.27000427246094,143.38999938964844,141.6999969482422,142.8699951171875,6257400
2020-07-09,120.61932373046875,142.49000549316406,144.42999267578125,140.5800018310547,142.75999450683594,5738600
2020-07-10,120.5177230834961,142.3699951171875,142.8699951171875,141.42999267578125,142.75,4282400
2020-07-13,122.92182922363281,145.2100067138672,146.63999938964844,143.27999877929688,143.61000061035156,6951900
2020-07-14,125.21588134765625,147.9199981689453,148.38999938964844,145.25999450683594,145.32000732421875,7447100
2020-07-15,125.5036849975586,148.25999450683594,150.2100067138672,148.22999572753906,149.72999572753906,8512800
2020-07-16,126.34172058105469,149.25,149.33999633789062,146.67999267578125,148.67999267578125,9304700
2020-07-17,126.4263916015625,149.35000610351562,150.5800018310547,148.69000244140625,150.0,7441100
2020-07-20,126.6380386352539,149.60000610351562,150.32000732421875,148.42999267578125,150.22999572753906,6191500
2020-07-21,126.75652313232422,149.74000549316406,151.6699981689453,149.5,149.60000610351562,5575900
2020-07-22,126.98506164550781,150.00999450683594,150.41000366210938,147.85000610351562,149.92999267578125,5910200
2020-07-23,126.64645385742188,149.61000061035156,150.85000610351562,149.27999877929688,150.2100067138672,6566300
2020-07-24,125.38514709472656,148.1199951171875,150.60000610351562,147.02999877929688,150.5,5405900
2020-07-27,124.5894775390625,147.17999267578125,148.9199981689453,146.86000061035156,147.3699951171875,5675200
2020-07-28,124.29319763183594,146.8300018310547,147.99000549316406,146.75,147.39999389648438,4842200
2020-07-29,124.04763793945312,146.5399932861328,147.47000122070312,146.07000732421875,146.38999938964844,4489100
2020-07-30,124.30165100097656,146.83999633789062,147.5,146.13999938964844,147.44000244140625,5922500
2020-07-31,123.38741302490234,145.75999450683594,147.4499969482422,143.9600067138672,146.66000366210938,8259600
2020-08-03,124.73334503173828,147.35000610351562,147.7899932861328,146.14999389648438,146.38999938964844,4078700
2020-08-04,124.6233139038086,147.22000122070312,147.22000122070312,145.82000732421875,146.99000549316406,4162200
2020-08-05,125.62220001220703,148.39999389648438,149.30999755859375,147.8000030517578,149.10000610351562,5467500
2020-08-06,124.90264892578125,147.5500030517578,149.25,146.5,148.39999389648438,4837900
2020-08-07,125.79150390625,148.60000610351562,148.64999389648438,147.14999389648438,147.50999450683594,3635100
2020-08-10,125.30899047851562,148.02999877929688,149.00999450683594,147.72000122070312,148.86000061035156,4096600
2020-08-11,124.41170501708984,146.97000122070312,149.22999572753906,146.3699951171875,149.13999938964844,6388400
2020-08-12,126.68882751464844,149.66000366210938,150.24000549316406,147.49000549316406,147.5399932861328,5257300
2020-08-13,125.28362274169922,148.0,149.19000244140625,147.52999877929688,148.5399932861328,5155500
2020-08-14,125.48680877685547,148.24000549316406,149.33999633789062,147.5800018310547,147.61000061035156,4240200
2020-08-17,126.12161254882812,148.99000549316406,150.22999572753906,148.22999572753906,148.32000732421875,4306900
2020-08-18,127.05281829833984,150.08999633789062,150.10000610351562,148.57000732421875,149.25999450683594,4322600
2020-08-19,127.3067626953125,150.38999938964844,151.5800018310547,149.32000732421875,149.5800018310547,7816300
2020-08-20,128.17864990234375,151.4199981689453,151.5800018310547,149.5500030517578,149.75,4874700
2020-08-21,129.31300354003906,152.75999450683594,153.64999389648438,150.58999633789062,151.77999877929688,6722800
2020-08-24,129.65382385253906,152.14999389648438,152.89999389648438,150.35000610351562,152.74000549316406,5387900
2020-08-25,129.57713317871094,152.05999755859375,153.07000732421875,151.5399932861328,152.77999877929688,3863500
2020-08-26,129.78167724609375,152.3000030517578,152.64999389648438,150.63999938964844,151.86000061035156,8008300
2020-08-27,130.36114501953125,152.97999572753906,153.25999450683594,151.88999938964844,152.4199981689453,5575400
2020-08-28,130.92352294921875,153.63999938964844,153.6999969482422,151.89999389648438,152.74000549316406,5395700
2020-08-31,130.72752380371094,153.41000366210938,154.39999389648438,152.25999450683594,153.0,6362700
2020-09-01,129.11700439453125,151.52000427246094,154.0800018310547,150.07000732421875,153.8699951171875,6307700
2020-09-02,131.08546447753906,153.8300018310547,154.3300018310547,149.25,150.7899932861328,6881900
2020-09-03,127.43830871582031,149.5500030517578,155.47000122070312,148.3000030517578,154.8300018310547,8672800
2020-09-04,126.62019348144531,148.58999633789062,150.9499969482422,147.1300048828125,150.1699981689453,7200100
2020-09-08,125.48686981201172,147.25999450683594,150.88999938964844,146.89999389648438,150.25,8756800
2020-09-09,127.56605529785156,149.6999969482422,151.10000610351562,148.1199951171875,148.14999389648438,6960700
2020-09-10,125.18860626220703,146.91000366210938,149.77999877929688,146.52000427246094,149.25,6191800
2020-09-11,125.92996978759766,147.77999877929688,148.52999877929688,146.6300048828125,147.0500030517578,3934700
2020-09-14,126.41571807861328,148.35000610351562,149.47000122070312,148.00999450683594,148.1199951171875,4375800
2020-09-15,126.87586975097656,148.88999938964844,150.58999633789062,148.52000427246094,149.4499969482422,3658800
2020-09-16,126.45831298828125,148.39999389648438,150.05999755859375,148.35000610351562,149.38999938964844,4323000
2020-09-17,125.41015625,147.1699981689453,148.6300048828125,146.0500030517578,148.0399932861328,5461400
2020-09-18,127.12297821044922,149.17999267578125,149.64999389648438,146.1999969482422,146.50999450683594,12174000
2020-09-21,123.6462173461914,145.10000610351562,147.92999267578125,142.9600067138672,147.5800018310547,7574500
2020-09-22,122.88783264160156,144.2100067138672,145.35000610351562,143.72000122070312,144.69000244140625,5295900
2020-09-23,123.08380889892578,144.44000244140625,147.5500030517578,144.3800048828125,147.47999572753906,8784400
2020-09-24,123.27980041503906,144.6699981689453,145.25,143.33999633789062,144.55999755859375,5614800
2020-09-25,124.12340545654297,145.66000366210938,146.25,143.88999938964844,144.0,5531200
2020-09-28,125.3590316772461,147.11000061035156,148.2899932861328,146.4199981689453,146.72999572753906,5843200
2020-09-29,125.31640625,147.05999755859375,147.9199981689453,146.05999755859375,147.60000610351562,6768600
2020-09-30,126.86734771728516,148.8800048828125,149.72999572753906,146.83999633789062,147.4499969482422,8487700
2020-10-01,125.53797912597656,147.32000732421875,149.64999389648438,146.4600067138672,149.30999755859375,6457800
2020-10-02,124.61766815185547,146.24000549316406,148.41000366210938,145.8300018310547,146.2100067138672,5485600
2020-10-05,126.31340789794922,148.22999572753906,148.3800048828125,146.4199981689453,147.0,4992800
2020-10-06,124.63473510742188,146.25999450683594,148.61000061035156,145.8699951171875,148.27999877929688,5118200
2020-10-07,126.01519012451172,147.8800048828125,148.22999572753906,145.80999755859375,146.49000549316406,5603100
2020-10-08,126.87586975097656,148.88999938964844,149.85000610351562,148.0399932861328,148.5,4413500
2020-10-09,128.64833068847656,150.97000122070312,151.47999572753906,149.4499969482422,149.64999389648438,5054100
2020-10-12,129.38970947265625,151.83999633789062,153.13999938964844,151.02000427246094,151.60000610351562,7273200
2020-10-13,126.42420196533203,148.36000061035156,150.1199951171875,147.77000427246094,149.0,11057600
2020-10-14,126.2026596069336,148.10000610351562,149.02999877929688,147.38999938964844,148.82000732421875,7706400
2020-10-15,125.42720794677734,147.19000244140625,147.89999389648438,146.3300018310547,147.47999572753906,5978600
2020-10-16,126.2026596069336,148.10000610351562,148.75999450683594,147.00999450683594,147.60000610351562,6097000
2020-10-19,122.98158264160156,144.32000732421875,148.89999389648438,144.1300048828125,148.52999877929688,7250800
2020-10-20,123.17755126953125,144.5500030517578,145.75,144.1199951171875,144.66000366210938,5325400
2020-10-21,122.64921569824219,143.92999267578125,145.33999633789062,143.91000366210938,144.1199951171875,5221300
2020-10-22,123.62921142578125,145.0800018310547,145.69000244140625,143.83999633789062,144.16000366210938,5279700
2020-10-23,123.76553344726562,145.24000549316406,147.47000122070312,144.35000610351562,145.8800048828125,4154400
2020-10-26,122.68328857421875,143.97000122070312,144.77000427246094,142.75,144.42999267578125,6929500
2020-10-27,121.98453521728516,143.14999389648438,144.2899932861328,142.9199981689453,143.74000549316406,4890100
2020-10-28,117.9028091430664,138.36000061035156,141.97999572753906,138.17999267578125,141.42999267578125,8426100
2020-10-29,116.90575408935547,137.19000244140625,138.6999969482422,136.0500030517578,138.0,7205400
2020-10-30,116.83760833740234,137.11000061035156,137.5399932861328,133.64999389648438,136.67999267578125,7364100
2020-11-02,118.18396759033203,138.69000244140625,139.00999450683594,137.49000549316406,138.97999572753906,7088000
2020-11-03,118.0220718383789,138.5,140.9600067138672,137.77999877929688,140.02000427246094,6363000
2020-11-04,118.78897094726562,139.39999389648438,142.5399932861328,138.6999969482422,139.49000549316406,10263500
2020-11-05,119.09574890136719,139.75999450683594,141.8300018310547,139.25999450683594,140.5500030517578,8016200
2020-11-06,121.21761322021484,142.25,143.19000244140625,139.64999389648438,140.39999389648438,5942500
2020-11-09,124.48133850097656,146.0800018310547,148.99000549316406,144.9199981689453,148.42999267578125,12351600
2020-11-10,126.35606384277344,148.27999877929688,148.75,146.25999450683594,147.25,7386500
2020-11-11,125.947021484375,147.8000030517578,149.1999969482422,146.86000061035156,149.1699981689453,6382400
2020-11-12,126.37306213378906,148.3000030517578,148.64999389648438,146.75,147.61000061035156,4710300
2020-11-13,127.73650360107422,149.89999389648438,150.41000366210938,148.41000366210938,149.08999633789062,5893500
2020-11-16,128.5460968017578,150.85000610351562,151.3000030517578,149.8000030517578,150.9199981689453,6266400
2020-11-17,127.26786041259766,149.35000610351562,150.6300048828125,149.1199951171875,150.0,7297700
2020-11-18,125.58059692382812,147.3699951171875,149.75999450683594,147.3699951171875,148.8699951171875,6661000
2020-11-19,125.38459014892578,147.13999938964844,147.4600067138672,145.58999633789062,147.3000030517578,7987700
2020-11-20,124.71994018554688,146.36000061035156,147.94000244140625,146.1300048828125,147.0500030517578,6354900
2020-11-23,123.45000457763672,143.8699951171875,146.00999450683594,143.0399932861328,146.00999450683594,7318300
2020-11-24,123.45000457763672,143.8699951171875,144.75999450683594,143.61000061035156,144.0,11034800
2020-11-25,123.28694915771484,143.67999267578125,144.1699981689453,142.86000061035156,144.05999755859375,7594600
2020-11-27,123.56156921386719,144.0,144.66000366210938,143.22000122070312,144.5,3059000
2020-11-30,124.14498901367188,144.67999267578125,144.86000061035156,143.05999755859375,144.22999572753906,15663200
2020-12-01,126.52185821533203,147.4499969482422,149.1300048828125,145.86000061035156,146.2899932861328,9738200
2020-12-02,127.11393737792969,148.13999938964844,149.7100067138672,147.6999969482422,147.85000610351562,7745500
2020-12-03,127.85188293457031,149.0,149.5800018310547,147.69000244140625,148.0399932861328,7310500
2020-12-04,128.9416046142578,150.27000427246094,150.30999755859375,149.27000427246094,149.7899932861328,6747100
2020-12-07,127.82612609863281,148.97000122070312,149.91000366210938,148.50999450683594,149.35000610351562,6634700
2020-12-08,130.03997802734375,151.5500030517578,152.13999938964844,149.5500030517578,150.0,8339800
2020-12-09,131.36997985839844,153.10000610351562,153.5,151.75999450683594,152.8300018310547,8440100
2020-12-10,130.64059448242188,152.25,152.97999572753906,151.67999267578125,152.82000732421875,7392900
2020-12-11,131.24124145507812,152.9499969482422,153.41000366210938,151.22999572753906,151.52999877929688,5977400
2020-12-14,127.91194152832031,149.07000732421875,153.47999572753906,148.99000549316406,153.25,8547300
2020-12-15,129.19903564453125,150.57000732421875,150.75,149.52999877929688,150.0,7612600
2020-12-16,128.4267578125,149.6699981689453,150.9199981689453,149.5500030517578,150.1999969482422,8486100
2020-12-17,131.81610107421875,153.6199951171875,153.88999938964844,149.9600067138672,150.08999633789062,9920300
2020-12-18,132.5797882080078,154.50999450683594,155.10000610351562,151.6699981689453,153.64999389648438,17137200
2020-12-21,131.3013153076172,153.02000427246094,153.41000366210938,150.0500030517578,152.00999450683594,7893400
2020-12-22,131.0438690185547,152.72000122070312,153.89999389648438,151.86000061035156,152.39999389648438,4699500
2020-12-23,130.37457275390625,151.94000244140625,153.60000610351562,151.89999389648438,152.8000030517578,4607300
2020-12-24,130.82936096191406,152.47000122070312,153.0399932861328,151.82000732421875,151.85000610351562,2114900
2020-12-28,131.44717407226562,153.19000244140625,153.8699951171875,152.3000030517578,153.32000732421875,3855500
2020-12-29,132.26231384277344,154.13999938964844,154.92999267578125,153.8000030517578,154.11000061035156,5212000
2020-12-30,133.9012451171875,156.0500030517578,156.3800048828125,154.60000610351562,154.74000549316406,5412800
2020-12-31,135.04246520996094,157.3800048828125,157.66000366210938,155.11000061035156,156.52999877929688,5099900
2021-01-04,134.28738403320312,156.5,157.3800048828125,154.1300048828125,157.24000549316406,11765900
2021-01-05,135.8661651611328,158.33999633789062,158.75999450683594,155.07000732421875,156.25,9602300
2021-01-06,137.144775390625,159.8300018310547,160.22999572753906,156.72000122070312,157.24000549316406,8230100
2021-01-07,137.6080780029297,160.3699951171875,161.02999877929688,158.35000610351562,159.0,7747200
2021-01-08,137.32492065429688,160.0399932861328,161.10000610351562,159.8800048828125,160.50999450683594,8228900
2021-01-11,136.75006103515625,159.3699951171875,161.32000732421875,158.77000427246094,160.55999755859375,7066200
2021-01-12,135.68600463867188,158.1300048828125,159.66000366210938,157.3300018310547,159.14999389648438,6903200
2021-01-13,135.4800567626953,157.88999938964844,158.4600067138672,156.75,158.22999572753906,6643100
2021-01-14,137.8483123779297,160.64999389648438,161.9499969482422,159.61000061035156,160.4499969482422,10030800
2021-01-15,137.54803466796875,160.3000030517578,161.41000366210938,159.11000061035156,160.3000030517578,7630800
2021-01-19,139.676025390625,162.77999877929688,163.0399932861328,161.10000610351562,162.0,9057600
2021-01-20,139.33279418945312,162.3800048828125,164.13999938964844,161.8000030517578,163.1999969482422,6839900
2021-01-21,138.7750701904297,161.72999572753906,162.47999572753906,160.05999755859375,161.32000732421875,6818000
2021-01-22,140.3367919921875,163.5500030517578,165.16000366210938,161.8699951171875,162.36000061035156,8137000
2021-01-25,142.42184448242188,165.97999572753906,166.08999633789062,163.66000366210938,165.00999450683594,9924400
2021-01-26,146.28309631347656,170.47999572753906,173.64999389648438,169.38999938964844,169.6999969482422,14205700
2021-01-27,144.05213928222656,167.8800048828125,170.9199981689453,167.4499969482422,169.1199951171875,14207300
2021-01-28,145.1504669189453,169.16000366210938,170.86000061035156,167.8000030517578,168.1999969482422,8944400
2021-01-29,139.97634887695312,163.1300048828125,166.0,160.5500030517578,164.25999450683594,22505900
2021-02-01,139.615966796875,162.7100067138672,165.30999755859375,162.60000610351562,165.30999755859375,9971400
2021-02-02,138.36314392089844,161.25,163.66000366210938,161.17999267578125,163.3800048828125,11443300
2021-02-03,137.7196502685547,160.5,161.52000427246094,159.57000732421875,160.94000244140625,8601900
2021-02-04,138.9981689453125,161.99000549316406,162.08999633789062,159.75999450683594,161.0,7758100
2021-02-05,141.1089630126953,164.4499969482422,165.44000244140625,163.86000061035156,164.86000061035156,9495300
2021-02-08,141.5122833251953,164.9199981689453,165.9199981689453,163.8800048828125,165.02999877929688,6035300
2021-02-09,142.67068481445312,166.27000427246094,166.58999633789062,164.97000122070312,165.1999969482422,5544200
2021-02-10,143.134033203125,166.80999755859375,167.94000244140625,165.6999969482422,167.88999938964844,5921300
2021-02-11,142.4904327392578,166.05999755859375,167.3800048828125,165.60000610351562,167.0,4871300
2021-02-12,142.93666076660156,166.5800018310547,166.85000610351562,164.0,164.39999389648438,4413100
2021-02-16,141.64102172851562,165.07000732421875,167.0500030517578,164.63999938964844,166.5800018310547,5656100
2021-02-17,142.14724731445312,165.66000366210938,166.08999633789062,164.36000061035156,164.97000122070312,6676700
2021-02-18,142.21588134765625,165.74000549316406,166.16000366210938,164.3000030517578,164.9600067138672,5189100
2021-02-19,139.84759521484375,162.97999572753906,165.9600067138672,162.91000366210938,165.60000610351562,8190900
2021-02-22,139.76126098632812,161.8699951171875,162.5399932861328,160.2899932861328,161.8699951171875,6447100
2021-02-23,138.52662658691406,160.44000244140625,163.19000244140625,160.39999389648438,161.47999572753906,7042800
2021-02-24,140.38294982910156,162.58999633789062,164.38999938964844,160.9199981689453,162.39999389648438,10286100
2021-02-25,140.52969360351562,162.75999450683594,163.6999969482422,161.99000549316406,163.1300048828125,9719700
2021-02-26,136.81707763671875,158.4600067138672,162.41000366210938,157.97000122070312,162.0,14417500
2021-03-01,137.55955505371094,159.32000732421875,161.52999877929688,159.08999633789062,161.4499969482422,10551400
2021-03-02,137.30056762695312,159.02000427246094,160.77999877929688,158.60000610351562,159.77999877929688,7610900
2021-03-03,134.88302612304688,156.22000122070312,158.89999389648438,156.05999755859375,158.25,8499600
2021-03-04,132.1632080078125,153.07000732421875,156.10000610351562,151.47000122070312,155.99000549316406,11033200
2021-03-05,134.77938842773438,156.10000610351562,156.69000244140625,153.1300048828125,153.97999572753906,8331600
2021-03-08,135.9018096923828,157.39999389648438,159.3300018310547,155.97999572753906,157.0,6546700
2021-03-09,136.16087341308594,157.6999969482422,160.75,156.88999938964844,156.88999938964844,7461300
2021-03-10,137.41282653808594,159.14999389648438,159.89999389648438,157.36000061035156,158.82000732421875,6635600
2021-03-11,137.40419006347656,159.13999938964844,160.6300048828125,158.9199981689453,159.5399932861328,6305600
2021-03-12,137.80133056640625,159.60000610351562,160.30999755859375,159.19000244140625,159.27999877929688,5474800
2021-03-15,138.5093231201172,160.4199981689453,160.66000366210938,158.5,159.75,5524100
2021-03-16,139.32960510253906,161.3699951171875,161.67999267578125,160.24000549316406,160.4600067138672,6369100
2021-03-17,138.81153869628906,160.77000427246094,161.72999572753906,159.52999877929688,160.8300018310547,6001400
2021-03-18,138.55250549316406,160.47000122070312,161.49000549316406,159.9600067138672,160.2100067138672,4801800
2021-03-19,138.18124389648438,160.0399932861328,161.5,159.47000122070312,160.69000244140625,14891500
2021-03-22,138.57838439941406,160.5,160.64999389648438,158.0,158.30999755859375,7544100
2021-03-23,138.44888305664062,160.35000610351562,161.1999969482422,158.8800048828125,160.2100067138672,7178300
2021-03-24,139.79586791992188,161.91000366210938,162.47999572753906,159.82000732421875,160.10000610351562,6370100
2021-03-25,139.8476104736328,161.97000122070312,162.4499969482422,160.63999938964844,162.44000244140625,6269800
2021-03-26,142.40333557128906,164.92999267578125,165.10000610351562,161.3800048828125,162.08999633789062,7619200
2021-03-29,143.36175537109375,166.0399932861328,167.02999877929688,163.6300048828125,163.8300018310547,8535100
2021-03-30,142.472412109375,165.00999450683594,165.66000366210938,164.22999572753906,165.02000427246094,7236300
2021-03-31,141.90255737304688,164.35000610351562,165.38999938964844,163.6999969482422,164.9600067138672,8281500
2021-04-01,140.59014892578125,162.8300018310547,163.83999633789062,162.25999450683594,162.60000610351562,7229700
2021-04-05,141.1082305908203,163.42999267578125,164.75,162.66000366210938,163.63999938964844,7387100
2021-04-06,141.0736541748047,163.38999938964844,164.52000427246094,163.0,164.0800018310547,5074200
2021-04-07,141.26364135742188,163.61000061035156,164.27999877929688,163.32000732421875,163.5500030517578,4608000
2021-04-08,140.7110595703125,162.97000122070312,164.11000061035156,162.85000610351562,164.0,5039400
2021-04-09,139.22596740722656,161.25,162.92999267578125,159.77999877929688,162.1199951171875,8418300
2021-04-12,139.562744140625,161.63999938964844,162.0800018310547,160.33999633789062,161.08999633789062,5022800
2021-04-13,137.69772338867188,159.47999572753906,159.92999267578125,156.52999877929688,156.86000061035156,18424100
2021-04-14,138.07762145996094,159.9199981689453,160.11000061035156,157.5399932861328,157.8300018310547,7718300
2021-04-15,138.48345947265625,160.38999938964844,162.38999938964844,160.22999572753906,160.72000122070312,7524600
2021-04-16,140.08071899414062,162.24000549316406,162.50999450683594,160.55999755859375,161.33999633789062,9049400
2021-04-19,140.46932983398438,162.69000244140625,163.11000061035156,160.83999633789062,162.5,8353500
2021-04-20,143.74163818359375,166.47999572753906,167.7899932861328,161.0,161.0,14050700
2021-04-21,143.8365936279297,166.58999633789062,166.91000366210938,165.2899932861328,166.3699951171875,6333200
2021-04-22,142.619140625,165.17999267578125,166.27999877929688,164.6199951171875,165.83999633789062,7233000
2021-04-23,142.91275024414062,165.52000427246094,166.05999755859375,164.0,164.52999877929688,6015300
2021-04-26,141.70399475097656,164.1199951171875,165.41000366210938,163.75999450683594,165.2100067138672,6027800
2021-04-27,140.89236450195312,163.17999267578125,163.91000366210938,162.47000122070312,163.75999450683594,6217700
2021-04-28,139.8562774658203,161.97999572753906,163.1999969482422,161.64999389648438,162.86000061035156,7448000
2021-04-29,141.77304077148438,164.1999969482422,164.25999450683594,161.80999755859375,161.89999389648438,6394300
2021-04-30,140.5037841796875,162.72999572753906,164.3300018310547,162.52000427246094,164.14999389648438,9079100
2021-05-03,142.64511108398438,165.2100067138672,165.32000732421875,163.1199951171875,163.60000610351562,6594100
2021-05-04,144.85545349121094,167.77000427246094,167.85000610351562,164.6699981689453,164.8300018310547,10179500
2021-05-05,144.25108337402344,167.07000732421875,168.39999389648438,166.7899932861328,167.5,7792300
2021-05-06,144.82955932617188,167.74000549316406,167.88999938964844,166.24000549316406,166.7899932861328,5529900
2021-05-07,145.48573303222656,168.5,169.17999267578125,167.8300018310547,168.3000030517578,5316200
2021-05-10,147.01400756835938,170.27000427246094,171.52999877929688,169.22999572753906,169.89999389648438,8357500
2021-05-11,145.81385803222656,168.8800048828125,170.8699951171875,168.27999877929688,170.64999389648438,8217900
2021-05-12,145.22669982910156,168.1999969482422,169.8000030517578,167.9499969482422,168.5399932861328,6758300
2021-05-13,146.74635314941406,169.9600067138672,170.6999969482422,166.97000122070312,166.97000122070312,8018600
2021-05-14,146.97085571289062,170.22000122070312,171.61000061035156,170.1699981689453,171.47999572753906,5797700
2021-05-17,147.1176300048828,170.38999938964844,171.88999938964844,170.30999755859375,170.39999389648438,5722600
2021-05-18,147.16944885253906,170.4499969482422,171.3699951171875,169.52999877929688,169.97999572753906,5846000
2021-05-19,146.8499298095703,170.0800018310547,170.16000366210938,168.0399932861328,169.91000366210938,5533800
2021-05-20,147.70474243164062,171.07000732421875,171.58999633789062,169.69000244140625,169.94000244140625,4853200
2021-05-21,147.60975646972656,170.9600067138672,172.74000549316406,170.8699951171875,171.3300018310547,6501800
2021-05-24,148.17446899414062,170.5500030517578,171.35000610351562,169.77000427246094,170.89999389648438,5195100
2021-05-25,147.76612854003906,170.0800018310547,171.02999877929688,169.74000549316406,170.6699981689453,7444700
2021-05-26,146.888671875,169.07000732421875,170.0800018310547,168.27999877929688,170.0,5726400
2021-05-27,146.6627655029297,168.80999755859375,170.1699981689453,168.3800048828125,169.25999450683594,8114700
2021-05-28,147.04501342773438,169.25,171.00999450683594,169.1699981689453,169.52000427246094,6400800
2021-06-01,143.81309509277344,165.52999877929688,170.1999969482422,165.3800048828125,170.14999389648438,10448400
2021-06-02,144.3951416015625,166.1999969482422,166.72999572753906,165.11000061035156,165.3000030517578,6806000
2021-06-03,144.2561798095703,166.0399932861328,167.14999389648438,165.7100067138672,165.88999938964844,5808800
2021-06-04,144.1953582763672,165.97000122070312,167.57000732421875,165.8699951171875,167.00999450683594,6510300
2021-06-07,143.213623046875,164.83999633789062,166.32000732421875,164.6300048828125,166.0,5362800
2021-06-08,141.9538116455078,163.38999938964844,165.66000366210938,162.07000732421875,165.27999877929688,7746800
2021-06-09,143.86520385742188,165.58999633789062,165.77999877929688,163.66000366210938,163.99000549316406,5552600
2021-06-10,145.1597442626953,167.0800018310547,167.5800018310547,165.9499969482422,166.0,6463100
2021-06-11,143.31785583496094,164.9600067138672,167.0800018310547,164.22000122070312,167.07000732421875,7389900
2021-06-14,143.67405700683594,165.3699951171875,165.4600067138672,163.89999389648438,164.5,4931300
2021-06-15,142.90951538085938,164.49000549316406,165.86000061035156,164.38999938964844,165.22999572753906,5062900
2021-06-16,142.857421875,164.42999267578125,165.75,163.47999572753906,164.8000030517578,6988500
2021-06-17,143.54373168945312,165.22000122070312,165.6999969482422,163.5,164.19000244140625,5874700
2021-06-18,140.7288360595703,161.97999572753906,164.19000244140625,161.7899932861328,163.27000427246094,12993000
2021-06-21,142.34478759765625,163.83999633789062,164.25999450683594,162.25,162.77000427246094,6592300
2021-06-22,142.15367126464844,163.6199951171875,164.0399932861328,163.27999877929688,163.7100067138672,5627800
2021-06-23,141.2935333251953,162.6300048828125,163.69000244140625,162.47999572753906,163.69000244140625,4493400
2021-06-24,141.9364776611328,163.3699951171875,164.1999969482422,162.8000030517578,163.27000427246094,4549200
2021-06-25,142.66627502441406,164.2100067138672,164.77999877929688,162.88999938964844,162.94000244140625,10963800
2021-06-28,142.5011444091797,164.02000427246094,165.07000732421875,163.52000427246094,164.44000244140625,5604000
2021-06-29,142.50987243652344,164.02999877929688,164.63999938964844,163.41000366210938,164.0,3749500
2021-06-30,143.12672424316406,164.74000549316406,164.97000122070312,163.6699981689453,164.0,6151700
2021-07-01,144.1866455078125,165.9600067138672,166.00999450683594,164.6300048828125,164.74000549316406,6320200
2021-07-02,146.81044006347656,168.97999572753906,169.3000030517578,165.63999938964844,166.02000427246094,9059900
2021-07-06,145.93295288085938,167.97000122070312,168.86000061035156,166.99000549316406,167.91000366210938,6098500
2021-07-07,147.18402099609375,169.41000366210938,169.5,167.47999572753906,167.47999572753906,6293500
2021-07-08,146.89732360839844,169.0800018310547,169.4600067138672,167.5800018310547,168.6999969482422,5755500
2021-07-09,147.4794158935547,169.75,170.3699951171875,169.24000549316406,169.3699951171875,6120900
2021-07-12,147.24484252929688,169.47999572753906,171.17999267578125,168.5399932861328,169.72999572753906,7840500
2021-07-13,147.06240844726562,169.27000427246094,169.75999450683594,168.6699981689453,168.97000122070312,4691200
2021-07-14,148.06153869628906,170.4199981689453,170.8300018310547,169.0399932861328,170.0,6162900
2021-07-15,146.28050231933594,168.3699951171875,169.89999389648438,167.72000122070312,169.3000030517578,6656900
2021-07-16,146.04591369628906,168.10000610351562,169.08999633789062,167.9499969482422,168.33999633789062,5834900
2021-07-19,144.9859619140625,166.8800048828125,168.19000244140625,165.32000732421875,166.47999572753906,8219700
2021-07-20,146.34996032714844,168.4499969482422,170.80999755859375,166.83999633789062,166.89999389648438,9902800
2021-07-21,147.2535400390625,169.49000549316406,169.69000244140625,167.47999572753906,169.3000030517578,7585200
2021-07-22,147.6792755126953,169.97999572753906,171.07000732421875,168.64999389648438,169.36000061035156,5281900
2021-07-23,149.2517852783203,171.7899932861328,172.17999267578125,170.3800048828125,171.0,5014900
2021-07-26,149.32127380371094,171.8699951171875,172.13999938964844,170.86000061035156,171.82000732421875,4484900
2021-07-27,150.00765991210938,172.66000366210938,172.72000122070312,170.6699981689453,171.8000030517578,7089300
2021-07-28,149.5906219482422,172.17999267578125,173.3800048828125,172.0800018310547,172.72999572753906,5750700
2021-07-29,149.5906219482422,172.17999267578125,173.33999633789062,171.08999633789062,172.74000549316406,4214100
2021-07-30,149.6079864501953,172.1999969482422,172.97999572753906,171.83999633789062,172.5399932861328,5346400
2021-08-02,149.66880798339844,172.27000427246094,172.83999633789062,171.3000030517578,172.47000122070312,3721500
2021-08-03,151.5106964111328,174.38999938964844,174.5,172.44000244140625,172.72999572753906,6033000
2021-08-04,150.6158447265625,173.36000061035156,174.58999633789062,173.25999450683594,174.1999969482422,4793100
2021-08-05,150.90249633789062,173.69000244140625,173.85000610351562,172.4199981689453,173.85000610351562,4291000
2021-08-06,150.3986358642578,173.11000061035156,173.94000244140625,172.4499969482422,173.94000244140625,4581100
2021-08-09,150.91989135742188,173.7100067138672,174.25,172.92999267578125,173.72000122070312,3950200
2021-08-10,150.9720001220703,173.77000427246094,174.11000061035156,172.77999877929688,173.25999450683594,3678300
2021-08-11,150.99810791015625,173.8000030517578,174.47000122070312,173.55999755859375,174.25,4221300
2021-08-12,152.21444702148438,175.1999969482422,175.2899932861328,173.58999633789062,173.82000732421875,4300400
2021-08-13,153.12664794921875,176.25,176.2899932861328,175.1199951171875,175.2899932861328,5882100
2021-08-16,154.50804138183594,177.83999633789062,177.88999938964844,175.9499969482422,176.5500030517578,4782800
2021-08-17,155.9241943359375,179.47000122070312,179.50999450683594,177.30999755859375,177.30999755859375,6041900
2021-08-18,153.94332885742188,177.19000244140625,179.5,177.1300048828125,179.5,7134100
2021-08-19,155.1422882080078,178.57000732421875,179.3300018310547,176.07000732421875,176.6199951171875,5615000
2021-08-20,155.8981170654297,179.44000244140625,179.9199981689453,178.07000732421875,178.88999938964844,5428700
2021-08-23,155.22515869140625,177.61000061035156,178.92999267578125,177.5399932861328,178.38999938964844,6461700
2021-08-24,153.2849578857422,175.38999938964844,177.2100067138672,175.27999877929688,176.99000549316406,5734800
2021-08-25,152.27117919921875,174.22999572753906,175.89999389648438,173.88999938964844,175.69000244140625,5700300
2021-08-26,151.4583740234375,173.3000030517578,174.72000122070312,173.0500030517578,173.9499969482422,5031600
2021-08-27,151.13502502441406,172.92999267578125,174.27999877929688,172.75,174.27999877929688,7046100
2021-08-30,151.7730255126953,173.66000366210938,174.27999877929688,172.77999877929688,172.7899932861328,3252700
2021-08-31,151.309814453125,173.1300048828125,174.49000549316406,172.47999572753906,173.49000549316406,7106800
2021-09-01,151.84291076660156,173.74000549316406,173.74000549316406,172.05999755859375,172.89999389648438,5327400
2021-09-02,152.88294982910156,174.92999267578125,175.19000244140625,173.91000366210938,174.33999633789062,4544300
2021-09-03,152.97906494140625,175.0399932861328,175.22000122070312,173.80999755859375,175.10000610351562,4096900
2021-09-07,150.60191345214844,172.32000732421875,175.02999877929688,171.6699981689453,174.35000610351562,6859900
2021-09-08,150.2348175048828,171.89999389648438,172.97999572753906,171.0800018310547,171.6199951171875,4661700
2021-09-09,146.8874969482422,168.07000732421875,171.47999572753906,167.6999969482422,171.19000244140625,7114600
2021-09-10,145.9261932373047,166.97000122070312,169.08999633789062,166.8699951171875,168.5500030517578,6699300
2021-09-13,144.90365600585938,165.8000030517578,168.1199951171875,165.1300048828125,167.9199981689453,6273500
2021-09-14,144.02967834472656,164.8000030517578,166.5399932861328,164.50999450683594,166.39999389648438,5259600
2021-09-15,144.571533203125,165.4199981689453,165.9600067138672,164.30999755859375,165.0,7935300
2021-09-16,144.39671325683594,165.22000122070312,166.4600067138672,164.19000244140625,165.64999389648438,5665400
2021-09-17,143.98599243164062,164.75,164.91000366210938,163.55999755859375,164.3000030517578,13419800
2021-09-20,143.16444396972656,163.80999755859375,165.1699981689453,162.1699981689453,163.47999572753906,7270800
2021-09-21,143.79371643066406,164.52999877929688,165.97999572753906,164.24000549316406,164.61000061035156,6663600
2021-09-22,143.26930236816406,163.92999267578125,165.9499969482422,163.6300048828125,165.35000610351562,5657100
2021-09-23,144.0821075439453,164.86000061035156,165.77000427246094,164.14999389648438,164.39999389648438,4697900
2021-09-24,143.64512634277344,164.36000061035156,165.64999389648438,163.88999938964844,164.75,4399300
2021-09-27,142.60508728027344,163.1699981689453,164.36000061035156,162.85000610351562,164.0,5775500
2021-09-28,142.29051208496094,162.80999755859375,163.91000366210938,161.77000427246094,163.10000610351562,7610400
2021-09-29,143.3479461669922,164.02000427246094,164.66000366210938,162.77999877929688,163.0,5124100
2021-09-30,141.14561462402344,161.5,165.39999389648438,161.41000366210938,164.63999938964844,6972300
2021-10-01,140.24539184570312,160.47000122070312,161.89999389648438,158.6199951171875,161.52999877929688,8568300
2021-10-04,139.15293884277344,159.22000122070312,161.0,157.6699981689453,159.99000549316406,8620700
2021-10-05,139.46759033203125,159.5800018310547,161.11000061035156,159.14999389648438,159.86000061035156,5129000
2021-10-06,139.7559814453125,159.91000366210938,159.9499969482422,157.83999633789062,159.8699951171875,7312600
2021-10-07,141.00572204589844,161.33999633789062,162.61000061035156,160.02000427246094,160.02000427246094,5309200
2021-10-08,140.64744567871094,160.92999267578125,161.61000061035156,160.25,161.32000732421875,4343200
2021-10-11,140.05313110351562,160.25,161.85000610351562,159.94000244140625,160.86000061035156,4101600
2021-10-12,137.8157501220703,157.69000244140625,160.17999267578125,157.33999633789062,160.0,6686400
2021-10-13,139.1354522705078,159.1999969482422,160.0800018310547,157.75,157.82000732421875,6901100
2021-10-14,139.93075561523438,160.11000061035156,161.13999938964844,159.60000610351562,159.7100067138672,4579200
2021-10-15,140.97080993652344,161.3000030517578,161.80999755859375,160.41000366210938,161.02999877929688,6918400
2021-10-18,139.93951416015625,160.1199951171875,160.88999938964844,159.1999969482422,160.25,7465500
2021-10-19,143.21685791015625,163.8699951171875,165.14999389648438,160.72999572753906,160.89999389648438,10081300
2021-10-20,143.13821411132812,163.77999877929688,164.75,163.25999450683594,163.97999572753906,6003200
2021-10-21,142.8061065673828,163.39999389648438,164.38999938964844,162.27999877929688,164.3000030517578,4524100
2021-10-22,143.08578491210938,163.72000122070312,164.05999755859375,162.9600067138672,163.05999755859375,4304300
2021-10-25,143.40040588378906,164.0800018310547,164.30999755859375,161.7100067138672,163.72000122070312,6715400
2021-10-26,144.8599395751953,165.75,166.02999877929688,164.0500030517578,164.55999755859375,6939100
2021-10-27,143.103271484375,163.74000549316406,165.75999450683594,163.30999755859375,165.67999267578125,7018800
2021-10-28,142.32546997070312,162.85000610351562,165.1999969482422,162.32000732421875,163.77000427246094,6278800
2021-10-29,142.35166931152344,162.8800048828125,163.25,160.61000061035156,162.35000610351562,8526800
2021-11-01,142.47402954101562,163.02000427246094,163.97999572753906,159.39999389648438,163.16000366210938,5846400
2021-11-02,144.7200927734375,165.58999633789062,166.97999572753906,162.97999572753906,163.6999969482422,8450600
2021-11-03,144.2568817138672,165.05999755859375,165.77000427246094,163.42999267578125,165.0399932861328,6717800
2021-11-04,143.8549041748047,164.60000610351562,164.99000549316406,162.6699981689453,164.94000244140625,8224400
2021-11-05,142.83233642578125,163.42999267578125,164.60000610351562,162.1999969482422,162.47999572753906,6215900
2021-11-08,142.3428955078125,162.8699951171875,164.1699981689453,162.00999450683594,163.67999267578125,5578800
2021-11-09,142.02825927734375,162.50999450683594,163.58999633789062,162.02000427246094,162.61000061035156,6112800
2021-11-10,143.56643676757812,164.27000427246094,164.83999633789062,162.35000610351562,162.52999877929688,6225100
2021-11-11,142.50897216796875,163.05999755859375,163.80999755859375,162.49000549316406,163.49000549316406,4118800
2021-11-12,144.2131805419922,165.00999450683594,167.6199951171875,164.61000061035156,167.42999267578125,18995200
2021-11-15,142.91099548339844,163.52000427246094,165.4600067138672,163.22000122070312,165.0,7496200
2021-11-16,142.16812133789062,162.6699981689453,164.35000610351562,162.6199951171875,163.17999267578125,7594700
2021-11-17,142.7012481689453,163.27999877929688,163.86000061035156,161.7899932861328,162.8699951171875,5414500
2021-11-18,141.93214416503906,162.39999389648438,164.47000122070312,162.1300048828125,163.4499969482422,6358700
2021-11-19,142.36041259765625,162.88999938964844,163.19000244140625,161.77999877929688,163.0399932861328,7620700
2021-11-22,140.4866485595703,159.6999969482422,162.63999938964844,159.64999389648438,161.02999877929688,7634500
2021-11-23,141.35755920410156,160.69000244140625,161.0,158.77999877929688,159.52000427246094,7734000
2021-11-24,140.961669921875,160.24000549316406,160.6199951171875,159.3800048828125,160.13999938964844,5230900
2021-11-26,140.04681396484375,159.1999969482422,161.16000366210938,158.66000366210938,160.60000610351562,8523100
2021-11-29,140.53062438964844,159.75,160.4199981689453,158.4199981689453,159.5,9188500
2021-11-30,137.1702117919922,155.92999267578125,159.0,155.85000610351562,158.50999450683594,14981700
2021-12-01,139.06155395507812,158.0800018310547,160.0800018310547,156.25,156.8800048828125,9835800
2021-12-02,138.19061279296875,157.08999633789062,159.2899932861328,156.75,157.25999450683594,11334700
2021-12-03,140.20510864257812,159.3800048828125,159.6699981689453,157.58999633789062,157.91000366210938,8750500
2021-12-06,143.33685302734375,162.94000244140625,163.52000427246094,159.8300018310547,160.19000244140625,9692000
2021-12-07,143.7063446044922,163.36000061035156,164.27000427246094,162.41000366210938,164.0,8311300
2021-12-08,144.56842041015625,164.33999633789062,164.57000732421875,162.63999938964844,163.47000122070312,6216400
2021-12-09,145.9407196044922,165.89999389648438,165.97999572753906,163.49000549316406,164.17999267578125,8574200
2021-12-10,145.58006286621094,165.49000549316406,166.69000244140625,164.64999389648438,165.57000732421875,6572200
2021-12-13,148.18392944335938,168.4499969482422,169.1999969482422,163.8000030517578,164.75,11142300
2021-12-14,149.80255126953125,170.2899932861328,170.97000122070312,167.16000366210938,168.3300018310547,10482400
2021-12-15,150.55032348632812,171.13999938964844,171.3000030517578,169.4199981689453,169.85000610351562,8552200
2021-12-16,152.19532775878906,173.00999450683594,173.50999450683594,170.83999633789062,171.25999450683594,8998600
2021-12-17,147.9904022216797,168.22999572753906,170.77999877929688,167.66000366210938,169.63999938964844,16726200
2021-12-20,147.56814575195312,167.75,168.50999450683594,166.5500030517578,167.80999755859375,7954500
2021-12-21,147.09315490722656,167.2100067138672,168.10000610351562,165.97999572753906,168.05999755859375,7954200
2021-12-22,147.7264862060547,167.92999267578125,168.1699981689453,166.1199951171875,167.05999755859375,4178200
2021-12-23,148.00802612304688,168.25,168.9499969482422,167.36000061035156,167.8800048828125,3501500
2021-12-27,149.25714111328125,169.6699981689453,169.85000610351562,168.6999969482422,169.13999938964844,3704800
2021-12-28,149.85536193847656,170.35000610351562,170.63999938964844,169.58999633789062,169.7899932861328,3187000
2021-12-29,150.91099548339844,171.5500030517578,171.99000549316406,169.91000366210938,170.0,3662000
2021-12-30,151.57955932617188,172.30999755859375,172.8800048828125,171.75,172.1199951171875,4231800
2021-12-31,150.48875427246094,171.07000732421875,172.67999267578125,171.02999877929688,172.52999877929688,4409500
2022-01-03,150.90219116210938,171.5399932861328,171.60000610351562,169.10000610351562,170.2100067138672,6012200
2022-01-04,150.49754333496094,171.0800018310547,172.2899932861328,170.60000610351562,171.05999755859375,6748400
2022-01-05,151.50038146972656,172.22000122070312,173.47000122070312,171.6199951171875,172.0,7016100
2022-01-06,150.98138427734375,171.6300048828125,172.5,170.8000030517578,172.14999389648438,7301600
2022-01-07,153.02227783203125,173.9499969482422,174.3000030517578,171.1300048828125,171.4600067138672,6986000
2022-01-10,152.26571655273438,173.08999633789062,173.69000244140625,172.16000366210938,173.69000244140625,7698400
2022-01-11,150.6470489501953,171.25,173.38999938964844,170.11000061035156,172.99000549316406,8341100
2022-01-12,149.36270141601562,169.7899932861328,170.0800018310547,168.33999633789062,169.61000061035156,8116200
2022-01-13,148.45664978027344,168.75999450683594,170.4199981689453,168.4600067138672,169.0,6159400
2022-01-14,147.6473388671875,167.83999633789062,168.64999389648438,167.14999389648438,168.6300048828125,5847700
2022-01-18,146.99635314941406,167.10000610351562,167.72000122070312,166.00999450683594,167.10000610351562,7815600
2022-01-19,146.53897094726562,166.5800018310547,168.72000122070312,166.32000732421875,167.1999969482422,5926500
2022-01-20,145.36891174316406,165.25,167.86000061035156,164.92999267578125,167.2899932861328,6011300
2022-01-21,145.03465270996094,164.8699951171875,167.99000549316406,164.47000122070312,166.19000244140625,10550300
2022-01-24,143.3632354736328,162.97000122070312,164.1699981689453,158.25999450683594,164.0,14054600
2022-01-25,147.46261596679688,167.6300048828125,168.41000366210938,161.5800018310547,162.36000061035156,14081200
2022-01-26,148.12232971191406,168.3800048828125,169.22000122070312,166.22999572753906,167.5399932861328,9963200
2022-01-27,150.0664825439453,170.58999633789062,171.91000366210938,169.0,169.38999938964844,9066700
2022-01-28,151.12210083007812,171.7899932861328,171.83999633789062,169.3000030517578,170.86000061035156,9783100
2022-01-31,151.5619659423828,172.2899932861328,172.6199951171875,170.82000732421875,171.5,8054800
2022-02-01,150.3215789794922,170.8800048828125,171.97999572753906,169.42999267578125,171.74000549316406,8154700
2022-02-02,151.98423767089844,172.77000427246094,172.99000549316406,169.64999389648438,169.64999389648438,7382800
2022-02-03,151.9753875732422,172.75999450683594,173.6199951171875,171.0399932861328,172.25999450683594,6240400
2022-02-04,150.98138427734375,171.6300048828125,172.97999572753906,170.1199951171875,171.0,6392200
2022-02-07,150.47994995117188,171.05999755859375,171.74000549316406,170.00999450683594,171.41000366210938,6065700
2022-02-08,150.8758087158203,171.50999450683594,172.0500030517578,170.47999572753906,171.02000427246094,6296100
2022-02-09,150.85818481445312,171.49000549316406,172.24000549316406,171.25,172.07000732421875,5387500
2022-02-10,149.03726196289062,169.4199981689453,171.22000122070312,169.3000030517578,171.2100067138672,10355300
2022-02-11,147.53302001953125,167.7100067138672,170.14999389648438,167.5399932861328,169.1199951171875,13125300
2022-02-14,145.67681884765625,165.60000610351562,167.97000122070312,163.80999755859375,167.7100067138672,8967600
2022-02-15,147.18109130859375,167.30999755859375,168.10000610351562,166.00999450683594,166.1300048828125,6631400
2022-02-16,147.09315490722656,167.2100067138672,167.83999633789062,165.7100067138672,166.49000549316406,8482400
2022-02-17,146.19586181640625,166.19000244140625,167.4499969482422,164.9199981689453,167.2100067138672,6227600
2022-02-18,144.62881469726562,163.36000061035156,165.36000061035156,162.94000244140625,164.97999572753906,6423200
2022-02-22,142.663330078125,161.13999938964844,163.74000549316406,160.44000244140625,163.57000732421875,6868900
2022-02-23,142.73416137695312,161.22000122070312,162.63999938964844,160.85000610351562,161.50999450683594,8016900
2022-02-24,140.00732421875,158.13999938964844,160.1300048828125,155.72000122070312,159.77999877929688,12883400
2022-02-25,146.96607971191406,166.0,166.99000549316406,159.6999969482422,160.0,11340400
2022-02-28,145.70005798339844,164.57000732421875,165.17999267578125,162.3800048828125,162.8699951171875,9373500
2022-03-01,145.1954345703125,164.0,164.75,162.41000366210938,163.0399932861328,8737800
2022-03-02,147.0015411376953,166.0399932861328,167.6300048828125,164.0399932861328,164.41000366210938,6793300
2022-03-03,149.1617431640625,168.47999572753906,169.33999633789062,166.32000732421875,166.6999969482422,7333700
2022-03-04,150.04705810546875,169.47999572753906,169.86000061035156,166.85000610351562,167.63999938964844,6302500
2022-03-07,152.4640350341797,172.2100067138672,173.1199951171875,167.36000061035156,168.3000030517578,11663400
2022-03-08,149.3741912841797,168.72000122070312,173.1199951171875,168.50999450683594,172.0399932861328,11100300
2022-03-09,149.94082641601562,169.36000061035156,170.22999572753906,167.88999938964844,170.00999450683594,7248200
2022-03-10,150.2064208984375,169.66000366210938,170.14999389648438,168.0800018310547,168.55999755859375,6171400
2022-03-11,149.93197631835938,169.35000610351562,171.4600067138672,169.02000427246094,169.1300048828125,5188000
2022-03-14,152.003662109375,171.69000244140625,174.1199951171875,170.35000610351562,170.67999267578125,7729500
2022-03-15,155.9434356689453,176.13999938964844,176.52000427246094,172.5500030517578,173.3300018310547,10554400
2022-03-16,154.50918579101562,174.52000427246094,176.9499969482422,172.55999755859375,175.4600067138672,9603300
2022-03-17,156.5277557373047,176.8000030517578,176.83999633789062,174.1999969482422,175.2100067138672,7472100
2022-03-18,154.79246520996094,174.83999633789062,177.0,173.66000366210938,177.0,13809500
2022-03-21,155.66896057128906,175.8300018310547,177.16000366210938,174.32000732421875,174.66000366210938,7574900
2022-03-22,154.9341278076172,175.0,176.3699951171875,173.91000366210938,175.8300018310547,8442100
2022-03-23,154.34982299804688,174.33999633789062,175.5399932861328,174.08999633789062,175.22999572753906,5254200
2022-03-24,155.14662170410156,175.24000549316406,175.5399932861328,174.07000732421875,175.0,5012300
2022-03-25,156.6339569091797,176.9199981689453,177.6999969482422,175.22000122070312,175.69000244140625,4809500
2022-03-28,157.43960571289062,177.8300018310547,178.17999267578125,176.35000610351562,176.64999389648438,5604200
2022-03-29,157.36000061035156,177.74000549316406,179.39999389648438,176.8000030517578,178.6199951171875,5933400
2022-03-30,158.9978485107422,179.58999633789062,179.86000061035156,177.67999267578125,178.44000244140625,6277600
2022-03-31,156.90846252441406,177.22999572753906,180.2100067138672,176.97999572753906,179.58999633789062,11490400
2022-04-01,157.75836181640625,178.19000244140625,178.42999267578125,175.60000610351562,177.0500030517578,6525600
2022-04-04,156.23556518554688,176.47000122070312,178.19000244140625,175.52000427246094,178.19000244140625,6860600
2022-04-05,157.24485778808594,177.61000061035156,179.64999389648438,176.2899932861328,176.47000122070312,7446100
2022-04-06,161.33509826660156,182.22999572753906,182.60000610351562,178.6199951171875,179.38999938964844,10330900
2022-04-07,160.9190216064453,181.75999450683594,182.9499969482422,180.22999572753906,181.6699981689453,7385200
2022-04-08,161.2377471923828,182.1199951171875,183.19000244140625,180.42999267578125,181.3300018310547,7144500
2022-04-11,159.21913146972656,179.83999633789062,184.1999969482422,179.60000610351562,183.0,5932000
2022-04-12,159.2722625732422,179.89999389648438,180.80999755859375,178.1999969482422,179.1999969482422,5957500
2022-04-13,159.9451446533203,180.66000366210938,180.83999633789062,179.24000549316406,179.89999389648438,5643100
2022-04-14,159.2722625732422,179.89999389648438,181.39999389648438,179.72999572753906,180.0,6188200
2022-04-18,157.28912353515625,177.66000366210938,180.38999938964844,176.74000549316406,179.72999572753906,6318700
2022-04-19,162.087646484375,183.0800018310547,185.94000244140625,179.9499969482422,180.72000122070312,14380800
2022-04-20,162.80479431152344,183.88999938964844,184.32000732421875,181.89999389648438,182.24000549316406,8044900
2022-04-21,162.3355255126953,183.36000061035156,184.8699951171875,182.55999755859375,183.92999267578125,6969200
2022-04-22,160.72422790527344,181.5399932861328,183.14999389648438,181.3800048828125,182.47000122070312,8003600
2022-04-25,164.6816864013672,186.00999450683594,186.69000244140625,182.10000610351562,182.33999633789062,11176500
2022-04-26,163.5041961669922,184.67999267578125,186.57000732421875,184.17999267578125,185.10000610351562,10190000
2022-04-27,161.2200469970703,182.10000610351562,184.82000732421875,181.74000549316406,184.24000549316406,11090100
2022-04-28,162.42410278320312,183.4600067138672,184.5,181.9199981689453,182.25,9403900
2022-04-29,159.76808166503906,180.4600067138672,182.5500030517578,180.1999969482422,182.5,8463100
2022-05-02,158.15675354003906,178.63999938964844,181.41000366210938,177.02999877929688,180.47000122070312,7145400
2022-05-03,157.8468780517578,178.2899932861328,180.6300048828125,177.67999267578125,178.8000030517578,5898700
2022-05-04,159.5378875732422,180.1999969482422,180.5,177.14999389648438,178.14999389648438,5923000
2022-05-05,156.49232482910156,176.75999450683594,179.7100067138672,175.27000427246094,179.4199981689453,7089200
2022-05-06,156.1470489501953,176.3699951171875,176.8699951171875,174.69000244140625,175.13999938964844,6434000
2022-05-09,156.99697875976562,177.3300018310547,178.55999755859375,174.58999633789062,175.4499969482422,7855200
2022-05-10,156.78448486328125,177.08999633789062,179.17999267578125,176.5,178.22999572753906,8186700
2022-05-11,155.9345703125,176.1300048828125,178.32000732421875,175.8800048828125,175.9600067138672,6138900
2022-05-12,157.47503662109375,177.8699951171875,177.9499969482422,174.7100067138672,176.47000122070312,6898600
2022-05-13,156.57199096679688,176.85000610351562,178.88999938964844,175.8000030517578,178.6999969482422,7732200
2022-05-16,157.66098022460938,178.0800018310547,179.1300048828125,176.1699981689453,176.85000610351562,5516700
2022-05-17,158.3161163330078,178.82000732421875,179.6999969482422,176.58999633789062,178.72000122070312,5751100
2022-05-18,155.37677001953125,175.5,179.3699951171875,175.1699981689453,178.83999633789062,8608800
2022-05-19,153.9956512451172,173.94000244140625,174.8000030517578,172.69000244140625,174.72000122070312,6874500
2022-05-20,156.68710327148438,176.97999572753906,177.16000366210938,174.0500030517578,174.85000610351562,7522100
2022-05-23,159.8858642578125,179.44000244140625,179.92999267578125,177.4600067138672,177.60000610351562,7040800
2022-05-24,161.6322784423828,181.39999389648438,181.74000549316406,179.10000610351562,179.25,6419800
2022-05-25,160.0462646484375,179.6199951171875,181.5500030517578,179.05999755859375,180.52999877929688,6558900
2022-05-26,159.9037322998047,179.4600067138672,181.0,178.60000610351562,181.0,6897600
2022-05-27,161.35606384277344,181.08999633789062,181.16000366210938,178.22999572753906,179.75999450683594,5853600
2022-05-31,159.96607971191406,179.52999877929688,180.1699981689453,175.00999450683594,178.0,16391400
2022-06-01,158.34437561035156,177.7100067138672,179.8300018310547,175.89999389648438,179.14999389648438,5175400
2022-06-02,157.84544372558594,177.14999389648438,177.80999755859375,174.58999633789062,177.74000549316406,8666500
2022-06-03,157.1949462890625,176.4199981689453,178.6699981689453,176.14999389648438,177.07000732421875,4234200
2022-06-06,157.1771697998047,176.39999389648438,178.5,176.0,177.2100067138672,5386500
2022-06-07,158.90574645996094,178.33999633789062,179.3000030517578,176.39999389648438,176.97999572753906,5447800
2022-06-08,157.96127319335938,177.27999877929688,179.4499969482422,176.8000030517578,178.10000610351562,4333100
2022-06-09,154.78030395507812,173.7100067138672,178.64999389648438,173.63999938964844,177.2100067138672,5509600
2022-06-10,153.7467041015625,172.5500030517578,173.97000122070312,170.6199951171875,172.1699981689453,6647300
2022-06-13,152.19630432128906,170.80999755859375,172.25,170.0800018310547,170.0800018310547,7997000
2022-06-14,149.86181640625,168.19000244140625,171.11000061035156,167.25999450683594,171.05999755859375,7116800
2022-06-15,151.46568298339844,169.99000549316406,171.44000244140625,168.63999938964844,169.63999938964844,7796100
2022-06-16,151.54586791992188,170.0800018310547,170.2100067138672,167.41000366210938,168.39999389648438,7056700
2022-06-17,150.99343872070312,169.4600067138672,172.1999969482422,169.24000549316406,170.6300048828125,12486600
2022-06-21,154.1565704345703,173.00999450683594,173.86000061035156,169.55999755859375,170.75,8219700
2022-06-22,156.58908081054688,175.74000549316406,177.9199981689453,171.69000244140625,172.0,10593100
2022-06-23,160.08192443847656,179.66000366210938,179.82000732421875,176.52000427246094,177.0,10223500
2022-06-24,162.42530822753906,182.2899932861328,182.52999877929688,179.97999572753906,180.77999877929688,9374400
2022-06-27,162.2738494873047,182.1199951171875,183.35000610351562,181.5,181.63999938964844,5908600
2022-06-28,157.65829467773438,176.94000244140625,182.97000122070312,176.30999755859375,182.1699981689453,9245700
2022-06-29,157.70291137695312,176.99000549316406,178.3000030517578,176.42999267578125,177.22000122070312,7097900
2022-06-30,158.16619873046875,177.50999450683594,178.2899932861328,175.02999877929688,176.86000061035156,10777200
2022-07-01,159.9571533203125,179.52000427246094,179.72000122070312,176.69000244140625,177.4499969482422,5498400
2022-07-05,158.72755432128906,178.13999938964844,179.1300048828125,174.61000061035156,178.8300018310547,5676400
2022-07-06,158.87013244628906,178.3000030517578,179.44000244140625,177.41000366210938,178.07000732421875,5335600
2022-07-07,159.04832458496094,178.5,179.1199951171875,177.50999450683594,177.86000061035156,5725800
2022-07-08,158.85231018066406,178.27999877929688,179.99000549316406,177.77000427246094,178.3300018310547,3828300
2022-07-11,158.91470336914062,178.35000610351562,179.02000427246094,177.52000427246094,177.6999969482422,3645200
2022-07-12,156.68710327148438,175.85000610351562,178.4499969482422,175.1999969482422,177.97999572753906,4708800
2022-07-13,156.32174682617188,175.44000244140625,176.3300018310547,174.5,175.66000366210938,5291700
2022-07-14,156.5355987548828,175.67999267578125,176.00999450683594,172.3000030517578,172.52999877929688,5359600
2022-07-15,158.8077392578125,178.22999572753906,178.50999450683594,176.5500030517578,177.7100067138672,5691100
2022-07-18,155.24365234375,174.22999572753906,178.19000244140625,173.91000366210938,177.74000549316406,7605700
2022-07-19,152.9804229736328,171.69000244140625,176.75,169.8800048828125,176.3300018310547,13256400
2022-07-20,152.1072235107422,170.7100067138672,172.5500030517578,169.75999450683594,172.1999969482422,7455800
2022-07-21,152.64183044433594,171.30999755859375,171.38999938964844,169.77000427246094,170.0500030517578,5729200
2022-07-22,153.36355590820312,172.1199951171875,172.49000549316406,171.05999755859375,171.60000610351562,4257000
2022-07-25,153.66653442382812,172.4600067138672,172.97999572753906,171.72000122070312,172.1199951171875,4437300
2022-07-26,154.7535400390625,173.67999267578125,174.97999572753906,172.49000549316406,172.55999755859375,4525500
2022-07-27,154.32591247558594,173.1999969482422,174.10000610351562,171.1300048828125,172.6300048828125,4648500
2022-07-28,155.21690368652344,174.1999969482422,176.08999633789062,171.44000244140625,173.39999389648438,5513000
2022-07-29,155.50204467773438,174.52000427246094,174.85000610351562,172.91000366210938,173.7899932861328,6451400
2022-08-01,154.95848083496094,173.91000366210938,175.16000366210938,173.5399932861328,174.1699981689453,5461400
2022-08-02,154.07638549804688,172.9199981689453,175.49000549316406,172.6999969482422,175.00999450683594,5794200
2022-08-03,155.56439208984375,174.58999633789062,175.25999450683594,171.77000427246094,172.5500030517578,5010000
2022-08-04,153.06951904296875,171.7899932861328,175.08999633789062,171.60000610351562,174.80999755859375,5651600
2022-08-05,152.46365356445312,171.11000061035156,171.52999877929688,169.7899932861328,171.3000030517578,5235500
2022-08-08,151.6527862548828,170.1999969482422,171.47999572753906,169.44000244140625,171.3000030517578,4629800
2022-08-09,151.63499450683594,170.17999267578125,171.1199951171875,169.72999572753906,170.5399932861328,5532500
2022-08-10,152.0715789794922,170.6699981689453,171.24000549316406,169.52999877929688,171.02000427246094,5603400
2022-08-11,148.92625427246094,167.13999938964844,169.9499969482422,166.97999572753906,168.52000427246094,9328700
2022-08-12,147.2867889404297,165.3000030517578,167.94000244140625,165.14999389648438,167.5399932861328,14606900
2022-08-15,147.9906463623047,166.08999633789062,166.75,165.1300048828125,166.0,10072000
2022-08-16,149.30941772460938,167.57000732421875,168.25,165.60000610351562,165.86000061035156,7453600
2022-08-17,149.31829833984375,167.5800018310547,168.55999755859375,166.41000366210938,166.41000366210938,7406600
2022-08-18,148.59657287597656,166.77000427246094,168.3000030517578,165.92999267578125,167.67999267578125,8312100
2022-08-19,150.85977172851562,169.30999755859375,170.1199951171875,167.0,167.10000610351562,8128500
2022-08-22,150.33053588867188,167.58999633789062,168.9199981689453,167.1699981689453,168.89999389648438,5462600
2022-08-23,149.0209197998047,166.1300048828125,167.77000427246094,165.8000030517578,167.0,5566300
2022-08-24,148.5275421142578,165.5800018310547,166.58999633789062,165.07000732421875,166.55999755859375,5684300
2022-08-25,149.9179229736328,167.1300048828125,167.24000549316406,164.6999969482422,165.9499969482422,5678700
2022-08-26,147.3524169921875,164.27000427246094,167.5,164.1999969482422,167.4600067138672,5667100
2022-08-29,146.21324157714844,163.0,163.83999633789062,162.02000427246094,163.47000122070312,5259200
2022-08-30,145.7019500732422,162.42999267578125,163.5399932861328,162.02999877929688,163.3000030517578,6973300
2022-08-31,144.7241973876953,161.33999633789062,163.5500030517578,161.27000427246094,163.22999572753906,8741700
2022-09-01,148.31227111816406,165.33999633789062,165.5,161.47999572753906,161.49000549316406,7509600
2022-09-02,145.9800567626953,162.74000549316406,166.1999969482422,162.00999450683594,165.86000061035156,5803700
2022-09-06,146.3746795654297,163.17999267578125,166.22000122070312,162.82000732421875,163.94000244140625,7394600
2022-09-07,147.17306518554688,164.07000732421875,164.4199981689453,162.16000366210938,162.91000366210938,4590600
2022-09-08,148.35711669921875,165.38999938964844,165.4199981689453,163.0800018310547,163.8800048828125,5838400
2022-09-09,148.64418029785156,165.7100067138672,166.1999969482422,164.38999938964844,164.99000549316406,5500600
2022-09-12,148.5813751220703,165.63999938964844,166.57000732421875,165.22000122070312,166.11000061035156,6365300
2022-09-13,144.71522521972656,161.3300018310547,164.44000244140625,160.80999755859375,163.57000732421875,6726400
2022-09-14,147.7023162841797,164.66000366210938,165.36000061035156,162.3800048828125,162.3800048828125,9555700
2022-09-15,148.07904052734375,165.0800018310547,166.07000732421875,164.10000610351562,164.4499969482422,7174500
2022-09-16,150.3395233154297,167.60000610351562,167.6300048828125,164.75,165.32000732421875,20201500
2022-09-19,149.15542602539062,166.27999877929688,166.42999267578125,164.0800018310547,166.3000030517578,7380900
2022-09-20,147.98040771484375,164.97000122070312,165.89999389648438,164.32000732421875,165.22000122070312,7143400
2022-09-21,146.46441650390625,163.27999877929688,166.8000030517578,163.24000549316406,165.02000427246094,8071200
2022-09-22,149.06576538085938,166.17999267578125,167.16000366210938,162.8300018310547,163.14999389648438,7401100
2022-09-23,149.55014038085938,166.72000122070312,167.47999572753906,164.66000366210938,165.74000549316406,9598600
2022-09-26,148.6351776123047,165.6999969482422,166.83999633789062,164.3800048828125,165.8000030517578,8735500
2022-09-27,147.95346069335938,164.94000244140625,167.6699981689453,164.39999389648438,166.36000061035156,8686700
2022-09-28,149.2272186279297,166.36000061035156,167.3800048828125,165.10000610351562,166.25,8660900
2022-09-29,147.58567810058594,164.52999877929688,167.1699981689453,163.88999938964844,166.47999572753906,7008100
2022-09-30,146.53619384765625,163.36000061035156,165.74000549316406,163.32000732421875,165.0,8985200
2022-10-03,146.39263916015625,163.1999969482422,164.3800048828125,161.6999969482422,164.2899932861328,8657000
2022-10-04,148.5634307861328,165.6199951171875,166.0,162.9199981689453,163.85000610351562,6236100
2022-10-05,148.10594177246094,165.11000061035156,166.0399932861328,164.2100067138672,165.02000427246094,4539400
2022-10-06,145.2355194091797,161.91000366210938,165.0,161.69000244140625,164.7899932861328,5890700
2022-10-07,143.70162963867188,160.1999969482422,162.22000122070312,159.1699981689453,161.77000427246094,6363500
2022-10-10,143.8900146484375,160.41000366210938,161.27999877929688,159.17999267578125,160.6300048828125,5315600
2022-10-11,145.9710693359375,162.72999572753906,164.11000061035156,160.3699951171875,160.3699951171875,6212200
2022-10-12,145.93519592285156,162.69000244140625,164.8800048828125,162.5,162.94000244140625,4341700
2022-10-13,148.14181518554688,165.14999389648438,165.99000549316406,160.75,160.88999938964844,6465100
2022-10-14,147.5229034423828,164.4600067138672,165.67999267578125,163.60000610351562,164.44000244140625,5684600
2022-10-17,149.43353271484375,166.58999633789062,167.2100067138672,165.00999450683594,165.39999389648438,6710800
2022-10-18,148.91322326660156,166.00999450683594,167.1699981689453,163.0500030517578,165.0,10883600
2022-10-19,147.72921752929688,164.69000244140625,166.25,163.88999938964844,166.0,10044600
2022-10-20,148.10594177246094,165.11000061035156,165.74000549316406,164.3300018310547,165.0,5659900
2022-10-21,151.33522033691406,168.7100067138672,169.3699951171875,164.42999267578125,164.7100067138672,8487600
2022-10-24,153.37139892578125,170.97999572753906,172.0800018310547,169.25,169.80999755859375,6855500
2022-10-25,153.12924194335938,170.7100067138672,171.11000061035156,168.52000427246094,170.1699981689453,5661900
2022-10-26,154.47474670410156,172.2100067138672,172.57000732421875,170.52000427246094,171.32000732421875,6123800
2022-10-27,154.564453125,172.30999755859375,173.42999267578125,171.72000122070312,172.35000610351562,5390900
2022-10-28,156.8607940673828,174.8699951171875,175.38999938964844,172.58999633789062,173.0,6073900
2022-10-31,156.05348205566406,173.97000122070312,175.16000366210938,173.4199981689453,174.52000427246094,7810000
2022-11-01,155.2641143798828,173.08999633789062,174.6300048828125,170.4199981689453,174.05999755859375,6985000
2022-11-02,152.8780517578125,170.42999267578125,173.94000244140625,170.2899932861328,172.88999938964844,6877300
2022-11-03,153.13819885253906,170.72000122070312,171.47000122070312,168.94000244140625,169.80999755859375,4819900
2022-11-04,153.81993103027344,171.47999572753906,172.5,169.24000549316406,171.55999755859375,5300900
2022-11-07,155.16543579101562,172.97999572753906,173.85000610351562,171.44000244140625,171.6699981689453,6621000
2022-11-08,155.93687438964844,173.83999633789062,174.69000244140625,172.17999267578125,173.1300048828125,5148400
2022-11-09,154.69000244140625,172.4499969482422,175.0,172.33999633789062,174.27000427246094,6150000
2022-11-10,156.50201416015625,174.47000122070312,174.77000427246094,172.0399932861328,174.35000610351562,7877500
2022-11-11,151.81956481933594,169.25,173.11000061035156,166.82000732421875,172.72999572753906,11074700
2022-11-14,154.2056427001953,171.91000366210938,173.25999450683594,170.25,170.25,6581500
2022-11-15,154.63623046875,172.38999938964844,173.0,170.52000427246094,172.19000244140625,9351000
2022-11-16,155.5960235595703,173.4600067138672,174.99000549316406,173.1300048828125,173.63999938964844,5500900
2022-11-17,156.85182189941406,174.86000061035156,174.99000549316406,172.97999572753906,173.0,4464100
2022-11-18,158.0538330078125,176.1999969482422,176.63999938964844,174.6199951171875,175.0,6555700
2022-11-21,158.8663787841797,175.97000122070312,176.5500030517578,174.8300018310547,175.88999938964844,5706600
2022-11-22,159.63375854492188,176.82000732421875,177.19000244140625,176.3300018310547,176.39999389648438,4707900
2022-11-23,159.8052520751953,177.00999450683594,177.39999389648438,176.00999450683594,176.44000244140625,5389200
2022-11-25,160.01292419433594,177.24000549316406,178.1199951171875,176.86000061035156,177.3800048828125,3058600
2022-11-28,160.0941925048828,177.3300018310547,177.77000427246094,176.55999755859375,176.75,6183100
2022-11-29,158.9746856689453,176.08999633789062,177.25999450683594,174.66000366210938,177.00999450683594,6700500
2022-11-30,160.69903564453125,178.0,178.00999450683594,174.77999877929688,176.3699951171875,13288000
2022-12-01,161.3671112060547,178.74000549316406,179.9600067138672,177.77000427246094,179.0,6282600
2022-12-02,161.49351501464844,178.8800048828125,178.9600067138672,176.9600067138672,177.5,5823900
2022-12-05,161.4032440185547,178.77999877929688,179.36000061035156,178.0,178.36000061035156,5120600
2022-12-06,158.98373413085938,176.10000610351562,180.0,175.92999267578125,179.9199981689453,7943500
2022-12-07,159.94972229003906,177.1699981689453,177.8800048828125,176.22999572753906,176.57000732421875,5702600
2022-12-08,159.976806640625,177.1999969482422,177.47000122070312,176.33999633789062,176.82000732421875,4798500
2022-12-09,158.6587371826172,175.74000549316406,177.88999938964844,175.66000366210938,177.1199951171875,4561000
2022-12-12,160.55459594726562,177.83999633789062,177.8699951171875,175.60000610351562,175.9499969482422,4882400
2022-12-13,161.79144287109375,179.2100067138672,180.1999969482422,178.30999755859375,179.10000610351562,9177500
2022-12-14,162.2880096435547,179.75999450683594,181.0399932861328,178.5800018310547,178.5800018310547,9533600
2022-12-15,160.23861694335938,177.49000549316406,179.83999633789062,176.39999389648438,179.1999969482422,7602400
2022-12-16,158.59548950195312,175.6699981689453,177.0,174.86000061035156,177.0,18841800
2022-12-19,158.42398071289062,175.47999572753906,176.1699981689453,174.07000732421875,175.35000610351562,5736000
2022-12-20,158.59548950195312,175.6699981689453,176.44000244140625,175.1699981689453,176.0,6174700
2022-12-21,160.41015625,177.67999267578125,178.17999267578125,175.64999389648438,176.27000427246094,5472000
2022-12-22,159.82334899902344,177.02999877929688,177.50999450683594,175.33999633789062,176.77000427246094,5709100
2022-12-23,160.22959899902344,177.47999572753906,177.52000427246094,175.80999755859375,176.6699981689453,3683400
2022-12-27,160.18443298339844,177.42999267578125,178.35000610351562,176.99000549316406,178.11000061035156,3067300
2022-12-28,159.4893035888672,176.66000366210938,178.4499969482422,176.64999389648438,177.75999450683594,2645400
2022-12-29,160.3018035888672,177.55999755859375,178.3000030517578,177.07000732421875,177.5500030517578,2828800
2022-12-30,159.48025512695312,176.64999389648438,177.77000427246094,175.39999389648438,177.49000549316406,4216600
2023-01-03,160.8705596923828,178.19000244140625,178.3800048828125,176.00999450683594,176.16000366210938,6344900
2023-01-04,162.62203979492188,180.1300048828125,180.19000244140625,178.47999572753906,178.88999938964844,9788800
2023-01-05,161.42127990722656,178.8000030517578,179.99000549316406,178.41000366210938,179.02000427246094,6255300
2023-01-06,162.73036193847656,180.25,180.92999267578125,179.38999938964844,180.1300048828125,5706000
2023-01-09,158.5142364501953,175.5800018310547,179.75999450683594,175.17999267578125,179.3000030517578,7925300
2023-01-10,158.13507080078125,175.16000366210938,176.13999938964844,174.32000732421875,175.6999969482422,5047500
2023-01-11,157.88229370117188,174.8800048828125,175.72000122070312,172.11000061035156,175.57000732421875,6494800
2023-01-12,157.0878143310547,174.0,174.7100067138672,172.8000030517578,174.25999450683594,4269400
2023-01-13,156.57321166992188,173.42999267578125,174.00999450683594,172.3800048828125,173.19000244140625,6088000
2023-01-17,155.60723876953125,172.36000061035156,174.5800018310547,172.08999633789062,174.0,6053300
2023-01-18,153.25994873046875,169.75999450683594,172.0,169.7100067138672,171.64999389648438,7047800
2023-01-19,153.05230712890625,169.52999877929688,171.27999877929688,168.7100067138672,169.02999877929688,6939500
2023-01-20,152.33909606933594,168.74000549316406,170.11000061035156,167.47999572753906,170.10000610351562,8620600
2023-01-23,151.9508819580078,168.30999755859375,169.6300048828125,167.9499969482422,169.10000610351562,8425400
2023-01-24,151.9508819580078,168.30999755859375,170.99000549316406,166.00999450683594,169.02000427246094,10541800
2023-01-25,153.0342559814453,169.50999450683594,169.50999450683594,167.0800018310547,167.1699981689453,7099800
2023-01-26,152.47447204589844,168.88999938964844,169.91000366210938,168.64999389648438,169.5500030517578,6946100
2023-01-27,151.87863159179688,168.22999572753906,168.8699951171875,167.77000427246094,168.5399932861328,6058100
2023-01-30,146.2541961669922,162.0,168.5399932861328,161.0800018310547,167.92999267578125,23259100
2023-01-31,147.5361785888672,163.4199981689453,163.42999267578125,161.0500030517578,161.6999969482422,11612500
2023-02-01,148.890380859375,164.9199981689453,165.97999572753906,162.39999389648438,162.99000549316406,9865300
2023-02-02,149.45013427734375,165.5399932861328,166.22000122070312,162.82000732421875,163.0,10099000
2023-02-03,148.61048889160156,164.61000061035156,166.33999633789062,163.88999938964844,166.02999877929688,6868500
2023-02-06,147.48202514648438,163.36000061035156,164.85000610351562,163.10000610351562,164.5500030517578,7021000
2023-02-07,147.5181121826172,163.39999389648438,163.8800048828125,161.4199981689453,161.60000610351562,7310800
2023-02-08,147.7076873779297,163.61000061035156,164.55999755859375,162.89999389648438,163.3000030517578,6054700
2023-02-09,145.71249389648438,161.39999389648438,164.8000030517578,161.07000732421875,163.6300048828125,7949500
2023-02-10,146.3896026611328,162.14999389648438,162.7899932861328,161.35000610351562,161.77000427246094,7028000
2023-02-13,146.9312744140625,162.75,162.82000732421875,161.14999389648438,161.3300018310547,6414700
2023-02-14,146.29029846191406,162.0399932861328,162.97000122070312,161.75999450683594,162.74000549316406,6316000
2023-02-15,143.87982177734375,159.3699951171875,161.97999572753906,159.2899932861328,161.9499969482422,12621800
2023-02-16,142.85963439941406,158.24000549316406,159.64999389648438,157.9199981689453,159.07000732421875,11177000
2023-02-17,145.84213256835938,160.38999938964844,161.11000061035156,156.6199951171875,157.02000427246094,12401900
2023-02-21,143.66891479492188,158.0,160.35000610351562,157.88999938964844,159.64999389648438,9423900
2023-02-22,143.4688720703125,157.77999877929688,158.85000610351562,157.3699951171875,158.5,9820200
2023-02-23,143.42335510253906,157.72999572753906,158.58999633789062,156.6699981689453,157.7100067138672,9385100
2023-02-24,141.82305908203125,155.97000122070312,156.85000610351562,155.2100067138672,156.64999389648438,8689700
2023-02-27,141.51390075683594,155.6300048828125,156.89999389648438,155.0800018310547,156.4499969482422,7267100
2023-02-28,139.3588409423828,153.25999450683594,155.27000427246094,153.0399932861328,154.97999572753906,9062300
2023-03-01,138.73143005371094,152.57000732421875,153.24000549316406,151.91000366210938,153.00999450683594,6767000
2023-03-02,138.62229919433594,152.4499969482422,152.75999450683594,151.22999572753906,151.75,8762500
2023-03-03,140.0499267578125,154.02000427246094,154.1199951171875,152.83999633789062,153.3699951171875,5747200
2023-03-06,141.45021057128906,155.55999755859375,155.72999572753906,154.57000732421875,154.66000366210938,8148200
2023-03-07,140.1135711669922,154.08999633789062,156.25,153.35000610351562,156.08999633789062,7457700
2023-03-08,139.0861053466797,152.9600067138672,154.1999969482422,152.47999572753906,153.97999572753906,6230500
2023-03-09,137.5220947265625,151.24000549316406,153.60000610351562,150.7100067138672,153.4600067138672,7439400
2023-03-10,137.85850524902344,151.61000061035156,153.49000549316406,151.10000610351562,151.86000061035156,8504300
2023-03-13,139.17698669433594,153.05999755859375,155.91000366210938,151.57000732421875,152.08999633789062,10799600
2023-03-14,139.958984375,153.9199981689453,154.02999877929688,151.89999389648438,153.27999877929688,8421200
2023-03-15,140.35000610351562,154.35000610351562,154.88999938964844,152.52999877929688,152.83999633789062,7757700
2023-03-16,140.05902099609375,154.02999877929688,154.3699951171875,152.60000610351562,153.4499969482422,7605500
2023-03-17,138.55868530273438,152.3800048828125,154.9499969482422,152.3000030517578,154.47999572753906,20540700
2023-03-20,139.9317169189453,153.88999938964844,154.07000732421875,152.3800048828125,152.47000122070312,7129000
2023-03-21,139.9317169189453,153.88999938964844,154.1300048828125,152.1699981689453,154.0,8376800
2023-03-22,137.3493194580078,151.0500030517578,154.05999755859375,151.02999877929688,153.85000610351562,7943500
2023-03-23,137.4220733642578,151.1300048828125,151.69000244140625,150.11000061035156,151.17999267578125,9051500
2023-03-24,138.80416870117188,152.64999389648438,152.75999450683594,150.8300018310547,151.47999572753906,5696200
2023-03-27,139.39523315429688,153.3000030517578,154.5399932861328,153.11000061035156,154.1999969482422,6772300
2023-03-28,138.04946899414062,151.82000732421875,153.4499969482422,151.72999572753906,152.38999938964844,6115300
2023-03-29,139.40432739257812,153.30999755859375,153.3800048828125,152.07000732421875,152.24000549316406,6012000
2023-03-30,139.51344299316406,153.42999267578125,153.8000030517578,152.80999755859375,153.5800018310547,4555700
2023-03-31,140.94100952148438,155.0,155.19000244140625,153.24000549316406,153.7899932861328,9890000
2023-04-03,142.6232147216797,156.85000610351562,157.00999450683594,153.94000244140625,154.9499969482422,6841900
2023-04-04,144.11448669433594,158.49000549316406,158.97000122070312,156.58999633789062,156.97000122070312,8314500
2023-04-05,150.5886688232422,165.61000061035156,165.66000366210938,162.75999450683594,164.3699951171875,16704200
2023-04-06,150.17041015625,165.14999389648438,167.22999572753906,164.8000030517578,165.99000549316406,9615400
2023-04-10,149.4156951904297,164.32000732421875,164.83999633789062,163.63999938964844,164.6300048828125,5354000
2023-04-11,149.3701934814453,164.27000427246094,165.27999877929688,164.0399932861328,164.4199981689453,5903800
2023-04-12,149.0519561767578,163.9199981689453,164.83999633789062,163.10000610351562,163.94000244140625,5764100
2023-04-13,151.04331970214844,166.11000061035156,166.3300018310547,163.80999755859375,164.17999267578125,5640600
2023-04-14,150.7978057861328,165.83999633789062,166.1199951171875,164.05999755859375,165.97000122070312,7225100
2023-04-17,150.64321899414062,165.6699981689453,166.24000549316406,164.94000244140625,165.74000549316406,8046400
2023-04-18,146.4059295654297,161.00999450683594,164.69000244140625,159.64999389648438,164.25,14571500
2023-04-19,147.78805541992188,162.52999877929688,162.67999267578125,161.1699981689453,161.99000549316406,6752000
2023-04-20,148.74278259277344,163.5800018310547,163.82000732421875,160.9600067138672,162.42999267578125,9498800
2023-04-21,147.93353271484375,162.69000244140625,164.97000122070312,161.97000122070312,164.44000244140625,7014200
2023-04-24,148.83372497558594,163.67999267578125,163.80999755859375,161.8699951171875,162.69000244140625,5278900
2023-04-25,150.19764709472656,165.17999267578125,165.35000610351562,164.16000366210938,164.30999755859375,6263100
2023-04-26,147.869873046875,162.6199951171875,164.38999938964844,162.24000549316406,164.08999633789062,5518200
2023-04-27,148.2153778076172,163.0,163.41000366210938,162.1300048828125,162.89999389648438,5739700
2023-04-28,148.85191345214844,163.6999969482422,163.75999450683594,162.55999755859375,162.80999755859375,6024900
2023-05-01,148.76100158691406,163.60000610351562,164.3000030517578,162.24000549316406,163.60000610351562,4893400
2023-05-02,150.061279296875,165.02999877929688,165.47999572753906,163.55999755859375,164.33999633789062,7541700
2023-05-03,148.09719848632812,162.8699951171875,166.17999267578125,162.50999450683594,165.5500030517578,5937200
2023-05-04,147.42433166503906,162.1300048828125,162.89999389648438,161.25,162.67999267578125,5128000
2023-05-05,147.92442321777344,162.67999267578125,163.1300048828125,161.69000244140625,162.83999633789062,5194500
2023-05-08,147.58799743652344,162.30999755859375,162.57000732421875,161.33999633789062,161.99000549316406,4994900
2023-05-09,146.44229125976562,161.0500030517578,162.1300048828125,160.7899932861328,161.75,5520500
2023-05-10,146.98782348632812,161.64999389648438,161.97000122070312,160.05999755859375,161.1999969482422,6756600
2023-05-11,146.38771057128906,160.99000549316406,162.19000244140625,159.38999938964844,161.8300018310547,5867600
2023-05-12,146.19676208496094,160.77999877929688,161.55999755859375,160.00999450683594,161.36000061035156,3904200
2023-05-15,145.0783233642578,159.5500030517578,161.02999877929688,158.94000244140625,160.8000030517578,5104500
2023-05-16,144.8873748779297,159.33999633789062,160.25,158.52999877929688,159.05999755859375,5599200
2023-05-17,144.56912231445312,158.99000549316406,160.05999755859375,157.77000427246094,159.7899932861328,6840700
2023-05-18,144.1053924560547,158.47999572753906,158.92999267578125,157.55999755859375,158.66000366210938,5173000
2023-05-19,144.4963836669922,158.91000366210938,159.92999267578125,158.13999938964844,158.58999633789062,6527100
2023-05-22,143.71763610839844,156.8699951171875,159.13999938964844,156.77999877929688,158.0,5675900
2023-05-23,143.66268920898438,156.80999755859375,158.27000427246094,156.3699951171875,157.10000610351562,5793000
2023-05-24,143.5252685546875,156.66000366210938,157.13999938964844,155.9199981689453,157.0800018310547,5015100
2023-05-25,141.46388244628906,154.41000366210938,156.2899932861328,153.72000122070312,156.0500030517578,6886100
2023-05-26,141.40895080566406,154.35000610351562,155.27999877929688,154.1999969482422,154.69000244140625,6845400
2023-05-30,141.42721557617188,154.3699951171875,155.3800048828125,153.32000732421875,153.97000122070312,5593100
2023-05-31,142.0594024658203,155.05999755859375,155.69000244140625,153.85000610351562,154.6999969482422,11324600
2023-06-01,141.5830078125,154.5399932861328,155.0399932861328,153.14999389648438,154.5399932861328,7901300
2023-06-02,143.8092498779297,156.97000122070312,157.30999755859375,154.08999633789062,154.72000122070312,7659700
2023-06-05,145.04608154296875,158.32000732421875,158.63999938964844,156.75,156.75,6430500
2023-06-06,144.9178009033203,158.17999267578125,159.61000061035156,157.39999389648438,159.5800018310547,5073600
2023-06-07,145.22930908203125,158.52000427246094,158.8000030517578,157.44000244140625,158.10000610351562,6504300
2023-06-08,146.82342529296875,160.25999450683594,160.4199981689453,157.82000732421875,158.5,5818400
2023-06-09,146.5943603515625,160.00999450683594,160.72999572753906,159.47000122070312,160.4199981689453,6264400
2023-06-12,146.49359130859375,159.89999389648438,160.25,158.72999572753906,160.0,6510600
2023-06-13,147.26316833496094,160.74000549316406,160.83999633789062,159.14999389648438,159.72999572753906,6066800
2023-06-14,148.014404296875,161.55999755859375,162.0800018310547,160.97999572753906,161.60000610351562,6699100
2023-06-15,150.0024871826172,163.72999572753906,163.91000366210938,161.42999267578125,162.0500030517578,7138300
2023-06-16,150.46054077148438,164.22999572753906,164.99000549316406,163.8699951171875,164.47999572753906,13426600
2023-06-20,150.3689422607422,164.1300048828125,165.30999755859375,163.80999755859375,164.25999450683594,7995800
2023-06-21,150.13992309570312,163.8800048828125,164.9199981689453,162.69000244140625,163.5800018310547,7177500
2023-06-22,151.73402404785156,165.6199951171875,165.72000122070312,163.7899932861328,163.89999389648438,5485900
2023-06-23,151.6057586669922,165.47999572753906,166.27000427246094,165.02999877929688,166.11000061035156,9450700
2023-06-26,149.910888671875,163.6300048828125,164.97999572753906,161.3300018310547,164.97999572753906,6978800
2023-06-27,149.59934997558594,163.2899932861328,163.8800048828125,162.44000244140625,163.67999267578125,4927500
2023-06-28,149.2970428466797,162.9600067138672,163.1999969482422,161.91000366210938,163.1999969482422,6780400
2023-06-29,150.3414764404297,164.10000610351562,164.32000732421875,162.22999572753906,162.63999938964844,4547500
2023-06-30,151.6423797607422,165.52000427246094,165.94000244140625,164.35000610351562,164.86000061035156,7580000
2023-07-03,149.6543426513672,163.35000610351562,164.38999938964844,162.9600067138672,164.33999633789062,4033700
2023-07-05,149.1596221923828,162.80999755859375,163.9199981689453,162.72999572753906,162.99000549316406,7224600
2023-07-06,148.0510711669922,161.60000610351562,162.3699951171875,161.0,162.25,6332500
2023-07-07,145.8980712890625,159.25,161.0399932861328,159.1999969482422,160.47000122070312,7022200
2023-07-10,146.13629150390625,159.50999450683594,160.3000030517578,159.0,159.42999267578125,5739200
2023-07-11,145.33006286621094,158.6300048828125,160.3000030517578,157.60000610351562,159.1300048828125,6606700
2023-07-12,144.82618713378906,158.0800018310547,158.94000244140625,157.8800048828125,158.94000244140625,6940400
2023-07-13,145.49497985839844,158.80999755859375,159.1300048828125,157.41000366210938,158.0,6401700
2023-07-14,146.4661102294922,159.8699951171875,160.22999572753906,158.97999572753906,159.17999267578125,5362200
2023-07-17,145.73318481445312,159.07000732421875,159.8699951171875,158.14999389648438,159.75,5486800
2023-07-18,145.7240447998047,159.05999755859375,160.88999938964844,158.19000244140625,159.07000732421875,6332500
2023-07-19,145.43089294433594,158.74000549316406,160.41000366210938,157.3300018310547,157.91000366210938,7522600
2023-07-20,154.2626190185547,168.3800048828125,169.13999938964844,161.3000030517578,161.94000244140625,21892900
2023-07-21,155.9208526611328,170.19000244140625,170.82000732421875,168.17999267578125,168.17999267578125,12080000
2023-07-24,156.7362518310547,171.0800018310547,173.82000732421875,170.99000549316406,171.5,15155400
2023-07-25,157.93641662597656,172.38999938964844,172.67999267578125,169.75,170.4499969482422,13790100
2023-07-26,158.23873901367188,172.72000122070312,173.85000610351562,171.39999389648438,172.0,14288200
2023-07-27,159.12741088867188,173.69000244140625,174.2899932861328,172.0399932861328,172.17999267578125,12446400
2023-07-28,159.85118103027344,174.47999572753906,175.36000061035156,173.22999572753906,174.0,14138800
2023-07-31,153.48388671875,167.52999877929688,170.22000122070312,166.7100067138672,169.69000244140625,22632700
2023-08-01,154.72984313964844,168.88999938964844,169.08999633789062,166.05999755859375,166.3699951171875,15810300
2023-08-02,155.66436767578125,169.91000366210938,171.24000549316406,168.85000610351562,168.85000610351562,14595600
2023-08-03,156.3331298828125,170.63999938964844,171.32000732421875,169.6699981689453,169.9499969482422,17424800
2023-08-04,154.86727905273438,169.0399932861328,172.67999267578125,167.88999938964844,170.33999633789062,23415100
2023-08-07,158.58689880371094,173.10000610351562,173.33999633789062,169.36000061035156,169.49000549316406,17736400
2023-08-08,158.66015625,173.17999267578125,173.5500030517578,171.38999938964844,172.99000549316406,27378700
2023-08-09,158.55941772460938,173.07000732421875,174.25,172.0500030517578,173.0,42974400
2023-08-10,157.73486328125,172.1699981689453,175.97000122070312,171.63999938964844,174.0,48213800
2023-08-11,159.27398681640625,173.85000610351562,173.9499969482422,171.6199951171875,172.47999572753906,45905600
2023-08-14,158.89837646484375,173.44000244140625,175.60000610351562,171.75,173.52000427246094,64036900
2023-08-15,158.44029235839844,172.94000244140625,174.55999755859375,172.13999938964844,172.8000030517578,88958100
2023-08-16,157.93641662597656,172.38999938964844,174.72999572753906,172.1300048828125,172.52999877929688,85832700
2023-08-17,159.4205780029297,174.00999450683594,175.38999938964844,172.75999450683594,172.86000061035156,70904200
2023-08-18,158.02804565429688,172.49000549316406,173.99000549316406,171.30999755859375,173.1699981689453,49631700
2023-08-21,153.31898498535156,167.35000610351562,169.85000610351562,165.9600067138672,169.69000244140625,151319500
2023-08-22,152.10049438476562,166.02000427246094,167.83999633789062,165.41000366210938,166.86000061035156,56834800
2023-08-23,150.73541259765625,164.52999877929688,166.5,163.47000122070312,165.89999389648438,119011400
2023-08-24,151.2484588623047,165.08999633789062,166.6699981689453,163.86000061035156,164.02999877929688,70755100
2023-08-25,153.41705322265625,166.25,167.77999877929688,164.05999755859375,164.3000030517578,18185500
2023-08-28,151.6083526611328,164.2899932861328,166.2100067138672,163.1699981689453,165.0,18458000
2023-08-29,151.62681579589844,164.30999755859375,165.67999267578125,162.77000427246094,164.8699951171875,12208600
2023-08-30,151.09158325195312,163.72999572753906,165.8300018310547,163.67999267578125,165.11000061035156,9939100
2023-08-31,149.19979858398438,161.67999267578125,163.57000732421875,161.27999877929688,163.3699951171875,15333000
2023-09-01,148.09246826171875,160.47999572753906,162.47999572753906,160.00999450683594,161.4199981689453,8610100
2023-09-05,148.27703857421875,160.67999267578125,161.97000122070312,160.27999877929688,160.55999755859375,9019800
2023-09-06,145.81309509277344,158.00999450683594,160.0,157.35000610351562,159.83999633789062,9753800
2023-09-07,147.6771697998047,160.02999877929688,161.05999755859375,158.97999572753906,159.13999938964844,9931800
2023-09-08,148.16627502441406,160.55999755859375,160.67999267578125,159.19000244140625,159.58999633789062,6957000
2023-09-11,150.1041717529297,162.66000366210938,162.69000244140625,160.4499969482422,161.05999755859375,6309300
2023-09-12,150.95315551757812,163.5800018310547,163.92999267578125,161.52999877929688,162.22000122070312,6045800
2023-09-13,151.33152770996094,163.99000549316406,164.9499969482422,163.0,163.75999450683594,7397500
2023-09-14,151.10079956054688,163.74000549316406,165.27000427246094,163.44000244140625,164.67999267578125,7758400
2023-09-15,148.98756408691406,161.4499969482422,164.82000732421875,161.2100067138672,163.97999572753906,13392100
2023-09-18,149.92884826660156,162.47000122070312,163.14999389648438,160.75,162.1199951171875,5789000
2023-09-19,149.67970275878906,162.1999969482422,162.85000610351562,161.3800048828125,162.25,5550800
2023-09-20,150.33486938476562,162.91000366210938,163.5399932861328,161.66000366210938,162.19000244140625,3837400
2023-09-21,149.1813507080078,161.66000366210938,163.5,161.58999633789062,162.57000732421875,4526700
2023-09-22,148.1109161376953,160.5,161.39999389648438,160.25,161.3000030517578,4976700
2023-09-25,147.8894500732422,160.25999450683594,160.36000061035156,158.72999572753906,160.07000732421875,6722500
2023-09-26,146.74517822265625,159.02000427246094,160.0800018310547,158.86000061035156,159.80999755859375,4904800
2023-09-27,144.98260498046875,157.11000061035156,158.75999450683594,155.25999450683594,158.5800018310547,10211600
2023-09-28,144.77035522460938,156.8800048828125,157.9600067138672,156.22000122070312,157.5,7861900
2023-09-29,143.72756958007812,155.75,157.60000610351562,155.35000610351562,157.3699951171875,7680700
2023-10-02,143.17384338378906,155.14999389648438,155.4199981689453,153.32000732421875,155.4199981689453,7259700
2023-10-03,143.3491973876953,155.33999633789062,155.5,153.88999938964844,154.67999267578125,5740800
2023-10-04,143.51531982421875,155.52000427246094,155.92999267578125,154.57000732421875,155.57000732421875,4955200
2023-10-05,145.01026916503906,157.13999938964844,158.0399932861328,156.07000732421875,156.27000427246094,5993300
2023-10-06,145.4716796875,157.63999938964844,158.3000030517578,156.58999633789062,157.0800018310547,5802200
2023-10-09,146.3022003173828,158.5399932861328,158.8800048828125,157.08999633789062,157.17999267578125,4414100
2023-10-10,146.13609313964844,158.36000061035156,159.27000427246094,157.89999389648438,158.3800048828125,5273500
2023-10-11,144.12435913085938,156.17999267578125,159.0500030517578,156.0399932861328,158.4600067138672,6922900
2023-10-12,144.26280212402344,156.3300018310547,156.55999755859375,155.07000732421875,155.9199981689453,5792400
2023-10-13,144.7426300048828,156.85000610351562,157.36000061035156,156.0500030517578,156.72999572753906,5359800
2023-10-16,145.37014770507812,157.52999877929688,158.25,156.83999633789062,157.82000732421875,6408100
2023-10-17,144.0413055419922,156.08999633789062,158.9499969482422,154.61000061035156,155.97999572753906,12244400
2023-10-18,140.94065856933594,152.72999572753906,155.9499969482422,152.0500030517578,155.41000366210938,9097300
2023-10-19,140.5623321533203,152.32000732421875,153.11000061035156,150.14999389648438,151.6699981689453,7733800
2023-10-20,141.18983459472656,153.0,153.8699951171875,152.3300018310547,152.74000549316406,7207000
2023-10-23,139.70411682128906,151.38999938964844,153.5,151.2100067138672,152.86000061035156,5874000
2023-10-24,139.5564727783203,151.22999572753906,151.9600067138672,150.1300048828125,150.75,6155300
2023-10-25,139.8702392578125,151.57000732421875,152.1699981689453,150.22999572753906,151.24000549316406,5880800
2023-10-26,137.49859619140625,149.0,151.97000122070312,148.8800048828125,151.97000122070312,7612500
2023-10-27,134.36106872558594,145.60000610351562,148.66000366210938,144.9499969482422,148.49000549316406,11385800
2023-10-30,135.6806640625,147.02999877929688,147.24000549316406,146.0,146.08999633789062,8205300
2023-10-31,136.8895263671875,148.33999633789062,148.5399932861328,146.63999938964844,147.5399932861328,7576900
2023-11-01,137.21253967285156,148.69000244140625,149.75999450683594,148.4600067138672,149.19000244140625,5733000
2023-11-02,138.6428680419922,150.24000549316406,150.39999389648438,147.5399932861328,147.7100067138672,5349100
2023-11-03,139.65797424316406,151.33999633789062,152.27000427246094,150.14999389648438,151.2100067138672,4926800
2023-11-06,139.99017333984375,151.6999969482422,152.42999267578125,151.3699951171875,151.77999877929688,4851400
2023-11-07,139.25192260742188,150.89999389648438,152.25,150.67999267578125,151.92999267578125,4840400
2023-11-08,138.74441528320312,150.35000610351562,151.8300018310547,150.33999633789062,151.35000610351562,5460000
2023-11-09,136.0405731201172,147.4199981689453,150.5,147.25999450683594,150.5,6973600
2023-11-10,135.88369750976562,147.25,148.5,145.63999938964844,148.25,6930700
2023-11-13,136.23434448242188,147.6300048828125,147.89999389648438,146.64999389648438,147.25,5889300
2023-11-14,136.2620391845703,147.66000366210938,148.5399932861328,146.97000122070312,147.63999938964844,6713600
2023-11-15,137.31405639648438,148.8000030517578,149.4199981689453,147.27000427246094,147.35000610351562,6729100
2023-11-16,138.51370239257812,150.10000610351562,150.1699981689453,148.63999938964844,149.5,6875600
2023-11-17,138.22763061523438,149.7899932861328,150.7899932861328,149.07000732421875,150.5500030517578,7023300
2023-11-20,139.44619750976562,149.91000366210938,150.39999389648438,147.5399932861328,147.91000366210938,8851700
2023-11-21,140.5717010498047,151.1199951171875,151.2899932861328,149.61000061035156,150.10000610351562,5916300
2023-11-22,140.2926788330078,150.82000732421875,152.0399932861328,150.38999938964844,151.6300048828125,4633500
2023-11-24,141.85537719726562,152.5,152.67999267578125,150.86000061035156,150.86000061035156,3351400
2023-11-27,140.72055053710938,151.27999877929688,152.32000732421875,150.97000122070312,152.2899932861328,6449700
2023-11-28,141.04612731933594,151.6300048828125,151.80999755859375,150.83999633789062,151.39999389648438,5909000
2023-11-29,141.4926300048828,152.11000061035156,152.1999969482422,151.07000732421875,151.3300018310547,5190000
2023-11-30,143.8646240234375,154.66000366210938,155.13999938964844,151.9199981689453,152.25999450683594,12481900
2023-12-01,147.3249969482422,158.3800048828125,158.4600067138672,155.47000122070312,156.44000244140625,10342900
2023-12-04,147.79005432128906,158.8800048828125,160.02000427246094,158.0,158.0,8920300
2023-12-05,147.4831085205078,158.5500030517578,159.6300048828125,158.22000122070312,158.8000030517578,7268200
2023-12-06,145.68780517578125,156.6199951171875,158.66000366210938,156.1699981689453,158.52000427246094,6642900
2023-12-07,144.55296325683594,155.39999389648438,156.5800018310547,154.7100067138672,156.5800018310547,6532400
2023-12-08,143.64137268066406,154.4199981689453,155.85000610351562,153.83999633789062,155.4199981689453,6254700
2023-12-11,144.2366943359375,155.05999755859375,155.47999572753906,154.35000610351562,154.5,6090400
2023-12-12,144.24600219726562,155.07000732421875,155.32000732421875,153.64999389648438,155.0,5324400
2023-12-13,144.9157257080078,155.7899932861328,155.94000244140625,151.77000427246094,153.66000366210938,10764600
2023-12-14,145.9203643798828,156.8699951171875,157.16000366210938,155.0500030517578,156.47000122070312,9240700
2023-12-15,144.3297119140625,155.16000366210938,156.69000244140625,153.75999450683594,155.49000549316406,21727800
2023-12-18,144.59019470214844,155.44000244140625,156.44000244140625,154.75999450683594,155.2100067138672,7231400
2023-12-19,145.53900146484375,156.4600067138672,156.5,154.94000244140625,155.3000030517578,6651500
2023-12-20,142.57162475585938,153.27000427246094,156.66000366210938,153.11000061035156,156.5399932861328,7008300
2023-12-21,144.03204345703125,154.83999633789062,155.1300048828125,153.3000030517578,153.69000244140625,4598600
2023-12-22,144.60879516601562,155.4600067138672,156.52999877929688,155.02000427246094,155.25,3798900
2023-12-26,145.24131774902344,156.13999938964844,156.35000610351562,154.85000610351562,155.0,4170000
2023-12-27,145.43667602539062,156.35000610351562,156.52000427246094,155.4199981689453,155.5,5288100
2023-12-28,145.6505889892578,156.5800018310547,157.24000549316406,155.99000549316406,156.0,4377500
2023-12-29,145.79942321777344,156.74000549316406,156.89999389648438,155.97999572753906,156.50999450683594,4313700
2024-01-02,148.8040008544922,159.97000122070312,161.63999938964844,156.7899932861328,156.92999267578125,9622100
2024-01-03,149.7341766357422,160.97000122070312,161.44000244140625,159.8000030517578,160.63999938964844,8232000
2024-01-04,149.41795349121094,160.6300048828125,161.97999572753906,160.4199981689453,161.58999633789062,6766600
2024-01-05,149.88299560546875,161.1300048828125,161.33999633789062,159.47000122070312,160.5,5602500
2024-01-08,150.2550811767578,161.52999877929688,161.66000366210938,159.61000061035156,161.10000610351562,6569800
2024-01-09,150.34812927246094,161.6300048828125,163.27999877929688,160.60000610351562,161.6300048828125,6357000
2024-01-10,150.57138061523438,161.8699951171875,162.6199951171875,161.1999969482422,161.82000732421875,4945100
2024-01-11,149.90162658691406,161.14999389648438,162.1999969482422,160.77999877929688,162.07000732421875,4946000
2024-01-12,151.05506896972656,162.38999938964844,162.47000122070312,161.69000244140625,161.83999633789062,4496900
2024-01-16,149.3156280517578,160.52000427246094,162.25,160.17999267578125,161.57000732421875,6923200
2024-01-17,149.2318572998047,160.42999267578125,161.3000030517578,159.8699951171875,160.25,5072100
2024-01-18,149.95741271972656,161.2100067138672,161.3699951171875,159.69000244140625,160.0,5368500
2024-01-19,150.3946075439453,161.67999267578125,161.9199981689453,160.27999877929688,161.14999389648438,7071300
2024-01-22,151.12950134277344,162.47000122070312,163.5800018310547,161.33999633789062,162.0,6824200
2024-01-23,148.6551513671875,159.80999755859375,160.50999450683594,156.91000366210938,159.66000366210938,9149800
2024-01-24,147.864501953125,158.9600067138672,160.60000610351562,158.16000366210938,159.75,7247900
2024-01-25,148.422607421875,159.55999755859375,159.6199951171875,158.47000122070312,159.0,5478900
2024-01-26,148.36679077148438,159.5,160.74000549316406,159.36000061035156,160.42999267578125,5591900
2024-01-29,148.23654174804688,159.36000061035156,160.07000732421875,158.9600067138672,159.00999450683594,6483200
2024-01-30,147.68772888183594,158.77000427246094,159.75999450683594,158.1300048828125,159.35000610351562,7200500
2024-01-31,147.8086700439453,158.89999389648438,160.6199951171875,158.6699981689453,160.39999389648438,8256800
2024-02-01,147.3063507080078,158.36000061035156,158.49000549316406,157.0500030517578,158.16000366210938,8012000
2024-02-02,145.67852783203125,156.61000061035156,158.30999755859375,155.94000244140625,157.97000122070312,8295900
2024-02-05,144.92506408691406,155.8000030517578,156.88999938964844,155.33999633789062,156.61000061035156,9121600
2024-02-06,147.02731323242188,158.05999755859375,158.72999572753906,155.60000610351562,155.8300018310547,9229900
2024-02-07,146.95289611816406,157.97999572753906,159.3699951171875,157.69000244140625,157.8000030517578,8690300
2024-02-08,145.48318481445312,156.39999389648438,157.33999633789062,155.30999755859375,157.33999633789062,9755000
2024-02-09,145.8180389404297,156.75999450683594,157.1999969482422,155.6699981689453,156.27000427246094,6529200
2024-02-12,146.8319854736328,157.85000610351562,158.41000366210938,156.35000610351562,156.5800018310547,6701500
2024-02-13,145.54827880859375,156.47000122070312,158.4499969482422,155.75,157.63999938964844,8621000
2024-02-14,144.86924743652344,155.74000549316406,156.4600067138672,154.83999633789062,156.35000610351562,9098800
2024-02-15,146.89707946777344,157.9199981689453,158.47999572753906,155.88999938964844,155.97999572753906,7462500
2024-02-16,146.72836303710938,156.5500030517578,157.25999450683594,155.6699981689453,156.60000610351562,8541000
2024-02-20,147.95619201660156,157.86000061035156,158.61000061035156,156.44000244140625,156.55999755859375,9501700
2024-02-21,148.72470092773438,158.67999267578125,158.69000244140625,157.1300048828125,158.02000427246094,7472500
2024-02-22,150.3836669921875,160.4499969482422,160.74000549316406,157.77000427246094,158.97999572753906,8065000
2024-02-23,151.68649291992188,161.83999633789062,162.25,160.16000366210938,160.8800048828125,6726000
2024-02-26,150.70237731933594,160.7899932861328,162.00999450683594,160.57000732421875,161.8000030517578,5465400
2024-02-27,150.88043212890625,160.97999572753906,161.0399932861328,159.63999938964844,160.33999633789062,5078600
2024-02-28,151.4146728515625,161.5500030517578,161.61000061035156,160.2899932861328,161.0,6071100
2024-02-29,151.25534057617188,161.3800048828125,162.19000244140625,160.94000244140625,162.0,9849100
2024-03-01,151.9489288330078,162.1199951171875,162.57000732421875,161.08999633789062,161.8300018310547,5670100
2024-03-04,149.81198120117188,159.83999633789062,161.61000061035156,158.27000427246094,161.32000732421875,8532900
2024-03-05,149.93380737304688,159.97000122070312,161.24000549316406,159.1999969482422,160.6199951171875,8298200
2024-03-06,149.3433380126953,159.33999633789062,160.92999267578125,159.22000122070312,159.4600067138672,5773700
2024-03-07,148.90281677246094,158.8699951171875,160.36000061035156,158.24000549316406,160.0,5188700
2024-03-08,149.51202392578125,159.52000427246094,160.38999938964844,158.42999267578125,158.8699951171875,5284000
2024-03-11,151.11476135253906,161.22999572753906,161.32000732421875,158.8800048828125,159.49000549316406,4620800
2024-03-12,152.53004455566406,162.74000549316406,163.11000061035156,161.1300048828125,161.5800018310547,8018700
2024-03-13,150.99293518066406,161.10000610351562,162.67999267578125,159.80999755859375,162.52999877929688,6260000
2024-03-14,149.22149658203125,159.2100067138672,161.5399932861328,158.69000244140625,160.94000244140625,6988300
2024-03-15,148.25608825683594,158.17999267578125,159.19000244140625,157.10000610351562,158.05999755859375,13165500
2024-03-18,146.92518615722656,156.75999450683594,158.69000244140625,156.5,158.57000732421875,6602300
2024-03-19,146.4097137451172,156.2100067138672,156.86000061035156,155.66000366210938,156.6699981689453,7840600
2024-03-20,145.9879150390625,155.75999450683594,156.44000244140625,155.2100067138672,155.6999969482422,5982300
2024-03-21,145.9785614013672,155.75,156.9499969482422,155.10000610351562,155.58999633789062,5915800
2024-03-22,145.49119567871094,155.22999572753906,156.36000061035156,155.11000061035156,155.69000244140625,7248600
2024-03-25,145.48182678222656,155.22000122070312,155.97999572753906,154.89999389648438,155.39999389648438,7498100
2024-03-26,145.997314453125,155.77000427246094,156.22999572753906,154.75999450683594,155.61000061035156,6864100
2024-03-27,148.04989624023438,157.9600067138672,158.22000122070312,155.44000244140625,155.99000549316406,8461600
2024-03-28,148.26548767089844,158.19000244140625,159.13999938964844,158.11000061035156,158.1999969482422,6181500
2024-04-01,147.88121032714844,157.77999877929688,158.14999389648438,156.77000427246094,157.72000122070312,4364700
2024-04-02,147.83432006835938,157.72999572753906,157.8300018310547,155.9499969482422,156.57000732421875,6102300
2024-04-03,144.58204650878906,154.25999450683594,158.0500030517578,154.25,157.7899932861328,8098200
2024-04-04,142.9324493408203,152.5,155.5,152.41000366210938,155.30999755859375,6947400
2024-04-05,142.82936096191406,152.38999938964844,153.00999450683594,151.61000061035156,152.02999877929688,6783000
2024-04-08,142.07955932617188,151.58999633789062,153.0399932861328,151.55999755859375,151.99000549316406,5935400
2024-04-09,142.73561096191406,152.2899932861328,152.52999877929688,150.94000244140625,151.5500030517578,6135300
2024-04-10,140.77674865722656,150.1999969482422,151.82000732421875,149.75999450683594,151.52999877929688,6809500
2024-04-11,139.45521545410156,148.7899932861328,150.8699951171875,148.38999938964844,150.8000030517578,8374400
2024-04-12,138.264892578125,147.52000427246094,149.07000732421875,147.14999389648438,148.05999755859375,7100200
2024-04-15,138.33050537109375,147.58999633789062,149.49000549316406,147.3699951171875,148.3699951171875,8502300
2024-04-16,135.3874969482422,144.4499969482422,146.25,143.38999938964844,145.00999450683594,12774900
2024-04-17,135.6874237060547,144.77000427246094,145.41000366210938,143.5399932861328,145.0,9378100
2024-04-18,136.59657287597656,145.74000549316406,145.8000030517578,143.1300048828125,144.97999572753906,9887700
2024-04-19,138.6304473876953,147.91000366210938,148.1300048828125,144.5399932861328,146.14999389648438,9750800
2024-04-22,139.76451110839844,149.1199951171875,150.27000427246094,147.3000030517578,148.50999450683594,10118700
2024-04-23,140.17691040039062,149.55999755859375,150.49000549316406,148.1999969482422,149.86000061035156,10110400
2024-04-24,139.21153259277344,148.52999877929688,148.99000549316406,146.86000061035156,148.13999938964844,9756300
2024-04-25,137.60882568359375,146.82000732421875,149.5800018310547,146.3300018310547,149.3699951171875,7642700
2024-04-26,136.9714813232422,146.13999938964844,147.17999267578125,145.9499969482422,146.6999969482422,6183000
2024-04-29,137.60882568359375,146.82000732421875,147.22000122070312,145.99000549316406,146.13999938964844,6149600
2024-04-30,135.51869201660156,144.58999633789062,146.8800048828125,144.52999877929688,146.8800048828125,8817700
2024-05-01,141.69528198242188,151.17999267578125,151.85000610351562,147.6199951171875,148.74000549316406,14470900
2024-05-02,140.51431274414062,149.9199981689453,152.3300018310547,149.13999938964844,152.0399932861328,8459800
2024-05-03,139.90509033203125,149.27000427246094,149.88999938964844,147.82000732421875,149.88999938964844,6532700
2024-05-06,139.25839233398438,148.5800018310547,150.0500030517578,147.91000366210938,149.8699951171875,5042800
2024-05-07,139.38961791992188,148.72000122070312,149.72999572753906,148.4499969482422,149.3800048828125,7333500
2024-05-08,139.60519409179688,148.9499969482422,149.72999572753906,148.6999969482422,149.1199951171875,7735100
2024-05-09,140.44871520996094,149.85000610351562,150.10000610351562,148.88999938964844,148.97999572753906,6546200
2024-05-10,140.5049591064453,149.91000366210938,150.08999633789062,149.19000244140625,150.0,5710600
2024-05-13,141.73275756835938,151.22000122070312,152.0,149.7100067138672,150.0399932861328,5628500
2024-05-14,141.8827362060547,151.3800048828125,152.2100067138672,150.6999969482422,151.85000610351562,8254200
2024-05-15,143.09178161621094,152.6699981689453,152.9499969482422,151.3000030517578,151.82000732421875,5548000
2024-05-16,144.6007843017578,154.27999877929688,154.3800048828125,152.3300018310547,153.0,7591000
2024-05-17,144.9381866455078,154.63999938964844,154.86000061035156,153.7100067138672,154.86000061035156,6521800
2024-05-20,142.92567443847656,151.27000427246094,153.38999938964844,151.25999450683594,153.10000610351562,7742300
2024-05-21,142.89735412597656,151.24000549316406,152.58999633789062,150.7899932861328,151.77999877929688,5492400
2024-05-22,145.0326690673828,153.5,154.0800018310547,150.32000732421875,150.83999633789062,6609800
2024-05-23,141.44229125976562,149.6999969482422,152.83999633789062,149.3800048828125,152.75,8000400
2024-05-24,138.86288452148438,146.97000122070312,149.80999755859375,146.75999450683594,149.52999877929688,9520600
2024-05-28,136.41575622558594,144.3800048828125,146.7899932861328,144.14999389648438,146.7899932861328,10499800
2024-05-29,136.4724578857422,144.44000244140625,145.4199981689453,143.7100067138672,143.82000732421875,8263800
2024-05-30,137.26611328125,145.27999877929688,145.61000061035156,144.02000427246094,144.6199951171875,8490300
2024-05-31,138.5794219970703,146.6699981689453,147.47999572753906,145.19000244140625,145.57000732421875,14621200
2024-06-03,139.5904083251953,147.74000549316406,148.89999389648438,146.77000427246094,147.25,7329200
2024-06-04,139.64710998535156,147.8000030517578,148.30999755859375,146.19000244140625,147.47999572753906,8876400
2024-06-05,137.9180450439453,145.97000122070312,147.99000549316406,145.85000610351562,147.97000122070312,5891300
2024-06-06,138.3432159423828,146.4199981689453,147.0,144.66000366210938,145.5,5016300
2024-06-07,138.96681213378906,147.0800018310547,148.3000030517578,146.33999633789062,146.67999267578125,5111600
2024-06-10,139.01406860351562,147.1300048828125,147.55999755859375,145.60000610351562,146.52999877929688,5749900
2024-06-11,138.66445922851562,146.75999450683594,147.16000366210938,145.44000244140625,146.80999755859375,5661200
2024-06-12,137.38894653320312,145.41000366210938,147.2100067138672,144.77999877929688,147.05999755859375,6180500
2024-06-13,137.4267120361328,145.4499969482422,146.0,143.8800048828125,145.07000732421875,6840400
2024-06-14,137.5117645263672,145.5399932861328,145.97000122070312,144.47999572753906,145.13999938964844,4075300
2024-06-17,137.89913940429688,145.9499969482422,146.42999267578125,144.74000549316406,145.02000427246094,6666600
2024-06-18,137.6156768798828,145.64999389648438,146.38999938964844,145.25999450683594,145.9600067138672,6156600
2024-06-20,139.62818908691406,147.77999877929688,148.0800018310547,145.00999450683594,145.27000427246094,8749700
2024-06-21,140.54470825195312,148.75,149.0800018310547,147.3699951171875,147.88999938964844,15172300
2024-06-24,140.89427185058594,149.1199951171875,149.72000122070312,148.1699981689453,149.0,6914700
2024-06-25,139.0707550048828,147.19000244140625,149.1999969482422,146.94000244140625,149.17999267578125,5912500
2024-06-26,138.72116088867188,146.82000732421875,147.19000244140625,145.77999877929688,146.1999969482422,5267800
2024-06-27,137.75743103027344,145.8000030517578,147.36000061035156,144.83999633789062,146.8000030517578,5739200
2024-06-28,138.09756469726562,146.16000366210938,147.07000732421875,145.64999389648438,146.0399932861328,10495700
2024-07-01,138.3621063232422,146.44000244140625,148.6999969482422,145.6199951171875,146.07000732421875,5144400
2024-07-02,137.97476196289062,146.02999877929688,147.14999389648438,145.74000549316406,146.42999267578125,5492000
2024-07-03,137.65350341796875,145.69000244140625,146.64999389648438,144.74000549316406,146.1999969482422,3246200
2024-07-05,138.39993286132812,146.47999572753906,146.5500030517578,144.5,145.77000427246094,4888500
2024-07-08,137.455078125,145.47999572753906,147.22000122070312,145.25,146.39999389648438,5260200
2024-07-09,138.9384765625,147.0500030517578,147.1300048828125,145.17999267578125,145.6699981689453,5890400
2024-07-10,141.1871795654297,149.42999267578125,149.47000122070312,146.67999267578125,147.25999450683594,6093200
2024-07-11,141.44229125976562,149.6999969482422,150.5800018310547,148.63999938964844,149.5800018310547,6350400
2024-07-12,141.6123504638672,149.8800048828125,150.8800048828125,149.24000549316406,150.0,5336400
2024-07-15,141.00767517089844,149.24000549316406,150.25,148.8699951171875,150.0800018310547,6711400
2024-07-16,142.68002319335938,151.00999450683594,151.0800018310547,149.16000366210938,149.69000244140625,6469600
2024-07-17,147.94277954101562,156.5800018310547,157.49000549316406,151.4199981689453,151.5500030517578,13801400
2024-07-18,146.84677124023438,155.4199981689453,157.07000732421875,154.6199951171875,155.60000610351562,10166200
2024-07-19,146.1570587158203,154.69000244140625,156.50999450683594,154.1199951171875,156.50999450683594,7398000
2024-07-22,145.73184204101562,154.24000549316406,155.11000061035156,153.58999633789062,154.77000427246094,6840600
2024-07-23,143.9460906982422,152.35000610351562,153.5,151.57000732421875,153.30999755859375,6261900
2024-07-24,147.65933227539062,156.27999877929688,156.41000366210938,152.3300018310547,152.75999450683594,7168200
2024-07-25,150.833984375,159.63999938964844,160.5800018310547,156.0,156.47999572753906,10019600
2024-07-26,151.77880859375,160.63999938964844,161.5800018310547,159.47000122070312,159.75,8356900
2024-07-29,149.8135528564453,158.55999755859375,160.0,158.0500030517578,159.97000122070312,5625000
2024-07-30,152.43077087402344,161.3300018310547,161.5500030517578,158.36000061035156,158.5399932861328,6545700
2024-07-31,149.14273071289062,157.85000610351562,160.35000610351562,157.74000549316406,159.85000610351562,8293200
2024-08-01,151.89219665527344,160.75999450683594,160.80999755859375,157.7100067138672,158.47999572753906,7213400
2024-08-02,155.08575439453125,164.13999938964844,164.85000610351562,161.0,161.89999389648438,11280400
2024-08-05,152.35519409179688,161.25,165.77999877929688,160.5800018310547,163.7899932861328,12032200
2024-08-06,150.20094299316406,158.97000122070312,161.47999572753906,158.94000244140625,161.0500030517578,7607100
2024-08-07,150.1348114013672,158.89999389648438,160.6199951171875,158.19000244140625,158.8699951171875,5993000
2024-08-08,151.38198852539062,160.22000122070312,160.6999969482422,158.02999877929688,158.57000732421875,5094800
2024-08-09,151.75991821289062,160.6199951171875,160.92999267578125,159.33999633789062,160.1199951171875,4579200
2024-08-12,151.0607452392578,159.8800048828125,161.6999969482422,158.7100067138672,160.97000122070312,7605400
2024-08-13,149.65296936035156,158.38999938964844,160.3699951171875,156.44000244140625,160.27000427246094,9711400
2024-08-14,149.7379608154297,158.47999572753906,159.5500030517578,157.39999389648438,157.8300018310547,5141200
2024-08-15,150.3143310546875,159.08999633789062,159.5,157.83999633789062,158.3699951171875,7237800
2024-08-16,150.5977783203125,159.38999938964844,159.94000244140625,158.17999267578125,159.13999938964844,5012800
2024-08-19,150.82455444335938,159.6300048828125,160.2899932861328,159.1300048828125,159.4600067138672,4408400
2024-08-20,151.3253173828125,160.16000366210938,160.92999267578125,159.6699981689453,160.0,7275100
2024-08-21,152.52525329589844,161.42999267578125,161.47999572753906,160.30999755859375,160.39999389648438,5019400
2024-08-22,153.39450073242188,162.35000610351562,162.49000549316406,160.7899932861328,162.0,6552100
2024-08-23,155.07630920410156,164.1300048828125,164.22000122070312,161.6999969482422,162.5,7093400
2024-08-26,155.52984619140625,164.61000061035156,165.7100067138672,163.5399932861328,164.1699981689453,6870600
2024-08-27,155.12998962402344,162.9499969482422,164.0399932861328,162.16000366210938,163.5,4388700
2024-08-28,156.05343627929688,163.9199981689453,165.0,162.7100067138672,163.0,5187000
2024-08-29,156.3485565185547,164.22999572753906,164.72000122070312,163.36000061035156,164.6300048828125,7390100
2024-08-30,157.90032958984375,165.86000061035156,165.97999572753906,163.80999755859375,164.1199951171875,7971000
2024-09-03,159.13795471191406,167.16000366210938,167.80999755859375,164.77000427246094,165.24000549316406,6956500
2024-09-04,159.32835388183594,167.36000061035156,168.85000610351562,166.0399932861328,167.80999755859375,6939100
2024-09-05,157.0720977783203,164.99000549316406,167.3699951171875,164.8300018310547,167.1999969482422,4600400
2024-09-06,156.49136352539062,164.3800048828125,165.94000244140625,164.1199951171875,165.17999267578125,6016900
2024-09-09,158.61436462402344,166.61000061035156,167.41000366210938,164.47000122070312,164.83999633789062,7538200
2024-09-10,159.34738159179688,167.3800048828125,168.4600067138672,166.75,167.5,6559600
2024-09-11,156.91024780273438,164.82000732421875,166.7899932861328,164.08999633789062,166.7899932861328,5920200
2024-09-12,156.73887634277344,164.63999938964844,165.10000610351562,162.7100067138672,164.1999969482422,4540900
2024-09-13,157.57664489746094,165.52000427246094,165.75,163.82000732421875,164.74000549316406,3693400
2024-09-16,158.97610473632812,166.99000549316406,167.25,165.77999877929688,166.36000061035156,5187800
2024-09-17,159.0522918701172,167.07000732421875,167.72000122070312,165.92999267578125,166.24000549316406,5066500
2024-09-18,158.17640686035156,166.14999389648438,168.35000610351562,165.74000549316406,166.6300048828125,4722800
2024-09-19,156.91024780273438,164.82000732421875,166.3699951171875,164.4199981689453,166.22999572753906,4956100
2024-09-20,156.28192138671875,164.16000366210938,164.8699951171875,163.5500030517578,164.3000030517578,11839000
2024-09-23,155.38702392578125,163.22000122070312,164.5,162.72000122070312,164.39999389648438,4671600
2024-09-24,154.96815490722656,162.77999877929688,163.49000549316406,161.5500030517578,162.7899932861328,6041600
2024-09-25,152.8927764892578,160.60000610351562,163.32000732421875,160.36000061035156,163.0,5420000
2024-09-26,153.64486694335938,161.38999938964844,161.5399932861328,160.02000427246094,160.24000549316406,6122000
2024-09-27,153.6543731689453,161.39999389648438,163.42999267578125,161.33999633789062,162.0,7553800
2024-09-30,154.28273010253906,162.05999755859375,162.17999267578125,160.67999267578125,161.57000732421875,6010000
2024-10-01,154.216064453125,161.99000549316406,162.75,161.17999267578125,162.42999267578125,4408000
2024-10-02,153.43540954589844,161.1699981689453,162.1199951171875,160.64999389648438,161.50999450683594,4684400
2024-10-03,152.7975616455078,160.5,161.44000244140625,160.22000122070312,160.77999877929688,4791200
2024-10-04,152.59764099121094,160.2899932861328,160.5,158.77999877929688,159.6300048828125,5331100
2024-10-07,151.87411499023438,159.52999877929688,160.86000061035156,159.22000122070312,160.25,4266000
2024-10-08,152.02642822265625,159.69000244140625,160.25,158.9499969482422,159.49000549316406,4766300
2024-10-09,152.94036865234375,160.64999389648438,161.22000122070312,159.50999450683594,159.9199981689453,6047200
2024-10-10,152.8070831298828,160.50999450683594,161.38999938964844,160.0,161.36000061035156,4793900
2024-10-11,153.7115020751953,161.4600067138672,162.66000366210938,161.1999969482422,162.17999267578125,5253500
2024-10-14,153.84478759765625,161.60000610351562,162.13999938964844,160.89999389648438,161.39999389648438,5964000
2024-10-15,156.22479248046875,164.10000610351562,166.75,159.0,160.0,10548000
2024-10-16,156.39614868164062,164.27999877929688,164.99000549316406,162.63999938964844,164.0,5982100
2024-10-17,156.57705688476562,164.47000122070312,165.0,163.6300048828125,164.25999450683594,4798000
2024-10-18,157.1958465576172,165.1199951171875,165.2899932861328,163.92999267578125,164.88999938964844,5908000
2024-10-21,155.01576232910156,162.8300018310547,165.25,162.30999755859375,165.10000610351562,6082700
2024-10-22,155.6060028076172,163.4499969482422,163.72999572753906,161.89999389648438,162.32000732421875,5680300
2024-10-23,157.90032958984375,165.86000061035156,166.0,162.4199981689453,162.82000732421875,7441600
2024-10-24,155.81544494628906,163.6699981689453,165.50999450683594,163.33999633789062,165.0,5386300
2024-10-25,153.1593475341797,160.8800048828125,163.9199981689453,160.61000061035156,163.67999267578125,6400400
2024-10-28,153.84478759765625,161.60000610351562,161.97000122070312,161.0,161.1300048828125,4842500
2024-10-29,152.40721130371094,160.08999633789062,162.1699981689453,160.05999755859375,161.4600067138672,5216900
2024-10-30,152.90228271484375,160.61000061035156,161.27999877929688,159.02999877929688,159.4499969482422,5820500
2024-10-31,152.1882781982422,159.86000061035156,160.8699951171875,159.4600067138672,159.99000549316406,8613900
2024-11-01,152.44534301757812,160.1300048828125,161.05999755859375,159.8800048828125,160.5800018310547,5256400
2024-11-04,150.6460418701172,158.24000549316406,160.27999877929688,158.07000732421875,159.6999969482422,4644000
2024-11-05,150.75074768066406,158.35000610351562,158.58999633789062,156.35000610351562,157.6699981689453,6547100
2024-11-06,150.3032989501953,157.8800048828125,160.85000610351562,157.35000610351562,159.89999389648438,8926600
2024-11-07,149.20848083496094,156.72999572753906,158.75,156.50999450683594,158.47000122070312,7522800
2024-11-08,148.0089569091797,155.47000122070312,157.0800018310547,155.41000366210938,157.0,8926100
2024-11-11,147.59959411621094,155.0399932861328,157.5800018310547,154.91000366210938,155.6199951171875,7146800
2024-11-12,145.3147735595703,152.63999938964844,155.0399932861328,152.3699951171875,154.52999877929688,7181400
2024-11-13,145.88597106933594,153.24000549316406,153.50999450683594,151.4199981689453,152.5,7161900
2024-11-14,144.5817108154297,151.8699951171875,153.58999633789062,150.75999450683594,153.17999267578125,7716400
2024-11-15,146.6094970703125,154.0,154.42999267578125,150.89999389648438,150.89999389648438,11328500
2024-11-18,147.34255981445312,154.77000427246094,155.3300018310547,152.3300018310547,152.58999633789062,7510600
2024-11-19,145.65750122070312,153.0,153.99000549316406,152.0500030517578,153.9499969482422,8233700
2024-11-20,145.76222229003906,153.11000061035156,153.25,151.80999755859375,153.02999877929688,9061300
2024-11-21,148.03749084472656,155.5,156.05999755859375,152.80999755859375,153.6199951171875,10141100
2024-11-22,147.72335815429688,155.1699981689453,157.1199951171875,154.11000061035156,155.89999389648438,8266000
2024-11-25,148.30409240722656,155.77999877929688,157.0399932861328,155.13999938964844,155.1699981689453,12256200
2024-11-26,148.28488159179688,154.52000427246094,155.25,153.16000366210938,155.16000366210938,5683500
2024-11-27,149.12936401367188,155.39999389648438,156.6300048828125,154.60000610351562,154.6300048828125,4140400
2024-11-29,148.75511169433594,155.00999450683594,155.6699981689453,154.1699981689453,154.88999938964844,5687800
2024-12-02,148.5535888671875,154.8000030517578,155.0,153.92999267578125,154.75,6946500
2024-12-03,146.21205139160156,152.36000061035156,154.8000030517578,152.30999755859375,154.8000030517578,8674400
2024-12-04,144.3983154296875,150.47000122070312,151.55999755859375,149.75,151.2899932861328,10333100
2024-12-05,143.4866485595703,149.52000427246094,150.3800048828125,148.9499969482422,150.0,7898100
2024-12-06,143.28512573242188,149.30999755859375,150.0500030517578,148.3800048828125,149.38999938964844,8389600
2024-12-09,143.5634307861328,149.60000610351562,150.88999938964844,148.44000244140625,149.2899932861328,8410300
2024-12-10,143.20834350585938,149.22999572753906,150.8300018310547,148.3300018310547,149.92999267578125,9398700
2024-12-11,140.7228546142578,146.63999938964844,148.5,146.3699951171875,148.5,13446700
2024-12-12,140.33901977539062,146.24000549316406,147.77000427246094,146.00999450683594,147.1999969482422,6176300
2024-12-13,140.70367431640625,146.6199951171875,146.92999267578125,145.0399932861328,145.66000366210938,8324900
2024-12-16,138.04544067382812,143.85000610351562,147.25,143.52000427246094,146.72999572753906,8732400
2024-12-17,140.5021209716797,146.41000366210938,146.66000366210938,143.7100067138672,143.83999633789062,10343000
2024-12-18,138.90911865234375,144.75,146.74000549316406,144.6699981689453,145.67999267578125,9336100
2024-12-19,137.78634643554688,143.5800018310547,145.22000122070312,143.3699951171875,144.13999938964844,9516700
2024-12-20,138.6404266357422,144.47000122070312,145.47000122070312,142.75,143.0500030517578,17702800
2024-12-23,139.4081573486328,145.27000427246094,145.3300018310547,143.4499969482422,144.6300048828125,8720800
2024-12-24,139.96473693847656,145.85000610351562,145.85000610351562,144.3300018310547,145.0,3164100
2024-12-26,139.7056427001953,145.5800018310547,146.3699951171875,145.08999633789062,145.50999450683594,4656300
2024-12-27,139.19703674316406,145.0500030517578,146.60000610351562,144.67999267578125,144.8699951171875,5588300
2024-12-30,137.55601501464844,143.33999633789062,144.8800048828125,142.9499969482422,144.83999633789062,6268700
2024-12-31,138.78436279296875,144.6199951171875,144.6699981689453,143.30999755859375,143.75999450683594,5811400
2025-01-02,138.20860290527344,144.02000427246094,145.77000427246094,143.77999877929688,145.22999572753906,6051300
2025-01-03,138.37171936035156,144.19000244140625,144.57000732421875,143.6199951171875,144.07000732421875,5878800
2025-01-06,137.86312866210938,143.66000366210938,144.82000732421875,142.92999267578125,143.50999450683594,7910500
2025-01-07,140.3293914794922,146.22999572753906,147.17999267578125,143.58999633789062,143.75999450683594,8422000
2025-01-08,136.52920532226562,142.27000427246094,145.58999633789062,141.44000244140625,145.49000549316406,11175600
2025-01-10,136.32766723632812,142.05999755859375,143.6699981689453,140.67999267578125,141.0,8821500
2025-01-13,138.6404266357422,144.47000122070312,145.07000732421875,142.30999755859375,142.97999572753906,10376400
2025-01-14,138.90911865234375,144.75,144.80999755859375,142.86000061035156,144.5,8681700
2025-01-15,139.1202392578125,144.97000122070312,146.0500030517578,144.25999450683594,145.30999755859375,7434600
2025-01-16,141.80726623535156,147.77000427246094,148.07000732421875,144.05999755859375,144.32000732421875,8964000
2025-01-17,141.0971221923828,147.02999877929688,148.3800048828125,146.61000061035156,147.44000244140625,10773100
2025-01-21,142.1719207763672,148.14999389648438,148.86000061035156,147.0500030517578,147.55999755859375,11111700
2025-01-22,139.4081573486328,145.27000427246094,145.47000122070312,142.11000061035156,144.0,16834700
2025-01-23,140.7228546142578,146.63999938964844,147.91000366210938,144.80999755859375,145.44000244140625,10506400
2025-01-24,140.89561462402344,146.82000732421875,147.6300048828125,146.3800048828125,146.80999755859375,9887300
2025-01-27,146.72064208984375,152.88999938964844,153.4499969482422,148.0,148.4499969482422,15152300
2025-01-28,144.3119659423828,150.3800048828125,152.97000122070312,150.3000030517578,152.66000366210938,10320600
2025-01-29,145.05087280273438,151.14999389648438,151.8800048828125,150.0,150.5,7156400
2025-01-30,146.70147705078125,152.8699951171875,154.13999938964844,151.36000061035156,151.91000366210938,8911000
2025-01-31,146.010498046875,152.14999389648438,153.17999267578125,152.05999755859375,152.6199951171875,8457800
2025-02-03,145.7418212890625,151.8699951171875,152.47000122070312,150.77999877929688,152.0,6687500
2025-02-04,147.29644775390625,153.49000549316406,154.17999267578125,150.9499969482422,151.36000061035156,9645000
2025-02-05,148.44802856445312,154.69000244140625,154.72999572753906,153.30999755859375,153.82000732421875,8947000
2025-02-06,147.31565856933594,153.50999450683594,154.83999633789062,153.3800048828125,154.7899932861328,7418100
2025-02-07,146.9413604736328,153.1199951171875,154.49000549316406,152.8000030517578,153.52999877929688,6204900
2025-02-10,148.01617431640625,154.24000549316406,154.3699951171875,152.2899932861328,153.61000061035156,6936200
2025-02-11,149.82992553710938,156.1300048828125,156.38999938964844,153.94000244140625,154.11000061035156,7554500
2025-02-12,148.99502563476562,155.25999450683594,155.66000366210938,154.27000427246094,155.27000427246094,7746000
2025-02-13,150.90472412109375,157.25,158.1300048828125,154.7899932861328,155.25999450683594,10704700
2025-02-14,149.84912109375,156.14999389648438,157.47000122070312,156.05999755859375,157.2899932861328,6411800
2025-02-18,149.926513671875,154.99000549316406,155.4499969482422,153.24000549316406,154.13999938964844,9670700
2025-02-19,152.73175048828125,157.88999938964844,158.3000030517578,154.75,155.0,7974700
2025-02-20,154.46328735351562,159.67999267578125,159.9499969482422,156.9499969482422,156.9499969482422,7224000
2025-02-21,156.9976806640625,162.3000030517578,163.50999450683594,159.27999877929688,159.8800048828125,12546900
2025-02-24,158.39065551757812,163.74000549316406,164.8699951171875,162.0500030517578,162.67999267578125,10201900
2025-02-25,160.6638641357422,166.08999633789062,166.42999267578125,163.94000244140625,164.10000610351562,12303700
2025-02-26,157.75218200683594,163.0800018310547,165.1300048828125,162.55999755859375,165.0800018310547,11396400
2025-02-27,158.38096618652344,163.72999572753906,163.9499969482422,161.72999572753906,162.30999755859375,8364600
2025-02-28,159.6288299560547,165.02000427246094,165.94000244140625,162.6999969482422,164.30999755859375,12037200
2025-03-03,161.8149871826172,167.27999877929688,167.3300018310547,164.83999633789062,164.9600067138672,9191500
2025-03-04,160.01576232910156,165.4199981689453,169.99000549316406,165.32000732421875,168.0800018310547,11999700
2025-03-05,159.72555541992188,165.1199951171875,166.4600067138672,163.52999877929688,164.50999450683594,8744800
2025-03-06,160.41236877441406,165.8300018310547,165.8699951171875,163.50999450683594,165.0,8037900
2025-03-07,161.2442626953125,166.69000244140625,168.4600067138672,164.6999969482422,165.1300048828125,9637600
2025-03-10,162.2212677001953,167.6999969482422,169.89999389648438,167.0500030517578,167.47999572753906,17559000
2025-03-11,160.44139099121094,165.86000061035156,167.3000030517578,165.0500030517578,167.1999969482422,9890300
2025-03-12,157.5297088623047,162.85000610351562,164.2100067138672,162.22999572753906,163.72999572753906,8010700
2025-03-13,157.66514587402344,162.99000549316406,164.5399932861328,162.66000366210938,163.42999267578125,5286700
2025-03-14,157.49102783203125,162.80999755859375,163.14999389648438,161.10000610351562,162.1199951171875,6235800
2025-03-17,157.52003479003906,162.83999633789062,163.5,161.72999572753906,162.41000366210938,6669800
2025-03-18,158.8839874267578,164.25,164.86000061035156,162.97000122070312,163.44000244140625,7348800
2025-03-19,157.66514587402344,162.99000549316406,164.36000061035156,162.2100067138672,163.97000122070312,5936400
2025-03-20,157.6941680908203,163.02000427246094,163.1999969482422,161.92999267578125,163.0,7485900
2025-03-21,158.28424072265625,163.6300048828125,164.1300048828125,162.47999572753906,163.0,17047100
2025-03-24,157.95533752441406,163.2899932861328,164.38999938964844,162.5,162.83999633789062,8046400
2025-03-25,155.75950622558594,161.02000427246094,164.19000244140625,160.55999755859375,163.52000427246094,7456200
2025-03-26,156.43666076660156,161.72000122070312,162.49000549316406,160.63999938964844,161.2100067138672,7223500
2025-03-27,157.8005828857422,163.1300048828125,164.07000732421875,161.32000732421875,162.35000610351562,6752500
2025-03-28,158.36163330078125,163.7100067138672,164.52000427246094,162.91000366210938,163.58999633789062,5760300
2025-03-31,160.42202758789062,165.83999633789062,166.6300048828125,164.22999572753906,164.3699951171875,12481400
2025-04-01,148.24334716796875,153.25,161.80999755859375,153.1300048828125,160.72999572753906,23303100
2025-04-02,150.28439331054688,155.36000061035156,155.7899932861328,153.4499969482422,154.00999450683594,10356900
2025-04-03,154.59869384765625,159.82000732421875,160.64999389648438,157.47999572753906,158.75,13249300
2025-04-04,148.23367309570312,153.24000549316406,159.82000732421875,152.92999267578125,159.16000366210938,16601700
2025-04-07,145.6992645263672,150.6199951171875,152.7100067138672,147.39999389648438,151.27999877929688,18083000
2025-04-08,145.09951782226562,150.0,153.58999633789062,148.0,153.58999633789062,12018400
2025-04-09,146.03785705566406,150.97000122070312,153.19000244140625,141.5,142.1999969482422,18773700
2025-04-10,143.8323211669922,148.69000244140625,151.1999969482422,145.1300048828125,150.3699951171875,13830500
2025-04-11,146.77301025390625,151.72999572753906,152.35000610351562,148.19000244140625,149.3300018310547,9943900
2025-04-14,149.3170928955078,154.36000061035156,154.6699981689453,151.1699981689453,151.58999633789062,10685300
2025-04-15,148.6012725830078,153.6199951171875,156.3000030517578,152.10000610351562,155.6999969482422,10847700
2025-04-16,148.8817901611328,153.91000366210938,155.6300048828125,152.24000549316406,155.3699951171875,7986900
2025-04-17,152.32546997070312,157.47000122070312,159.44000244140625,154.16000366210938,154.16000366210938,10981100
2025-04-21,151.79344177246094,156.9199981689453,158.22999572753906,155.49000549316406,157.9600067138672,6285400
2025-04-22,152.59634399414062,157.75,158.72000122070312,156.25999450683594,157.5500030517578,7136300
2025-04-23,150.3037567138672,155.3800048828125,157.10000610351562,154.3300018310547,156.49000549316406,9099400
2025-04-24,149.8684539794922,154.92999267578125,155.89999389648438,153.44000244140625,155.8000030517578,8310400
2025-04-25,149.52989196777344,154.5800018310547,154.89999389648438,152.4499969482422,154.32000732421875,8643600
2025-04-28,150.27474975585938,155.35000610351562,155.80999755859375,153.82000732421875,155.5,5815200
2025-04-29,150.81643676757812,155.91000366210938,157.02000427246094,154.2899932861328,155.4499969482422,5246700
2025-04-30,151.20338439941406,156.30999755859375,158.1999969482422,155.02000427246094,158.1999969482422,9598200
2025-05-01,149.413818359375,154.4600067138672,155.08999633789062,153.36000061035156,155.0,7325800
2025-05-02,151.01959228515625,156.1199951171875,156.72000122070312,155.0399932861328,156.07000732421875,5974500
2025-05-05,149.93617248535156,155.0,156.7899932861328,154.72999572753906,156.6699981689453,5464100
2025-05-06,149.42349243164062,154.47000122070312,155.89999389648438,153.69000244140625,154.82000732421875,8644200
2025-05-07,152.16104125976562,157.3000030517578,157.94000244140625,154.5,154.74000549316406,7853100
2025-05-08,150.5746307373047,155.66000366210938,157.02999877929688,154.77999877929688,155.82000732421875,7606100
2025-05-09,149.18167114257812,154.22000122070312,156.05999755859375,153.80999755859375,155.4199981689453,6520400
2025-05-12,149.10427856445312,154.13999938964844,155.36000061035156,151.17999267578125,152.02000427246094,9023800
2025-05-13,143.5904998779297,148.44000244140625,151.6999969482422,148.0800018310547,151.6999969482422,10549600
2025-05-14,141.57843017578125,146.36000061035156,148.82000732421875,146.1199951171875,148.6699981689453,10216000
2025-05-15,144.72225952148438,149.61000061035156,149.64999389648438,147.3300018310547,148.0,7945800
2025-05-16,146.38607788085938,151.3300018310547,151.5,149.22000122070312,149.6699981689453,8051200
2025-05-19,147.5081787109375,152.49000549316406,152.66000366210938,151.0500030517578,151.88999938964844,12639900
2025-05-20,148.6399688720703,153.66000366210938,154.0399932861328,152.1199951171875,152.3300018310547,7351500
2025-05-21,148.1756134033203,153.17999267578125,154.42999267578125,153.0,153.19000244140625,7032200
2025-05-22,147.624267578125,152.61000061035156,153.32000732421875,151.3699951171875,152.64999389648438,7535300
2025-05-23,147.94346618652344,152.94000244140625,153.47999572753906,152.2100067138672,153.0,6727300
2025-05-27,149.51422119140625,153.25,154.0399932861328,151.92999267578125,152.52000427246094,6990700
2025-05-28,148.71420288085938,152.42999267578125,153.63999938964844,151.92999267578125,153.27999877929688,8459300
2025-05-29,149.83616638183594,153.5800018310547,154.0399932861328,151.55999755859375,151.75,6810600
2025-05-30,151.4264678955078,155.2100067138672,155.7100067138672,153.22000122070312,153.89999389648438,15529700
2025-06-02,151.61180114746094,155.39999389648438,155.5399932861328,152.3000030517578,154.47999572753906,6669300
2025-06-03,150.6557159423828,154.4199981689453,155.66000366210938,154.0800018310547,154.8000030517578,8209800
2025-06-04,149.48495483398438,153.22000122070312,154.92999267578125,153.1300048828125,154.92999267578125,6983900
2025-06-05,149.91424560546875,153.66000366210938,154.08999633789062,152.63999938964844,153.67999267578125,5295400
2025-06-06,151.25082397460938,155.02999877929688,156.02999877929688,154.0,154.0,5391500
2025-06-09,151.44595336914062,155.22999572753906,155.99000549316406,154.4499969482422,154.85000610351562,5319000
2025-06-10,152.63623046875,156.4499969482422,157.44000244140625,155.02000427246094,155.42999267578125,6791600
2025-06-11,151.4752197265625,155.25999450683594,156.60000610351562,154.72999572753906,156.3000030517578,6016000
2025-06-12,152.84109497070312,156.66000366210938,156.67999267578125,155.1699981689453,156.24000549316406,7075500
2025-06-13,153.2703857421875,157.10000610351562,157.6699981689453,155.97000122070312,155.97000122070312,6587500
2025-06-16,151.4362030029297,155.22000122070312,156.5,154.4499969482422,156.4199981689453,7024000
2025-06-17,148.66543579101562,152.3800048828125,155.27999877929688,152.10000610351562,154.97000122070312,6407100
2025-06-18,147.0556640625,150.72999572753906,152.64999389648438,150.7100067138672,152.57000732421875,8325200
2025-06-20,146.1385498046875,149.7899932861328,151.39999389648438,149.0399932861328,151.25999450683594,22605500
2025-06-23,147.63125610351562,151.32000732421875,151.42999267578125,149.74000549316406,149.74000549316406,7397900
2025-06-24,148.4800567626953,152.19000244140625,152.72000122070312,150.97999572753906,151.5,9544200
2025-06-25,148.56787109375,152.27999877929688,153.07000732421875,150.72999572753906,151.3800048828125,7153700
2025-06-26,148.304443359375,152.00999450683594,153.22000122070312,151.52999877929688,152.6999969482422,7156900
2025-06-27,148.69471740722656,152.41000366210938,153.3300018310547,151.00999450683594,152.00999450683594,10010800
2025-06-30,149.0264129638672,152.75,152.97000122070312,151.52000427246094,152.16000366210938,9039300
2025-07-01,152.119140625,155.9199981689453,157.75,152.80999755859375,153.0,10896700
2025-07-02,151.76791381835938,155.55999755859375,156.3000030517578,155.07000732421875,156.0,5544000
2025-07-03,152.20693969726562,156.00999450683594,156.27999877929688,154.8800048828125,155.42999267578125,3482500
2025-07-07,151.4849853515625,155.27000427246094,156.35000610351562,154.88999938964844,156.02000427246094,6270900
2025-07-08,151.9923095703125,155.7899932861328,156.75999450683594,154.2100067138672,154.47999572753906,6438200
2025-07-09,152.47036743164062,156.27999877929688,156.69000244140625,155.07000732421875,155.7899932861328,6147400
2025-07-10,153.8459930419922,157.69000244140625,159.24000549316406,155.82000732421875,156.10000610351562,6732900
2025-07-11,153.0752410888672,156.89999389648438,157.17999267578125,155.17999267578125,157.08999633789062,7872000
2025-07-14,152.9971923828125,156.82000732421875,157.47000122070312,155.52000427246094,156.8699951171875,10185600
2025-07-15,151.38743591308594,155.1699981689453,157.19000244140625,154.8000030517578,156.36000061035156,6873200
2025-07-16,160.7631378173828,164.77999877929688,166.1199951171875,159.8000030517578,160.3000030517578,22134800
2025-07-17,159.00701904296875,162.97999572753906,164.6999969482422,162.3000030517578,163.17999267578125,11295700
2025-07-18,159.70947265625,163.6999969482422,165.10000610351562,163.36000061035156,163.92999267578125,9792600
2025-07-21,160.35340881347656,164.36000061035156,164.9199981689453,162.77999877929688,163.77000427246094,8254000
2025-07-22,163.83636474609375,167.92999267578125,168.05999755859375,164.7100067138672,165.0,9288000
2025-07-23,164.9778594970703,169.10000610351562,169.1199951171875,166.58999633789062,168.60000610351562,10617600
2025-07-24,165.42662048339844,169.55999755859375,169.99000549316406,168.8800048828125,169.5,6636900
2025-07-25,164.1973419189453,168.3000030517578,169.8800048828125,167.44000244140625,169.75,6254900
2025-07-28,162.16806030273438,166.22000122070312,167.94000244140625,165.0500030517578,167.86000061035156,8014600
2025-07-29,164.01197814941406,168.11000061035156,168.77999877929688,166.3699951171875,166.6699981689453,7663400
2025-07-30,163.18270874023438,167.25999450683594,168.61000061035156,166.77999877929688,167.6999969482422,6189200
2025-07-31,160.72413635253906,164.74000549316406,167.07000732421875,164.22999572753906,165.92999267578125,11036200
2025-08-01,163.25100708007812,167.3300018310547,167.6199951171875,164.7899932861328,165.47999572753906,8927800
2025-08-04,166.87054443359375,171.0399932861328,171.19000244140625,166.63999938964844,167.02999877929688,12679100
2025-08-05,166.577880859375,170.74000549316406,171.55999755859375,169.64999389648438,170.5399932861328,7934400
2025-08-06,166.4315185546875,170.58999633789062,172.17999267578125,169.67999267578125,169.91000366210938,8957200
2025-08-07,167.34861755371094,171.52999877929688,171.6199951171875,169.9199981689453,171.1699981689453,9315900
2025-08-08,169.104736328125,173.3300018310547,173.9600067138672,170.38999938964844,171.02000427246094,7686800
2025-08-11,169.58279418945312,173.82000732421875,174.60000610351562,173.0500030517578,173.39999389648438,7256800
2025-08-12,168.56814575195312,172.77999877929688,174.75999450683594,171.80999755859375,174.0,7916700
2025-08-13,170.1681671142578,174.4199981689453,174.5399932861328,172.6999969482422,173.0,5878700
2025-08-14,170.46083068847656,174.72000122070312,175.72000122070312,172.72000122070312,174.30999755859375,8241700
2025-08-15,172.33404541015625,176.63999938964844,177.27000427246094,174.9600067138672,175.57000732421875,9477600
2025-08-18,171.95355224609375,176.25,177.57000732421875,176.10000610351562,176.5,9284000
2025-08-19,173.4657745361328,177.8000030517578,178.17999267578125,175.97999572753906,176.0399932861328,9274200
2025-08-20,174.48040771484375,178.83999633789062,180.61000061035156,178.0,178.5,9030000
2025-08-21,174.5682373046875,178.92999267578125,180.0800018310547,178.16000366210938,178.5500030517578,8859600
2025-08-22,174.91944885253906,179.2899932861328,181.16000366210938,177.47000122070312,180.0399932861328,9524000
2025-08-25,174.0609130859375,178.41000366210938,180.25999450683594,178.2899932861328,179.52000427246094,6229100
2025-08-26,173.45156860351562,176.49000549316406,177.16000366210938,175.77000427246094,176.75,9145000
2025-08-27,173.7464141845703,176.7899932861328,177.69000244140625,176.16000366210938,176.97000122070312,5951100
2025-08-28,172.4294891357422,175.4499969482422,176.49000549316406,174.6300048828125,176.3699951171875,6424700
2025-08-29,174.11985778808594,177.1699981689453,177.41000366210938,175.4499969482422,175.97000122070312,6942300
2025-09-02,174.99453735351562,178.05999755859375,179.1999969482422,176.88999938964844,177.47000122070312,9049000
2025-09-03,174.93557739257812,178.0,178.2899932861328,176.52999877929688,177.6699981689453,7111700
2025-09-04,175.68247985839844,178.75999450683594,178.89999389648438,177.5500030517578,178.0,7854800
2025-09-05,175.35816955566406,178.42999267578125,179.50999450683594,176.55999755859375,178.0,9733800
2025-09-08,175.06333923339844,178.1300048828125,179.4499969482422,176.6999969482422,177.36000061035156,8382500
2025-09-09,173.91348266601562,176.9600067138672,178.08999633789062,176.4499969482422,178.0,6005700
2025-09-10,172.7636260986328,175.7899932861328,176.61000061035156,174.3300018310547,176.3000030517578,6891600
2025-09-11,175.42698669433594,178.5,178.85000610351562,175.6300048828125,175.75,5792500
2025-09-12,174.99453735351562,178.05999755859375,178.8000030517578,176.72000122070312,177.7100067138672,7220200
2025-09-15,174.3459014892578,177.39999389648438,178.99000549316406,176.92999267578125,177.75999450683594,4768100
2025-09-16,173.42210388183594,176.4600067138672,177.6199951171875,175.64999389648438,177.57000732421875,7959300
2025-09-17,174.14935302734375,177.1999969482422,178.50999450683594,176.58999633789062,176.7100067138672,6714900
2025-09-18,171.16168212890625,174.16000366210938,177.02000427246094,173.8699951171875,176.60000610351562,8200900
2025-09-19,173.15673828125,176.19000244140625,177.16000366210938,173.3300018310547,174.69000244140625,25621000
2025-09-22,171.21083068847656,174.2100067138672,176.63999938964844,174.1199951171875,176.08999633789062,7193900
2025-09-23,173.54002380371094,176.5800018310547,176.97000122070312,174.8300018310547,174.88999938964844,8350400
2025-09-24,173.64813232421875,176.69000244140625,176.9499969482422,175.74000549316406,176.13999938964844,6676800
2025-09-25,174.6702117919922,177.72999572753906,178.39999389648438,175.91000366210938,177.1999969482422,8475000
2025-09-26,176.61614990234375,179.7100067138672,179.91000366210938,177.32000732421875,178.60000610351562,8634400
2025-09-29,178.49327087402344,181.6199951171875,181.8699951171875,179.8000030517578,179.8300018310547,8597100
2025-09-30,182.22784423828125,185.4199981689453,185.99000549316406,181.07000732421875,181.6999969482422,11569000
2025-10-01,182.84698486328125,186.0500030517578,186.55999755859375,183.91000366210938,186.0,13063800
2025-10-02,182.7781982421875,185.97999572753906,186.58999633789062,184.08999633789062,184.19000244140625,7728100
2025-10-03,185.3924102783203,188.63999938964844,189.77999877929688,186.91000366210938,187.05999755859375,8675100
2025-10-06,184.92066955566406,188.16000366210938,189.9199981689453,187.3699951171875,188.0,5806100
2025-10-07,185.6381072998047,188.88999938964844,189.22999572753906,182.94000244140625,183.77000427246094,8776800
2025-10-08,186.42433166503906,189.69000244140625,190.22000122070312,188.27000427246094,188.8699951171875,5751200
2025-10-09,187.7904052734375,191.0800018310547,192.10000610351562,189.72999572753906,190.0,7484800
2025-10-10,187.43658447265625,190.72000122070312,192.07000732421875,189.85000610351562,192.00999450683594,9598000
2025-10-13,187.61349487304688,190.89999389648438,191.3000030517578,189.27999877929688,189.8300018310547,7979500
2025-10-14,187.56436157226562,190.85000610351562,194.39999389648438,185.8800048828125,192.9199981689453,13613300
2025-10-15,187.87884521484375,191.1699981689453,193.57000732421875,189.3000030517578,191.47999572753906,9473000
2025-10-16,188.8125,192.1199951171875,193.0500030517578,190.42999267578125,191.33999633789062,10611800
2025-10-17,189.89356994628906,193.22000122070312,193.60000610351562,191.67999267578125,192.5,7764400
2025-10-20,190.3849334716797,193.72000122070312,194.47999572753906,192.3300018310547,193.5,8034700
2025-10-21,188.57662963867188,191.8800048828125,193.5500030517578,191.77000427246094,193.00999450683594,6716000
2025-10-22,189.6183624267578,192.94000244140625,193.4499969482422,191.77999877929688,192.0,6343100
2025-10-23,189.15647888183594,192.47000122070312,194.0,191.5399932861328,192.55999755859375,8882500
2025-10-24,187.12208557128906,190.39999389648438,192.30999755859375,189.4199981689453,192.1999969482422,6903400
2025-10-27,187.02383422851562,190.3000030517578,190.8000030517578,189.52999877929688,189.99000549316406,7126000
2025-10-28,183.7118377685547,186.92999267578125,189.50999450683594,186.6199951171875,189.25999450683594,8329500
2025-10-29,183.3875274658203,186.60000610351562,187.10000610351562,184.66000366210938,186.6999969482422,10551100
2025-10-30,185.7953338623047,189.0500030517578,189.3800048828125,186.91000366210938,187.0800018310547,7072500
2025-10-31,185.61843872070312,188.8699951171875,189.5,186.75999450683594,187.4600067138672,8791700
2025-11-03,183.05337524414062,186.25999450683594,189.02999877929688,185.52000427246094,189.0,7542600
2025-11-04,183.64305114746094,186.86000061035156,187.82000732421875,185.6199951171875,186.8300018310547,7209400
2025-11-05,182.79783630371094,186.0,187.8300018310547,185.39999389648438,186.63999938964844,5049400
2025-11-06,183.75115966796875,186.97000122070312,187.52000427246094,185.3699951171875,186.75999450683594,6767400
2025-11-07,183.35804748535156,186.57000732421875,188.35000610351562,185.6999969482422,187.74000549316406,6959200
2025-11-10,185.16636657714844,188.41000366210938,188.4199981689453,185.1199951171875,186.0,5323800
2025-11-11,190.4930419921875,193.8300018310547,193.9199981689453,189.0500030517578,189.38999938964844,7465600
2025-11-12,191.04339599609375,194.38999938964844,195.5500030517578,193.07000732421875,193.36000061035156,8803000
2025-11-13,191.88861083984375,195.25,196.0,193.4499969482422,194.2100067138672,8631600
2025-11-14,192.55690002441406,195.92999267578125,197.17999267578125,193.5500030517578,195.0,8824800
2025-11-17,196.14405822753906,199.5800018310547,200.27999877929688,195.89999389648438,196.9600067138672,13257000
2025-11-18,196.55682373046875,200.0,200.3000030517578,198.52999877929688,199.00999450683594,12468600
2025-11-19,199.02362060546875,202.50999450683594,203.47999572753906,199.3800048828125,200.0,14690800
2025-11-20,199.57398986816406,203.07000732421875,204.50999450683594,201.57000732421875,202.0,10612600
2025-11-21,200.38967895507812,203.89999389648438,206.94000244140625,202.99000549316406,203.9600067138672,13189100
2025-11-24,202.502685546875,206.0500030517578,206.1199951171875,203.0,203.7100067138672,14803900
2025-11-25,204.40159606933594,206.6699981689453,207.72000122070312,205.17999267578125,205.17999267578125,10275300
2025-11-26,205.28182983398438,207.55999755859375,207.80999755859375,205.94000244140625,206.49000549316406,6729000
2025-11-28,204.64886474609375,206.9199981689453,207.4600067138672,204.6300048828125,207.0,5638300
2025-12-01,203.08619689941406,205.33999633789062,207.6999969482422,205.33999633789062,206.5,8473700
2025-12-02,203.1653289794922,205.4199981689453,205.61000061035156,203.10000610351562,205.24000549316406,8393600
2025-12-03,203.07630920410156,205.3300018310547,207.02000427246094,204.99000549316406,205.89999389648438,8363300
2025-12-04,200.25758361816406,202.47999572753906,204.86000061035156,201.7100067138672,204.58999633789062,9049900
2025-12-05,199.713623046875,201.92999267578125,203.4499969482422,200.80999755859375,202.97999572753906,7785300
2025-12-08,199.4070281982422,201.6199951171875,203.25999450683594,200.99000549316406,202.66000366210938,7785700
2025-12-09,197.7652587890625,199.9600067138672,205.5399932861328,199.91000366210938,202.9199981689453,7509400
2025-12-10,204.2730255126953,206.5399932861328,206.8000030517578,200.17999267578125,200.58999633789062,11599800
2025-12-11,207.70494079589844,210.00999450683594,211.24000549316406,207.8300018310547,207.89999389648438,9009000
2025-12-12,209.25770568847656,211.5800018310547,212.27000427246094,208.9600067138672,210.27999877929688,6922700
2025-12-15,211.8192901611328,214.1699981689453,215.19000244140625,209.00999450683594,210.35000610351562,8467000
2025-12-16,207.00274658203125,209.3000030517578,214.72999572753906,208.80999755859375,214.0,9949800
2025-12-17,208.0214385986328,210.3300018310547,211.52000427246094,208.4600067138672,209.38999938964844,8457600
2025-12-18,206.0236053466797,208.30999755859375,211.05999755859375,207.75999450683594,209.8000030517578,7499900
2025-12-19,204.10488891601562,206.3699951171875,209.24000549316406,206.02999877929688,207.55999755859375,24803900
2025-12-22,205.0444793701172,207.32000732421875,208.0800018310547,205.5,206.1300048828125,8187800
2025-12-23,203.52137756347656,205.77999877929688,206.52999877929688,203.27999877929688,205.02000427246094,7047300
2025-12-24,205.49942016601562,207.77999877929688,207.94000244140625,205.57000732421875,206.0,2376500
2025-12-26,205.35105895996094,207.6300048828125,208.0399932861328,206.7100067138672,207.52999877929688,2316700
2025-12-29,205.28182983398438,207.55999755859375,209.47000122070312,207.3800048828125,208.0,4348900
2025-12-30,204.6389617919922,206.91000366210938,207.69000244140625,206.52000427246094,207.50999450683594,3937400
