Date,Adj Close,Close,High,Low,Open,Volume
2009-12-01,27.705184936523438,42.220001220703125,42.709999084472656,41.619998931884766,42.61000061035156,39211100
2009-12-02,27.51488494873047,41.93000030517578,42.150001525878906,41.470001220703125,42.150001525878906,32519700
2009-12-03,27.16709327697754,41.400001525878906,43.09000015258789,41.310001373291016,42.29999923706055,53314400
2009-12-04,27.390213012695312,41.7400016784668,42.5099983215332,41.220001220703125,42.25,61485000
2009-12-07,27.06865882873535,41.25,41.959999084472656,41.060001373291016,41.630001068115234,32949600
2009-12-08,27.04241180419922,41.209999084472656,41.400001525878906,40.630001068115234,41.0099983215332,41878900
2009-12-09,27.029285430908203,41.189998626708984,41.5099983215332,40.599998474121094,41.25,42492800
2009-12-10,27.081789016723633,41.27000045776367,41.560001373291016,40.65999984741211,41.36000061035156,36380900
2009-12-11,26.87835693359375,40.959999084472656,41.25,40.75,40.9900016784668,46616100
2009-12-14,27.409889221191406,41.77000045776367,41.93000030517578,40.70000076293945,41.0099983215332,35340800
2009-12-15,26.812726974487305,40.86000061035156,41.70000076293945,40.619998931884766,41.5,40244400
2009-12-16,27.140853881835938,41.36000061035156,41.70000076293945,40.880001068115234,41.16999816894531,43562800
2009-12-17,26.425565719604492,40.27000045776367,41.119998931884766,40.189998626708984,41.060001373291016,44272800
2009-12-18,26.871803283691406,40.95000076293945,41.189998626708984,40.040000915527344,40.529998779296875,48126800
2009-12-21,27.495193481445312,41.900001525878906,42.2400016784668,41.5,41.54999923706055,35991900
2009-12-22,27.521453857421875,41.939998626708984,42.099998474121094,41.689998626708984,42.0,24754800
2009-12-23,27.272083282470703,41.560001373291016,41.939998626708984,41.45000076293945,41.84000015258789,24503600
2009-12-24,27.488622665405273,41.88999938964844,41.88999938964844,41.5099983215332,41.68000030517578,7956500
2009-12-28,27.377079010009766,41.720001220703125,42.130001068115234,41.560001373291016,41.849998474121094,13039900
2009-12-29,27.226150512695312,41.4900016784668,41.79999923706055,41.459999084472656,41.72999954223633,15593000
2009-12-30,27.252397537231445,41.529998779296875,41.619998931884766,41.22999954223633,41.27000045776367,15501800
2009-12-31,27.34426498413086,41.66999816894531,42.130001068115234,41.45000076293945,41.619998931884766,20143100
2010-01-04,28.152381896972656,42.849998474121094,42.9900016784668,41.66999816894531,41.790000915527344,35460500
2010-01-05,28.69767951965332,43.68000030517578,43.84000015258789,42.779998779296875,42.790000915527344,41208300
2010-01-06,28.855371475219727,43.91999816894531,44.09000015258789,43.310001373291016,43.45000076293945,27729000
2010-01-07,29.42694664001465,44.790000915527344,45.119998931884766,43.61000061035156,43.790000915527344,44864700
2010-01-08,29.35468101501465,44.68000030517578,44.70000076293945,44.08000183105469,44.369998931884766,33110100
2010-01-11,29.25613784790039,44.529998779296875,45.189998626708984,44.310001373291016,45.119998931884766,31878700
2010-01-12,28.57286834716797,43.4900016784668,44.150001525878906,42.939998626708984,43.9900016784668,47109600
2010-01-13,29.07218360900879,44.25,44.529998779296875,42.869998931884766,43.54999923706055,39622000
2010-01-14,29.36125946044922,44.689998626708984,44.790000915527344,44.099998474121094,44.20000076293945,37938300
2010-01-15,28.69767951965332,43.68000030517578,44.43000030517578,43.34000015258789,44.29999923706055,69738500
2010-01-19,28.434886932373047,43.279998779296875,43.75,42.900001525878906,43.400001525878906,41731500
2010-01-20,28.513736724853516,43.400001525878906,43.68000030517578,42.709999084472656,43.0099983215332,39934400
2010-01-21,26.634714126586914,40.540000915527344,43.150001525878906,40.31999969482422,43.040000915527344,137547700
2010-01-22,25.72806167602539,39.15999984741211,41.20000076293945,38.81999969482422,40.650001525878906,106634900
2010-01-25,25.76091194152832,39.209999084472656,39.88999938964844,38.84000015258789,39.7599983215332,56572200
2010-01-26,25.255022048950195,38.439998626708984,39.84000015258789,38.279998779296875,39.0,52975300
2010-01-27,25.83974838256836,39.33000183105469,39.4900016784668,38.06999969482422,38.349998474121094,66314300
2010-01-28,25.93830108642578,39.47999954223633,40.040000915527344,38.720001220703125,39.68000030517578,65047400
2010-01-29,25.58350944519043,38.939998626708984,39.849998474121094,38.79999923706055,39.650001525878906,53649000
2010-02-01,26.036848068237305,39.630001068115234,39.93000030517578,38.95000076293945,39.099998474121094,37408200
2010-02-02,26.64128303527832,40.54999923706055,40.68000030517578,39.70000076293945,39.79999923706055,45968500
2010-02-03,26.47046661376953,40.290000915527344,41.099998474121094,40.16999816894531,40.58000183105469,37373300
2010-02-04,25.19587516784668,38.349998474121094,39.91999816894531,38.349998474121094,39.790000915527344,57211800
2010-02-05,25.163040161132812,38.29999923706055,38.880001068115234,37.029998779296875,38.63999938964844,75224100
2010-02-08,24.768842697143555,37.70000076293945,38.290000915527344,37.31999969482422,38.290000915527344,58321000
2010-02-09,25.22216033935547,38.38999938964844,38.70000076293945,37.84000015258789,38.189998626708984,45173500
2010-02-10,25.53752326965332,38.869998931884766,39.5,38.52000045776367,38.63999938964844,39331800
2010-02-11,25.636075973510742,39.02000045776367,39.369998931884766,38.36000061035156,38.84000015258789,33830600
2010-02-12,25.590087890625,38.95000076293945,39.18000030517578,38.36000061035156,38.66999816894531,38051100
2010-02-16,26.325918197631836,40.06999969482422,40.13999938964844,38.75,39.33000183105469,46425300
2010-02-17,26.306215286254883,40.040000915527344,40.45000076293945,39.7599983215332,40.2599983215332,34644100
2010-02-18,26.549301147460938,40.40999984741211,40.5099983215332,39.77000045776367,39.939998626708984,31809500
2010-02-19,26.299650192260742,40.029998779296875,40.70000076293945,39.900001525878906,40.11000061035156,40290200
2010-02-22,26.83837890625,40.849998474121094,41.29999923706055,40.25,40.400001525878906,43898900
2010-02-23,26.201093673706055,39.880001068115234,41.25,39.7599983215332,40.900001525878906,52233100
2010-02-24,26.83837890625,40.849998474121094,40.970001220703125,40.0,40.04999923706055,44645000
2010-02-25,26.700407028198242,40.63999938964844,40.689998626708984,39.70000076293945,40.15999984741211,46718100
2010-02-26,27.574216842651367,41.970001220703125,42.310001373291016,40.599998474121094,40.689998626708984,67699100
2010-03-01,27.482234954833984,41.83000183105469,42.18000030517578,41.40999984741211,42.029998779296875,34606800
2010-03-02,27.344266891479492,41.619998931884766,42.400001525878906,41.36000061035156,41.97999954223633,33891600
2010-03-03,27.285139083862305,41.529998779296875,42.060001373291016,41.34000015258789,41.650001525878906,27562500
2010-03-04,27.541358947753906,41.91999816894531,42.08000183105469,41.65999984741211,41.90999984741211,25450700
2010-03-05,28.1261043548584,42.810001373291016,42.869998931884766,42.189998626708984,42.31999969482422,34790800
2010-03-08,27.9815616607666,42.59000015258789,43.029998779296875,42.470001220703125,42.849998474121094,28524900
2010-03-09,27.8698673248291,42.41999816894531,42.81999969482422,42.04999923706055,42.38999938964844,37107100
2010-03-10,28.204933166503906,42.93000030517578,43.4900016784668,42.810001373291016,42.869998931884766,40903700
2010-03-11,28.36919593811035,43.18000030517578,43.20000076293945,42.79999923706055,42.90999984741211,30119600
2010-03-12,28.349477767944336,43.150001525878906,43.540000915527344,42.849998474121094,43.34000015258789,31367300
2010-03-15,28.29692268371582,43.06999969482422,43.209999084472656,42.599998474121094,42.91999816894531,29142000
2010-03-16,28.408611297607422,43.2400016784668,43.380001068115234,42.689998626708984,43.349998474121094,28553800
2010-03-17,28.76995849609375,43.790000915527344,44.11000061035156,43.27000045776367,43.310001373291016,32918800
2010-03-18,28.67140007019043,43.63999938964844,43.790000915527344,43.150001525878906,43.75,26012000
2010-03-19,28.546571731567383,43.45000076293945,43.88999938964844,43.130001068115234,43.45000076293945,37014400
2010-03-22,28.737104415893555,43.7400016784668,43.790000915527344,43.040000915527344,43.06999969482422,23257200
2010-03-23,29.28898811340332,44.58000183105469,44.7400016784668,43.779998779296875,43.849998474121094,33735700
2010-03-24,29.525497436523438,44.939998626708984,44.970001220703125,44.20000076293945,44.439998626708984,35849200
2010-03-25,29.525497436523438,44.939998626708984,46.04999923706055,44.88999938964844,44.97999954223633,45019400
2010-03-26,29.578060150146484,45.02000045776367,45.88999938964844,44.790000915527344,45.040000915527344,39727000
2010-03-29,29.47294044494629,44.86000061035156,45.380001068115234,44.459999084472656,45.25,30628400
2010-03-30,29.28898811340332,44.58000183105469,45.04999923706055,44.36000061035156,44.900001525878906,30296300
2010-03-31,29.400680541992188,44.75,45.0,44.25,44.310001373291016,39043000
2010-04-01,29.716381072998047,45.18000030517578,45.310001373291016,44.9900016784668,45.029998779296875,23894600
2010-04-05,29.821624755859375,45.34000015258789,45.400001525878906,44.790000915527344,45.279998779296875,21342400
2010-04-06,30.15047836303711,45.84000015258789,45.939998626708984,45.150001525878906,45.22999954223633,28192100
2010-04-07,29.808460235595703,45.31999969482422,46.04999923706055,45.02000045776367,45.83000183105469,28890100
2010-04-08,30.097875595092773,45.7599983215332,45.970001220703125,44.810001373291016,45.15999984741211,28869900
2010-04-09,30.2425594329834,45.97999954223633,46.220001220703125,45.45000076293945,45.880001068115234,22881200
2010-04-12,30.347814559936523,46.13999938964844,46.470001220703125,45.900001525878906,46.029998779296875,24645900
2010-04-13,30.17021942138672,45.869998931884766,46.380001068115234,45.849998474121094,46.040000915527344,27988900
2010-04-14,31.393606185913086,47.72999954223633,47.93000030517578,46.779998779296875,47.400001525878906,72533100
2010-04-15,31.446239471435547,47.810001373291016,48.20000076293945,47.4900016784668,47.650001525878906,45412100
2010-04-16,29.95975112915039,45.54999923706055,47.75,45.13999938964844,47.66999816894531,121203900
2010-04-19,29.8544921875,45.38999938964844,45.70000076293945,44.59000015258789,45.22999954223633,72136600
2010-04-20,30.176801681518555,45.880001068115234,46.150001525878906,45.560001373291016,45.77000045776367,39310700
2010-04-21,29.828201293945312,45.349998474121094,46.38999938964844,45.0,46.040000915527344,46320600
2010-04-22,29.426969528198242,44.7400016784668,45.119998931884766,44.029998779296875,44.90999984741211,63176900
2010-04-23,29.55853271484375,44.939998626708984,45.06999969482422,44.25,44.72999954223633,32483800
2010-04-26,28.86789894104004,43.88999938964844,44.810001373291016,43.72999954223633,44.779998779296875,42889300
2010-04-27,27.894454956054688,42.40999984741211,44.369998931884766,42.29999923706055,43.47999954223633,66296100
2010-04-28,28.58509063720703,43.459999084472656,43.709999084472656,42.779998779296875,42.84000015258789,48578900
2010-04-29,28.94025993347168,44.0,44.33000183105469,43.599998474121094,43.88999938964844,36520300
2010-04-30,28.006284713745117,42.58000183105469,44.04999923706055,42.22999954223633,44.02000045776367,54121100
2010-05-03,28.631122589111328,43.529998779296875,43.72999954223633,42.88999938964844,42.970001220703125,31230900
2010-05-04,27.933931350708008,42.470001220703125,43.36000061035156,42.25,42.970001220703125,48982200
2010-05-05,28.03917694091797,42.630001068115234,43.369998931884766,41.619998931884766,42.11000061035156,43062100
2010-05-06,26.84209442138672,40.810001373291016,42.779998779296875,39.290000915527344,42.630001068115234,78226200
2010-05-07,26.8091983795166,40.7599983215332,41.84000015258789,39.779998779296875,41.029998779296875,72976300
2010-05-10,27.59191131591797,41.95000076293945,43.29999923706055,41.41999816894531,42.31999969482422,66578300
2010-05-11,27.328821182250977,41.54999923706055,42.54999923706055,41.150001525878906,41.459999084472656,50771200
2010-05-12,27.42090606689453,41.689998626708984,41.790000915527344,40.810001373291016,41.7400016784668,47700000
2010-05-13,26.84209442138672,40.810001373291016,41.599998474121094,40.779998779296875,41.439998626708984,35320800
2010-05-14,26.23697280883789,39.88999938964844,40.099998474121094,39.209999084472656,40.099998474121094,60719400
2010-05-17,26.2041015625,39.84000015258789,40.040000915527344,38.77000045776367,39.93000030517578,56506200
2010-05-18,25.664749145507812,39.02000045776367,40.619998931884766,38.54999923706055,40.619998931884766,61735000
2010-05-19,25.901533126831055,39.380001068115234,39.65999984741211,38.52000045776367,38.540000915527344,64600500
2010-05-20,24.882041931152344,37.83000183105469,39.25,37.310001373291016,38.54999923706055,76564100
2010-05-21,26.34221076965332,40.04999923706055,40.15999984741211,37.02000045776367,37.02000045776367,89588800
2010-05-24,25.40166473388672,38.619998931884766,40.25,38.5,40.15999984741211,49141600
2010-05-25,25.61213493347168,38.939998626708984,39.0099983215332,37.349998474121094,37.66999816894531,66813700
2010-05-26,25.506885528564453,38.779998779296875,39.5,38.470001220703125,39.189998626708984,50719600
2010-05-27,26.585586547851562,40.41999816894531,40.4900016784668,39.400001525878906,39.58000183105469,44843000
2010-05-28,26.0330867767334,39.58000183105469,40.349998474121094,39.36000061035156,40.33000183105469,41252400
2010-06-01,25.349050521850586,38.540000915527344,39.959999084472656,38.5,39.31999969482422,37848600
2010-06-02,26.013351440429688,39.54999923706055,39.619998931884766,38.66999816894531,39.16999816894531,39618500
2010-06-03,25.717365264892578,39.099998474121094,39.939998626708984,38.619998931884766,39.86000061035156,30950400
2010-06-04,24.743919372558594,37.619998931884766,38.70000076293945,37.5,38.4900016784668,52868900
2010-06-07,24.151968002319336,36.720001220703125,38.130001068115234,36.65999984741211,37.790000915527344,44528300
2010-06-08,24.84916114807129,37.779998779296875,37.79999923706055,36.54999923706055,36.86000061035156,51017900
2010-06-09,24.415056228637695,37.119998931884766,38.15999984741211,37.0099983215332,38.150001525878906,42586000
2010-06-10,25.184602737426758,38.290000915527344,38.369998931884766,37.40999984741211,37.68000030517578,44302600
2010-06-11,25.053058624267578,38.09000015258789,38.16999816894531,37.52000045776367,37.790000915527344,31147600
2010-06-14,24.553190231323242,37.33000183105469,38.27000045776367,37.22999954223633,37.970001220703125,48662200
2010-06-15,25.158294677734375,38.25,38.279998779296875,37.2599983215332,37.54999923706055,45355600
2010-06-16,25.335880279541016,38.52000045776367,38.880001068115234,37.9900016784668,38.02000045776367,37217100
2010-06-17,25.28326416015625,38.439998626708984,38.900001525878906,37.91999816894531,38.599998474121094,34755100
2010-06-18,25.76999282836914,39.18000030517578,39.27000045776367,38.380001068115234,38.599998474121094,37270800
2010-06-21,25.56608772277832,38.869998931884766,39.779998779296875,38.65999984741211,39.54999923706055,33665100
2010-06-22,25.210914611816406,38.33000183105469,39.58000183105469,38.220001220703125,38.93000030517578,42245700
2010-06-23,25.579246520996094,38.88999938964844,39.11000061035156,38.02000045776367,38.290000915527344,45046000
2010-06-24,25.013591766357422,38.029998779296875,38.70000076293945,37.41999816894531,38.54999923706055,73843400
2010-06-25,25.941009521484375,39.439998626708984,39.599998474121094,38.279998779296875,38.779998779296875,70734200
2010-06-28,25.349050521850586,38.540000915527344,39.63999938964844,38.470001220703125,39.54999923706055,39962900
2010-06-29,24.375598907470703,37.060001373291016,37.90999984741211,36.880001068115234,37.90999984741211,56694200
2010-06-30,24.07961654663086,36.61000061035156,37.4900016784668,36.5099983215332,37.02000045776367,35332500
2010-07-01,23.763471603393555,36.08000183105469,36.689998626708984,35.15999984741211,36.540000915527344,56642900
2010-07-02,23.598812103271484,35.83000183105469,36.689998626708984,35.34000015258789,36.310001373291016,36796000
2010-07-06,23.928136825561523,36.33000183105469,36.880001068115234,35.86000061035156,36.689998626708984,35953600
2010-07-07,25.12684440612793,38.150001525878906,38.2400016784668,36.40999984741211,36.63999938964844,44602900
2010-07-08,25.13341522216797,38.15999984741211,38.81999969482422,37.150001525878906,38.779998779296875,41498200
2010-07-09,25.58788299560547,38.849998474121094,38.88999938964844,37.68000030517578,37.75,30422300
2010-07-12,25.811819076538086,39.189998626708984,39.34000015258789,38.599998474121094,38.86000061035156,24998900
2010-07-13,26.661447525024414,40.47999954223633,40.689998626708984,39.7400016784668,39.810001373291016,48564800
2010-07-14,26.575838088989258,40.349998474121094,40.380001068115234,39.84000015258789,40.150001525878906,37320600
2010-07-15,26.64828109741211,40.459999084472656,40.84000015258789,39.310001373291016,40.720001220703125,81876200
2010-07-16,25.68667221069336,39.0,40.349998474121094,38.86000061035156,40.279998779296875,58507400
2010-07-19,25.713024139404297,39.040000915527344,39.36000061035156,38.119998931884766,39.029998779296875,35404900
2010-07-20,26.101613998413086,39.630001068115234,39.63999938964844,38.279998779296875,38.31999969482422,43538200
2010-07-21,25.304670333862305,38.41999816894531,40.25,38.34000015258789,40.25,41115600
2010-07-22,25.91719627380371,39.349998474121094,39.599998474121094,38.72999954223633,38.959999084472656,35494400
2010-07-23,26.233354568481445,39.83000183105469,39.959999084472656,38.970001220703125,39.16999816894531,28241000
2010-07-26,26.562660217285156,40.33000183105469,40.36000061035156,39.5,39.79999923706055,27209400
2010-07-27,26.799774169921875,40.689998626708984,41.2400016784668,40.61000061035156,40.7400016784668,44872200
2010-07-28,26.556074142456055,40.31999969482422,40.900001525878906,40.150001525878906,40.439998626708984,23945400
2010-07-29,26.483619689941406,40.209999084472656,40.83000183105469,39.90999984741211,40.709999084472656,28994300
2010-07-30,26.52972984313965,40.279998779296875,40.689998626708984,39.720001220703125,39.720001220703125,26406500
2010-08-02,27.42547035217285,41.63999938964844,41.70000076293945,40.72999954223633,40.97999954223633,35566700
2010-08-03,27.056629180908203,41.08000183105469,41.650001525878906,40.869998931884766,41.5,29967900
2010-08-04,27.194944381713867,41.290000915527344,41.400001525878906,40.86000061035156,41.220001220703125,23078100
2010-08-05,27.181772232055664,41.27000045776367,41.43000030517578,40.939998626708984,40.970001220703125,19830500
2010-08-06,26.635107040405273,40.439998626708984,40.95000076293945,39.970001220703125,40.7400016784668,34906600
2010-08-09,26.226755142211914,39.81999969482422,40.560001373291016,39.65999984741211,40.54999923706055,37790900
2010-08-10,25.798641204833984,39.16999816894531,39.72999954223633,39.15999984741211,39.66999816894531,34166500
2010-08-11,24.876567840576172,37.77000045776367,38.779998779296875,37.75,38.650001525878906,46201600
2010-08-12,24.902910232543945,37.810001373291016,37.9900016784668,37.220001220703125,37.36000061035156,35387300
2010-08-13,24.698719024658203,37.5,38.040000915527344,37.5,37.79999923706055,24564100
2010-08-16,24.82386589050293,37.689998626708984,37.81999969482422,37.279998779296875,37.31999969482422,28334100
2010-08-17,24.685548782348633,37.47999954223633,38.06999969482422,37.400001525878906,37.970001220703125,33883800
2010-08-18,24.955596923828125,37.88999938964844,38.189998626708984,37.38999938964844,37.38999938964844,27041700
2010-08-19,24.415525436401367,37.06999969482422,37.970001220703125,37.0,37.65999984741211,35384700
2010-08-20,24.461620330810547,37.13999938964844,37.36000061035156,36.810001373291016,37.11000061035156,30862000
2010-08-23,24.29037857055664,36.880001068115234,37.40999984741211,36.84000015258789,37.209999084472656,29282800
2010-08-24,23.84909439086914,36.209999084472656,36.70000076293945,35.91999816894531,36.59000015258789,48709200
2010-08-25,23.86226463317871,36.22999954223633,36.439998626708984,35.66999816894531,35.95000076293945,36058000
2010-08-26,23.467092514038086,35.630001068115234,36.619998931884766,35.619998931884766,36.36000061035156,31873200
2010-08-27,24.105966567993164,36.599998474121094,36.689998626708984,35.54999923706055,35.869998931884766,38448800
2010-08-30,23.611988067626953,35.849998474121094,36.599998474121094,35.83000183105469,36.400001525878906,27306500
2010-08-31,23.9478816986084,36.36000061035156,36.63999938964844,35.72999954223633,35.939998626708984,34784400
2010-09-01,24.856796264648438,37.7400016784668,37.79999923706055,36.65999984741211,36.7400016784668,36770500
2010-09-02,25.13341522216797,38.15999984741211,38.20000076293945,37.4900016784668,37.84000015258789,31282900
2010-09-03,25.798641204833984,39.16999816894531,39.16999816894531,38.470001220703125,38.470001220703125,34135600
2010-09-07,25.21246337890625,38.279998779296875,38.84000015258789,38.220001220703125,38.72999954223633,31885500
2010-09-08,25.765708923339844,39.119998931884766,39.43000030517578,38.34000015258789,38.34000015258789,30781000
2010-09-09,26.411182403564453,40.099998474121094,40.31999969482422,39.119998931884766,39.93000030517578,33438800
2010-09-10,26.187231063842773,39.7599983215332,40.25,39.66999816894531,39.91999816894531,21928600
2010-09-13,27.082990646362305,41.119998931884766,41.470001220703125,40.63999938964844,40.63999938964844,41643200
2010-09-14,26.819543838500977,40.720001220703125,41.22999954223633,40.459999084472656,40.970001220703125,42754100
2010-09-15,26.99077033996582,40.97999954223633,41.13999938964844,40.34000015258789,40.5099983215332,25399500
2010-09-16,26.99736213684082,40.9900016784668,41.099998474121094,40.54999923706055,40.720001220703125,25207500
2010-09-17,26.38483428955078,40.060001373291016,41.08000183105469,39.9900016784668,41.029998779296875,45938300
2010-09-20,27.12908363342285,41.189998626708984,41.310001373291016,40.029998779296875,40.2400016784668,33337500
2010-09-21,26.733901977539062,40.59000015258789,41.5,40.470001220703125,41.310001373291016,33548900
2010-09-22,26.3057918548584,39.939998626708984,40.84000015258789,39.75,40.43000030517578,34546000
2010-09-23,25.752540588378906,39.099998474121094,39.70000076293945,38.9900016784668,39.630001068115234,33471100
2010-09-24,26.18065643310547,39.75,39.79999923706055,39.29999923706055,39.5099983215332,28855100
2010-09-27,25.73936653137207,39.08000183105469,39.66999816894531,39.0099983215332,39.540000915527344,25684900
2010-09-28,25.653749465942383,38.95000076293945,39.400001525878906,38.61000061035156,39.36000061035156,31442600
2010-09-29,25.29808235168457,38.40999984741211,38.880001068115234,38.060001373291016,38.790000915527344,40207000
2010-09-30,25.06756591796875,38.060001373291016,38.95000076293945,37.959999084472656,38.4900016784668,54885200
2010-10-01,25.561534881591797,38.810001373291016,39.09000015258789,38.290000915527344,38.34000015258789,38973800
2010-10-04,25.686840057373047,38.95000076293945,39.540000915527344,38.709999084472656,38.97999954223633,38886100
2010-10-05,26.14188575744629,39.63999938964844,39.81999969482422,39.06999969482422,39.36000061035156,42379500
2010-10-06,26.313352584838867,39.900001525878906,40.06999969482422,39.41999816894531,39.560001373291016,31559900
2010-10-07,26.062740325927734,39.52000045776367,40.31999969482422,39.20000076293945,40.11000061035156,26923900
2010-10-08,25.924251556396484,39.310001373291016,39.779998779296875,39.130001068115234,39.66999816894531,28178500
2010-10-11,26.20123863220215,39.72999954223633,39.90999984741211,39.400001525878906,39.52000045776367,24601000
2010-10-12,26.643081665039062,40.400001525878906,40.4900016784668,39.470001220703125,39.470001220703125,38798100
2010-10-13,26.273784637451172,39.84000015258789,40.720001220703125,39.58000183105469,40.65999984741211,69607700
2010-10-14,25.53516387939453,38.720001220703125,39.380001068115234,38.099998474121094,39.25,76504900
2010-10-15,24.499773025512695,37.150001525878906,38.939998626708984,36.540000915527344,38.869998931884766,142280400
2010-10-18,25.19223403930664,38.20000076293945,38.2599983215332,37.0099983215332,37.150001525878906,55058700
2010-10-19,24.85589027404785,37.689998626708984,38.650001525878906,37.5,37.900001525878906,70595100
2010-10-20,25.12628173828125,38.099998474121094,38.29999923706055,37.459999084472656,38.0,43497200
2010-10-21,24.862483978271484,37.70000076293945,38.400001525878906,36.209999084472656,38.189998626708984,38250300
2010-10-22,24.862483978271484,37.70000076293945,37.790000915527344,37.31999969482422,37.5,24876900
2010-10-25,24.44701385498047,37.06999969482422,38.06999969482422,37.0,37.970001220703125,37893500
2010-10-26,24.53274154663086,37.20000076293945,37.2599983215332,36.779998779296875,36.97999954223633,39188100
2010-10-27,24.756967544555664,37.540000915527344,37.630001068115234,37.0,37.060001373291016,30777500
2010-10-28,24.7371826171875,37.5099983215332,37.959999084472656,37.33000183105469,37.70000076293945,30614600
2010-10-29,24.816320419311523,37.630001068115234,37.7400016784668,37.31999969482422,37.45000076293945,19803300
2010-11-01,24.677824020385742,37.41999816894531,38.0,37.099998474121094,37.61000061035156,36941900
2010-11-02,24.374465942382812,36.959999084472656,37.56999969482422,36.83000183105469,37.529998779296875,39913100
2010-11-03,24.875669479370117,37.720001220703125,37.83000183105469,36.959999084472656,36.97999954223633,35299600
2010-11-04,26.247398376464844,39.79999923706055,39.849998474121094,37.86000061035156,38.13999938964844,77569400
2010-11-05,26.999210357666016,40.939998626708984,41.34000015258789,39.779998779296875,39.88999938964844,75684800
2010-11-08,26.715627670288086,40.5099983215332,41.20000076293945,40.209999084472656,40.86000061035156,32967000
2010-11-09,26.313352584838867,39.900001525878906,40.68000030517578,39.72999954223633,40.43000030517578,32800100
2010-11-10,26.78818130493164,40.619998931884766,40.63999938964844,39.59000015258789,39.869998931884766,35587900
2010-11-11,26.39248275756836,40.02000045776367,40.439998626708984,39.849998474121094,40.27000045776367,25499700
2010-11-12,26.122100830078125,39.61000061035156,40.2599983215332,39.380001068115234,39.86000061035156,33504800
2010-11-15,26.432050704956055,40.08000183105469,40.63999938964844,39.709999084472656,39.81999969482422,28772500
2010-11-16,26.122100830078125,39.61000061035156,39.970001220703125,39.040000915527344,39.7400016784668,46023000
2010-11-17,25.83852195739746,39.18000030517578,39.68000030517578,38.97999954223633,39.58000183105469,32027500
2010-11-18,26.155073165893555,39.65999984741211,40.0,39.36000061035156,39.56999969482422,30987600
2010-11-19,25.990198135375977,39.40999984741211,39.63999938964844,39.2599983215332,39.40999984741211,26542000
2010-11-22,25.39665985107422,38.5099983215332,39.099998474121094,38.209999084472656,39.060001373291016,33249500
2010-11-23,24.816320419311523,37.630001068115234,38.220001220703125,37.599998474121094,38.0099983215332,35340400
2010-11-24,25.16583824157715,38.15999984741211,38.2400016784668,37.59000015258789,37.83000183105469,24248300
2010-11-26,24.73058319091797,37.5,37.97999954223633,37.5,37.709999084472656,12819100
2010-11-29,25.000978469848633,37.90999984741211,38.09000015258789,37.11000061035156,37.470001220703125,30911400
2010-11-30,24.66463851928711,37.400001525878906,37.790000915527344,37.2400016784668,37.4900016784668,33716700
2010-12-01,25.159257888793945,38.150001525878906,38.189998626708984,37.650001525878906,37.95000076293945,33157200
2010-12-02,25.924251556396484,39.310001373291016,39.380001068115234,38.33000183105469,38.43000030517578,41526000
2010-12-03,26.122100830078125,39.61000061035156,39.66999816894531,38.70000076293945,39.06999969482422,30070200
2010-12-06,26.313352584838867,39.900001525878906,40.04999923706055,39.29999923706055,39.47999954223633,25364500
2010-12-07,25.884693145751953,39.25,40.459999084472656,39.2400016784668,40.349998474121094,40908200
2010-12-08,26.550752639770508,40.2599983215332,40.33000183105469,39.060001373291016,39.36000061035156,38115900
2010-12-09,26.913482666015625,40.810001373291016,41.099998474121094,40.56999969482422,40.66999816894531,43001900
2010-12-10,27.322357177734375,41.43000030517578,41.5,40.77000045776367,40.88999938964844,28449000
2010-12-13,27.3751163482666,41.5099983215332,41.9900016784668,41.15999984741211,41.56999969482422,35730400
2010-12-14,26.900285720825195,40.790000915527344,41.5,40.470001220703125,41.439998626708984,34010800
2010-12-15,26.51778793334961,40.209999084472656,41.0,40.060001373291016,40.72999954223633,30264000
2010-12-16,26.385900497436523,40.0099983215332,40.68000030517578,39.81999969482422,40.41999816894531,37123200
2010-12-17,26.161663055419922,39.66999816894531,40.06999969482422,39.529998779296875,40.060001373291016,52004800
2010-12-20,26.346315383911133,39.95000076293945,40.27000045776367,39.689998626708984,39.83000183105469,22978200
2010-12-21,27.038776397705078,41.0,41.2400016784668,39.97999954223633,40.15999984741211,30757800
2010-12-22,27.803781509399414,42.15999984741211,42.540000915527344,41.15999984741211,41.16999816894531,47280400
2010-12-23,27.751012802124023,42.08000183105469,42.27000045776367,41.81999969482422,42.150001525878906,18927900
2010-12-27,28.14011001586914,42.66999816894531,42.68000030517578,41.79999923706055,41.81999969482422,17203200
2010-12-28,28.100540161132812,42.61000061035156,43.119998931884766,42.470001220703125,42.70000076293945,20386600
2010-12-29,27.9356689453125,42.36000061035156,42.77000045776367,42.29999923706055,42.58000183105469,13637400
2010-12-30,27.849952697753906,42.22999954223633,42.470001220703125,42.04999923706055,42.310001373291016,12901900
2010-12-31,27.975238800048828,42.41999816894531,42.45000076293945,42.040000915527344,42.11000061035156,12199700
2011-01-03,28.740245819091797,43.58000183105469,44.040000915527344,42.959999084472656,43.0,43278500
2011-01-04,29.15619468688965,44.15999984741211,44.29999923706055,43.34000015258789,43.779998779296875,40036800
2011-01-05,29.51272964477539,44.70000076293945,44.95000076293945,43.900001525878906,43.91999816894531,50032500
2011-01-06,29.367469787597656,44.47999954223633,44.79999923706055,44.25,44.400001525878906,31606200
2011-01-07,28.812870025634766,43.63999938964844,44.59000015258789,42.650001525878906,44.540000915527344,69579400
2011-01-10,28.65440559387207,43.400001525878906,43.77000045776367,43.0,43.27000045776367,30098100
2011-01-11,28.786457061767578,43.599998474121094,44.02000045776367,43.41999816894531,43.70000076293945,28067100
2011-01-12,29.519325256347656,44.709999084472656,44.900001525878906,44.25,44.439998626708984,44296900
2011-01-13,29.3476619720459,44.45000076293945,44.970001220703125,44.16999816894531,44.939998626708984,42133000
2011-01-14,29.651355743408203,44.90999984741211,45.939998626708984,44.45000076293945,44.5099983215332,86983800
2011-01-18,29.545734405517578,44.75,45.41999816894531,44.5,45.02000045776367,46237700
2011-01-19,28.859098434448242,43.709999084472656,44.970001220703125,43.599998474121094,44.54999923706055,44989200
2011-01-20,29.545734405517578,44.75,44.9900016784668,43.61000061035156,43.83000183105469,46977700
2011-01-21,29.90226936340332,45.290000915527344,45.540000915527344,44.849998474121094,45.04999923706055,44767400
2011-01-24,29.724010467529297,45.02000045776367,45.47999954223633,44.86000061035156,45.209999084472656,27826800
2011-01-25,29.62496566772461,44.869998931884766,45.43000030517578,44.2599983215332,44.81999969482422,36022400
2011-01-26,29.697589874267578,44.97999954223633,45.47999954223633,44.869998931884766,45.20000076293945,25639400
2011-01-27,29.776823043823242,45.099998474121094,45.380001068115234,44.689998626708984,44.97999954223633,26740900
2011-01-28,29.407085418701172,44.540000915527344,45.880001068115234,44.400001525878906,45.04999923706055,38593900
2011-01-31,29.671186447143555,44.939998626708984,45.099998474121094,44.400001525878906,44.40999984741211,23574500
2011-02-01,30.3248233795166,45.93000030517578,46.0,45.15999984741211,45.20000076293945,28255500
2011-02-02,30.007902145385742,45.45000076293945,45.97999954223633,45.34000015258789,45.790000915527344,24104900
2011-02-03,30.014503479003906,45.459999084472656,45.75,44.84000015258789,45.47999954223633,23322400
2011-02-04,29.440095901489258,44.59000015258789,45.16999816894531,44.29999923706055,45.0,38172900
2011-02-07,30.04091453552246,45.5,45.75,44.650001525878906,44.75,36790900
2011-02-08,30.199371337890625,45.7400016784668,45.81999969482422,45.310001373291016,45.4900016784668,28649500
2011-02-09,29.783422470092773,45.11000061035156,45.5,44.650001525878906,45.36000061035156,33491000
2011-02-10,30.060720443725586,45.529998779296875,45.540000915527344,44.95000076293945,45.099998474121094,22688600
2011-02-11,30.747371673583984,46.56999969482422,46.88999938964844,45.400001525878906,45.400001525878906,40812800
2011-02-14,30.727567672729492,46.540000915527344,46.900001525878906,46.470001220703125,46.599998474121094,28699200
2011-02-15,30.912424087524414,46.81999969482422,47.34000015258789,46.540000915527344,46.560001373291016,35972900
2011-02-16,31.65191078186035,47.939998626708984,48.36000061035156,47.099998474121094,47.150001525878906,44327800
2011-02-17,31.572669982910156,47.81999969482422,47.9900016784668,47.5,47.77000045776367,22932600
2011-02-18,31.69151496887207,48.0,48.130001068115234,47.54999923706055,47.81999969482422,23844300
2011-02-22,30.377622604370117,46.0099983215332,47.27000045776367,45.849998474121094,47.20000076293945,44561900
2011-02-23,30.344621658325195,45.959999084472656,46.5,45.290000915527344,46.040000915527344,36264800
2011-02-24,30.311616897583008,45.90999984741211,46.060001373291016,45.209999084472656,45.630001068115234,31926900
2011-02-25,30.820018768310547,46.68000030517578,46.86000061035156,46.119998931884766,46.25,26782100
2011-02-28,30.82659149169922,46.689998626708984,47.18000030517578,46.41999816894531,46.810001373291016,25985300
2011-03-01,30.106931686401367,45.599998474121094,46.689998626708984,45.59000015258789,46.470001220703125,33682600
2011-03-02,29.849437713623047,45.209999084472656,45.970001220703125,45.06999969482422,45.38999938964844,28600000
2011-03-03,30.42385482788086,46.08000183105469,46.33000183105469,45.709999084472656,45.720001220703125,23043600
2011-03-04,30.054121017456055,45.52000045776367,46.040000915527344,45.099998474121094,45.97999954223633,27716900
2011-03-07,29.83624839782715,45.189998626708984,45.650001525878906,44.7599983215332,45.619998931884766,28110800
2011-03-08,30.635129928588867,46.400001525878906,46.689998626708984,45.29999923706055,45.380001068115234,32941500
2011-03-09,30.740774154663086,46.560001373291016,47.099998474121094,46.02000045776367,46.33000183105469,25174700
2011-03-10,30.060720443725586,45.529998779296875,46.25,45.2599983215332,46.08000183105469,33783700
2011-03-11,30.199371337890625,45.7400016784668,45.84000015258789,45.25,45.279998779296875,20337600
2011-03-14,29.908872604370117,45.29999923706055,45.540000915527344,44.630001068115234,45.41999816894531,24508900
2011-03-15,29.453298568725586,44.61000061035156,44.9900016784668,43.849998474121094,44.54999923706055,35606000
2011-03-16,28.925106048583984,43.810001373291016,44.779998779296875,43.65999984741211,44.63999938964844,41962900
2011-03-17,29.420297622680664,44.560001373291016,44.61000061035156,43.400001525878906,44.459999084472656,46741800
2011-03-18,30.199371337890625,45.7400016784668,46.18000030517578,44.75,45.2400016784668,77421000
2011-03-21,30.126750946044922,45.630001068115234,46.31999969482422,45.31999969482422,46.279998779296875,28985300
2011-03-22,30.02111053466797,45.470001220703125,45.709999084472656,45.349998474121094,45.65999984741211,19756600
2011-03-23,30.106931686401367,45.599998474121094,45.689998626708984,44.77000045776367,45.290000915527344,26688900
2011-03-24,30.192764282226562,45.72999954223633,45.84000015258789,45.09000015258789,45.70000076293945,21748100
2011-03-25,30.278596878051758,45.86000061035156,46.380001068115234,45.66999816894531,45.70000076293945,20710400
2011-03-28,30.344621658325195,45.959999084472656,46.5,45.95000076293945,46.099998474121094,19039400
2011-03-29,30.384239196777344,46.02000045776367,46.040000915527344,45.52000045776367,45.83000183105469,17913300
2011-03-30,30.668149948120117,46.45000076293945,46.849998474121094,46.220001220703125,46.529998779296875,26829100
2011-03-31,30.437053680419922,46.099998474121094,46.34000015258789,45.959999084472656,46.04999923706055,23340500
2011-04-01,30.60211753845215,46.349998474121094,46.880001068115234,46.18000030517578,46.54999923706055,25387300
2011-04-04,30.761428833007812,46.34000015258789,46.52000045776367,46.04999923706055,46.119998931884766,15708000
2011-04-05,30.92074966430664,46.58000183105469,46.77000045776367,46.04999923706055,46.16999816894531,21058400
2011-04-06,31.624391555786133,47.63999938964844,47.72999954223633,46.630001068115234,46.810001373291016,31203300
2011-04-07,31.465085983276367,47.400001525878906,47.79999923706055,46.959999084472656,47.63999938964844,29972000
2011-04-08,31.093355178833008,46.84000015258789,47.65999984741211,46.630001068115234,47.52000045776367,23808000
2011-04-11,31.10662078857422,46.86000061035156,47.27000045776367,46.75,47.0,25641600
2011-04-12,30.96058464050293,46.63999938964844,47.11000061035156,46.25,46.54999923706055,27231300
2011-04-13,30.701692581176758,46.25,47.369998931884766,45.880001068115234,47.2400016784668,55383900
2011-04-14,29.852012634277344,44.970001220703125,45.75,44.90999984741211,45.68000030517578,45214600
2011-04-15,29.79889678955078,44.88999938964844,45.369998931884766,44.83000183105469,45.2400016784668,32475000
2011-04-18,29.181543350219727,43.959999084472656,44.349998474121094,43.529998779296875,44.27000045776367,50958800
2011-04-19,29.639583587646484,44.650001525878906,44.709999084472656,43.7599983215332,44.2599983215332,26705000
2011-04-20,29.579833984375,44.560001373291016,44.970001220703125,43.939998626708984,44.900001525878906,35542800
2011-04-21,29.659496307373047,44.68000030517578,44.84000015258789,44.119998931884766,44.68000030517578,24368100
2011-04-25,29.613021850585938,44.61000061035156,45.02000045776367,44.380001068115234,44.650001525878906,17358900
2011-04-26,29.95155906677246,45.119998931884766,45.43000030517578,44.61000061035156,44.849998474121094,25900000
2011-04-27,30.203821182250977,45.5,45.630001068115234,45.04999923706055,45.29999923706055,20857200
2011-04-28,30.4361629486084,45.849998474121094,45.93000030517578,45.40999984741211,45.61000061035156,19859000
2011-04-29,30.29013442993164,45.630001068115234,46.02000045776367,45.400001525878906,45.810001373291016,23363000
2011-05-02,29.991403579711914,45.18000030517578,45.9900016784668,45.11000061035156,45.939998626708984,25904000
2011-05-03,30.482633590698242,45.91999816894531,46.06999969482422,44.86000061035156,44.95000076293945,30025500
2011-05-04,30.203821182250977,45.5,46.040000915527344,45.279998779296875,45.97999954223633,22727400
2011-05-05,29.984764099121094,45.16999816894531,45.709999084472656,44.9900016784668,45.2400016784668,26154500
2011-05-06,29.898481369018555,45.040000915527344,45.709999084472656,44.7599983215332,45.470001220703125,26332300
2011-05-09,29.845352172851562,44.959999084472656,45.11000061035156,44.31999969482422,44.75,22469500
2011-05-10,29.97812843322754,45.15999984741211,45.5,44.97999954223633,45.060001373291016,20534200
2011-05-11,29.360767364501953,44.22999954223633,45.040000915527344,44.11000061035156,45.02000045776367,31519600
2011-05-12,29.26784324645996,44.09000015258789,44.33000183105469,43.54999923706055,44.099998474121094,29567900
2011-05-13,28.643840789794922,43.150001525878906,44.099998474121094,42.97999954223633,44.060001373291016,32872500
2011-05-16,28.464614868164062,42.880001068115234,43.47999954223633,42.720001220703125,42.970001220703125,34951100
2011-05-17,29.081966400146484,43.810001373291016,44.02000045776367,42.650001525878906,42.68000030517578,36277100
2011-05-18,29.261205673217773,44.08000183105469,44.2400016784668,43.40999984741211,43.720001220703125,24372100
2011-05-19,29.20808982849121,44.0,44.349998474121094,43.75,44.31999969482422,19518000
2011-05-20,28.630573272705078,43.130001068115234,44.09000015258789,43.09000015258789,43.83000183105469,29946700
2011-05-23,28.245559692382812,42.54999923706055,42.900001525878906,42.29999923706055,42.400001525878906,32299500
2011-05-24,28.106157302856445,42.34000015258789,42.91999816894531,41.689998626708984,42.77000045776367,39341400
2011-05-25,28.059682846069336,42.27000045776367,42.75,42.099998474121094,42.11000061035156,26505300
2011-05-26,28.179174423217773,42.45000076293945,42.59000015258789,42.099998474121094,42.119998931884766,21648100
2011-05-27,28.40487289428711,42.790000915527344,43.150001525878906,42.540000915527344,42.70000076293945,24747300
2011-05-31,28.703590393066406,43.2400016784668,43.380001068115234,42.77000045776367,43.2400016784668,28746300
2011-06-01,27.721141815185547,41.7599983215332,42.9900016784668,41.72999954223633,42.869998931884766,38628700
2011-06-02,27.621564865112305,41.61000061035156,42.20000076293945,40.83000183105469,41.93000030517578,45964000
2011-06-03,27.59501075744629,41.56999969482422,42.25,41.02000045776367,41.09000015258789,31833100
2011-06-06,26.904638290405273,40.529998779296875,41.2400016784668,40.369998931884766,41.099998474121094,40895900
2011-06-07,27.030771255493164,40.720001220703125,41.310001373291016,40.650001525878906,40.91999816894531,36312000
2011-06-08,26.811697006225586,40.38999938964844,41.06999969482422,40.20000076293945,40.58000183105469,38890700
2011-06-09,27.2033634185791,40.97999954223633,41.2400016784668,40.540000915527344,40.59000015258789,30082300
2011-06-10,27.249828338623047,41.04999923706055,41.5,40.099998474121094,40.59000015258789,48545700
2011-06-13,27.661392211914062,41.66999816894531,41.81999969482422,40.720001220703125,41.290000915527344,31767100
2011-06-14,27.621564865112305,41.61000061035156,42.439998626708984,41.47999954223633,42.130001068115234,32103500
2011-06-15,27.004213333129883,40.68000030517578,41.400001525878906,40.25,41.02000045776367,37336400
2011-06-16,26.79178810119629,40.36000061035156,40.709999084472656,39.70000076293945,40.630001068115234,50316600
2011-06-17,27.08387565612793,40.79999923706055,41.060001373291016,40.540000915527344,40.849998474121094,31999600
2011-06-20,26.871448516845703,40.47999954223633,40.810001373291016,40.119998931884766,40.5,21565400
2011-06-21,27.156888961791992,40.90999984741211,41.22999954223633,40.25,40.68000030517578,34241100
2011-06-22,27.01085090637207,40.689998626708984,41.529998779296875,40.47999954223633,40.66999816894531,27306300
2011-06-23,26.599287033081055,40.06999969482422,40.25,39.619998931884766,40.119998931884766,48307500
2011-06-24,26.21427345275879,39.4900016784668,40.18000030517578,39.439998626708984,40.04999923706055,36136800
2011-06-27,26.473159790039062,39.880001068115234,40.11000061035156,39.33000183105469,39.400001525878906,30632700
2011-06-28,26.247453689575195,39.540000915527344,40.06999969482422,39.2400016784668,40.06999969482422,41558700
2011-06-29,26.851537704467773,40.45000076293945,40.560001373291016,39.91999816894531,40.040000915527344,44775900
2011-06-30,27.176809310913086,40.939998626708984,41.06999969482422,40.369998931884766,40.720001220703125,28000100
2011-07-01,27.771230697631836,41.58000183105469,41.720001220703125,40.77000045776367,40.810001373291016,32136800
2011-07-05,27.403881072998047,41.029998779296875,41.5099983215332,40.970001220703125,41.5099983215332,23805800
2011-07-06,27.08997344970703,40.560001373291016,40.650001525878906,40.18000030517578,40.59000015258789,23865700
2011-07-07,27.59758186340332,41.31999969482422,41.790000915527344,41.099998474121094,41.189998626708984,28550800
2011-07-08,27.210201263427734,40.7400016784668,40.970001220703125,40.560001373291016,40.70000076293945,20680000
2011-07-11,26.33524513244629,39.43000030517578,40.220001220703125,39.290000915527344,40.189998626708984,38328000
2011-07-12,26.30853271484375,39.38999938964844,40.119998931884766,39.2400016784668,39.2400016784668,33808300
2011-07-13,26.46215057373047,39.619998931884766,40.369998931884766,39.40999984741211,39.66999816894531,34020600
2011-07-14,26.949724197387695,40.349998474121094,41.2400016784668,40.290000915527344,41.18000030517578,65327400
2011-07-15,26.702598571777344,39.97999954223633,40.75,39.5,40.61000061035156,46544900
2011-07-18,26.6024112701416,39.83000183105469,40.0,38.93000030517578,39.790000915527344,47603200
2011-07-19,26.976438522338867,40.38999938964844,40.4900016784668,39.709999084472656,39.91999816894531,34837400
2011-07-20,27.35714340209961,40.959999084472656,41.36000061035156,40.619998931884766,40.689998626708984,31250900
2011-07-21,28.245445251464844,42.290000915527344,42.54999923706055,41.22999954223633,41.56999969482422,45552200
2011-07-22,28.17865562438965,42.189998626708984,42.31999969482422,41.7599983215332,42.27000045776367,19986100
2011-07-25,27.84470558166504,41.689998626708984,41.90999984741211,41.290000915527344,41.52000045776367,22522300
2011-07-26,27.677738189697266,41.439998626708984,41.790000915527344,41.290000915527344,41.5,24350600
2011-07-27,27.16344451904297,40.66999816894531,41.400001525878906,40.59000015258789,41.20000076293945,32361100
2011-07-28,27.170120239257812,40.68000030517578,41.2400016784668,40.619998931884766,40.689998626708984,23370200
2011-07-29,27.016515731811523,40.45000076293945,40.75,39.900001525878906,40.2400016784668,37793400
2011-08-01,27.009828567504883,40.439998626708984,41.369998931884766,39.959999084472656,41.15999984741211,34039300
2011-08-02,26.609094619750977,39.84000015258789,40.380001068115234,39.84000015258789,40.099998474121094,42119000
2011-08-03,26.649166107177734,39.900001525878906,40.02000045776367,39.349998474121094,39.7599983215332,41110100
2011-08-04,25.32672691345215,37.91999816894531,39.59000015258789,37.81999969482422,39.310001373291016,59931100
2011-08-05,25.112991333007812,37.599998474121094,38.75,36.720001220703125,38.29999923706055,85507800
2011-08-08,22.748638153076172,34.060001373291016,37.720001220703125,33.689998626708984,36.22999954223633,107650300
2011-08-09,24.311521530151367,36.400001525878906,36.59000015258789,33.689998626708984,35.380001068115234,78985700
2011-08-10,22.955684661865234,34.369998931884766,35.849998474121094,33.9900016784668,35.52000045776367,83975700
2011-08-11,24.505212783813477,36.689998626708984,37.29999923706055,34.630001068115234,34.630001068115234,69583500
2011-08-12,23.984251022338867,35.90999984741211,37.849998474121094,35.58000183105469,37.130001068115234,44072800
2011-08-15,24.632112503051758,36.880001068115234,37.13999938964844,36.38999938964844,36.529998779296875,34827900
2011-08-16,24.064390182495117,36.029998779296875,36.56999969482422,35.77000045776367,36.27000045776367,42266600
2011-08-17,24.425060272216797,36.56999969482422,37.2599983215332,36.31999969482422,36.459999084472656,30131400
2011-08-18,23.50336265563965,35.189998626708984,35.470001220703125,34.5,35.27000045776367,57130300
2011-08-19,22.94232177734375,34.349998474121094,35.5,34.2599983215332,34.7599983215332,52960800
2011-08-22,22.31450080871582,33.40999984741211,35.18000030517578,33.349998474121094,35.119998931884766,50971400
2011-08-23,23.229516983032227,34.779998779296875,34.79999923706055,32.310001373291016,33.290000915527344,55807900
2011-08-24,23.93082046508789,35.83000183105469,36.0099983215332,34.68000030517578,34.81999969482422,41959800
2011-08-25,23.857349395751953,35.720001220703125,38.56999969482422,35.41999816894531,37.790000915527344,55387600
2011-08-26,24.184621810913086,36.209999084472656,36.47999954223633,34.81999969482422,35.279998779296875,35114200
2011-08-29,25.139711380004883,37.63999938964844,37.63999938964844,36.470001220703125,36.81999969482422,27943900
2011-08-30,24.75234031677246,37.060001373291016,37.720001220703125,36.75,37.400001525878906,28818700
2011-08-31,25.086280822753906,37.560001373291016,38.029998779296875,37.220001220703125,37.41999816894531,30051100
2011-09-01,24.24472999572754,36.29999923706055,37.81999969482422,36.290000915527344,37.619998931884766,36862300
2011-09-02,23.12934112548828,34.630001068115234,35.25,34.5099983215332,35.060001373291016,41677300
2011-09-06,22.33454132080078,33.439998626708984,33.5,32.779998779296875,33.11000061035156,57071200
2011-09-07,23.25623893737793,34.81999969482422,34.97999954223633,33.869998931884766,34.099998474121094,36145900
2011-09-08,22.381290435791016,33.5099983215332,34.90999984741211,33.439998626708984,34.439998626708984,44815300
2011-09-09,21.426193237304688,32.08000183105469,33.20000076293945,31.93000030517578,33.08000183105469,67187400
2011-09-12,21.653278350830078,32.41999816894531,32.41999816894531,31.209999084472656,31.350000381469727,53377600
2011-09-13,21.700035095214844,32.4900016784668,33.40999984741211,32.16999816894531,32.810001373291016,50137600
2011-09-14,21.907085418701172,32.79999923706055,33.189998626708984,31.860000610351562,32.72999954223633,44442500
2011-09-15,22.581653594970703,33.810001373291016,33.81999969482422,33.130001068115234,33.369998931884766,35847800
2011-09-16,22.327869415283203,33.43000030517578,34.27000045776367,33.02000045776367,34.04999923706055,52683800
2011-09-19,21.700035095214844,32.4900016784668,32.88999938964844,32.130001068115234,32.689998626708984,33154800
2011-09-20,21.53973960876465,32.25,32.79999923706055,32.2400016784668,32.77000045776367,34085100
2011-09-21,20.264055252075195,30.34000015258789,32.45000076293945,30.260000228881836,32.22999954223633,57389200
2011-09-22,19.549402236938477,29.270000457763672,29.6299991607666,28.530000686645508,29.350000381469727,86285600
2011-09-23,19.76312828063965,29.59000015258789,29.799999237060547,28.860000610351562,28.959999084472656,51731300
2011-09-26,21.138996124267578,31.649999618530273,31.809999465942383,29.959999084472656,30.059999465942383,58696100
2011-09-27,21.08556365966797,31.56999969482422,33.130001068115234,31.25,32.619998931884766,58242900
2011-09-28,20.350881576538086,30.469999313354492,32.0,30.420000076293945,31.6200008392334,38725900
2011-09-29,20.9653377532959,31.389999389648438,32.11000061035156,30.440000534057617,31.579999923706055,51014100
2011-09-30,20.11711311340332,30.1200008392334,30.950000762939453,30.110000610351562,30.739999771118164,42420600
2011-10-03,19.13530731201172,28.649999618530273,30.700000762939453,28.639999389648438,30.030000686645508,51002700
2011-10-04,20.388532638549805,30.260000228881836,30.43000030517578,27.850000381469727,28.25,69800000
2011-10-05,20.779319763183594,30.84000015258789,31.170000076293945,29.399999618530273,30.229999542236328,51117200
2011-10-06,21.816938400268555,32.380001068115234,32.459999084472656,30.420000076293945,30.709999084472656,53214000
2011-10-07,20.684999465942383,30.700000762939453,32.61000061035156,30.649999618530273,32.58000183105469,49320600
2011-10-10,21.763042449951172,32.29999923706055,32.31999969482422,31.579999923706055,31.600000381469727,37324800
2011-10-11,21.763042449951172,32.29999923706055,32.68000030517578,31.40999984741211,31.979999542236328,38161700
2011-10-12,22.369441986083984,33.20000076293945,33.869998931884766,32.689998626708984,32.7599983215332,55462500
2011-10-13,21.29139518737793,31.600000381469727,32.4900016784668,30.920000076293945,32.45000076293945,78830000
2011-10-14,21.486787796020508,31.889999389648438,32.31999969482422,31.399999618530273,31.8700008392334,51899600
2011-10-17,20.914072036743164,31.040000915527344,32.09000015258789,30.969999313354492,31.639999389648438,40865400
2011-10-18,22.147096633911133,32.869998931884766,33.41999816894531,31.139999389648438,31.360000610351562,64392400
2011-10-19,21.729347229003906,32.25,34.0099983215332,32.029998779296875,32.77000045776367,50119300
2011-10-20,22.322275161743164,33.130001068115234,33.189998626708984,31.670000076293945,32.31999969482422,41657100
2011-10-21,22.517667770385742,33.41999816894531,34.040000915527344,33.0099983215332,33.47999954223633,48445300
2011-10-24,23.29251480102539,34.56999969482422,34.689998626708984,33.56999969482422,33.61000061035156,45697200
2011-10-25,22.564834594726562,33.4900016784668,34.25,33.36000061035156,34.18000030517578,38679100
2011-10-26,23.02974510192871,34.18000030517578,34.40999984741211,33.5,34.11000061035156,36350900
2011-10-27,24.94327735900879,37.02000045776367,37.540000915527344,35.70000076293945,36.560001373291016,76438300
2011-10-28,24.720930099487305,36.689998626708984,36.97999954223633,36.189998626708984,36.61000061035156,39891200
2011-10-31,23.4205379486084,34.7599983215332,36.0,34.72999954223633,35.93000030517578,46429800
2011-11-01,22.039283752441406,32.709999084472656,33.63999938964844,31.84000015258789,32.470001220703125,74052400
2011-11-02,22.6658992767334,33.63999938964844,33.7400016784668,33.060001373291016,33.709999084472656,34325900
2011-11-03,23.16449546813965,34.380001068115234,34.52000045776367,32.84000015258789,34.119998931884766,40084700
2011-11-04,22.88825225830078,33.970001220703125,34.060001373291016,33.45000076293945,33.9900016784668,30858700
2011-11-07,23.070173263549805,34.2400016784668,34.34000015258789,33.709999084472656,34.029998779296875,25925900
2011-11-08,23.59571647644043,35.02000045776367,35.18000030517578,34.02000045776367,34.529998779296875,30193100
2011-11-09,21.924741744995117,32.540000915527344,33.9900016784668,32.380001068115234,33.84000015258789,52990400
2011-11-10,22.059505462646484,32.7400016784668,33.22999954223633,32.279998779296875,32.91999816894531,30427400
2011-11-11,22.423341751098633,33.279998779296875,33.849998474121094,33.02000045776367,33.279998779296875,29983400
2011-11-14,21.93148422241211,32.54999923706055,32.97999954223633,32.220001220703125,32.95000076293945,27596300
2011-11-15,22.03254508972168,32.70000076293945,33.11000061035156,32.08000183105469,32.09000015258789,31260500
2011-11-16,21.203807830810547,31.469999313354492,32.4900016784668,31.399999618530273,32.34000015258789,40761800
2011-11-17,20.543493270874023,30.489999771118164,31.5,30.34000015258789,31.399999618530273,55130100
2011-11-18,20.631088256835938,30.6200008392334,30.850000381469727,30.329999923706055,30.670000076293945,39029900
2011-11-21,20.152706146240234,29.90999984741211,30.190000534057617,29.600000381469727,30.020000457763672,39658100
2011-11-22,19.81581687927246,29.40999984741211,30.100000381469727,29.3799991607666,29.899999618530273,36466200
2011-11-23,19.1218204498291,28.3799991607666,29.149999618530273,28.329999923706055,29.110000610351562,44468500
2011-11-25,19.189205169677734,28.479999542236328,29.170000076293945,28.280000686645508,28.280000686645508,21423200
2011-11-28,19.647377014160156,29.15999984741211,30.06999969482422,28.81999969482422,29.709999084472656,45280100
2011-11-29,19.243106842041016,28.559999465942383,29.1299991607666,28.479999542236328,28.979999542236328,45104700
2011-11-30,20.86690902709961,30.969999313354492,31.0,29.799999237060547,30.149999618530273,61412600
2011-12-01,20.52328872680664,30.459999084472656,30.969999313354492,30.030000686645508,30.860000610351562,33189700
2011-12-02,21.78325843811035,32.33000183105469,33.27000045776367,30.809999465942383,30.8799991607666,90515100
2011-12-05,22.578310012817383,33.5099983215332,34.099998474121094,33.220001220703125,33.63999938964844,52207600
2011-12-06,22.389650344848633,33.22999954223633,33.58000183105469,32.68000030517578,33.2599983215332,38782900
2011-12-07,22.908458709716797,34.0,34.189998626708984,32.720001220703125,32.81999969482422,44722800
2011-12-08,21.709138870239258,32.220001220703125,33.70000076293945,32.08000183105469,33.54999923706055,47788900
2011-12-09,22.355968475341797,33.18000030517578,33.310001373291016,32.36000061035156,32.36000061035156,39104600
2011-12-12,21.587852478027344,32.040000915527344,32.599998474121094,31.760000228881836,32.54999923706055,35977900
2011-12-13,21.082521438598633,31.290000915527344,32.630001068115234,30.8700008392334,32.369998931884766,49475100
2011-12-14,21.230754852294922,31.510000228881836,31.940000534057617,30.829999923706055,30.8799991607666,41291500
2011-12-15,21.399192810058594,31.760000228881836,32.279998779296875,31.56999969482422,32.099998474121094,33457300
2011-12-16,21.486787796020508,31.889999389648438,32.599998474121094,31.809999465942383,32.15999984741211,52596800
2011-12-19,20.684999465942383,30.700000762939453,31.899999618530273,30.420000076293945,31.8700008392334,47388000
2011-12-20,21.702396392822266,32.209999084472656,32.439998626708984,31.239999771118164,31.399999618530273,49091600
2011-12-21,21.77651596069336,32.31999969482422,32.40999984741211,31.899999618530273,32.0,30893000
2011-12-22,22.537885665893555,33.45000076293945,33.54999923706055,32.540000915527344,32.689998626708984,35543200
2011-12-23,22.61873435974121,33.56999969482422,33.70000076293945,33.130001068115234,33.619998931884766,21958800
2011-12-27,22.254898071289062,33.029998779296875,33.689998626708984,33.029998779296875,33.220001220703125,16891600
2011-12-28,21.998863220214844,32.650001525878906,33.09000015258789,32.56999969482422,32.9900016784668,19242700
2011-12-29,22.517667770385742,33.41999816894531,33.52000045776367,32.709999084472656,32.709999084472656,19792000
2011-12-30,22.403125762939453,33.25,33.41999816894531,33.060001373291016,33.11000061035156,18196900
2012-01-03,23.56875991821289,34.97999954223633,35.189998626708984,34.0099983215332,34.060001373291016,44102800
2012-01-04,23.718061447143555,34.95000076293945,35.150001525878906,34.33000183105469,34.439998626708984,36571200
2012-01-05,24.21346092224121,35.68000030517578,35.91999816894531,34.400001525878906,34.709999084472656,38381400
2012-01-06,23.996309280395508,35.36000061035156,35.77000045776367,35.13999938964844,35.689998626708984,33160600
2012-01-09,23.955575942993164,35.29999923706055,35.68000030517578,34.9900016784668,35.439998626708984,23001800
2012-01-10,24.464553833007812,36.04999923706055,36.349998474121094,35.7599983215332,36.06999969482422,35972800
2012-01-11,24.878507614135742,36.65999984741211,36.7400016784668,35.65999984741211,35.79999923706055,29852900
2012-01-12,25.00745391845703,36.849998474121094,37.04999923706055,36.16999816894531,36.81999969482422,39420700
2012-01-13,24.37632179260254,35.91999816894531,35.91999816894531,35.130001068115234,35.2599983215332,61571500
2012-01-17,23.69091796875,34.90999984741211,35.68000030517578,34.5,34.849998474121094,55115100
2012-01-18,24.797080993652344,36.540000915527344,36.68000030517578,34.529998779296875,34.540000915527344,55502100
2012-01-19,25.06174659729004,36.93000030517578,37.150001525878906,36.709999084472656,36.84000015258789,37000400
2012-01-20,25.353561401367188,37.36000061035156,37.400001525878906,36.619998931884766,36.779998779296875,34716500
2012-01-23,25.55714225769043,37.65999984741211,37.939998626708984,37.27000045776367,37.310001373291016,27499200
2012-01-24,25.55714225769043,37.65999984741211,37.88999938964844,36.79999923706055,37.18000030517578,25403800
2012-01-25,25.51642417907715,37.599998474121094,37.81999969482422,37.119998931884766,37.36000061035156,29860700
2012-01-26,25.441783905029297,37.4900016784668,38.099998474121094,37.25,37.880001068115234,33284600
2012-01-27,25.25175666809082,37.209999084472656,37.65999984741211,37.150001525878906,37.22999954223633,27674600
2012-01-30,25.116043090820312,37.0099983215332,37.16999816894531,36.36000061035156,36.65999984741211,24423600
2012-01-31,25.312841415405273,37.29999923706055,37.540000915527344,36.93000030517578,37.529998779296875,29649500
2012-02-01,25.51642417907715,37.599998474121094,38.029998779296875,37.5,37.88999938964844,41957800
2012-02-02,25.482498168945312,37.54999923706055,38.15999984741211,37.41999816894531,37.689998626708984,26784200
2012-02-03,25.9778995513916,38.279998779296875,38.5,38.04999923706055,38.27000045776367,41074400
2012-02-06,25.882888793945312,38.13999938964844,38.31999969482422,37.810001373291016,38.060001373291016,23106200
2012-02-07,25.699661254882812,37.869998931884766,38.119998931884766,37.70000076293945,37.86000061035156,21091900
2012-02-08,25.991466522216797,38.29999923706055,38.349998474121094,37.970001220703125,38.04999923706055,23258700
2012-02-09,25.6928768157959,37.86000061035156,38.68000030517578,37.84000015258789,38.599998474121094,28608400
2012-02-10,25.52321434020996,37.61000061035156,37.77000045776367,37.11000061035156,37.220001220703125,22618800
2012-02-13,25.991466522216797,38.29999923706055,38.34000015258789,37.779998779296875,38.08000183105469,24828000
2012-02-14,25.73358726501465,37.91999816894531,38.2599983215332,37.439998626708984,38.22999954223633,27031900
2012-02-15,25.38069725036621,37.400001525878906,38.400001525878906,37.310001373291016,38.08000183105469,26534900
2012-02-16,25.78787612915039,38.0,38.119998931884766,37.04999923706055,37.150001525878906,22139600
2012-02-17,26.106830596923828,38.470001220703125,38.63999938964844,38.22999954223633,38.599998474121094,28009300
2012-02-21,26.100055694580078,38.459999084472656,38.970001220703125,38.40999984741211,38.650001525878906,22804200
2012-02-22,25.835386276245117,38.06999969482422,38.38999938964844,37.900001525878906,38.29999923706055,23416900
2012-02-23,26.120407104492188,38.4900016784668,38.52000045776367,37.75,38.060001373291016,31361400
2012-02-24,25.9778995513916,38.279998779296875,38.68000030517578,38.189998626708984,38.65999984741211,17586400
2012-02-27,26.50723648071289,39.060001373291016,39.22999954223633,37.790000915527344,38.06999969482422,34030400
2012-02-28,26.60901641845703,39.209999084472656,39.54999923706055,38.849998474121094,39.130001068115234,37900900
2012-02-29,26.62938690185547,39.2400016784668,39.939998626708984,39.02000045776367,39.33000183105469,41187700
2012-03-01,27.39622688293457,40.369998931884766,40.45000076293945,39.470001220703125,39.5099983215332,44376700
2012-03-02,27.572668075561523,40.630001068115234,40.880001068115234,40.22999954223633,40.43000030517578,34897900
2012-03-05,27.416589736938477,40.400001525878906,40.709999084472656,40.0,40.70000076293945,30806900
2012-03-06,26.683670043945312,39.31999969482422,39.869998931884766,39.119998931884766,39.45000076293945,33927500
2012-03-07,27.111202239990234,39.95000076293945,40.060001373291016,39.380001068115234,39.459999084472656,22875100
2012-03-08,27.44373321533203,40.439998626708984,40.75,40.220001220703125,40.470001220703125,22052300
2012-03-09,27.844118118286133,41.029998779296875,41.439998626708984,40.5,40.75,33494200
2012-03-12,27.511600494384766,40.540000915527344,40.97999954223633,40.20000076293945,40.86000061035156,30763800
2012-03-13,29.4456787109375,43.38999938964844,43.72999954223633,40.81999969482422,41.02000045776367,77277600
2012-03-14,29.574630737304688,43.58000183105469,44.0,43.06999969482422,43.619998931884766,68028700
2012-03-15,30.334692001342773,44.70000076293945,44.91999816894531,42.93000030517578,43.63999938964844,57117700
2012-03-16,30.24646759033203,44.56999969482422,44.91999816894531,44.220001220703125,44.869998931884766,48844500
2012-03-19,30.538284301757812,45.0,45.349998474121094,44.209999084472656,44.439998626708984,41509300
2012-03-20,30.79616355895996,45.380001068115234,45.599998474121094,44.369998931884766,44.529998779296875,34796200
2012-03-21,30.619712829589844,45.119998931884766,45.66999816894531,44.86000061035156,45.529998779296875,27267900
2012-03-22,30.300752639770508,44.650001525878906,45.099998474121094,44.40999984741211,44.720001220703125,27457200
2012-03-23,30.646848678588867,45.15999984741211,45.25,44.439998626708984,44.45000076293945,30639300
2012-03-26,31.3322696685791,46.16999816894531,46.16999816894531,45.400001525878906,45.47999954223633,33529400
2012-03-27,31.142261505126953,45.88999938964844,46.4900016784668,45.83000183105469,45.91999816894531,33026400
2012-03-28,31.400135040283203,46.27000045776367,46.310001373291016,45.36000061035156,45.7599983215332,29755800
2012-03-29,30.992963790893555,45.66999816894531,46.02000045776367,45.27000045776367,45.91999816894531,32262300
2012-03-30,31.203340530395508,45.97999954223633,46.130001068115234,45.5,46.08000183105469,25945800
2012-04-02,31.305118560791016,46.130001068115234,46.349998474121094,45.459999084472656,45.75,27669300
2012-04-03,31.025066375732422,45.41999816894531,45.9900016784668,44.970001220703125,45.7400016784668,31036400
2012-04-04,30.335172653198242,44.40999984741211,44.86000061035156,43.959999084472656,44.68000030517578,41342900
2012-04-05,30.28734588623047,44.34000015258789,44.72999954223633,43.810001373291016,44.130001068115234,28832300
2012-04-09,29.97996711730957,43.88999938964844,44.279998779296875,43.06999969482422,43.189998626708984,29376400
2012-04-10,29.34471321105957,42.959999084472656,44.0099983215332,42.65999984741211,43.880001068115234,38841000
2012-04-11,30.061933517456055,44.0099983215332,44.209999084472656,43.56999969482422,43.59000015258789,32142200
2012-04-12,30.628887176513672,44.84000015258789,44.9900016784668,44.0,44.119998931884766,33631100
2012-04-13,29.515472412109375,43.209999084472656,44.95000076293945,43.060001373291016,44.95000076293945,58183900
2012-04-16,29.59746742248535,43.33000183105469,43.79999923706055,42.84000015258789,43.380001068115234,40387600
2012-04-17,29.9868106842041,43.900001525878906,44.0,43.15999984741211,43.689998626708984,26887000
2012-04-18,29.570131301879883,43.290000915527344,43.90999984741211,43.27000045776367,43.619998931884766,20242900
2012-04-19,29.522321701049805,43.220001220703125,43.689998626708984,42.77000045776367,43.439998626708984,25961800
2012-04-20,29.180774688720703,42.720001220703125,43.58000183105469,42.709999084472656,43.5099983215332,26178100
2012-04-23,29.269567489624023,42.849998474121094,42.959999084472656,41.79999923706055,41.91999816894531,25536300
2012-04-24,29.563304901123047,43.279998779296875,43.310001373291016,42.810001373291016,42.97999954223633,21420400
2012-04-25,29.48133087158203,43.15999984741211,43.88999938964844,42.97999954223633,43.650001525878906,31694000
2012-04-26,29.918493270874023,43.79999923706055,43.88999938964844,43.060001373291016,43.220001220703125,28100300
2012-04-27,29.604278564453125,43.34000015258789,43.9900016784668,43.22999954223633,43.939998626708984,26242900
2012-04-30,29.358383178710938,42.97999954223633,43.369998931884766,42.540000915527344,43.33000183105469,23518000
2012-05-01,29.911666870117188,43.790000915527344,44.2400016784668,42.959999084472656,43.0,26359700
2012-05-02,29.508651733398438,43.20000076293945,43.529998779296875,42.84000015258789,43.459999084472656,22462200
2012-05-03,29.378860473632812,43.0099983215332,43.38999938964844,42.66999816894531,43.380001068115234,19536400
2012-05-04,28.518199920654297,41.75,42.68000030517578,41.709999084472656,42.33000183105469,31279900
2012-05-07,28.5386905670166,41.779998779296875,42.400001525878906,41.369998931884766,41.43000030517578,25910100
2012-05-08,28.26546287536621,41.380001068115234,41.84000015258789,40.95000076293945,41.5,28049700
2012-05-09,27.7600040435791,40.63999938964844,41.02000045776367,40.119998931884766,40.720001220703125,38769900
2012-05-10,27.82830238342285,40.7400016784668,41.400001525878906,40.540000915527344,41.22999954223633,35827100
2012-05-11,25.246292114257812,36.959999084472656,37.9900016784668,36.619998931884766,37.13999938964844,217294200
2012-05-14,24.447093963623047,35.790000915527344,36.470001220703125,35.7599983215332,36.099998474121094,96488500
2012-05-15,24.754486083984375,36.2400016784668,37.27000045776367,36.119998931884766,36.189998626708984,89903700
2012-05-16,24.22168731689453,35.459999084472656,36.97999954223633,35.459999084472656,36.790000915527344,68729600
2012-05-17,23.176593780517578,33.93000030517578,35.099998474121094,33.880001068115234,35.040000915527344,95429200
2012-05-18,22.876039505004883,33.4900016784668,33.9900016784668,32.970001220703125,33.9900016784668,82650100
2012-05-21,22.206623077392578,32.5099983215332,33.709999084472656,32.2599983215332,33.52000045776367,99554800
2012-05-22,23.231224060058594,34.0099983215332,34.58000183105469,32.9900016784668,33.31999969482422,84721000
2012-05-23,23.401994705200195,34.2599983215332,34.41999816894531,33.209999084472656,33.619998931884766,52512900
2012-05-24,23.203908920288086,33.970001220703125,34.47999954223633,33.619998931884766,34.439998626708984,37843800
2012-05-25,22.88286781311035,33.5,34.130001068115234,33.290000915527344,34.0,28796400
2012-05-29,22.971664428710938,33.630001068115234,34.0,33.36000061035156,33.97999954223633,35855200
2012-05-30,22.514009475708008,32.959999084472656,33.439998626708984,32.95000076293945,33.29999923706055,34203600
2012-05-31,22.6438045501709,33.150001525878906,33.470001220703125,32.90999984741211,32.959999084472656,42124900
2012-06-01,21.81044578552246,31.93000030517578,32.650001525878906,31.770000457763672,32.40999984741211,50472200
2012-06-04,21.175189971923828,31.0,32.16999816894531,30.829999923706055,32.15999984741211,60492400
2012-06-05,21.851430892944336,31.989999771118164,32.130001068115234,30.860000610351562,30.889999389648438,46502800
2012-06-06,22.58915138244629,33.06999969482422,33.310001373291016,32.27000045776367,32.709999084472656,47980500
2012-06-07,22.411548614501953,32.810001373291016,33.83000183105469,32.79999923706055,33.77000045776367,53888800
2012-06-08,23.005817413330078,33.68000030517578,33.68000030517578,32.54999923706055,32.77000045776367,34238200
2012-06-11,22.418378829956055,32.81999969482422,34.439998626708984,32.779998779296875,34.369998931884766,46404900
2012-06-12,23.067291259765625,33.77000045776367,33.779998779296875,32.5099983215332,32.880001068115234,43334400
2012-06-13,23.42931365966797,34.29999923706055,35.06999969482422,33.630001068115234,33.689998626708984,72456600
2012-06-14,23.668394088745117,34.650001525878906,34.88999938964844,34.06999969482422,34.40999984741211,44428000
2012-06-15,23.927963256835938,35.029998779296875,35.06999969482422,34.40999984741211,34.88999938964844,40917100
2012-06-18,23.647907257080078,34.619998931884766,35.29999923706055,34.5,34.709999084472656,31084400
2012-06-19,24.167036056518555,35.380001068115234,35.630001068115234,34.72999954223633,34.9900016784668,32489000
2012-06-20,24.89792251586914,36.45000076293945,36.939998626708984,35.83000183105469,36.029998779296875,61149700
2012-06-21,24.255836486816406,35.5099983215332,37.029998779296875,35.43000030517578,36.4900016784668,95637000
2012-06-22,24.583715438842773,35.9900016784668,36.4900016784668,35.959999084472656,36.02000045776367,44193500
2012-06-25,24.12605857849121,35.31999969482422,35.470001220703125,34.63999938964844,35.2599983215332,33115800
2012-06-26,24.392446517944336,35.709999084472656,36.119998931884766,35.58000183105469,36.060001373291016,35053600
2012-06-27,25.123342514038086,36.779998779296875,36.81999969482422,35.5,35.63999938964844,34156800
2012-06-28,24.508575439453125,35.880001068115234,35.93000030517578,34.849998474121094,35.31999969482422,69904800
2012-06-29,24.406112670898438,35.72999954223633,36.79999923706055,35.25,36.70000076293945,56063200
2012-07-02,24.78180503845215,36.279998779296875,36.36000061035156,35.59000015258789,36.27000045776367,34274900
2012-07-03,24.71292495727539,35.880001068115234,36.13999938964844,35.540000915527344,35.959999084472656,26705900
2012-07-05,23.679773330688477,34.380001068115234,35.65999984741211,34.220001220703125,35.61000061035156,58519800
2012-07-06,23.349159240722656,33.900001525878906,34.119998931884766,33.72999954223633,33.91999816894531,32057200
2012-07-09,23.390493392944336,33.959999084472656,34.119998931884766,33.540000915527344,33.810001373291016,30545000
2012-07-10,23.590232849121094,34.25,34.45000076293945,33.810001373291016,34.220001220703125,33175500
2012-07-11,23.82442283630371,34.59000015258789,34.79999923706055,34.119998931884766,34.209999084472656,35144300
2012-07-12,23.445600509643555,34.040000915527344,34.56999969482422,33.939998626708984,34.33000183105469,39301500
2012-07-13,24.843788146972656,36.06999969482422,36.20000076293945,34.86000061035156,35.060001373291016,83001000
2012-07-16,24.168800354003906,35.09000015258789,35.849998474121094,34.72999954223633,35.7599983215332,52368300
2012-07-17,24.09992790222168,34.9900016784668,35.47999954223633,34.27000045776367,35.439998626708984,43998300
2012-07-18,24.079267501831055,34.959999084472656,35.22999954223633,34.650001525878906,34.75,28944900
2012-07-19,23.73487663269043,34.459999084472656,35.16999816894531,34.310001373291016,35.02000045776367,34384700
2012-07-20,23.349159240722656,33.900001525878906,34.130001068115234,33.900001525878906,34.04999923706055,36301200
2012-07-23,23.721097946166992,34.439998626708984,34.5,33.099998474121094,33.2400016784668,41248300
2012-07-24,23.92084503173828,34.72999954223633,34.88999938964844,34.220001220703125,34.58000183105469,29920400
2012-07-25,24.223894119262695,35.16999816894531,35.45000076293945,34.790000915527344,34.97999954223633,32127700
2012-07-26,24.66472053527832,35.810001373291016,35.939998626708984,35.34000015258789,35.779998779296875,28900500
2012-07-27,25.408578872680664,36.88999938964844,37.20000076293945,35.5099983215332,36.0099983215332,63636200
2012-07-30,24.892000198364258,36.13999938964844,36.52000045776367,35.939998626708984,36.5,30698200
2012-07-31,24.795581817626953,36.0,36.33000183105469,35.90999984741211,36.11000061035156,19681600
2012-08-01,24.795581817626953,36.0,36.400001525878906,35.81999969482422,36.189998626708984,22180200
2012-08-02,24.223894119262695,35.16999816894531,35.84000015258789,34.7599983215332,35.619998931884766,36675000
2012-08-03,24.85757064819336,36.09000015258789,36.290000915527344,35.5,35.81999969482422,24516300
2012-08-06,25.002212524414062,36.29999923706055,36.79999923706055,36.11000061035156,36.2400016784668,18979200
2012-08-07,25.491239547729492,37.0099983215332,37.869998931884766,36.56999969482422,36.56999969482422,37225800
2012-08-08,25.594539642333984,37.15999984741211,37.47999954223633,36.75,36.849998474121094,18672400
2012-08-09,25.429244995117188,36.91999816894531,37.2599983215332,36.59000015258789,36.720001220703125,23406700
2012-08-10,25.46368408203125,36.970001220703125,37.0,36.400001525878906,36.7599983215332,15492700
2012-08-13,25.47745132446289,36.9900016784668,37.09000015258789,36.650001525878906,36.869998931884766,14453500
2012-08-14,25.55322265625,37.099998474121094,37.63999938964844,36.97999954223633,37.41999816894531,18065100
2012-08-15,25.532554626464844,37.06999969482422,37.40999984741211,36.95000076293945,37.06999969482422,17521300
2012-08-16,25.55322265625,37.099998474121094,37.349998474121094,36.79999923706055,37.18000030517578,15894100
2012-08-17,25.470563888549805,36.97999954223633,37.20000076293945,36.79999923706055,37.20000076293945,17079800
2012-08-20,25.73918342590332,37.369998931884766,37.5,36.79999923706055,36.91999816894531,17922100
2012-08-21,26.20066261291504,38.040000915527344,38.86000061035156,37.560001373291016,37.630001068115234,36880600
2012-08-22,26.056018829345703,37.83000183105469,38.18000030517578,37.560001373291016,37.880001068115234,16899400
2012-08-23,25.642757415771484,37.22999954223633,37.88999938964844,37.20000076293945,37.810001373291016,16429500
2012-08-24,25.601436614990234,37.16999816894531,37.439998626708984,36.66999816894531,36.939998626708984,20019300
2012-08-27,25.642757415771484,37.22999954223633,37.439998626708984,36.900001525878906,37.310001373291016,17618200
2012-08-28,25.573883056640625,37.130001068115234,37.4900016784668,36.900001525878906,37.099998474121094,18050500
2012-08-29,25.690977096557617,37.29999923706055,37.4900016784668,37.060001373291016,37.31999969482422,13681900
2012-08-30,25.41546630859375,36.900001525878906,37.130001068115234,36.709999084472656,37.060001373291016,13700700
2012-08-31,25.580772399902344,37.13999938964844,37.400001525878906,36.86000061035156,37.13999938964844,16771600
2012-09-04,25.491239547729492,37.0099983215332,37.2400016784668,36.779998779296875,36.97999954223633,13631400
2012-09-05,25.560104370117188,37.11000061035156,37.290000915527344,36.939998626708984,37.08000183105469,13537500
2012-09-06,26.648357391357422,38.689998626708984,38.869998931884766,37.5,37.58000183105469,41346800
2012-09-07,27.068511962890625,39.29999923706055,39.529998779296875,39.0,39.040000915527344,28082400
2012-09-10,26.696578979492188,38.7599983215332,39.779998779296875,38.72999954223633,39.22999954223633,20853500
2012-09-11,27.275129318237305,39.599998474121094,39.630001068115234,38.72999954223633,38.79999923706055,22378900
2012-09-12,27.49553871154785,39.91999816894531,40.25,39.790000915527344,39.880001068115234,29882200
2012-09-13,28.514917373657227,41.400001525878906,41.58000183105469,39.59000015258789,39.84000015258789,47018600
2012-09-14,28.632003784179688,41.56999969482422,42.09000015258789,41.22999954223633,41.959999084472656,43471600
2012-09-17,28.370267868041992,41.189998626708984,41.439998626708984,40.95000076293945,41.0,19740100
2012-09-18,28.41848373413086,41.2599983215332,41.33000183105469,40.65999984741211,41.04999923706055,25186600
2012-09-19,28.473594665527344,41.34000015258789,41.7599983215332,41.040000915527344,41.33000183105469,22887200
2012-09-20,28.41160774230957,41.25,41.279998779296875,40.54999923706055,40.959999084472656,20997400
2012-09-21,28.156749725341797,40.880001068115234,41.70000076293945,40.77000045776367,41.529998779296875,28287400
2012-09-24,28.397817611694336,41.22999954223633,41.470001220703125,40.59000015258789,40.61000061035156,20499500
2012-09-25,27.929475784301758,40.54999923706055,41.54999923706055,40.529998779296875,41.54999923706055,21988200
2012-09-26,27.715946197509766,40.2400016784668,40.630001068115234,39.70000076293945,40.150001525878906,23782700
2012-09-27,28.019004821777344,40.68000030517578,40.9900016784668,40.209999084472656,40.400001525878906,20843400
2012-09-28,27.88123893737793,40.47999954223633,40.630001068115234,40.15999984741211,40.41999816894531,21380700
2012-10-01,28.2187442779541,40.970001220703125,41.5,40.79999923706055,40.880001068115234,21956400
2012-10-02,28.184314727783203,40.91999816894531,41.2400016784668,40.560001373291016,41.13999938964844,26946100
2012-10-03,28.350828170776367,40.86000061035156,41.0,40.41999816894531,40.83000183105469,22419100
2012-10-04,29.016918182373047,41.81999969482422,41.9900016784668,40.90999984741211,41.15999984741211,24326500
2012-10-05,28.940603256225586,41.709999084472656,42.439998626708984,41.459999084472656,42.040000915527344,22774400
2012-10-08,28.90591812133789,41.65999984741211,41.84000015258789,41.11000061035156,41.33000183105469,18631300
2012-10-09,28.71164894104004,41.380001068115234,41.95000076293945,41.29999923706055,41.77000045776367,19947500
2012-10-10,28.98224449157715,41.77000045776367,42.0,41.33000183105469,41.54999923706055,25797600
2012-10-11,29.211206436157227,42.099998474121094,42.63999938964844,41.849998474121094,42.369998931884766,27755000
2012-10-12,28.878164291381836,41.619998931884766,42.43000030517578,41.150001525878906,41.599998474121094,44564000
2012-10-15,29.405494689941406,42.380001068115234,42.40999984741211,41.72999954223633,41.90999984741211,26268000
2012-10-16,29.717727661132812,42.83000183105469,43.11000061035156,42.27000045776367,42.790000915527344,28588100
2012-10-17,30.057710647583008,43.31999969482422,43.540000915527344,42.77000045776367,42.93000030517578,26177500
2012-10-18,29.842609405517578,43.0099983215332,43.349998474121094,42.75,43.09000015258789,23630400
2012-10-19,29.36385726928711,42.31999969482422,42.81999969482422,42.060001373291016,42.79999923706055,29747500
2012-10-22,29.20427131652832,42.09000015258789,42.52000045776367,41.5,42.25,27993000
2012-10-23,28.676944732666016,41.33000183105469,41.7400016784668,41.04999923706055,41.470001220703125,22896400
2012-10-24,28.940603256225586,41.709999084472656,41.880001068115234,41.34000015258789,41.68000030517578,18918900
2012-10-25,28.91284942626953,41.66999816894531,42.279998779296875,41.400001525878906,42.2400016784668,17311700
2012-10-26,28.558992385864258,41.15999984741211,41.65999984741211,40.869998931884766,41.41999816894531,21892700
2012-10-31,28.9197940826416,41.68000030517578,41.790000915527344,41.150001525878906,41.45000076293945,19423500
2012-11-01,29.72466468811035,42.84000015258789,42.900001525878906,41.58000183105469,41.70000076293945,23325400
2012-11-02,29.433231353759766,42.41999816894531,43.06999969482422,42.33000183105469,43.040000915527344,17029200
2012-11-05,29.329166412353516,42.27000045776367,42.36000061035156,41.86000061035156,42.33000183105469,13252500
2012-11-06,29.752410888671875,42.880001068115234,43.04999923706055,42.40999984741211,42.56999969482422,17190900
2012-11-07,28.087177276611328,40.47999954223633,42.0099983215332,40.310001373291016,42.0099983215332,47631200
2012-11-08,28.03165626525879,40.400001525878906,41.5,40.400001525878906,41.279998779296875,27830900
2012-11-09,28.184314727783203,40.619998931884766,41.22999954223633,39.86000061035156,40.310001373291016,27553200
2012-11-12,28.15656280517578,40.58000183105469,40.90999984741211,40.29999923706055,40.849998474121094,12816000
2012-11-13,27.78186798095703,40.040000915527344,40.52000045776367,40.0,40.18000030517578,19793500
2012-11-14,27.261476516723633,39.290000915527344,40.369998931884766,39.130001068115234,40.209999084472656,30986600
2012-11-15,27.33087158203125,39.38999938964844,39.720001220703125,38.970001220703125,39.060001373291016,24858700
2012-11-16,27.428001403808594,39.529998779296875,39.66999816894531,38.83000183105469,39.43000030517578,32458000
2012-11-19,28.163490295410156,40.59000015258789,40.70000076293945,40.09000015258789,40.09000015258789,26781200
2012-11-20,28.23982048034668,40.70000076293945,41.18000030517578,40.25,40.33000183105469,19375900
2012-11-21,28.260622024536133,40.72999954223633,40.97999954223633,40.349998474121094,40.939998626708984,13030200
2012-11-23,28.510400772094727,41.09000015258789,41.220001220703125,40.970001220703125,41.099998474121094,8316700
2012-11-26,28.364704132080078,40.880001068115234,40.880001068115234,40.09000015258789,40.790000915527344,20376600
2012-11-27,28.274507522583008,40.75,41.20000076293945,40.63999938964844,40.869998931884766,19875000
2012-11-28,28.330013275146484,40.83000183105469,40.880001068115234,39.880001068115234,40.4900016784668,26106900
2012-11-29,28.600624084472656,41.220001220703125,41.349998474121094,40.90999984741211,41.150001525878906,18915000
2012-11-30,28.50348472595215,41.08000183105469,41.34000015258789,40.849998474121094,40.9900016784668,20066600
2012-12-03,28.316143035888672,40.810001373291016,41.369998931884766,40.75,41.27000045776367,18955500
2012-12-04,28.149606704711914,40.56999969482422,40.91999816894531,40.20000076293945,40.779998779296875,24031100
2012-12-05,28.586746215820312,41.20000076293945,41.4900016784668,40.5,40.689998626708984,25515600
2012-12-06,28.774085998535156,41.470001220703125,41.54999923706055,41.11000061035156,41.25,20541700
2012-12-07,29.530380249023438,42.560001373291016,42.56999969482422,41.72999954223633,41.84000015258789,34552900
2012-12-10,29.356916427612305,42.310001373291016,42.66999816894531,42.0099983215332,42.540000915527344,22394500
2012-12-11,29.58588981628418,42.63999938964844,43.09000015258789,42.41999816894531,42.599998474121094,21955000
2012-12-12,29.676095962524414,42.77000045776367,43.380001068115234,42.70000076293945,43.0,23110600
2012-12-13,29.683025360107422,42.779998779296875,42.91999816894531,42.5,42.650001525878906,18457000
2012-12-14,29.7038516998291,42.810001373291016,43.11000061035156,42.709999084472656,42.77000045776367,16208600
2012-12-17,30.168729782104492,43.47999954223633,43.5099983215332,42.810001373291016,43.0,23879800
2012-12-18,30.439321517944336,43.869998931884766,43.939998626708984,43.310001373291016,43.83000183105469,33858600
2012-12-19,30.203414916992188,43.529998779296875,44.38999938964844,43.41999816894531,43.9900016784668,34348500
2012-12-20,30.897260665893555,44.529998779296875,44.540000915527344,43.40999984741211,43.689998626708984,25014900
2012-12-21,30.529510498046875,44.0,44.20000076293945,43.34000015258789,43.81999969482422,38973500
2012-12-24,30.474010467529297,43.91999816894531,44.02000045776367,43.709999084472656,43.720001220703125,8621200
2012-12-26,30.501768112182617,43.959999084472656,44.18000030517578,43.720001220703125,43.95000076293945,11498900
2012-12-27,30.272809982299805,43.630001068115234,44.02000045776367,42.900001525878906,43.959999084472656,19567000
2012-12-28,30.002208709716797,43.2400016784668,43.689998626708984,43.09000015258789,43.099998474121094,15401200
2012-12-31,30.50872230529785,43.970001220703125,44.0,43.04999923706055,43.099998474121094,24209600
2013-01-02,31.200342178344727,44.65999984741211,45.0,44.220001220703125,44.97999954223633,31413000
2013-01-03,31.137460708618164,44.56999969482422,44.75,44.20000076293945,44.7400016784668,24227700
2013-01-04,31.689388275146484,45.36000061035156,45.43000030517578,44.439998626708984,44.45000076293945,24487700
2013-01-07,31.72431182861328,45.40999984741211,45.4900016784668,45.02000045776367,45.09000015258789,24456900
2013-01-08,31.787181854248047,45.5,45.5,44.959999084472656,45.400001525878906,19624200
2013-01-09,31.7662296295166,45.470001220703125,46.20000076293945,45.13999938964844,45.560001373291016,25920600
2013-01-10,32.24128723144531,46.150001525878906,46.15999984741211,45.529998779296875,45.88999938964844,23413600
2013-01-11,32.23430633544922,46.13999938964844,46.150001525878906,45.470001220703125,45.970001220703125,19723900
2013-01-14,32.05266571044922,45.880001068115234,46.18000030517578,45.47999954223633,45.88999938964844,19079500
2013-01-15,32.38100051879883,46.349998474121094,46.470001220703125,45.349998474121094,45.4900016784668,29898000
2013-01-16,32.7093620300293,46.81999969482422,46.83000183105469,45.56999969482422,45.90999984741211,43453600
2013-01-17,32.443885803222656,46.439998626708984,46.869998931884766,46.290000915527344,46.400001525878906,41086800
2013-01-18,32.45786666870117,46.459999084472656,46.599998474121094,46.18000030517578,46.380001068115234,28679100
2013-01-22,32.51374053955078,46.540000915527344,46.54999923706055,46.130001068115234,46.25,24257300
2013-01-23,32.29718017578125,46.22999954223633,46.439998626708984,45.91999816894531,46.22999954223633,19105100
2013-01-24,32.39498519897461,46.369998931884766,46.79999923706055,46.08000183105469,46.2400016784668,20008200
2013-01-25,32.9468994140625,47.15999984741211,47.15999984741211,46.61000061035156,46.7400016784668,26009100
2013-01-28,32.58361053466797,46.63999938964844,47.0,46.47999954223633,46.84000015258789,19706800
2013-01-29,32.91896057128906,47.119998931884766,47.15999984741211,46.25,46.279998779296875,19907400
2013-01-30,32.92594528198242,47.130001068115234,47.349998474121094,46.959999084472656,47.040000915527344,18631300
2013-01-31,32.87004470825195,47.04999923706055,47.220001220703125,46.880001068115234,47.0099983215332,19536000
2013-02-01,33.42893981933594,47.849998474121094,48.0,47.209999084472656,47.400001525878906,24520000
2013-02-04,33.310184478759766,47.68000030517578,47.810001373291016,47.380001068115234,47.540000915527344,20822600
2013-02-05,34.08565139770508,48.790000915527344,48.79999923706055,47.93000030517578,47.939998626708984,28067500
2013-02-06,33.95989990234375,48.61000061035156,48.83000183105469,48.31999969482422,48.41999816894531,28282600
2013-02-07,33.69441604614258,48.22999954223633,48.75,47.900001525878906,48.650001525878906,21429600
2013-02-08,33.97386932373047,48.630001068115234,48.689998626708984,48.2599983215332,48.33000183105469,15218300
2013-02-11,33.99481964111328,48.65999984741211,48.900001525878906,48.380001068115234,48.5099983215332,13935900
2013-02-12,34.33016586303711,49.13999938964844,49.310001373291016,48.599998474121094,48.79999923706055,16388000
2013-02-13,34.00880813598633,48.68000030517578,49.45000076293945,48.5,49.349998474121094,21635600
2013-02-14,34.386051177978516,49.220001220703125,49.290000915527344,48.369998931884766,48.400001525878906,18017800
2013-02-15,34.14852523803711,48.880001068115234,49.459999084472656,48.56999969482422,49.349998474121094,20016200
2013-02-19,34.54672622680664,49.45000076293945,49.68000030517578,49.119998931884766,49.119998931884766,20445900
2013-02-20,33.95989990234375,48.61000061035156,49.540000915527344,48.36000061035156,49.349998474121094,24786700
2013-02-21,33.70839309692383,48.25,48.45000076293945,47.83000183105469,48.40999984741211,24437700
2013-02-22,34.16949462890625,48.90999984741211,48.90999984741211,48.40999984741211,48.630001068115234,23584100
2013-02-25,33.32416534423828,47.70000076293945,49.20000076293945,47.650001525878906,49.099998474121094,32775500
2013-02-26,33.254295349121094,47.599998474121094,48.2599983215332,46.849998474121094,48.220001220703125,39401400
2013-02-27,34.4279670715332,49.279998779296875,49.400001525878906,47.7599983215332,47.849998474121094,31921200
2013-02-28,34.17647171020508,48.91999816894531,49.54999923706055,48.75,49.15999984741211,24711500
2013-03-01,34.16949462890625,48.90999984741211,49.41999816894531,48.369998931884766,48.599998474121094,25923400
2013-03-04,34.30221939086914,49.099998474121094,49.13999938964844,48.33000183105469,48.72999954223633,17695200
2013-03-05,34.57468795776367,49.4900016784668,50.11000061035156,49.310001373291016,49.4900016784668,25561100
2013-03-06,34.95193862915039,50.029998779296875,50.189998626708984,49.619998931884766,49.880001068115234,19607900
2013-03-07,35.37110137939453,50.630001068115234,50.86000061035156,50.0099983215332,50.04999923706055,24245400
2013-03-08,35.07069778442383,50.20000076293945,50.849998474121094,49.61000061035156,50.59000015258789,32711900
2013-03-11,35.26631164550781,50.47999954223633,50.77000045776367,49.90999984741211,50.22999954223633,19473000
2013-03-12,35.1265869140625,50.279998779296875,50.66999816894531,50.04999923706055,50.349998474121094,18003400
2013-03-13,35.04275131225586,50.15999984741211,50.43000030517578,50.11000061035156,50.290000915527344,16680200
2013-03-14,35.62958908081055,51.0,51.0,50.189998626708984,50.25,26378700
2013-03-15,34.944942474365234,50.02000045776367,50.290000915527344,49.150001525878906,49.970001220703125,60880800
2013-03-18,34.588645935058594,49.5099983215332,49.65999984741211,48.95000076293945,49.189998626708984,28011400
2013-03-19,34.3720817565918,49.20000076293945,49.9900016784668,48.68000030517578,49.650001525878906,24411500
2013-03-20,34.31617736816406,49.119998931884766,49.63999938964844,49.040000915527344,49.56999969482422,19385300
2013-03-21,33.77825164794922,48.349998474121094,49.22999954223633,48.349998474121094,48.790000915527344,23535900
2013-03-22,34.07865524291992,48.779998779296875,49.0,48.34000015258789,48.630001068115234,22791500
2013-03-25,33.897029876708984,48.52000045776367,49.31999969482422,48.15999984741211,49.040000915527344,23581400
2013-03-26,33.980857849121094,48.63999938964844,48.970001220703125,48.31999969482422,48.7400016784668,16417500
2013-03-27,33.373046875,47.77000045776367,48.310001373291016,47.560001373291016,48.20000076293945,26530100
2013-03-28,33.15647506713867,47.459999084472656,47.93000030517578,47.279998779296875,47.84000015258789,27506700
2013-04-01,33.414981842041016,47.83000183105469,47.9900016784668,47.4900016784668,47.54999923706055,17442200
2013-04-02,33.72933578491211,48.279998779296875,48.380001068115234,47.880001068115234,48.0099983215332,17273700
2013-04-03,32.93496322631836,46.849998474121094,48.06999969482422,46.529998779296875,48.029998779296875,33467400
2013-04-04,33.384883880615234,47.4900016784668,47.540000915527344,46.900001525878906,46.959999084472656,21514000
2013-04-05,33.68013381958008,47.90999984741211,48.040000915527344,46.75,46.790000915527344,22961500
2013-04-08,34.15114212036133,48.58000183105469,48.59000015258789,47.59000015258789,47.880001068115234,18672300
2013-04-09,34.22145080566406,48.68000030517578,48.959999084472656,48.459999084472656,48.7400016784668,20066700
2013-04-10,34.62214279174805,49.25,49.560001373291016,48.880001068115234,48.939998626708984,20388900
2013-04-11,34.66432189941406,49.310001373291016,49.599998474121094,48.83000183105469,49.209999084472656,22584700
2013-04-12,34.45341110229492,49.0099983215332,49.58000183105469,48.45000076293945,48.900001525878906,37805900
2013-04-15,33.69419860839844,47.93000030517578,49.34000015258789,47.900001525878906,48.38999938964844,31527300
2013-04-16,34.087890625,48.4900016784668,48.52000045776367,47.59000015258789,48.43000030517578,23865500
2013-04-17,32.892799377441406,46.790000915527344,48.18000030517578,46.380001068115234,48.11000061035156,43466300
2013-04-18,32.787353515625,46.63999938964844,47.33000183105469,46.04999923706055,46.79999923706055,26106800
2013-04-19,33.202110290527344,47.22999954223633,47.36000061035156,46.70000076293945,47.150001525878906,19746100
2013-04-22,33.286468505859375,47.349998474121094,47.4900016784668,46.869998931884766,47.400001525878906,15230100
2013-04-23,33.862911224365234,48.16999816894531,48.2400016784668,47.38999938964844,47.68000030517578,20568500
2013-04-24,34.24954605102539,48.720001220703125,48.91999816894531,48.15999984741211,48.31999969482422,16459300
2013-04-25,34.44640350341797,49.0,49.630001068115234,48.88999938964844,49.02000045776367,19058800
2013-04-26,34.362037658691406,48.880001068115234,49.09000015258789,48.61000061035156,48.86000061035156,13929000
2013-04-29,34.39016342163086,48.91999816894531,49.099998474121094,48.650001525878906,49.08000183105469,13496300
2013-04-30,34.45341110229492,49.0099983215332,49.25,48.720001220703125,48.959999084472656,13802600
2013-05-01,33.75044250488281,48.0099983215332,48.90999984741211,47.849998474121094,48.7599983215332,17686400
2013-05-02,33.799644470214844,48.08000183105469,48.25,47.709999084472656,48.25,15529300
2013-05-03,33.44111633300781,47.56999969482422,48.70000076293945,46.97999954223633,48.630001068115234,43257900
2013-05-06,33.869956970214844,48.18000030517578,48.38999938964844,47.56999969482422,47.709999084472656,20829500
2013-05-07,34.54481887817383,49.13999938964844,49.38999938964844,48.2599983215332,48.56999969482422,24291600
2013-05-08,34.98066329956055,49.7599983215332,49.9900016784668,49.11000061035156,49.220001220703125,23559300
2013-05-09,34.47450637817383,49.040000915527344,49.810001373291016,48.91999816894531,49.70000076293945,18103100
2013-05-10,34.418270111083984,48.959999084472656,49.22999954223633,48.63999938964844,49.04999923706055,16199600
2013-05-13,34.91740798950195,49.66999816894531,49.70000076293945,48.61000061035156,48.84000015258789,23979500
2013-05-14,35.31106948852539,50.22999954223633,50.41999816894531,49.65999984741211,49.77000045776367,24188400
2013-05-15,35.91564178466797,51.09000015258789,51.43000030517578,50.150001525878906,50.20000076293945,27467000
2013-05-16,35.83128356933594,50.970001220703125,51.65999984741211,50.84000015258789,50.869998931884766,21389500
2013-05-17,36.76626205444336,52.29999923706055,52.33000183105469,51.25,51.2599983215332,26080300
2013-05-20,36.75922775268555,52.290000915527344,52.630001068115234,51.90999984741211,52.279998779296875,22020000
2013-05-21,37.27240753173828,53.02000045776367,53.66999816894531,52.45000076293945,52.529998779296875,37112600
2013-05-22,37.701236724853516,53.630001068115234,54.959999084472656,53.290000915527344,53.43000030517578,46968300
2013-05-23,37.50440216064453,53.349998474121094,53.790000915527344,52.65999984741211,52.81999969482422,25294200
2013-05-24,37.72232437133789,53.65999984741211,53.65999984741211,52.720001220703125,52.900001525878906,18342300
2013-05-28,38.38313293457031,54.599998474121094,54.650001525878906,54.029998779296875,54.560001373291016,27162300
2013-05-29,38.432334899902344,54.66999816894531,54.959999084472656,53.90999984741211,54.09000015258789,20482600
2013-05-30,39.10017395019531,55.619998931884766,55.900001525878906,54.529998779296875,54.599998474121094,24890800
2013-05-31,38.37610626220703,54.59000015258789,55.83000183105469,54.59000015258789,55.709999084472656,24990100
2013-06-03,38.30580520629883,54.4900016784668,54.86000061035156,53.040000915527344,54.599998474121094,28279600
2013-06-04,37.98945999145508,54.040000915527344,55.38999938964844,53.869998931884766,54.540000915527344,22022600
2013-06-05,37.2794303894043,53.029998779296875,54.27000045776367,52.70000076293945,53.779998779296875,24326000
2013-06-06,37.60984802246094,53.5,53.52000045776367,52.27000045776367,52.84000015258789,23940900
2013-06-07,38.15113067626953,54.27000045776367,54.47999954223633,53.40999984741211,53.77000045776367,21691000
2013-06-10,38.21440505981445,54.36000061035156,54.84000015258789,54.02000045776367,54.63999938964844,16007000
2013-06-11,37.602806091308594,53.4900016784668,54.04999923706055,53.11000061035156,53.459999084472656,17600800
2013-06-12,37.384891510009766,53.18000030517578,54.099998474121094,52.970001220703125,53.900001525878906,18479100
2013-06-13,38.08083724975586,54.16999816894531,54.2400016784668,52.970001220703125,53.0,17090200
2013-06-14,37.34974670410156,53.130001068115234,54.130001068115234,52.90999984741211,54.040000915527344,17185300
2013-06-17,37.855892181396484,53.849998474121094,54.2599983215332,53.540000915527344,53.70000076293945,16856600
2013-06-18,38.03865432739258,54.11000061035156,54.27000045776367,53.720001220703125,54.029998779296875,13259100
2013-06-19,37.644996643066406,53.54999923706055,54.5099983215332,53.52000045776367,53.9900016784668,20840000
2013-06-20,36.892791748046875,52.47999954223633,53.18000030517578,52.27000045776367,53.08000183105469,31857100
2013-06-21,36.52723693847656,51.959999084472656,52.97999954223633,51.689998626708984,52.959999084472656,44412200
2013-06-24,35.79612350463867,50.91999816894531,51.45000076293945,50.11000061035156,50.880001068115234,30736500
2013-06-25,36.61159896850586,52.08000183105469,52.560001373291016,51.5099983215332,51.5099983215332,20951400
2013-06-26,36.906864166259766,52.5,52.79999923706055,51.880001068115234,52.650001525878906,19332000
2013-06-27,37.363792419433594,53.150001525878906,53.4900016784668,52.880001068115234,53.029998779296875,17093600
2013-06-28,37.110721588134766,52.790000915527344,53.130001068115234,52.58000183105469,53.119998931884766,18256000
2013-07-01,36.899818420410156,52.4900016784668,53.630001068115234,52.43000030517578,53.220001220703125,23511100
2013-07-02,37.38842010498047,52.79999923706055,53.529998779296875,52.119998931884766,52.56999969482422,23935300
2013-07-03,37.3671760559082,52.77000045776367,52.810001373291016,52.209999084472656,52.310001373291016,10442300
2013-07-05,38.23108673095703,53.9900016784668,54.0,53.11000061035156,53.36000061035156,17070200
2013-07-08,38.73383331298828,54.70000076293945,54.90999984741211,54.04999923706055,54.540000915527344,21786900
2013-07-09,38.868385314941406,54.88999938964844,55.16999816894531,54.189998626708984,55.06999969482422,20508700
2013-07-10,38.825897216796875,54.83000183105469,55.150001525878906,54.439998626708984,54.77000045776367,16915000
2013-07-11,39.0453987121582,55.13999938964844,55.869998931884766,54.54999923706055,55.84000015258789,21322600
2013-07-12,38.92502975463867,54.970001220703125,55.849998474121094,54.75,55.5099983215332,32569200
2013-07-15,38.868385314941406,54.88999938964844,55.5,54.599998474121094,55.4900016784668,28292000
2013-07-16,38.95335006713867,55.0099983215332,55.40999984741211,54.779998779296875,54.900001525878906,19222700
2013-07-17,39.13747024536133,55.27000045776367,55.58000183105469,54.84000015258789,55.04999923706055,19166600
2013-07-18,39.9163932800293,56.369998931884766,56.529998779296875,55.4900016784668,55.5099983215332,24563100
2013-07-19,39.7676887512207,56.15999984741211,56.560001373291016,55.90999984741211,56.5099983215332,17762600
2013-07-22,40.050926208496094,56.560001373291016,56.66999816894531,55.95000076293945,56.16999816894531,15999700
2013-07-23,40.12883377075195,56.66999816894531,56.88999938964844,56.470001220703125,56.720001220703125,10577100
2013-07-24,40.10047912597656,56.630001068115234,56.93000030517578,56.380001068115234,56.91999816894531,16665000
2013-07-25,40.00843048095703,56.5,56.5,55.88999938964844,56.45000076293945,13870200
2013-07-26,39.689788818359375,56.04999923706055,56.220001220703125,55.599998474121094,56.060001373291016,16762300
2013-07-29,39.434879302978516,55.689998626708984,56.0,55.380001068115234,55.97999954223633,10049100
2013-07-30,39.17995071411133,55.33000183105469,55.9900016784668,55.08000183105469,55.869998931884766,14207400
2013-07-31,39.46319580078125,55.72999954223633,56.27000045776367,55.5099983215332,55.58000183105469,19404900
2013-08-01,40.03676986694336,56.540000915527344,56.779998779296875,56.20000076293945,56.36000061035156,15979400
2013-08-02,40.00135803222656,56.4900016784668,56.52000045776367,56.0099983215332,56.27000045776367,11007300
2013-08-05,39.72520446777344,56.099998474121094,56.58000183105469,56.0099983215332,56.33000183105469,9370200
2013-08-06,39.29325485229492,55.4900016784668,56.099998474121094,55.310001373291016,55.9900016784668,10588600
2013-08-07,39.158714294433594,55.29999923706055,55.470001220703125,54.779998779296875,55.060001373291016,12828400
2013-08-08,38.825897216796875,54.83000183105469,55.72999954223633,54.130001068115234,55.41999816894531,18587100
2013-08-09,38.60636901855469,54.52000045776367,55.150001525878906,54.33000183105469,54.689998626708984,12652500
2013-08-12,38.301902770996094,54.09000015258789,54.31999969482422,53.68000030517578,54.040000915527344,15133000
2013-08-13,38.44352340698242,54.290000915527344,54.70000076293945,53.599998474121094,54.220001220703125,15078100
2013-08-14,38.344383239746094,54.150001525878906,54.849998474121094,54.0,54.33000183105469,15785800
2013-08-15,37.73540115356445,53.290000915527344,53.68000030517578,52.88999938964844,53.52000045776367,16933200
2013-08-16,37.73540115356445,53.290000915527344,53.779998779296875,53.06999969482422,53.06999969482422,17139000
2013-08-19,36.70155715942383,51.83000183105469,52.95000076293945,51.79999923706055,52.88999938964844,22793300
2013-08-20,36.90691375732422,52.119998931884766,52.36000061035156,50.65999984741211,51.779998779296875,18701500
2013-08-21,36.559932708740234,51.630001068115234,52.220001220703125,51.279998779296875,51.91999816894531,17136200
2013-08-22,36.97063064575195,52.209999084472656,52.65999984741211,51.93000030517578,52.0,14658500
2013-08-23,37.04853439331055,52.31999969482422,52.41999816894531,51.900001525878906,52.27000045776367,11126800
2013-08-26,36.68029022216797,51.79999923706055,52.540000915527344,51.790000915527344,52.15999984741211,16548400
2013-08-27,35.830570220947266,50.599998474121094,51.54999923706055,50.54999923706055,51.02000045776367,23596800
2013-08-28,35.816410064697266,50.58000183105469,51.04999923706055,50.130001068115234,50.33000183105469,18748100
2013-08-29,35.90138626098633,50.70000076293945,51.18000030517578,50.45000076293945,50.59000015258789,13576000
2013-08-30,35.7809944152832,50.529998779296875,50.83000183105469,50.290000915527344,50.81999969482422,15863100
2013-09-03,36.20587158203125,51.130001068115234,51.720001220703125,50.83000183105469,51.25,15277200
2013-09-04,36.72987747192383,51.869998931884766,52.099998474121094,50.93000030517578,51.15999984741211,19923800
2013-09-05,36.899818420410156,52.11000061035156,52.52000045776367,51.90999984741211,52.029998779296875,13913200
2013-09-06,37.218475341796875,52.560001373291016,52.709999084472656,51.279998779296875,52.40999984741211,22339900
2013-09-09,37.43091583251953,52.86000061035156,53.189998626708984,52.52000045776367,52.779998779296875,19936400
2013-09-10,38.00448226928711,53.66999816894531,53.93000030517578,53.29999923706055,53.83000183105469,20233200
2013-09-11,37.71417236328125,53.2599983215332,53.7599983215332,53.060001373291016,53.369998931884766,16028600
2013-09-12,36.99187469482422,52.2400016784668,53.709999084472656,52.08000183105469,53.43000030517578,21976700
2013-09-13,37.239723205566406,52.59000015258789,52.79999923706055,52.22999954223633,52.290000915527344,11942900
2013-09-16,37.62917709350586,53.13999938964844,53.4900016784668,52.97999954223633,53.45000076293945,17055300
2013-09-17,37.59378433227539,53.09000015258789,53.31999969482422,52.880001068115234,53.189998626708984,13207000
2013-09-18,37.82036209106445,53.40999984741211,53.869998931884766,52.560001373291016,52.689998626708984,20844500
2013-09-19,37.35301971435547,52.75,53.75,52.529998779296875,53.630001068115234,22452200
2013-09-20,37.38842010498047,52.79999923706055,53.470001220703125,52.79999923706055,52.95000076293945,30792200
2013-09-23,36.439552307128906,51.459999084472656,52.380001068115234,51.38999938964844,52.08000183105469,28189500
2013-09-24,35.63229751586914,50.31999969482422,51.27000045776367,50.29999923706055,51.0099983215332,34906900
2013-09-25,36.60948944091797,51.70000076293945,51.900001525878906,50.060001373291016,50.220001220703125,39175500
2013-09-26,36.744041442871094,51.88999938964844,52.560001373291016,51.540000915527344,51.93000030517578,22298700
2013-09-27,36.99187469482422,52.2400016784668,52.400001525878906,51.38999938964844,51.5,23026000
2013-09-30,36.60240936279297,51.689998626708984,52.09000015258789,51.439998626708984,51.72999954223633,21350600
2013-10-01,36.793601989746094,51.959999084472656,52.09000015258789,51.45000076293945,51.63999938964844,19188000
2013-10-02,37.15740203857422,52.09000015258789,52.45000076293945,51.290000915527344,51.31999969482422,23841200
2013-10-03,37.05039978027344,51.939998626708984,52.20000076293945,51.5,52.0,18614500
2013-10-04,37.57114028930664,52.66999816894531,52.68000030517578,52.0099983215332,52.06999969482422,17407200
2013-10-07,36.97194290161133,51.83000183105469,52.36000061035156,51.83000183105469,52.290000915527344,16159300
2013-10-08,36.28714370727539,50.869998931884766,51.959999084472656,50.84000015258789,51.83000183105469,19536000
2013-10-09,36.201541900634766,50.75,51.34000015258789,50.25,51.16999816894531,24721200
2013-10-10,37.464141845703125,52.52000045776367,52.560001373291016,51.380001068115234,51.84000015258789,24328700
2013-10-11,37.457000732421875,52.5099983215332,53.349998474121094,52.15999984741211,52.959999084472656,32498800
2013-10-14,37.599666595458984,52.709999084472656,52.84000015258789,51.7599983215332,51.939998626708984,18881600
2013-10-15,37.31433868408203,52.310001373291016,53.040000915527344,52.18000030517578,52.90999984741211,17566500
2013-10-16,38.51985549926758,54.0,54.04999923706055,52.58000183105469,52.61000061035156,24864000
2013-10-17,38.66967010498047,54.209999084472656,54.290000915527344,53.61000061035156,53.790000915527344,17791000
2013-10-18,38.733856201171875,54.29999923706055,54.58000183105469,53.79999923706055,54.2599983215332,24796600
2013-10-21,38.712459564208984,54.27000045776367,54.849998474121094,53.88999938964844,54.27000045776367,19471700
2013-10-22,38.248802185058594,53.619998931884766,54.68000030517578,53.619998931884766,54.650001525878906,24820900
2013-10-23,37.628196716308594,52.75,53.36000061035156,52.720001220703125,53.310001373291016,21034400
2013-10-24,37.43561935424805,52.47999954223633,52.88999938964844,52.11000061035156,52.84000015258789,17759000
2013-10-25,37.64246368408203,52.77000045776367,52.90999984741211,52.06999969482422,52.15999984741211,20889600
2013-10-28,37.57826232910156,52.68000030517578,53.09000015258789,52.5,52.88999938964844,14836800
2013-10-29,37.61393737792969,52.72999954223633,52.9900016784668,52.25,52.83000183105469,23363100
2013-10-30,37.52120590209961,52.599998474121094,53.2400016784668,52.5,53.0,16157200
2013-10-31,36.765079498291016,51.540000915527344,52.709999084472656,51.540000915527344,52.650001525878906,23738000
2013-11-01,37.457000732421875,52.5099983215332,52.709999084472656,51.29999923706055,51.45000076293945,25794400
2013-11-04,37.121726989746094,52.040000915527344,52.7599983215332,52.0,52.7400016784668,18891300
2013-11-05,37.05753707885742,51.95000076293945,52.130001068115234,51.65999984741211,51.849998474121094,14532200
2013-11-06,37.164546966552734,52.099998474121094,52.34000015258789,51.83000183105469,52.2599983215332,14013000
2013-11-07,36.84354782104492,51.650001525878906,52.34000015258789,51.58000183105469,52.130001068115234,17348900
2013-11-08,38.49132537841797,53.959999084472656,53.970001220703125,51.79999923706055,51.83000183105469,31183100
2013-11-11,38.5911979675293,54.099998474121094,54.150001525878906,53.70000076293945,53.90999984741211,12062800
2013-11-12,38.498470306396484,53.970001220703125,54.08000183105469,53.599998474121094,53.93000030517578,15964800
2013-11-13,38.61973190307617,54.13999938964844,54.20000076293945,53.150001525878906,53.52000045776367,22121900
2013-11-14,38.80519104003906,54.400001525878906,54.5,53.70000076293945,54.2599983215332,17634000
2013-11-15,39.140472412109375,54.869998931884766,54.959999084472656,54.189998626708984,54.27000045776367,20530100
2013-11-18,39.76106262207031,55.7400016784668,56.0,55.29999923706055,55.4900016784668,22318800
2013-11-19,40.053524017333984,56.150001525878906,56.63999938964844,55.779998779296875,55.970001220703125,22979900
2013-11-20,40.01785659790039,56.099998474121094,56.439998626708984,55.77000045776367,56.43000030517578,17682800
2013-11-21,40.81680679321289,57.220001220703125,57.400001525878906,56.279998779296875,56.279998779296875,22843600
2013-11-22,40.98798751831055,57.459999084472656,57.52000045776367,57.060001373291016,57.25,16730600
2013-11-25,41.1235237121582,57.650001525878906,58.13999938964844,57.40999984741211,57.5,18649600
2013-11-26,40.781124114990234,57.16999816894531,57.959999084472656,57.16999816894531,57.630001068115234,16263300
2013-11-27,41.002254486083984,57.47999954223633,57.83000183105469,57.33000183105469,57.58000183105469,11238900
2013-11-29,40.81680679321289,57.220001220703125,57.849998474121094,57.20000076293945,57.58000183105469,7128800
2013-12-02,40.64560317993164,56.97999954223633,57.75,56.900001525878906,57.099998474121094,12465300
2013-12-03,40.55999755859375,56.86000061035156,57.220001220703125,56.13999938964844,56.88999938964844,20426800
2013-12-04,40.79539489746094,57.189998626708984,57.470001220703125,56.209999084472656,56.439998626708984,20287200
2013-12-05,39.81813049316406,55.81999969482422,56.7400016784668,55.75,56.709999084472656,21324900
2013-12-06,39.989322662353516,56.060001373291016,56.7599983215332,55.619998931884766,56.56999969482422,18661200
2013-12-09,40.31032180786133,56.5099983215332,56.529998779296875,56.09000015258789,56.279998779296875,12714000
2013-12-10,40.44586181640625,56.70000076293945,57.06999969482422,56.349998474121094,56.4900016784668,14543700
2013-12-11,39.996456146240234,56.06999969482422,56.77000045776367,55.959999084472656,56.540000915527344,17836100
2013-12-12,40.167659759521484,56.310001373291016,56.599998474121094,55.90999984741211,56.04999923706055,15325300
2013-12-13,40.06779479980469,56.16999816894531,56.560001373291016,56.040000915527344,56.369998931884766,11461300
2013-12-16,40.24611282348633,56.41999816894531,56.939998626708984,56.33000183105469,56.34000015258789,26379200
2013-12-17,39.746795654296875,55.720001220703125,56.65999984741211,55.65999984741211,56.65999984741211,18338500
2013-12-18,40.831050872802734,57.2400016784668,57.27000045776367,55.400001525878906,55.84000015258789,27685900
2013-12-19,40.823917388916016,57.22999954223633,57.540000915527344,56.81999969482422,57.099998474121094,16790000
2013-12-20,41.15918731689453,57.70000076293945,58.0,57.20000076293945,57.209999084472656,22001700
2013-12-23,41.54438400268555,58.2400016784668,58.38999938964844,57.79999923706055,57.970001220703125,13990600
2013-12-24,41.551513671875,58.25,58.290000915527344,58.040000915527344,58.06999969482422,4532600
2013-12-26,41.51586151123047,58.20000076293945,58.459999084472656,57.91999816894531,58.349998474121094,6677000
2013-12-27,41.47304916381836,58.13999938964844,58.349998474121094,58.060001373291016,58.16999816894531,8943700
2013-12-30,41.3375358581543,57.95000076293945,58.27000045776367,57.709999084472656,58.13999938964844,8815800
2013-12-31,41.715599060058594,58.47999954223633,58.54999923706055,58.04999923706055,58.20000076293945,11017400
2014-01-02,41.7945556640625,58.209999084472656,58.5,57.970001220703125,58.310001373291016,15627600
2014-01-03,42.117671966552734,58.65999984741211,58.95000076293945,58.209999084472656,58.290000915527344,14214100
2014-01-06,42.361785888671875,59.0,59.470001220703125,58.83000183105469,59.15999984741211,17550700
2014-01-07,41.873558044433594,58.31999969482422,59.43000030517578,58.11000061035156,59.290000915527344,17851200
2014-01-08,42.26844787597656,58.869998931884766,58.90999984741211,58.29999923706055,58.540000915527344,14687400
2014-01-09,42.1894645690918,58.7599983215332,59.0,58.33000183105469,58.97999954223633,13242500
2014-01-10,41.995601654052734,58.4900016784668,58.7599983215332,58.18000030517578,58.66999816894531,12694900
2014-01-13,41.42839050292969,57.70000076293945,58.66999816894531,57.529998779296875,58.5099983215332,20711600
2014-01-14,41.45711135864258,57.7400016784668,58.58000183105469,57.560001373291016,58.29999923706055,30272400
2014-01-15,42.71360778808594,59.4900016784668,59.650001525878906,57.72999954223633,57.72999954223633,35186600
2014-01-16,42.35460662841797,58.9900016784668,59.81999969482422,58.7400016784668,58.790000915527344,21689400
2014-01-17,41.72277069091797,58.11000061035156,59.22999954223633,58.029998779296875,59.209999084472656,20997900
2014-01-21,41.76584243774414,58.16999816894531,58.439998626708984,57.58000183105469,58.09000015258789,19548300
2014-01-22,41.34941482543945,57.59000015258789,58.33000183105469,57.41999816894531,58.33000183105469,15433500
2014-01-23,40.54526138305664,56.470001220703125,57.099998474121094,56.209999084472656,57.09000015258789,26234600
2014-01-24,39.55443572998047,55.09000015258789,56.36000061035156,55.09000015258789,56.0,26833100
2014-01-27,39.55443572998047,55.09000015258789,55.79999923706055,54.689998626708984,55.08000183105469,23935000
2014-01-28,40.02111053466797,55.7400016784668,56.34000015258789,55.2400016784668,55.38999938964844,18041000
2014-01-29,39.870330810546875,55.529998779296875,55.869998931884766,54.849998474121094,54.959999084472656,25459000
2014-01-30,40.20779800415039,56.0,56.38999938964844,55.630001068115234,56.06999969482422,17031100
2014-01-31,39.74827194213867,55.36000061035156,56.11000061035156,55.18000030517578,55.5,18174000
2014-02-03,38.994384765625,54.310001373291016,55.91999816894531,54.20000076293945,55.5,28549900
2014-02-04,39.45389938354492,54.95000076293945,55.349998474121094,54.599998474121094,54.720001220703125,20709300
2014-02-05,39.64057922363281,55.209999084472656,55.45000076293945,54.58000183105469,55.099998474121094,19491600
2014-02-06,40.55243682861328,56.47999954223633,56.54999923706055,55.20000076293945,55.349998474121094,20881600
2014-02-07,40.65294647216797,56.619998931884766,56.93000030517578,56.2599983215332,56.650001525878906,23388500
2014-02-10,40.73910903930664,56.7400016784668,56.91999816894531,56.38999938964844,56.77000045776367,14715200
2014-02-11,41.234519958496094,57.43000030517578,57.56999969482422,56.58000183105469,56.61000061035156,18774100
2014-02-12,41.29914093017578,57.52000045776367,57.709999084472656,57.15999984741211,57.34000015258789,13437900
2014-02-13,41.66532897949219,58.029998779296875,58.099998474121094,56.959999084472656,57.06999969482422,16605500
2014-02-14,41.75149154663086,58.150001525878906,58.22999954223633,57.75,57.88999938964844,13067300
2014-02-18,41.995601654052734,58.4900016784668,58.650001525878906,57.900001525878906,58.02000045776367,14983800
2014-02-19,41.11246871948242,57.2599983215332,58.540000915527344,57.220001220703125,58.36000061035156,18669900
2014-02-20,41.34223556518555,57.58000183105469,57.970001220703125,57.27000045776367,57.529998779296875,12457000
2014-02-21,41.36377716064453,57.61000061035156,57.84000015258789,57.369998931884766,57.59000015258789,16790100
2014-02-24,41.66532897949219,58.029998779296875,58.22999954223633,57.58000183105469,57.619998931884766,16151400
2014-02-25,40.94733428955078,57.029998779296875,57.97999954223633,56.91999816894531,57.900001525878906,17991800
2014-02-26,40.74629211425781,56.75,57.380001068115234,56.220001220703125,57.369998931884766,23661700
2014-02-27,40.70321273803711,56.689998626708984,56.88999938964844,56.13999938964844,56.779998779296875,16277500
2014-02-28,40.79655838012695,56.81999969482422,57.45000076293945,56.38999938964844,56.56999969482422,18599000
2014-03-03,40.35857391357422,56.209999084472656,56.41999816894531,55.689998626708984,56.29999923706055,19151000
2014-03-04,41.11246871948242,57.2599983215332,57.36000061035156,56.63999938964844,56.95000076293945,17157000
2014-03-05,41.758663177490234,58.15999984741211,58.290000915527344,57.36000061035156,57.47999954223633,17761500
2014-03-06,42.28998565673828,58.900001525878906,59.09000015258789,58.400001525878906,58.5099983215332,19420600
2014-03-07,42.64898681640625,59.400001525878906,59.79999923706055,59.06999969482422,59.349998474121094,18602200
2014-03-10,42.5053825378418,59.20000076293945,59.47999954223633,58.869998931884766,59.13999938964844,16945200
2014-03-11,41.78020477294922,58.189998626708984,59.45000076293945,58.130001068115234,59.41999816894531,19420000
2014-03-12,41.586360931396484,57.91999816894531,57.959999084472656,57.41999816894531,57.70000076293945,17932100
2014-03-13,41.22734451293945,57.41999816894531,58.34000015258789,57.189998626708984,58.0,17192500
2014-03-14,40.78218460083008,56.79999923706055,57.529998779296875,56.619998931884766,57.11000061035156,18635800
2014-03-17,41.34223556518555,57.58000183105469,57.70000076293945,57.04999923706055,57.209999084472656,13581400
2014-03-18,41.68686294555664,58.060001373291016,58.15999984741211,57.619998931884766,57.81999969482422,12554800
2014-03-19,41.85918426513672,58.29999923706055,58.93000030517578,57.88999938964844,57.9900016784668,21450700
2014-03-20,43.15876770019531,60.11000061035156,60.4900016784668,58.130001068115234,58.36000061035156,33736500
2014-03-21,43.20183563232422,60.16999816894531,61.20000076293945,60.0,60.959999084472656,35144100
2014-03-24,43.84803771972656,61.06999969482422,61.189998626708984,60.349998474121094,60.369998931884766,25810500
2014-03-25,43.747520446777344,60.93000030517578,61.47999954223633,60.560001373291016,61.11000061035156,24053500
2014-03-26,43.00798034667969,59.900001525878906,61.400001525878906,59.88999938964844,61.2400016784668,22745200
2014-03-27,43.022335052490234,59.91999816894531,60.54999923706055,59.02000045776367,59.939998626708984,24632600
2014-03-28,43.1085090637207,60.040000915527344,60.59000015258789,59.68000030517578,60.209999084472656,14708700
2014-03-31,43.58955383300781,60.709999084472656,61.02000045776367,60.599998474121094,60.83000183105469,15216700
2014-04-01,43.56082534790039,60.66999816894531,61.290000915527344,60.369998931884766,60.95000076293945,14584400
2014-04-02,43.6981086730957,60.47999954223633,60.77000045776367,60.20000076293945,60.369998931884766,14012200
2014-04-03,43.82816696166992,60.65999984741211,60.79999923706055,60.279998779296875,60.650001525878906,11925200
2014-04-04,43.214019775390625,59.810001373291016,61.060001373291016,59.79999923706055,61.02000045776367,16966900
2014-04-07,42.628780364990234,59.0,60.0,58.84000015258789,59.689998626708984,18685700
2014-04-08,42.5203971862793,58.849998474121094,59.02000045776367,58.25,58.79999923706055,16956500
2014-04-09,42.823856353759766,59.27000045776367,59.45000076293945,58.5,59.099998474121094,15308400
2014-04-10,41.472755432128906,57.400001525878906,59.38999938964844,57.380001068115234,59.349998474121094,29977200
2014-04-11,39.9554557800293,55.29999923706055,56.04999923706055,54.54999923706055,55.18000030517578,47241300
2014-04-14,39.709781646728516,54.959999084472656,55.939998626708984,54.47999954223633,55.849998474121094,31081500
2014-04-15,39.59419631958008,54.79999923706055,55.63999938964844,54.349998474121094,55.09000015258789,26691400
2014-04-16,39.926544189453125,55.2599983215332,55.349998474121094,54.689998626708984,55.0,27049400
2014-04-17,39.89765930175781,55.220001220703125,55.56999969482422,55.0099983215332,55.34000015258789,17955400
2014-04-21,39.76036071777344,55.029998779296875,55.40999984741211,54.9900016784668,55.2599983215332,12384800
2014-04-22,40.323936462402344,55.810001373291016,56.08000183105469,54.939998626708984,55.040000915527344,16257600
2014-04-23,40.49734115600586,56.04999923706055,56.119998931884766,55.560001373291016,55.79999923706055,11379000
2014-04-24,40.59850311279297,56.189998626708984,56.2599983215332,55.61000061035156,56.06999969482422,15360600
2014-04-25,40.244468688964844,55.70000076293945,56.349998474121094,55.63999938964844,56.310001373291016,15937700
2014-04-28,40.09272384643555,55.4900016784668,55.70000076293945,54.68000030517578,55.630001068115234,21394100
2014-04-29,40.53346252441406,56.099998474121094,56.310001373291016,55.56999969482422,55.72999954223633,13453400
2014-04-30,40.4467658996582,55.97999954223633,56.349998474121094,55.720001220703125,56.2400016784668,14388100
2014-05-01,40.2588996887207,55.720001220703125,56.189998626708984,55.5,55.91999816894531,12744600
2014-05-02,40.15776062011719,55.58000183105469,56.369998931884766,55.439998626708984,55.83000183105469,15153800
2014-05-05,39.17512893676758,54.220001220703125,54.7400016784668,53.70000076293945,53.880001068115234,25232300
2014-05-06,38.5393180847168,53.34000015258789,54.060001373291016,53.31999969482422,54.040000915527344,25327400
2014-05-07,39.05229568481445,54.04999923706055,54.119998931884766,53.2400016784668,53.54999923706055,18502600
2014-05-08,39.276283264160156,54.36000061035156,54.529998779296875,54.060001373291016,54.20000076293945,16090800
2014-05-09,39.023406982421875,54.0099983215332,54.310001373291016,53.68000030517578,54.220001220703125,12366500
2014-05-12,39.485809326171875,54.650001525878906,54.70000076293945,54.029998779296875,54.27000045776367,12825500
2014-05-13,39.464141845703125,54.619998931884766,54.83000183105469,54.5,54.7400016784668,12310700
2014-05-14,39.276283264160156,54.36000061035156,54.70000076293945,54.29999923706055,54.63999938964844,10325800
2014-05-15,38.662147521972656,53.5099983215332,54.20000076293945,53.349998474121094,54.20000076293945,19763000
2014-05-16,38.51762771606445,53.310001373291016,53.5099983215332,52.970001220703125,53.41999816894531,19992400
2014-05-19,38.893341064453125,53.83000183105469,53.90999984741211,53.060001373291016,53.08000183105469,12068900
2014-05-20,38.81387710571289,53.720001220703125,54.040000915527344,53.40999984741211,53.720001220703125,16888200
2014-05-21,39.10286331176758,54.119998931884766,54.599998474121094,53.97999954223633,54.04999923706055,13210200
2014-05-22,39.41356658935547,54.54999923706055,54.599998474121094,54.02000045776367,54.16999816894531,11800900
2014-05-23,39.39912414550781,54.529998779296875,54.59000015258789,54.15999984741211,54.54999923706055,10876500
2014-05-27,39.83983612060547,55.13999938964844,55.43000030517578,54.689998626708984,54.75,14503700
2014-05-28,40.06383514404297,55.45000076293945,55.599998474121094,55.0,55.09000015258789,11374900
2014-05-29,40.2588996887207,55.720001220703125,55.91999816894531,55.38999938964844,55.75,11741000
2014-05-30,40.15053939819336,55.56999969482422,55.880001068115234,55.310001373291016,55.58000183105469,11991900
2014-06-02,39.99159240722656,55.349998474121094,55.650001525878906,55.02000045776367,55.650001525878906,9440000
2014-06-03,40.172210693359375,55.599998474121094,55.65999984741211,55.09000015258789,55.09000015258789,9131500
2014-06-04,40.230010986328125,55.68000030517578,55.72999954223633,55.25,55.52000045776367,9727800
2014-06-05,40.91639709472656,56.630001068115234,56.65999984741211,55.4900016784668,55.90999984741211,16803400
2014-06-06,41.16206741333008,56.970001220703125,57.130001068115234,56.650001525878906,56.7599983215332,15399800
2014-06-09,41.48720169067383,57.41999816894531,57.66999816894531,56.900001525878906,56.90999984741211,11999700
2014-06-10,41.83401107788086,57.900001525878906,57.939998626708984,57.38999938964844,57.470001220703125,11609200
2014-06-11,41.37882614135742,57.27000045776367,57.790000915527344,56.97999954223633,57.47999954223633,14232200
2014-06-12,41.212642669677734,57.040000915527344,57.41999816894531,56.869998931884766,57.06999969482422,11670200
2014-06-13,41.212642669677734,57.040000915527344,57.66999816894531,56.880001068115234,57.029998779296875,12040800
2014-06-16,41.089813232421875,56.869998931884766,56.95000076293945,56.33000183105469,56.849998474121094,11199100
2014-06-17,41.48720169067383,57.41999816894531,57.59000015258789,56.68000030517578,56.790000915527344,11200500
2014-06-18,41.747310638427734,57.779998779296875,57.810001373291016,56.95000076293945,57.290000915527344,13729400
2014-06-19,41.40049362182617,57.29999923706055,57.689998626708984,57.209999084472656,57.689998626708984,11624400
2014-06-20,41.581119537353516,57.54999923706055,57.77000045776367,57.349998474121094,57.689998626708984,17124800
2014-06-23,42.043540954589844,58.189998626708984,58.220001220703125,57.2400016784668,57.540000915527344,16007700
2014-06-24,41.48720169067383,57.41999816894531,58.119998931884766,57.29999923706055,57.880001068115234,12322900
2014-06-25,41.56667709350586,57.529998779296875,57.7400016784668,56.869998931884766,57.220001220703125,14836600
2014-06-26,41.46552658081055,57.38999938964844,57.4900016784668,56.599998474121094,57.34000015258789,11854400
2014-06-27,41.56667709350586,57.529998779296875,57.70000076293945,57.2400016784668,57.33000183105469,10178600
2014-06-30,41.6317024230957,57.619998931884766,57.779998779296875,57.380001068115234,57.439998626708984,11549000
2014-07-01,41.886356353759766,57.56999969482422,57.9900016784668,57.08000183105469,57.150001525878906,14472200
2014-07-02,41.449806213378906,56.970001220703125,57.47999954223633,56.81999969482422,57.27000045776367,19189900
2014-07-03,41.50801086425781,57.04999923706055,57.650001525878906,57.0,57.22999954223633,12599800
2014-07-07,41.231544494628906,56.66999816894531,56.9900016784668,56.400001525878906,56.88999938964844,13916100
2014-07-08,40.56945037841797,55.7599983215332,56.470001220703125,55.630001068115234,56.349998474121094,18343400
2014-07-09,40.75861358642578,56.02000045776367,56.119998931884766,55.61000061035156,55.880001068115234,10914300
2014-07-10,40.4239501953125,55.560001373291016,55.810001373291016,54.959999084472656,55.060001373291016,12436600
2014-07-11,40.59856414794922,55.79999923706055,55.90999984741211,55.189998626708984,55.290000915527344,10230000
2014-07-14,40.95507049560547,56.290000915527344,56.84000015258789,56.20000076293945,56.529998779296875,14004400
2014-07-15,42.39565658569336,58.27000045776367,58.689998626708984,57.7599983215332,57.95000076293945,36178000
2014-07-16,42.71578598022461,58.709999084472656,58.97999954223633,58.310001373291016,58.5099983215332,20507500
2014-07-17,42.097354888916016,57.86000061035156,58.86000061035156,57.7599983215332,58.560001373291016,17013500
2014-07-18,42.36655807495117,58.22999954223633,58.47999954223633,57.900001525878906,58.33000183105469,12803300
2014-07-21,42.37382507324219,58.2400016784668,58.40999984741211,57.900001525878906,58.119998931884766,9141400
2014-07-22,42.686676025390625,58.66999816894531,58.79999923706055,58.369998931884766,58.41999816894531,10375200
2014-07-23,42.92678451538086,59.0,59.189998626708984,58.52000045776367,58.7599983215332,11122100
2014-07-24,43.05047607421875,59.16999816894531,59.349998474121094,58.9900016784668,59.06999969482422,9844100
2014-07-25,42.93406295776367,59.0099983215332,59.27000045776367,58.84000015258789,58.91999816894531,10500600
2014-07-28,43.06502151489258,59.189998626708984,59.2599983215332,58.66999816894531,58.939998626708984,12382800
2014-07-29,42.66486358642578,58.63999938964844,59.130001068115234,58.439998626708984,59.130001068115234,13498800
2014-07-30,42.86131286621094,58.90999984741211,59.279998779296875,58.61000061035156,59.02000045776367,11815700
2014-07-31,41.959102630615234,57.66999816894531,58.68000030517578,57.65999984741211,58.650001525878906,15955900
2014-08-01,41.093299865722656,56.47999954223633,57.4900016784668,55.970001220703125,57.38999938964844,23915400
2014-08-04,41.21698760986328,56.650001525878906,56.97999954223633,56.34000015258789,56.90999984741211,13543900
2014-08-05,40.78772735595703,56.060001373291016,56.599998474121094,55.599998474121094,56.43000030517578,16863300
2014-08-06,40.91139602661133,56.22999954223633,56.689998626708984,55.83000183105469,55.88999938964844,12190600
2014-08-07,40.678585052490234,55.90999984741211,56.689998626708984,55.68000030517578,56.630001068115234,11743800
2014-08-08,40.9914436340332,56.34000015258789,56.36000061035156,55.63999938964844,55.88999938964844,12213200
2014-08-11,40.97687530517578,56.31999969482422,56.58000183105469,56.16999816894531,56.540000915527344,9066800
2014-08-12,40.99872589111328,56.349998474121094,56.54999923706055,56.130001068115234,56.22999954223633,11289600
2014-08-13,41.267921447753906,56.720001220703125,56.84000015258789,56.5099983215332,56.689998626708984,7012600
2014-08-14,41.45708465576172,56.97999954223633,57.0,56.70000076293945,56.77000045776367,8275900
2014-08-15,41.28974533081055,56.75,57.5,56.38999938964844,57.2400016784668,12727400
2014-08-18,41.63896942138672,57.22999954223633,57.43000030517578,56.7599983215332,56.86000061035156,8881400
2014-08-19,41.87907409667969,57.560001373291016,57.720001220703125,57.34000015258789,57.599998474121094,9040500
2014-08-20,41.937286376953125,57.63999938964844,57.849998474121094,57.38999938964844,57.41999816894531,8121400
2014-08-21,42.5629997253418,58.5,58.77000045776367,57.599998474121094,57.65999984741211,12745500
2014-08-22,42.555721282958984,58.4900016784668,59.08000183105469,58.33000183105469,58.439998626708984,10228600
2014-08-25,43.17416000366211,59.34000015258789,59.83000183105469,58.86000061035156,58.97999954223633,13996800
2014-08-26,43.465179443359375,59.7400016784668,59.95000076293945,59.38999938964844,59.56999969482422,10281100
2014-08-27,43.35604476928711,59.59000015258789,59.95000076293945,59.529998779296875,59.849998474121094,11410900
2014-08-28,43.0432014465332,59.15999984741211,59.369998931884766,58.810001373291016,59.25,9096100
2014-08-29,43.254188537597656,59.45000076293945,59.650001525878906,59.22999954223633,59.34000015258789,8897900
2014-09-02,43.41424560546875,59.66999816894531,59.709999084472656,59.150001525878906,59.459999084472656,8671100
2014-09-03,43.436092376708984,59.70000076293945,60.369998931884766,59.459999084472656,60.02000045776367,11791800
2014-09-04,43.443359375,59.709999084472656,60.13999938964844,59.43000030517578,59.630001068115234,9811900
2014-09-05,43.588871002197266,59.90999984741211,59.90999984741211,59.220001220703125,59.619998931884766,9600900
2014-09-08,43.574317932128906,59.88999938964844,60.220001220703125,59.7400016784668,59.84000015258789,8090000
2014-09-09,42.97043991088867,59.060001373291016,59.68000030517578,58.779998779296875,59.630001068115234,14868700
2014-09-10,43.08685302734375,59.220001220703125,59.560001373291016,58.91999816894531,59.150001525878906,9153800
2014-09-11,43.479736328125,59.7599983215332,59.84000015258789,58.970001220703125,59.18000030517578,11467000
2014-09-12,43.676177978515625,60.029998779296875,60.40999984741211,59.75,59.79999923706055,14359100
2014-09-15,43.610694885253906,59.939998626708984,59.9900016784668,59.45000076293945,59.779998779296875,10685600
2014-09-16,43.64706802368164,59.9900016784668,60.20000076293945,59.619998931884766,59.709999084472656,10947900
2014-09-17,43.879905700683594,60.310001373291016,60.59000015258789,59.81999969482422,59.95000076293945,15091800
2014-09-18,44.61474609375,61.31999969482422,61.400001525878906,60.540000915527344,60.540000915527344,16973700
2014-09-19,44.46194839477539,61.11000061035156,61.849998474121094,60.97999954223633,61.7400016784668,18739300
2014-09-22,44.316444396972656,60.90999984741211,61.45000076293945,60.79999923706055,60.939998626708984,13225200
2014-09-23,44.3382682800293,60.939998626708984,61.400001525878906,60.77000045776367,60.81999969482422,14328800
2014-09-24,44.840301513671875,61.630001068115234,61.63999938964844,61.02000045776367,61.18000030517578,13728200
2014-09-25,43.76350021362305,60.150001525878906,61.5,60.150001525878906,61.4900016784668,16340100
2014-09-26,44.06179428100586,60.560001373291016,60.880001068115234,60.31999969482422,60.33000183105469,11948900
2014-09-29,43.894447326660156,60.33000183105469,60.5,59.72999954223633,60.029998779296875,10686500
2014-09-30,43.8289794921875,60.2400016784668,60.7400016784668,60.130001068115234,60.400001525878906,14384800
2014-10-01,43.48701858520508,59.77000045776367,60.400001525878906,59.72999954223633,60.2400016784668,18995800
2014-10-02,43.098793029785156,58.84000015258789,59.4900016784668,58.61000061035156,59.150001525878906,24559100
2014-10-03,44.168216705322266,60.29999923706055,60.38999938964844,59.04999923706055,59.25,18321100
2014-10-06,44.0803337097168,60.18000030517578,60.79999923706055,60.0,60.779998779296875,11578000
2014-10-07,43.41377639770508,59.27000045776367,59.91999816894531,59.189998626708984,59.91999816894531,14542000
2014-10-08,44.24147415161133,60.400001525878906,60.43000030517578,59.18000030517578,59.36000061035156,15834100
2014-10-09,43.27458953857422,59.08000183105469,60.33000183105469,58.88999938964844,60.33000183105469,19189500
2014-10-10,42.864418029785156,58.52000045776367,59.81999969482422,58.5099983215332,59.029998779296875,16689400
2014-10-13,42.60072326660156,58.15999984741211,59.150001525878906,58.11000061035156,58.5,17169300
2014-10-14,42.47620391845703,57.9900016784668,58.52000045776367,56.060001373291016,56.689998626708984,29096800
2014-10-15,40.67431640625,55.529998779296875,57.380001068115234,54.2599983215332,57.02000045776367,37866900
2014-10-16,40.344696044921875,55.08000183105469,55.97999954223633,54.279998779296875,54.75,31965100
2014-10-17,41.165077209472656,56.20000076293945,56.779998779296875,55.56999969482422,55.72999954223633,20183500
2014-10-20,41.48004150390625,56.630001068115234,56.75,56.06999969482422,56.099998474121094,10807600
2014-10-21,42.432254791259766,57.93000030517578,58.0099983215332,57.08000183105469,57.22999954223633,14020400
2014-10-22,42.08066177368164,57.45000076293945,58.2599983215332,57.439998626708984,58.040000915527344,13750700
2014-10-23,42.527469635009766,58.060001373291016,58.599998474121094,57.939998626708984,58.119998931884766,12641900
2014-10-24,43.02555847167969,58.7400016784668,58.779998779296875,58.0,58.0,13758000
2014-10-27,42.95231628417969,58.63999938964844,58.790000915527344,58.25,58.45000076293945,11087100
2014-10-28,43.677459716796875,59.630001068115234,59.689998626708984,58.810001373291016,58.869998931884766,13625000
2014-10-29,43.428409576416016,59.290000915527344,59.779998779296875,58.7599983215332,59.619998931884766,16712100
2014-10-30,43.50165939331055,59.38999938964844,59.68000030517578,58.91999816894531,58.939998626708984,14709800
2014-10-31,44.300048828125,60.47999954223633,60.540000915527344,59.869998931884766,60.119998931884766,18347600
2014-11-03,44.593048095703125,60.880001068115234,61.150001525878906,60.36000061035156,60.790000915527344,11841200
2014-11-04,44.13159942626953,60.25,60.369998931884766,59.41999816894531,60.2400016784668,15295800
2014-11-05,44.79081344604492,61.150001525878906,61.22999954223633,60.38999938964844,60.79999923706055,14063800
2014-11-06,44.849422454833984,61.22999954223633,61.310001373291016,60.630001068115234,61.08000183105469,10421600
2014-11-07,45.02521514892578,61.470001220703125,61.54999923706055,60.86000061035156,61.06999969482422,12384600
2014-11-10,45.36214828491211,61.93000030517578,61.93000030517578,61.20000076293945,61.25,10801000
2014-11-11,44.951969146728516,61.369998931884766,61.88999938964844,61.290000915527344,61.709999084472656,12539800
2014-11-12,44.35865783691406,60.560001373291016,60.84000015258789,60.22999954223633,60.41999816894531,17219600
2014-11-13,44.116947174072266,60.22999954223633,60.630001068115234,59.9900016784668,60.5,12240400
2014-11-14,44.153560638427734,60.279998779296875,60.619998931884766,60.18000030517578,60.25,6803400
2014-11-17,44.22682189941406,60.380001068115234,60.529998779296875,59.88999938964844,60.0,9017600
2014-11-18,44.336692810058594,60.529998779296875,60.81999969482422,60.20000076293945,60.349998474121094,8897800
2014-11-19,44.38795852661133,60.599998474121094,60.790000915527344,60.150001525878906,60.45000076293945,9210100
2014-11-20,44.036373138427734,60.119998931884766,60.25,59.75,60.20000076293945,10917300
2014-11-21,44.2780876159668,60.45000076293945,61.06999969482422,60.29999923706055,61.06999969482422,12340500
2014-11-24,44.65165710449219,60.959999084472656,61.310001373291016,60.70000076293945,60.70000076293945,8335000
2014-11-25,44.168216705322266,60.29999923706055,61.15999984741211,59.95000076293945,61.15999984741211,14802600
2014-11-26,44.19751739501953,60.34000015258789,60.56999969482422,60.20000076293945,60.56999969482422,7626600
2014-11-28,44.065670013427734,60.15999984741211,60.560001373291016,60.029998779296875,60.400001525878906,6759600
2014-12-01,43.94847869873047,60.0,60.209999084472656,59.54999923706055,59.97999954223633,12771600
2014-12-02,44.73954772949219,61.08000183105469,61.189998626708984,60.0,60.0099983215332,12546600
2014-12-03,45.076480865478516,61.540000915527344,61.619998931884766,60.810001373291016,60.959999084472656,12115500
2014-12-04,44.959293365478516,61.380001068115234,61.56999969482422,60.84000015258789,61.099998474121094,11515200
2014-12-05,45.9261474609375,62.70000076293945,63.060001373291016,61.880001068115234,62.0099983215332,20071100
2014-12-08,45.904178619384766,62.66999816894531,63.15999984741211,62.2599983215332,62.599998474121094,15528200
2014-12-09,45.743045806884766,62.45000076293945,62.849998474121094,61.560001373291016,61.849998474121094,19676400
2014-12-10,44.44655990600586,60.68000030517578,62.2400016784668,60.369998931884766,62.15999984741211,29620600
2014-12-11,44.783504486083984,61.13999938964844,62.060001373291016,61.11000061035156,61.16999816894531,16886200
2014-12-12,43.977779388427734,60.040000915527344,61.220001220703125,59.959999084472656,60.529998779296875,17405400
2014-12-15,43.33320236206055,59.15999984741211,60.810001373291016,58.790000915527344,60.7400016784668,19209900
2014-12-16,42.79848861694336,58.43000030517578,59.86000061035156,58.11000061035156,58.41999816894531,20709700
2014-12-17,43.78001022338867,59.77000045776367,59.83000183105469,58.34000015258789,58.56999969482422,17856400
2014-12-18,45.03253173828125,61.47999954223633,61.47999954223633,60.439998626708984,60.63999938964844,18173400
2014-12-19,45.36214828491211,61.93000030517578,62.349998474121094,61.369998931884766,61.400001525878906,22756400
2014-12-22,45.369476318359375,61.939998626708984,62.33000183105469,61.61000061035156,62.15999984741211,17073400
2014-12-23,45.76500701904297,62.47999954223633,62.970001220703125,61.93000030517578,62.04999923706055,13552600
2014-12-24,45.76500701904297,62.47999954223633,62.869998931884766,62.27000045776367,62.7400016784668,7412500
2014-12-26,45.81627655029297,62.54999923706055,62.88999938964844,62.40999984741211,62.66999816894531,6086500
2014-12-29,46.116600036621094,62.959999084472656,63.34000015258789,62.25,62.41999816894531,10601200
2014-12-30,46.25576400756836,63.150001525878906,63.279998779296875,62.56999969482422,62.720001220703125,7518100
2014-12-31,45.8382568359375,62.58000183105469,63.4900016784668,62.58000183105469,63.29999923706055,18529400
2015-01-02,46.0667839050293,62.4900016784668,62.959999084472656,62.06999969482422,62.18000030517578,12600000
2015-01-05,44.63663864135742,60.54999923706055,62.279998779296875,60.22999954223633,62.060001373291016,20100600
2015-01-06,43.47927474975586,58.97999954223633,60.75,58.349998474121094,60.63999938964844,29074100
2015-01-07,43.54560852050781,59.06999969482422,59.88999938964844,58.66999816894531,59.88999938964844,23843200
2015-01-08,44.51869583129883,60.38999938964844,60.900001525878906,59.970001220703125,59.970001220703125,16971100
2015-01-09,43.74465560913086,59.34000015258789,60.790000915527344,59.290000915527344,60.720001220703125,15396200
2015-01-12,43.368682861328125,58.83000183105469,59.400001525878906,58.27000045776367,59.279998779296875,15455200
2015-01-13,43.376060485839844,58.84000015258789,59.70000076293945,58.369998931884766,59.2599983215332,21644700
2015-01-14,41.87955856323242,56.810001373291016,58.84000015258789,55.27000045776367,58.84000015258789,49602300
2015-01-15,40.53788375854492,54.9900016784668,56.61000061035156,54.5,55.72999954223633,42458100
2015-01-16,41.2308349609375,55.93000030517578,56.0,54.63999938964844,54.65999984741211,29368900
2015-01-20,41.068660736083984,55.709999084472656,56.38999938964844,55.41999816894531,56.040000915527344,23477700
2015-01-21,41.20134735107422,55.88999938964844,56.41999816894531,55.189998626708984,55.45000076293945,21842400
2015-01-22,42.454566955566406,57.59000015258789,57.72999954223633,55.959999084472656,56.380001068115234,31423500
2015-01-23,41.783721923828125,56.68000030517578,57.869998931884766,56.65999984741211,57.720001220703125,15458300
2015-01-26,41.8500862121582,56.77000045776367,56.9900016784668,56.20000076293945,56.40999984741211,12577700
2015-01-27,41.429874420166016,56.20000076293945,56.61000061035156,55.7599983215332,56.04999923706055,15220500
2015-01-28,40.360958099365234,54.75,56.68000030517578,54.75,56.619998931884766,24354400
2015-01-29,41.039180755615234,55.66999816894531,55.88999938964844,54.68000030517578,55.27000045776367,20393300
2015-01-30,40.08820724487305,54.380001068115234,55.5,54.369998931884766,54.9900016784668,26943700
2015-02-02,40.89173126220703,55.470001220703125,55.650001525878906,54.27000045776367,54.529998779296875,20308900
2015-02-03,41.8132209777832,56.720001220703125,56.779998779296875,55.869998931884766,55.90999984741211,18812500
2015-02-04,41.56257629394531,56.380001068115234,57.06999969482422,56.279998779296875,56.31999969482422,14934100
2015-02-05,41.8500862121582,56.77000045776367,57.040000915527344,56.459999084472656,56.86000061035156,11293900
2015-02-06,42.675724029541016,57.88999938964844,58.72999954223633,57.540000915527344,57.75,25214000
2015-02-09,42.62412643432617,57.81999969482422,58.099998474121094,57.22999954223633,57.41999816894531,14372400
2015-02-10,43.095924377441406,58.459999084472656,58.709999084472656,58.04999923706055,58.41999816894531,16367300
2015-02-11,43.029579162597656,58.369998931884766,58.65999984741211,57.84000015258789,58.060001373291016,13061900
2015-02-12,43.91419982910156,59.56999969482422,59.709999084472656,58.54999923706055,58.93000030517578,23211300
2015-02-13,43.987911224365234,59.66999816894531,60.220001220703125,59.34000015258789,59.459999084472656,16479100
2015-02-17,44.30491638183594,60.099998474121094,60.13999938964844,59.31999969482422,59.36000061035156,15308800
2015-02-18,43.766761779785156,59.369998931884766,60.099998474121094,59.119998931884766,60.099998474121094,14278100
2015-02-19,43.66355895996094,59.22999954223633,59.47999954223633,58.79999923706055,59.150001525878906,11256500
2015-02-20,44.083763122558594,59.79999923706055,59.88999938964844,58.349998474121094,58.959999084472656,15379000
2015-02-23,43.75202560424805,59.349998474121094,59.529998779296875,58.79999923706055,59.5,16814000
2015-02-24,44.835689544677734,60.81999969482422,61.25,60.08000183105469,60.25,22937700
2015-02-25,45.071590423583984,61.13999938964844,61.27000045776367,60.75,60.7599983215332,18307900
2015-02-26,45.39594650268555,61.58000183105469,61.70000076293945,60.90999984741211,61.029998779296875,15444800
2015-02-27,45.17478561401367,61.279998779296875,61.91999816894531,61.130001068115234,61.130001068115234,15225900
2015-03-02,45.53600311279297,61.77000045776367,61.83000183105469,61.029998779296875,61.279998779296875,13047300
2015-03-03,45.68344497680664,61.970001220703125,61.9900016784668,61.5,61.650001525878906,13706900
2015-03-04,45.8013916015625,62.130001068115234,62.16999816894531,61.349998474121094,61.63999938964844,16625500
2015-03-05,45.70557403564453,62.0,62.22999954223633,61.599998474121094,62.20000076293945,10931300
2015-03-06,44.88729476928711,60.88999938964844,62.869998931884766,60.79999923706055,62.15999984741211,22719200
2015-03-09,45.33696746826172,61.5,61.630001068115234,60.79999923706055,60.84000015258789,13001500
2015-03-10,44.20170211791992,59.959999084472656,61.0099983215332,59.959999084472656,60.7599983215332,16357700
2015-03-11,44.408111572265625,60.2400016784668,60.650001525878906,59.959999084472656,60.130001068115234,13015600
2015-03-12,45.24114227294922,61.369998931884766,61.45000076293945,60.650001525878906,60.650001525878906,18159600
2015-03-13,44.968379974365234,61.0,61.86000061035156,60.43000030517578,61.400001525878906,16506200
2015-03-16,45.59498977661133,61.849998474121094,61.91999816894531,61.25,61.5,15182900
2015-03-17,45.418060302734375,61.61000061035156,61.65999984741211,60.91999816894531,61.34000015258789,11718300
2015-03-18,45.521270751953125,61.75,62.04999923706055,61.09000015258789,61.38999938964844,15697900
2015-03-19,45.11581802368164,61.20000076293945,61.650001525878906,60.7599983215332,61.56999969482422,11523800
2015-03-20,45.521270751953125,61.75,62.099998474121094,61.150001525878906,61.31999969482422,18368300
2015-03-23,45.071590423583984,61.13999938964844,62.08000183105469,61.119998931884766,61.75,15112900
2015-03-24,44.57029342651367,60.459999084472656,61.2400016784668,60.45000076293945,60.970001220703125,12128700
2015-03-25,43.943702697753906,59.61000061035156,60.63999938964844,59.59000015258789,60.529998779296875,14950900
2015-03-26,43.89208221435547,59.540000915527344,59.790000915527344,58.869998931884766,59.459999084472656,14039600
2015-03-27,43.89946746826172,59.54999923706055,59.779998779296875,59.0,59.4900016784668,11755800
2015-03-30,44.93888854980469,60.959999084472656,61.459999084472656,60.61000061035156,60.880001068115234,20656500
2015-03-31,44.65876007080078,60.58000183105469,60.939998626708984,60.41999816894531,60.720001220703125,17346700
2015-04-01,44.48808288574219,59.95000076293945,60.56999969482422,59.72999954223633,60.40999984741211,18100600
2015-04-02,44.911067962646484,60.52000045776367,60.70000076293945,60.0,60.06999969482422,12697800
2015-04-06,44.87396240234375,60.470001220703125,60.75,59.650001525878906,59.91999816894531,12025200
2015-04-07,45.15596008300781,60.849998474121094,61.5,60.849998474121094,61.150001525878906,11505500
2015-04-08,45.30437469482422,61.04999923706055,61.560001373291016,60.939998626708984,61.060001373291016,11734000
2015-04-09,45.616050720214844,61.470001220703125,61.58000183105469,60.83000183105469,61.27000045776367,11728500
2015-04-10,45.7867317199707,61.70000076293945,61.779998779296875,61.20000076293945,61.349998474121094,9869700
2015-04-13,46.061302185058594,62.06999969482422,62.27000045776367,61.5,61.63999938964844,15468700
2015-04-14,46.7811164855957,63.040000915527344,63.61000061035156,62.7400016784668,62.959999084472656,33775400
2015-04-15,47.64937210083008,64.20999908447266,64.4800033569336,63.0099983215332,63.08000183105469,28732200
2015-04-16,47.35253143310547,63.810001373291016,64.2699966430664,63.65999984741211,64.08000183105469,16640500
2015-04-17,46.632713317871094,62.84000015258789,63.400001525878906,62.4900016784668,63.25,20221200
2015-04-20,46.929542541503906,63.2400016784668,63.52000045776367,63.13999938964844,63.220001220703125,12755300
2015-04-21,46.239402770996094,62.310001373291016,63.599998474121094,62.130001068115234,63.33000183105469,14985100
2015-04-22,46.70691680908203,62.939998626708984,63.150001525878906,62.029998779296875,62.650001525878906,14484700
2015-04-23,46.60301208496094,62.79999923706055,63.209999084472656,62.599998474121094,62.790000915527344,12851300
2015-04-24,46.45459747314453,62.599998474121094,62.84000015258789,62.34000015258789,62.630001068115234,9597500
2015-04-27,46.261661529541016,62.34000015258789,63.150001525878906,62.310001373291016,62.70000076293945,11146400
2015-04-28,46.573341369628906,62.7599983215332,62.779998779296875,61.77000045776367,62.4900016784668,12307800
2015-04-29,47.19668960571289,63.599998474121094,63.88999938964844,62.459999084472656,62.560001373291016,17601200
2015-04-30,46.94438171386719,63.2599983215332,63.880001068115234,62.91999816894531,63.58000183105469,16840900
2015-05-01,47.2041130065918,63.61000061035156,63.869998931884766,63.33000183105469,63.70000076293945,11640100
2015-05-04,48.0278434753418,64.72000122070312,64.87000274658203,63.63999938964844,63.68000030517578,14972500
2015-05-05,47.79037094116211,64.4000015258789,65.31999969482422,64.29000091552734,64.51000213623047,17692400
2015-05-06,47.43415451049805,63.91999816894531,65.06999969482422,63.41999816894531,64.52999877929688,18087900
2015-05-07,47.86457061767578,64.5,64.5999984741211,63.25,63.66999816894531,15039900
2015-05-08,48.5992431640625,65.48999786376953,65.6500015258789,64.5999984741211,64.97000122070312,16802600
2015-05-11,48.56955337524414,65.44999694824219,65.63999938964844,65.08000183105469,65.26000213623047,13798800
2015-05-12,48.502769470214844,65.36000061035156,65.54000091552734,64.76000213623047,65.30999755859375,12762200
2015-05-13,48.621517181396484,65.5199966430664,65.62999725341797,65.05999755859375,65.41999816894531,11874100
2015-05-14,49.01482009887695,66.05000305175781,66.18000030517578,65.70999908447266,65.83000183105469,11855500
2015-05-15,48.88864517211914,65.87999725341797,66.16000366210938,65.44000244140625,66.12999725341797,11152100
2015-05-18,49.28938674926758,66.41999816894531,66.54000091552734,65.80000305175781,65.80000305175781,10510900
2015-05-19,49.72722244262695,67.01000213623047,67.19000244140625,66.56999969482422,66.7699966430664,14282700
2015-05-20,49.333919525146484,66.4800033569336,67.02999877929688,66.4000015258789,66.94999694824219,12446000
2015-05-21,49.46005630493164,66.6500015258789,66.68000030517578,66.01000213623047,66.13999938964844,12934500
2015-05-22,49.32648468017578,66.47000122070312,66.83000183105469,66.31999969482422,66.62999725341797,9296900
2015-05-26,48.777339935302734,65.7300033569336,66.29000091552734,65.30999755859375,66.19999694824219,15571300
2015-05-27,49.32648468017578,66.47000122070312,66.6500015258789,65.81999969482422,65.94999694824219,10963700
2015-05-28,49.126121520996094,66.19999694824219,66.4000015258789,65.73999786376953,66.36000061035156,11797400
2015-05-29,48.81443405151367,65.77999877929688,66.22000122070312,65.36000061035156,66.18000030517578,14310700
2015-06-01,49.037071228027344,66.08000183105469,66.66000366210938,65.97000122070312,65.98999786376953,11899300
2015-06-02,48.99254608154297,66.0199966430664,66.38999938964844,65.58000183105469,65.83000183105469,12784200
2015-06-03,49.49716567993164,66.69999694824219,67.12999725341797,66.2699966430664,66.43000030517578,12927300
2015-06-04,49.22258377075195,66.33000183105469,67.05000305175781,66.01000213623047,66.30999755859375,13863300
2015-06-05,50.03147506713867,67.41999816894531,67.83999633789062,67.01000213623047,67.37000274658203,20801100
2015-06-08,49.638145446777344,66.88999938964844,67.55000305175781,66.80999755859375,67.45999908447266,14558700
2015-06-09,49.85336685180664,67.18000030517578,67.2699966430664,66.47000122070312,66.94999694824219,13263500
2015-06-10,50.65481185913086,68.26000213623047,68.5,67.47000122070312,67.58999633789062,17478900
2015-06-11,50.84775924682617,68.5199966430664,68.68000030517578,68.1500015258789,68.36000061035156,13739900
2015-06-12,50.647396087646484,68.25,68.54000091552734,67.87000274658203,68.30999755859375,11804700
2015-06-15,50.45446014404297,67.98999786376953,68.20999908447266,67.30000305175781,67.58000183105469,14082300
2015-06-16,50.73644256591797,68.37000274658203,68.5199966430664,67.62000274658203,67.7699966430664,11692800
2015-06-17,50.565757751464844,68.13999938964844,68.68000030517578,68.04000091552734,68.41000366210938,14521900
2015-06-18,51.04071044921875,68.77999877929688,68.81999969482422,67.9000015258789,68.3499984741211,16759600
2015-06-19,50.52124786376953,68.08000183105469,68.66999816894531,67.91999816894531,68.45999908447266,21606400
2015-06-22,51.17428207397461,68.95999908447266,69.29000091552734,68.75,68.87000274658203,14306700
2015-06-23,51.760528564453125,69.75,69.81999969482422,69.19000244140625,69.3499984741211,15736900
2015-06-24,51.21879577636719,69.0199966430664,69.7699966430664,68.91000366210938,69.51000213623047,16995000
2015-06-25,50.94424057006836,68.6500015258789,69.47000122070312,68.63999938964844,69.31999969482422,13314300
2015-06-26,51.166866302490234,68.94999694824219,69.29000091552734,68.7699966430664,68.94000244140625,14489200
2015-06-29,49.868202209472656,67.19999694824219,68.26000213623047,67.16000366210938,67.68000030517578,19934400
2015-06-30,50.283775329589844,67.76000213623047,68.11000061035156,67.16000366210938,67.88999938964844,20677400
2015-07-01,50.84397506713867,68.06999969482422,68.38999938964844,67.77999877929688,68.12000274658203,13964400
2015-07-02,50.43315124511719,67.5199966430664,68.12999725341797,67.19000244140625,67.94999694824219,12822900
2015-07-06,50.29124450683594,67.33000183105469,67.45999908447266,66.54000091552734,66.87999725341797,13527100
2015-07-07,49.895362854003906,66.80000305175781,67.22000122070312,65.30000305175781,67.08999633789062,22421500
2015-07-08,48.87207794189453,65.43000030517578,66.16000366210938,65.20999908447266,66.0,17707200
2015-07-09,49.37998580932617,66.11000061035156,66.69999694824219,65.98999786376953,66.48999786376953,14984700
2015-07-10,50.08209991455078,67.05000305175781,67.4000015258789,66.83000183105469,67.22000122070312,12356100
2015-07-13,50.858909606933594,68.08999633789062,68.13999938964844,67.68000030517578,67.88999938964844,16175600
2015-07-14,51.56849670410156,69.04000091552734,69.0999984741211,67.76000213623047,67.9800033569336,20185100
2015-07-15,51.680545806884766,69.19000244140625,69.43000030517578,68.8499984741211,69.2300033569336,16891600
2015-07-16,51.956905364990234,69.55999755859375,69.94999694824219,69.41000366210938,69.62999725341797,18035700
2015-07-17,51.69548034667969,69.20999908447266,69.48999786376953,68.91999816894531,69.3499984741211,14040700
2015-07-20,51.73284149169922,69.26000213623047,69.7699966430664,69.18000030517578,69.5,11512900
2015-07-21,51.613319396972656,69.0999984741211,69.54000091552734,68.87000274658203,69.16000366210938,11659900
2015-07-22,52.3453254699707,70.08000183105469,70.29000091552734,69.19999694824219,69.27999877929688,15493000
2015-07-23,52.016658782958984,69.63999938964844,70.61000061035156,69.45999908447266,70.19000244140625,14331800
2015-07-24,51.47140121459961,68.91000366210938,69.55999755859375,68.68000030517578,69.44000244140625,12413900
2015-07-27,50.799171447753906,68.01000213623047,68.22000122070312,67.56999969482422,68.1500015258789,16801600
2015-07-28,50.82902145385742,68.05000305175781,68.5999984741211,67.7699966430664,68.55000305175781,14932400
2015-07-29,51.49381637573242,68.94000244140625,69.0999984741211,68.16000366210938,68.31999969482422,13059200
2015-07-30,51.56849670410156,69.04000091552734,69.44999694824219,68.54000091552734,68.93000030517578,10197200
2015-07-31,51.18757247924805,68.52999877929688,69.04000091552734,68.4000015258789,69.01000213623047,11911800
2015-08-03,51.18757247924805,68.52999877929688,68.83999633789062,68.0,68.58999633789062,9980600
2015-08-04,51.135284423828125,68.45999908447266,68.94999694824219,68.30999755859375,68.47000122070312,10964000
2015-08-05,51.33696365356445,68.7300033569336,69.41999816894531,68.55999755859375,69.05000305175781,11302900
2015-08-06,50.97842788696289,68.25,68.94000244140625,68.0,68.75,10803400
2015-08-07,50.82902145385742,68.05000305175781,68.73999786376953,67.55000305175781,68.33000183105469,11453300
2015-08-10,51.45646286010742,68.88999938964844,69.01000213623047,68.22000122070312,68.22000122070312,12661400
2015-08-11,50.96347427368164,68.2300033569336,68.4000015258789,67.8499984741211,68.2300033569336,14800300
2015-08-12,50.22400665283203,67.23999786376953,67.55000305175781,66.06999969482422,67.41000366210938,21069000
2015-08-13,50.45558547973633,67.55000305175781,67.80000305175781,66.97000122070312,67.25,11930600
2015-08-14,50.709529876708984,67.88999938964844,67.91000366210938,67.4000015258789,67.41999816894531,11248800
2015-08-17,50.84397506713867,68.06999969482422,68.23999786376953,67.4000015258789,67.62000274658203,10326500
2015-08-18,50.948543548583984,68.20999908447266,68.36000061035156,67.83999633789062,67.9800033569336,10617500
2015-08-19,50.4929084777832,67.5999984741211,68.30999755859375,67.36000061035156,67.93000030517578,15198200
2015-08-20,49.25300216674805,65.94000244140625,67.04000091552734,65.94000244140625,66.80999755859375,20972300
2015-08-21,47.50517272949219,63.599998474121094,65.44000244140625,63.56999969482422,65.08999633789062,28235500
2015-08-24,45.00293731689453,60.25,62.91999816894531,50.06999969482422,59.290000915527344,36339100
2015-08-25,44.74898147583008,59.90999984741211,63.31999969482422,59.72999954223633,63.099998474121094,31772500
2015-08-26,46.989784240722656,62.90999984741211,62.97999954223633,60.54999923706055,61.79999923706055,33576800
2015-08-27,48.16246795654297,64.4800033569336,64.7300033569336,63.13999938964844,63.97999954223633,29045700
2015-08-28,47.90104293823242,64.12999725341797,64.45999908447266,63.599998474121094,64.29000091552734,16687300
2015-08-31,47.87863540649414,64.0999984741211,64.3499984741211,63.470001220703125,63.61000061035156,14223400
2015-09-01,45.899261474609375,61.45000076293945,62.849998474121094,60.9900016784668,62.849998474121094,23637300
2015-09-02,46.7358283996582,62.56999969482422,62.90999984741211,61.540000915527344,62.619998931884766,17757900
2015-09-03,46.8179817199707,62.68000030517578,63.65999984741211,62.45000076293945,62.880001068115234,17065400
2015-09-04,45.93659973144531,61.5,61.91999816894531,60.75,61.79999923706055,20189000
2015-09-08,47.17652893066406,63.15999984741211,63.20000076293945,62.33000183105469,62.77000045776367,13385100
2015-09-09,46.44451904296875,62.18000030517578,64.33999633789062,62.0,63.939998626708984,13889500
2015-09-10,46.80303955078125,62.65999984741211,63.0,61.45000076293945,61.86000061035156,15751100
2015-09-11,46.728355407714844,62.560001373291016,62.65999984741211,61.9900016784668,62.380001068115234,12766700
2015-09-14,46.59391403198242,62.380001068115234,62.689998626708984,62.119998931884766,62.63999938964844,10202800
2015-09-15,47.490238189697266,63.58000183105469,63.88999938964844,62.5099983215332,62.7599983215332,14023500
2015-09-16,47.90852355957031,64.13999938964844,64.29000091552734,63.209999084472656,63.88999938964844,12235900
2015-09-17,46.79557800292969,62.650001525878906,64.63999938964844,62.38999938964844,64.13999938964844,21249200
2015-09-18,45.5183219909668,60.939998626708984,61.83000183105469,60.779998779296875,61.83000183105469,31008000
2015-09-21,45.899261474609375,61.45000076293945,61.90999984741211,61.08000183105469,61.52000045776367,13136400
2015-09-22,45.495914459228516,60.90999984741211,61.09000015258789,60.41999816894531,60.599998474121094,14811900
2015-09-23,45.29423522949219,60.63999938964844,61.150001525878906,60.31999969482422,60.79999923706055,11712200
2015-09-24,44.98052215576172,60.220001220703125,60.380001068115234,59.459999084472656,60.0099983215332,17293400
2015-09-25,45.91420364379883,61.470001220703125,61.86000061035156,60.869998931884766,61.27000045776367,18384300
2015-09-28,44.80125427246094,59.97999954223633,61.0099983215332,59.689998626708984,60.91999816894531,17452200
2015-09-29,44.69669723510742,59.84000015258789,60.130001068115234,58.72999954223633,59.97999954223633,19334900
2015-09-30,45.540733337402344,60.970001220703125,61.0,60.11000061035156,60.70000076293945,18743800
2015-10-01,45.876834869384766,61.41999816894531,61.869998931884766,60.540000915527344,61.119998931884766,16863200
2015-10-02,45.74896240234375,60.810001373291016,60.86000061035156,58.529998779296875,59.59000015258789,20435100
2015-10-05,46.65926742553711,62.02000045776367,62.2400016784668,61.220001220703125,61.2400016784668,13471100
2015-10-06,46.68183517456055,62.04999923706055,62.36000061035156,61.619998931884766,62.11000061035156,12134800
2015-10-07,46.74201583862305,62.130001068115234,63.029998779296875,61.7599983215332,62.54999923706055,12773100
2015-10-08,46.74201583862305,62.130001068115234,62.25,61.43000030517578,61.849998474121094,13964600
2015-10-09,46.591552734375,61.93000030517578,62.54999923706055,61.58000183105469,62.38999938964844,12112000
2015-10-12,46.433563232421875,61.720001220703125,62.0099983215332,61.400001525878906,61.84000015258789,10857400
2015-10-13,46.305667877197266,61.54999923706055,62.15999984741211,61.310001373291016,61.38999938964844,15621900
2015-10-14,45.13205337524414,59.9900016784668,60.970001220703125,59.540000915527344,60.7599983215332,28989400
2015-10-15,46.56146240234375,61.88999938964844,61.959999084472656,60.099998474121094,60.470001220703125,18147900
2015-10-16,46.967716217041016,62.43000030517578,62.650001525878906,62.09000015258789,62.43000030517578,17456600
2015-10-19,46.809730529785156,62.220001220703125,62.77000045776367,61.90999984741211,62.0,14510400
2015-10-20,47.035438537597656,62.52000045776367,62.81999969482422,62.08000183105469,62.36000061035156,11545100
2015-10-21,46.689353942871094,62.060001373291016,62.959999084472656,62.04999923706055,62.880001068115234,12113400
2015-10-22,47.53948211669922,63.189998626708984,63.58000183105469,62.41999816894531,62.41999816894531,15295700
2015-10-23,48.05107879638672,63.869998931884766,64.19000244140625,63.5,63.630001068115234,16985200
2015-10-26,48.073638916015625,63.900001525878906,63.9900016784668,63.40999984741211,63.84000015258789,13880200
2015-10-27,47.87803649902344,63.63999938964844,63.86000061035156,63.310001373291016,63.529998779296875,8831900
2015-10-28,49.277366638183594,65.5,65.73999786376953,63.689998626708984,63.70000076293945,17962000
2015-10-29,49.059181213378906,65.20999908447266,65.83000183105469,64.87999725341797,65.26000213623047,12753700
2015-10-30,48.336952209472656,64.25,65.33999633789062,64.12999725341797,65.30000305175781,15731400
2015-11-02,49.30745315551758,65.54000091552734,65.75,64.38999938964844,64.44999694824219,15253300
2015-11-03,49.48802185058594,65.77999877929688,66.0999984741211,65.16999816894531,65.29000091552734,11519500
2015-11-04,49.54066848754883,65.8499984741211,66.1500015258789,65.62999725341797,66.01000213623047,11388400
2015-11-05,49.98454666137695,66.44000244140625,66.66999816894531,65.75,65.79000091552734,12715900
2015-11-06,51.504249572753906,68.45999908447266,69.02999877929688,68.0999984741211,68.37000274658203,23262700
2015-11-09,50.69926071166992,67.38999938964844,68.72000122070312,67.08000183105469,68.69999694824219,17143800
2015-11-10,50.91743087768555,67.68000030517578,67.8499984741211,66.93000030517578,67.19000244140625,13239700
2015-11-11,50.66916275024414,67.3499984741211,68.16999816894531,67.25,68.0999984741211,8513900
2015-11-12,49.65353012084961,66.0,66.9000015258789,65.94999694824219,66.86000061035156,13576900
2015-11-13,49.3224983215332,65.55999755859375,66.16999816894531,65.2300033569336,65.83999633789062,11837000
2015-11-16,50.037208557128906,66.51000213623047,66.58000183105469,65.16999816894531,65.45999908447266,11041100
2015-11-17,49.751338958740234,66.12999725341797,66.73999786376953,65.88999938964844,66.66999816894531,12354800
2015-11-18,50.7443962097168,67.44999694824219,67.55000305175781,66.37000274658203,66.4800033569336,12911400
2015-11-19,50.90239334106445,67.66000366210938,67.81999969482422,67.04000091552734,67.58000183105469,12839500
2015-11-20,50.812110900878906,67.54000091552734,68.11000061035156,67.37999725341797,67.98999786376953,11209600
2015-11-23,50.31557083129883,66.87999725341797,67.58000183105469,66.77999877929688,67.30999755859375,11339000
2015-11-24,50.24034118652344,66.77999877929688,67.13999938964844,66.04000091552734,66.16999816894531,10910000
2015-11-25,50.300533294677734,66.86000061035156,67.12000274658203,66.55000305175781,66.93000030517578,7772000
2015-11-27,50.53375244140625,67.16999816894531,67.33000183105469,66.63999938964844,67.0,4052500
2015-11-30,50.16510009765625,66.68000030517578,67.5199966430664,66.68000030517578,67.27999877929688,15147500
2015-12-01,50.86479949951172,67.61000061035156,67.83000183105469,66.98999786376953,67.33999633789062,12708800
2015-12-02,50.15006637573242,66.66000366210938,67.87999725341797,66.4800033569336,67.83000183105469,13440900
2015-12-03,49.50305938720703,65.80000305175781,67.02999877929688,65.58000183105469,66.83000183105469,14626900
2015-12-04,51.07542419433594,67.88999938964844,68.0,66.02999877929688,66.0999984741211,17786000
2015-12-07,50.405860900878906,67.0,67.75,66.4000015258789,67.66000366210938,11686000
2015-12-08,49.6234245300293,65.95999908447266,66.95999908447266,65.69999694824219,66.25,13084500
2015-12-09,49.24726104736328,65.45999908447266,66.58000183105469,65.04000091552734,65.61000061035156,16770200
2015-12-10,49.36011505126953,65.61000061035156,66.5,65.08000183105469,65.54000091552734,12839000
2015-12-11,48.201541900634766,64.06999969482422,65.16000366210938,63.5099983215332,64.80000305175781,17889300
2015-12-14,48.351993560791016,64.2699966430664,64.76000213623047,63.599998474121094,64.2300033569336,17638200
2015-12-15,49.728759765625,66.0999984741211,66.6500015258789,65.06999969482422,65.06999969482422,18126600
2015-12-16,50.80458068847656,67.52999877929688,67.73999786376953,65.91000366210938,66.91000366210938,21720000
2015-12-17,49.864173889160156,66.27999877929688,68.0,66.08000183105469,67.9000015258789,18122100
2015-12-18,48.449806213378906,64.4000015258789,65.97000122070312,64.4000015258789,65.97000122070312,23819600
2015-12-21,49.30745315551758,65.54000091552734,65.55999755859375,64.83000183105469,65.0199966430664,18869300
2015-12-22,49.412784576416016,65.68000030517578,66.0,64.9800033569336,65.91999816894531,12149500
2015-12-23,50.202720642089844,66.7300033569336,66.8499984741211,66.05000305175781,66.12000274658203,12524500
2015-12-24,50.10492706298828,66.5999984741211,66.88999938964844,66.31999969482422,66.62000274658203,4468200
2015-12-28,49.939414978027344,66.37999725341797,66.44999694824219,65.70999908447266,66.29000091552734,6610600
2015-12-29,50.45851135253906,67.06999969482422,67.30000305175781,66.73999786376953,66.83999633789062,9820800
2015-12-30,50.09739303588867,66.58999633789062,67.05000305175781,66.44999694824219,67.04000091552734,7190700
2015-12-31,49.676090240478516,66.02999877929688,66.77999877929688,66.0,66.19000244140625,14654300
2016-01-04,48.18406677246094,63.619998931884766,64.05999755859375,63.0099983215332,63.95000076293945,25393200
2016-01-05,48.26738357543945,63.72999954223633,64.12999725341797,63.040000915527344,63.70000076293945,16566700
2016-01-06,47.570594787597656,62.810001373291016,63.130001068115234,62.34000015258789,62.720001220703125,22961500
2016-01-07,45.64686965942383,60.27000045776367,62.0,60.08000183105469,61.459999084472656,27630900
2016-01-08,44.62441635131836,58.91999816894531,61.27000045776367,58.849998474121094,61.130001068115234,22373300
2016-01-11,44.55625915527344,58.83000183105469,59.220001220703125,58.040000915527344,58.83000183105469,20925500
2016-01-12,44.65471267700195,58.959999084472656,59.560001373291016,58.099998474121094,59.45000076293945,22971600
2016-01-13,43.427772521972656,57.34000015258789,59.68000030517578,56.90999984741211,59.459999084472656,28808100
2016-01-14,44.0791015625,58.20000076293945,59.380001068115234,57.290000915527344,58.15999984741211,31296300
2016-01-15,43.20055389404297,57.040000915527344,57.56999969482422,56.220001220703125,56.45000076293945,38131700
2016-01-19,43.177818298339844,57.0099983215332,57.970001220703125,56.5099983215332,57.72999954223633,22818900
2016-01-20,42.04177474975586,55.5099983215332,56.18000030517578,54.65999984741211,55.630001068115234,34646100
2016-01-21,41.84486770629883,55.25,56.52000045776367,55.060001373291016,55.7400016784668,31301100
2016-01-22,43.13239669799805,56.95000076293945,57.15999984741211,56.29999923706055,56.439998626708984,22732200
2016-01-25,42.1553840637207,55.65999984741211,56.849998474121094,55.599998474121094,56.47999954223633,21114400
2016-01-26,43.2308464050293,57.08000183105469,57.150001525878906,55.810001373291016,55.849998474121094,17535700
2016-01-27,43.20055389404297,57.040000915527344,58.27000045776367,56.560001373291016,57.08000183105469,20560000
2016-01-28,43.38233184814453,57.279998779296875,57.970001220703125,56.630001068115234,57.52000045776367,15497900
2016-01-29,45.06368637084961,59.5,59.540000915527344,57.5099983215332,57.83000183105469,26992200
2016-02-01,44.57897186279297,58.86000061035156,59.650001525878906,58.439998626708984,59.15999984741211,16807900
2016-02-02,43.1929817199707,57.029998779296875,57.97999954223633,56.75,57.880001068115234,22448200
2016-02-03,43.48077392578125,57.40999984741211,57.79999923706055,55.02000045776367,57.369998931884766,31543200
2016-02-04,44.23058319091797,58.400001525878906,58.52000045776367,57.060001373291016,57.060001373291016,21651300
2016-02-05,43.73828887939453,57.75,59.13999938964844,57.41999816894531,58.58000183105469,22001300
2016-02-08,42.821868896484375,56.540000915527344,56.91999816894531,55.540000915527344,56.689998626708984,28267600
2016-02-09,42.564361572265625,56.20000076293945,56.689998626708984,55.130001068115234,55.290000915527344,26300000
2016-02-10,42.04935836791992,55.52000045776367,57.40999984741211,55.470001220703125,56.56999969482422,22389600
2016-02-11,40.19377899169922,53.06999969482422,53.90999984741211,52.5,53.900001525878906,44334700
2016-02-12,43.54136276245117,57.4900016784668,57.56999969482422,55.16999816894531,55.650001525878906,37011400
2016-02-16,44.19272232055664,58.349998474121094,58.599998474121094,57.63999938964844,58.22999954223633,23730700
2016-02-17,44.51081466674805,58.77000045776367,59.25,58.38999938964844,58.849998474121094,21580100
2016-02-18,43.78373718261719,57.810001373291016,58.86000061035156,57.25,58.84000015258789,17037800
2016-02-19,43.79130935668945,57.81999969482422,58.16999816894531,57.08000183105469,57.5,15658200
2016-02-22,44.359344482421875,58.56999969482422,58.880001068115234,58.41999816894531,58.5099983215332,14882800
2016-02-23,42.50376892089844,56.119998931884766,58.09000015258789,55.959999084472656,57.900001525878906,31772500
2016-02-24,42.5189208984375,56.13999938964844,56.209999084472656,54.33000183105469,55.20000076293945,25560100
2016-02-25,43.177818298339844,57.0099983215332,57.029998779296875,56.040000915527344,56.130001068115234,14473300
2016-02-26,43.57923889160156,57.540000915527344,58.11000061035156,57.13999938964844,57.63999938964844,20947500
2016-02-29,42.64009475708008,56.29999923706055,57.61000061035156,56.290000915527344,57.40999984741211,19554100
2016-03-01,44.83647537231445,59.20000076293945,59.20000076293945,56.66999816894531,56.7599983215332,23958100
2016-03-02,45.26060485839844,59.7599983215332,59.900001525878906,58.959999084472656,59.20000076293945,20943100
2016-03-03,45.412086486816406,59.959999084472656,59.959999084472656,59.099998474121094,59.58000183105469,15790600
2016-03-04,45.48025131225586,60.04999923706055,60.54999923706055,59.529998779296875,60.099998474121094,18459000
2016-03-07,45.39693069458008,59.939998626708984,60.04999923706055,59.31999969482422,59.540000915527344,12832400
2016-03-08,44.51837921142578,58.779998779296875,59.5,58.68000030517578,59.209999084472656,14132900
2016-03-09,44.77589416503906,59.119998931884766,59.540000915527344,58.68000030517578,59.150001525878906,13238800
2016-03-10,44.3896369934082,58.61000061035156,59.66999816894531,57.810001373291016,59.59000015258789,21139200
2016-03-11,44.94252395629883,59.34000015258789,59.5099983215332,58.650001525878906,59.38999938964844,21055000
2016-03-14,44.77589416503906,59.119998931884766,59.310001373291016,58.599998474121094,59.150001525878906,13436100
2016-03-15,44.83647537231445,59.20000076293945,59.209999084472656,58.43000030517578,58.540000915527344,10910500
2016-03-16,44.62441635131836,58.91999816894531,59.75,58.470001220703125,58.97999954223633,17423900
2016-03-17,44.495662689208984,58.75,59.130001068115234,57.9900016784668,58.77000045776367,19405700
2016-03-18,45.80591583251953,60.47999954223633,60.970001220703125,59.65999984741211,60.04999923706055,29570200
2016-03-21,45.790767669677734,60.459999084472656,60.81999969482422,59.959999084472656,60.220001220703125,12684400
2016-03-22,45.624149322509766,60.2400016784668,60.58000183105469,59.619998931884766,59.9900016784668,12042700
2016-03-23,45.39693069458008,59.939998626708984,60.5099983215332,59.86000061035156,60.34000015258789,11658700
2016-03-24,45.048545837402344,59.47999954223633,59.5099983215332,58.869998931884766,59.29999923706055,12921200
2016-03-28,44.98796081542969,59.400001525878906,59.75,59.18000030517578,59.529998779296875,11159700
2016-03-29,44.70772933959961,59.029998779296875,59.33000183105469,58.529998779296875,59.33000183105469,15933400
2016-03-30,45.22272491455078,59.709999084472656,60.22999954223633,59.380001068115234,59.459999084472656,13307100
2016-03-31,44.85163497924805,59.220001220703125,59.93000030517578,59.11000061035156,59.45000076293945,14904700
2016-04-01,45.34391403198242,59.869998931884766,60.060001373291016,58.560001373291016,59.02000045776367,15417500
2016-04-04,45.168426513671875,59.20000076293945,59.56999969482422,58.959999084472656,59.439998626708984,12305000
2016-04-05,44.527530670166016,58.36000061035156,58.83000183105469,58.209999084472656,58.59000015258789,12886600
2016-04-06,44.870872497558594,58.810001373291016,58.880001068115234,57.95000076293945,58.18000030517578,12167900
2016-04-07,43.73402786254883,57.31999969482422,58.43000030517578,57.06999969482422,58.2599983215332,19226800
2016-04-08,44.05448532104492,57.7400016784668,58.58000183105469,57.689998626708984,57.709999084472656,13547700
2016-04-11,44.40545654296875,58.20000076293945,58.880001068115234,57.90999984741211,57.90999984741211,17627800
2016-04-12,45.22947311401367,59.279998779296875,59.38999938964844,58.20000076293945,58.34000015258789,17779200
2016-04-13,47.14454650878906,61.790000915527344,62.15999984741211,60.380001068115234,60.47999954223633,37516800
2016-04-14,47.754947662353516,62.59000015258789,62.90999984741211,61.61000061035156,61.689998626708984,24249900
2016-04-15,47.20558547973633,61.869998931884766,62.900001525878906,61.45000076293945,62.880001068115234,19290700
2016-04-18,47.510780334472656,62.27000045776367,62.58000183105469,61.529998779296875,61.63999938964844,13813100
2016-04-19,48.311920166015625,63.31999969482422,63.47999954223633,62.54999923706055,62.54999923706055,19255600
2016-04-20,49.01384353637695,64.23999786376953,64.30999755859375,63.150001525878906,63.47999954223633,14594400
2016-04-21,48.52555465698242,63.599998474121094,64.66000366210938,63.34000015258789,64.26000213623047,15395800
2016-04-22,48.80785369873047,63.970001220703125,64.37999725341797,63.63999938964844,63.63999938964844,12444700
2016-04-25,48.52555465698242,63.599998474121094,63.95000076293945,63.150001525878906,63.599998474121094,10687200
2016-04-26,48.77733612060547,63.93000030517578,64.06999969482422,63.33000183105469,63.810001373291016,12048000
2016-04-27,48.9146728515625,64.11000061035156,64.63999938964844,63.599998474121094,63.86000061035156,15284100
2016-04-28,48.52555465698242,63.599998474121094,64.41999816894531,63.349998474121094,63.63999938964844,12852500
2016-04-29,48.22035598754883,63.20000076293945,63.61000061035156,62.70000076293945,63.09000015258789,16376400
2016-05-02,48.67052459716797,63.790000915527344,64.0,63.13999938964844,63.689998626708984,10247300
2016-05-03,47.732051849365234,62.560001373291016,62.90999984741211,61.79999923706055,62.900001525878906,19120300
2016-05-04,46.97670364379883,61.56999969482422,62.2599983215332,61.27000045776367,61.75,17030200
2016-05-05,46.724910736083984,61.2400016784668,62.0,61.060001373291016,61.599998474121094,14033900
2016-05-06,46.99958038330078,61.599998474121094,61.68000030517578,60.59000015258789,60.70000076293945,11057900
2016-05-09,46.70201873779297,61.209999084472656,61.88999938964844,61.04999923706055,61.369998931884766,11197100
2016-05-10,47.335289001464844,62.040000915527344,62.2599983215332,61.349998474121094,61.54999923706055,11897200
2016-05-11,47.159820556640625,61.810001373291016,62.599998474121094,61.810001373291016,61.970001220703125,11254000
2016-05-12,47.129302978515625,61.77000045776367,62.560001373291016,61.369998931884766,62.27000045776367,11071700
2016-05-13,46.69438934326172,61.20000076293945,62.400001525878906,61.02000045776367,61.70000076293945,15122300
2016-05-16,47.04536437988281,61.65999984741211,61.9900016784668,61.0,61.209999084472656,10951300
2016-05-17,47.04536437988281,61.65999984741211,62.15999984741211,61.150001525878906,61.43000030517578,12180900
2016-05-18,48.861263275146484,64.04000091552734,64.16999816894531,61.689998626708984,61.70000076293945,24007100
2016-05-19,48.365318298339844,63.38999938964844,64.22000122070312,62.900001525878906,63.529998779296875,16076200
2016-05-20,48.45687484741211,63.5099983215332,64.19000244140625,63.369998931884766,63.86000061035156,11862000
2016-05-23,48.41873550415039,63.459999084472656,63.869998931884766,63.15999984741211,63.45000076293945,9347500
2016-05-24,49.24275588989258,64.54000091552734,64.7699966430664,63.810001373291016,63.939998626708984,13839400
2016-05-25,49.99047088623047,65.5199966430664,66.19999694824219,64.91999816894531,64.94000244140625,18935200
2016-05-26,49.61660385131836,65.02999877929688,65.58000183105469,64.91000366210938,65.56999969482422,9428400
2016-05-27,49.92181396484375,65.43000030517578,65.45999908447266,65.05000305175781,65.20999908447266,10116000
2016-05-31,49.79971694946289,65.2699966430664,65.81999969482422,64.95999908447266,65.7300033569336,15139400
2016-06-01,50.12017822265625,65.69000244140625,65.91999816894531,64.26000213623047,64.76000213623047,14031000
2016-06-02,50.21172332763672,65.80999755859375,65.80999755859375,65.16000366210938,65.5199966430664,10637600
2016-06-03,49.31904983520508,64.63999938964844,64.86000061035156,63.54999923706055,64.25,20261700
2016-06-06,49.80735778808594,65.27999877929688,65.76000213623047,64.5999984741211,64.63999938964844,13193500
2016-06-07,49.63949966430664,65.05999755859375,65.73999786376953,65.04000091552734,65.44999694824219,9924100
2016-06-08,49.78446960449219,65.25,65.4800033569336,64.91999816894531,64.93000030517578,9428000
2016-06-09,49.402976989746094,64.75,64.9000015258789,64.2699966430664,64.79000091552734,10817800
2016-06-10,48.708675384521484,63.84000015258789,64.06999969482422,63.58000183105469,63.93000030517578,16678400
2016-06-13,48.27376174926758,63.27000045776367,64.33999633789062,63.2599983215332,63.47999954223633,14314900
2016-06-14,47.36581802368164,62.08000183105469,63.470001220703125,61.68000030517578,62.68000030517578,19509300
2016-06-15,47.281898498535156,61.970001220703125,62.97999954223633,61.90999984741211,62.40999984741211,16982100
2016-06-16,47.47262954711914,62.220001220703125,62.29999923706055,60.900001525878906,61.45000076293945,16791200
2016-06-17,47.518409729003906,62.279998779296875,62.709999084472656,61.93000030517578,62.29999923706055,15751500
2016-06-20,47.58708190917969,62.369998931884766,63.849998474121094,62.34000015258789,63.45000076293945,12213200
2016-06-21,48.02960968017578,62.95000076293945,63.0,62.13999938964844,62.72999954223633,11611600
2016-06-22,47.846500396728516,62.709999084472656,63.709999084472656,62.68000030517578,62.95000076293945,12643500
2016-06-23,48.868896484375,64.05000305175781,64.1500015258789,63.529998779296875,63.70000076293945,16583600
2016-06-24,45.473636627197266,59.599998474121094,61.70000076293945,59.34000015258789,60.47999954223633,44108700
2016-06-27,43.955299377441406,57.61000061035156,58.75,57.04999923706055,58.709999084472656,37300700
2016-06-28,45.41259002685547,59.52000045776367,59.54999923706055,58.2599983215332,59.189998626708984,29088700
2016-06-29,46.69438934326172,61.20000076293945,61.209999084472656,60.0,60.36000061035156,21483000
2016-06-30,47.41160202026367,62.13999938964844,62.189998626708984,61.02000045776367,61.630001068115234,21343600
2016-07-01,47.10401916503906,61.2599983215332,62.0099983215332,61.15999984741211,61.65999984741211,14217800
2016-07-05,45.789180755615234,59.54999923706055,60.599998474121094,59.099998474121094,60.45000076293945,23357700
2016-07-06,46.28127670288086,60.189998626708984,60.290000915527344,58.7599983215332,59.0099983215332,20429800
2016-07-07,46.5811767578125,60.58000183105469,61.13999938964844,60.15999984741211,60.52000045776367,13771400
2016-07-08,47.54232406616211,61.83000183105469,62.16999816894531,61.33000183105469,61.33000183105469,16998800
2016-07-11,47.88063430786133,62.27000045776367,62.95000076293945,62.13999938964844,62.41999816894531,13151400
2016-07-12,48.595733642578125,63.20000076293945,63.560001373291016,62.88999938964844,63.029998779296875,16588100
2016-07-13,48.56497573852539,63.15999984741211,63.43000030517578,62.63999938964844,63.08000183105469,18526900
2016-07-14,49.303131103515625,64.12000274658203,64.9800033569336,64.05000305175781,64.73999786376953,28985900
2016-07-15,49.349281311035156,64.18000030517578,64.80000305175781,63.61000061035156,64.75,17607100
2016-07-18,49.18010330200195,63.959999084472656,64.4000015258789,63.900001525878906,64.12999725341797,10824400
2016-07-19,49.10322570800781,63.86000061035156,64.0999984741211,63.459999084472656,63.61000061035156,9737400
2016-07-20,49.15703582763672,63.93000030517578,64.2300033569336,63.709999084472656,64.11000061035156,10411100
2016-07-21,48.97251510620117,63.689998626708984,64.18000030517578,63.630001068115234,64.0,9808700
2016-07-22,49.24162673950195,64.04000091552734,64.08999633789062,63.599998474121094,63.900001525878906,8195700
2016-07-25,49.11090850830078,63.869998931884766,64.16999816894531,63.68000030517578,63.97999954223633,8168300
2016-07-26,49.310829162597656,64.12999725341797,64.26000213623047,63.709999084472656,63.97999954223633,8067800
2016-07-27,49.46461486816406,64.33000183105469,64.69000244140625,64.05999755859375,64.08000183105469,11806800
2016-07-28,49.287757873535156,64.0999984741211,64.19000244140625,63.720001220703125,64.0,10013400
2016-07-29,49.18780517578125,63.970001220703125,64.29000091552734,63.75,63.79999923706055,13210400
2016-08-01,49.05708694458008,63.79999923706055,64.30999755859375,63.61000061035156,64.1500015258789,11422600
2016-08-02,48.941741943359375,63.650001525878906,64.01000213623047,63.380001068115234,63.59000015258789,13550000
2016-08-03,49.71834945678711,64.66000366210938,64.66999816894531,63.650001525878906,63.689998626708984,13122300
2016-08-04,49.64146423339844,64.55999755859375,64.81999969482422,64.2699966430664,64.48999786376953,9873000
2016-08-05,50.97938919067383,66.30000305175781,66.37000274658203,65.06999969482422,65.13999938964844,20752700
2016-08-08,50.82560348510742,66.0999984741211,66.48999786376953,65.83999633789062,66.06999969482422,11359200
2016-08-09,50.64874267578125,65.87000274658203,66.27999877929688,65.69000244140625,66.18000030517578,10097000
2016-08-10,50.19508361816406,65.27999877929688,66.06999969482422,65.16000366210938,65.91999816894531,11556100
2016-08-11,50.33349609375,65.45999908447266,65.69000244140625,65.0199966430664,65.2699966430664,9604500
2016-08-12,50.2258415222168,65.31999969482422,65.3499984741211,64.86000061035156,64.97000122070312,7685400
2016-08-15,50.53340530395508,65.72000122070312,65.83000183105469,65.45999908447266,65.55999755859375,8371600
2016-08-16,50.52571105957031,65.70999908447266,65.95999908447266,65.23999786376953,65.36000061035156,10128900
2016-08-17,50.664119720458984,65.88999938964844,65.9800033569336,65.54000091552734,65.80000305175781,11868100
2016-08-18,50.71027374267578,65.94999694824219,65.98999786376953,65.52999877929688,65.62000274658203,9313600
2016-08-19,50.64105224609375,65.86000061035156,65.91000366210938,65.22000122070312,65.72000122070312,9084900
2016-08-22,50.59492492675781,65.80000305175781,65.87999725341797,65.41000366210938,65.75,9055600
2016-08-23,50.57184600830078,65.7699966430664,66.33999633789062,65.76000213623047,66.06999969482422,8949600
2016-08-24,50.71027374267578,65.94999694824219,66.2300033569336,65.7699966430664,65.98999786376953,10167200
2016-08-25,50.80253219604492,66.06999969482422,66.13999938964844,65.79000091552734,65.91000366210938,9978700
2016-08-26,50.91787338256836,66.22000122070312,66.87999725341797,65.8499984741211,66.33000183105469,14038600
2016-08-29,51.47917556762695,66.94999694824219,67.0999984741211,66.45999908447266,66.48999786376953,14583100
2016-08-30,51.902076721191406,67.5,67.5999984741211,66.94999694824219,66.94999694824219,13791200
2016-08-31,51.902076721191406,67.5,67.7699966430664,66.86000061035156,67.45999908447266,14952300
2016-09-01,51.67910385131836,67.20999908447266,67.72000122070312,66.6500015258789,67.63999938964844,12226500
2016-09-02,51.89439010620117,67.48999786376953,67.58000183105469,66.9800033569336,67.4000015258789,13720700
2016-09-06,51.855960845947266,67.44000244140625,67.55000305175781,66.70999908447266,67.5,16649400
2016-09-07,51.64065170288086,67.16000366210938,67.58999633789062,66.95999908447266,67.16000366210938,10070400
2016-09-08,51.70985412597656,67.25,67.68000030517578,67.0,67.22000122070312,12253000
2016-09-09,51.24850845336914,66.6500015258789,67.43000030517578,66.63999938964844,67.02999877929688,19686900
2016-09-12,51.563758850097656,67.05999755859375,67.30000305175781,65.76000213623047,66.13999938964844,16453000
2016-09-13,51.15623092651367,66.52999877929688,66.86000061035156,65.81999969482422,66.11000061035156,18876100
2016-09-14,51.0562744140625,66.4000015258789,67.25,66.20999908447266,66.2699966430664,12648600
2016-09-15,51.240814208984375,66.63999938964844,66.93000030517578,66.08999633789062,66.29000091552734,12531300
2016-09-16,50.61030197143555,65.81999969482422,66.26000213623047,65.44000244140625,66.08999633789062,25161500
2016-09-19,50.89480972290039,66.19000244140625,66.63999938964844,65.8499984741211,66.1500015258789,13466900
2016-09-20,51.1024055480957,66.45999908447266,66.8499984741211,66.23999786376953,66.75,10092200
2016-09-21,51.39459228515625,66.83999633789062,67.12999725341797,66.30999755859375,66.83999633789062,14116800
2016-09-22,51.81748580932617,67.38999938964844,67.41999816894531,66.83999633789062,66.98999786376953,12781700
2016-09-23,51.70985412597656,67.25,67.9000015258789,67.18000030517578,67.38999938964844,13967400
2016-09-26,50.57954788208008,65.77999877929688,66.80000305175781,65.54000091552734,66.5999984741211,16408100
2016-09-27,51.0255126953125,66.36000061035156,66.41000366210938,65.11000061035156,65.41000366210938,13711400
2016-09-28,51.29462814331055,66.70999908447266,66.7699966430664,65.98999786376953,66.58000183105469,11278000
2016-09-29,50.479591369628906,65.6500015258789,67.20999908447266,65.3499984741211,66.69999694824219,18727200
2016-09-30,51.20237350463867,66.58999633789062,67.05999755859375,66.08000183105469,66.08000183105469,21680100
2016-10-03,51.140865325927734,66.51000213623047,66.91999816894531,66.26000213623047,66.3499984741211,14901700
2016-10-04,51.582313537597656,66.5999984741211,67.18000030517578,66.0999984741211,66.20999908447266,17226900
2016-10-05,52.42654800415039,67.69000244140625,68.06999969482422,66.80000305175781,66.88999938964844,16280000
2016-10-06,52.56595993041992,67.87000274658203,67.97000122070312,67.05000305175781,67.7300033569336,17485000
2016-10-07,52.75183868408203,68.11000061035156,68.18000030517578,67.4000015258789,67.79000091552734,18497000
2016-10-10,53.16232681274414,68.63999938964844,69.05999755859375,68.2300033569336,68.33999633789062,13027500
2016-10-11,52.906734466552734,68.30999755859375,68.81999969482422,67.93000030517578,68.5,15657100
2016-10-12,52.76731872558594,68.12999725341797,68.58999633789062,68.05000305175781,68.26000213623047,11899800
2016-10-13,52.46525573730469,67.73999786376953,67.87000274658203,66.81999969482422,67.45999908447266,17890000
2016-10-14,52.29487609863281,67.5199966430664,69.02999877929688,67.30000305175781,68.80000305175781,24163800
2016-10-17,52.023807525634766,67.16999816894531,67.79000091552734,66.73999786376953,67.41999816894531,14963400
2016-10-18,52.43428421020508,67.69999694824219,68.20999908447266,67.54000091552734,67.8499984741211,11870300
2016-10-19,52.937721252441406,68.3499984741211,68.5,67.80999755859375,67.80999755859375,12705800
2016-10-20,52.868011474609375,68.26000213623047,68.68000030517578,67.94000244140625,68.08000183105469,14122000
2016-10-21,53.04613494873047,68.48999786376953,68.52999877929688,67.69999694824219,67.80999755859375,12175700
2016-10-24,53.34046936035156,68.87000274658203,69.05000305175781,68.5,68.97000122070312,10197100
2016-10-25,53.2862548828125,68.80000305175781,68.93000030517578,68.37999725341797,68.87999725341797,9945100
2016-10-26,53.54182434082031,69.12999725341797,69.25,68.37000274658203,68.37000274658203,9801300
2016-10-27,53.61928176879883,69.2300033569336,69.7699966430664,69.0999984741211,69.48999786376953,14210700
2016-10-28,53.52635192871094,69.11000061035156,69.55000305175781,68.47000122070312,69.52999877929688,12766500
2016-10-31,53.64250183105469,69.26000213623047,69.58000183105469,69.2300033569336,69.43000030517578,14336300
2016-11-01,53.41791915893555,68.97000122070312,69.77999877929688,68.33000183105469,69.4800033569336,15564500
2016-11-02,53.19330978393555,68.68000030517578,68.8499984741211,68.01000213623047,68.6500015258789,12449800
2016-11-03,52.960941314697266,68.37999725341797,69.19000244140625,68.22000122070312,68.86000061035156,10369700
2016-11-04,52.48075485229492,67.76000213623047,68.55999755859375,67.63999938964844,68.48999786376953,13571300
2016-11-07,54.12272262573242,69.87999725341797,69.97000122070312,69.0,69.08000183105469,16515100
2016-11-08,54.2388801574707,70.02999877929688,70.55000305175781,69.23999786376953,69.69999694824219,17531700
2016-11-09,56.73280715942383,73.25,74.1500015258789,71.31999969482422,71.45999908447266,50948400
2016-11-10,59.36613464355469,76.6500015258789,77.25,74.22000122070312,74.22000122070312,56192300
2016-11-11,59.397117614746094,76.69000244140625,76.72000122070312,75.7699966430664,76.30000305175781,27574300
2016-11-14,61.58121871948242,79.51000213623047,80.44000244140625,77.25,77.25,46130700
2016-11-15,61.4650764465332,79.36000061035156,79.41000366210938,77.77999877929688,78.37000274658203,28126300
2016-11-16,59.94702911376953,77.4000015258789,78.3499984741211,76.87999725341797,78.22000122070312,26054900
2016-11-17,60.42721176147461,78.0199966430664,78.45999908447266,77.5999984741211,77.93000030517578,19306700
2016-11-18,60.18712615966797,77.70999908447266,78.41999816894531,77.55000305175781,77.95999908447266,19770000
2016-11-21,60.450439453125,78.05000305175781,78.16999816894531,77.29000091552734,78.0,11983500
2016-11-22,60.82223129272461,78.52999877929688,78.55999755859375,77.76000213623047,78.3499984741211,14410100
2016-11-23,61.077816009521484,78.86000061035156,79.23999786376953,77.88999938964844,78.87000274658203,13373700
2016-11-25,61.0545654296875,78.83000183105469,79.44999694824219,78.47000122070312,79.0999984741211,6185700
2016-11-28,60.659584045410156,78.31999969482422,78.87000274658203,78.0199966430664,78.18000030517578,13007200
2016-11-29,61.12427520751953,78.91999816894531,79.16000366210938,78.38999938964844,78.38999938964844,14144100
2016-11-30,62.09239196777344,80.16999816894531,80.52999877929688,79.69999694824219,79.91999816894531,25351900
2016-12-01,63.34712600708008,81.79000091552734,82.27999877929688,80.6500015258789,80.6500015258789,23823600
2016-12-02,63.199974060058594,81.5999984741211,81.83000183105469,80.9000015258789,81.80000305175781,16931500
2016-12-05,64.48566436767578,83.26000213623047,83.29000091552734,82.29000091552734,82.30000305175781,18529800
2016-12-06,64.81867218017578,83.69000244140625,83.80999755859375,82.43000030517578,83.5999984741211,16130000
2016-12-07,65.11299896240234,84.06999969482422,84.08999633789062,82.8499984741211,83.55000305175781,18996900
2016-12-08,65.92623901367188,85.12000274658203,85.5,83.94000244140625,84.2300033569336,20844900
2016-12-09,66.21281433105469,85.48999786376953,85.5,84.13999938964844,85.0199966430664,14567200
2016-12-12,65.62419128417969,84.7300033569336,85.79000091552734,84.29000091552734,85.36000061035156,14511300
2016-12-13,65.64744567871094,84.76000213623047,85.66999816894531,83.81999969482422,84.9800033569336,16669000
2016-12-14,65.62419128417969,84.7300033569336,86.12000274658203,83.76000213623047,83.87999725341797,22622600
2016-12-15,66.60781860351562,86.0,86.48999786376953,84.9000015258789,85.4000015258789,19438900
2016-12-16,65.78682708740234,84.94000244140625,86.29000091552734,84.88999938964844,86.29000091552734,23008500
2016-12-19,66.16634368896484,85.43000030517578,85.44000244140625,84.19000244140625,84.80000305175781,21685100
2016-12-20,67.0182876586914,86.52999877929688,86.54000091552734,85.55000305175781,85.79000091552734,14587300
2016-12-21,67.1886978149414,86.75,86.80999755859375,86.02999877929688,86.43000030517578,11400500
2016-12-22,67.297119140625,86.88999938964844,87.16999816894531,86.20999908447266,86.44000244140625,13924200
2016-12-23,67.4210433959961,87.05000305175781,87.1500015258789,86.4000015258789,87.0,10759400
2016-12-27,67.48298645019531,87.12999725341797,87.16000366210938,86.75,87.05000305175781,6946400
2016-12-28,66.99505615234375,86.5,87.38999938964844,86.3499984741211,87.16000366210938,9455600
2016-12-29,66.52259063720703,85.88999938964844,86.66999816894531,85.04000091552734,86.58000183105469,14689000
2016-12-30,66.8324203491211,86.29000091552734,86.41999816894531,85.66000366210938,86.0999984741211,13617800
2017-01-03,67.5604476928711,87.2300033569336,87.76000213623047,85.9800033569336,87.33999633789062,20550700
2017-01-04,67.68506622314453,86.91000366210938,87.18000030517578,86.4000015258789,86.95999908447266,15266600
2017-01-05,67.06201934814453,86.11000061035156,87.11000061035156,85.26000213623047,86.80999755859375,14300800
2017-01-06,67.06981658935547,86.12000274658203,86.62000274658203,85.94000244140625,86.38999938964844,12893300
2017-01-09,67.11654663085938,86.18000030517578,86.7699966430664,85.5199966430664,85.7300033569336,12806600
2017-01-10,67.31124877929688,86.43000030517578,86.9000015258789,85.72000122070312,86.06999969482422,13989000
2017-01-11,67.81745910644531,87.08000183105469,87.08000183105469,85.91000366210938,86.43000030517578,14713100
2017-01-12,67.16326904296875,86.23999786376953,87.2699966430664,86.0199966430664,86.76000213623047,21337400
2017-01-13,67.5215072631836,86.69999694824219,88.16999816894531,86.0999984741211,87.11000061035156,28296000
2017-01-17,65.06829071044922,83.55000305175781,85.22000122070312,83.27999877929688,84.93000030517578,30024600
2017-01-18,65.37202453613281,83.94000244140625,84.2300033569336,83.02999877929688,83.62999725341797,21270100
2017-01-19,64.87359619140625,83.30000305175781,84.66999816894531,83.12000274658203,84.05999755859375,16555600
2017-01-20,65.16177368164062,83.66999816894531,83.83000183105469,83.29000091552734,83.43000030517578,18436800
2017-01-23,65.1928939819336,83.70999908447266,84.0,83.20999908447266,83.30000305175781,12179200
2017-01-24,65.97949981689453,84.72000122070312,85.0,83.55999755859375,83.91999816894531,15175300
2017-01-25,66.99971771240234,86.02999877929688,86.16999816894531,85.16999816894531,85.83999633789062,17551000
2017-01-26,67.56044006347656,86.75,86.94999694824219,85.94999694824219,85.94999694824219,15962800
2017-01-27,67.70064544677734,86.93000030517578,86.9800033569336,86.2699966430664,86.66000366210938,12535400
2017-01-30,66.99971771240234,86.02999877929688,86.5,85.31999969482422,86.19000244140625,13661900
2017-01-31,65.90939331054688,84.62999725341797,86.1500015258789,84.08999633789062,85.5999984741211,15655100
2017-02-01,66.15861511230469,84.94999694824219,86.0999984741211,84.68000030517578,85.54000091552734,15430900
2017-02-02,65.87826538085938,84.58999633789062,84.91000366210938,84.16000366210938,84.33999633789062,11081400
2017-02-03,67.89535522460938,87.18000030517578,87.30999755859375,85.87000274658203,86.19000244140625,17885200
2017-02-06,67.57601165771484,86.7699966430664,87.44999694824219,86.61000061035156,86.79000091552734,11828400
2017-02-07,67.53710174560547,86.72000122070312,87.4000015258789,86.4800033569336,87.13999938964844,9392800
2017-02-08,66.94520568847656,85.95999908447266,86.30999755859375,85.37000274658203,86.18000030517578,13970900
2017-02-09,67.91092681884766,87.19999694824219,87.33000183105469,85.95999908447266,85.95999908447266,13749100
2017-02-10,67.75515747070312,87.0,87.4800033569336,86.88999938964844,87.4800033569336,10992500
2017-02-13,68.65074920654297,88.1500015258789,88.73999786376953,87.43000030517578,87.44000244140625,18739100
2017-02-14,69.74884796142578,89.55999755859375,89.69999694824219,88.11000061035156,88.30000305175781,17932100
2017-02-15,70.55101776123047,90.58999633789062,90.87000274658203,89.3499984741211,90.08000183105469,17381800
2017-02-16,70.50428009033203,90.52999877929688,91.04000091552734,89.7699966430664,90.4000015258789,17672700
2017-02-17,70.27066040039062,90.2300033569336,90.47000122070312,89.69000244140625,89.81999969482422,15776600
2017-02-21,70.87810516357422,91.01000213623047,91.1500015258789,90.45999908447266,90.51000213623047,14068300
2017-02-22,70.91703796386719,91.05999755859375,91.30000305175781,90.41999816894531,90.5199966430664,11839000
2017-02-23,70.97156524658203,91.12999725341797,91.33999633789062,90.5199966430664,91.18000030517578,11067000
2017-02-24,70.3485336303711,90.33000183105469,90.54000091552734,89.7300033569336,90.18000030517578,15062300
2017-02-27,70.42640686035156,90.43000030517578,90.7300033569336,90.0199966430664,90.31999969482422,12361000
2017-02-28,70.57440185546875,90.62000274658203,90.81999969482422,89.58999633789062,89.8499984741211,15183500
2017-03-01,72.89522552490234,93.5999984741211,93.9800033569336,92.61000061035156,92.79000091552734,24451400
2017-03-02,71.75814056396484,92.13999938964844,93.91999816894531,92.02999877929688,93.87000274658203,16862500
2017-03-03,72.27217102050781,92.80000305175781,93.11000061035156,92.13999938964844,92.13999938964844,12817500
2017-03-06,71.58684539794922,91.91999816894531,92.31999969482422,91.0999984741211,92.25,15059200
2017-03-07,71.18963623046875,91.41000366210938,92.08999633789062,91.20999908447266,91.63999938964844,11156800
2017-03-08,71.03387451171875,91.20999908447266,92.8499984741211,91.0999984741211,92.68000030517578,17378400
2017-03-09,71.31423950195312,91.56999969482422,92.13999938964844,91.1500015258789,91.5999984741211,13726200
2017-03-10,71.08837127685547,91.27999877929688,92.0,90.52999877929688,91.94999694824219,13729900
2017-03-13,71.15067291259766,91.36000061035156,91.77999877929688,90.93000030517578,91.30999755859375,10004300
2017-03-14,71.26750183105469,91.51000213623047,91.6500015258789,90.7699966430664,91.0199966430664,10237700
2017-03-15,71.4388656616211,91.7300033569336,92.55000305175781,91.12999725341797,91.80000305175781,16601400
2017-03-16,71.3687515258789,91.63999938964844,92.80999755859375,91.56999969482422,92.02999877929688,14492000
2017-03-17,70.62110137939453,90.68000030517578,92.04000091552734,90.6500015258789,91.83000183105469,21734700
2017-03-20,70.11489868164062,90.02999877929688,91.16999816894531,89.79000091552734,90.2699966430664,14623600
2017-03-21,68.0588607788086,87.38999938964844,90.63999938964844,87.05999755859375,90.36000061035156,33089200
2017-03-22,68.16790771484375,87.52999877929688,88.06999969482422,86.01000213623047,86.88999938964844,21741000
2017-03-23,68.0588607788086,87.38999938964844,88.5,87.08999633789062,87.20999908447266,16090100
2017-03-24,67.98100280761719,87.29000091552734,88.08999633789062,86.7699966430664,87.79000091552734,16093200
2017-03-27,67.94207000732422,87.23999786376953,87.4000015258789,85.2300033569336,85.52999877929688,16689300
2017-03-28,69.00123596191406,88.5999984741211,89.0199966430664,86.9800033569336,87.0199966430664,16264400
2017-03-29,68.74420166015625,88.2699966430664,88.81999969482422,88.08000183105469,88.5999984741211,10207600
2017-03-30,69.33611297607422,89.02999877929688,89.45999908447266,88.12000274658203,88.19999694824219,11631000
2017-03-31,68.40933227539062,87.83999633789062,88.73999786376953,87.75,88.70999908447266,16987600
2017-04-03,68.1601333618164,87.5199966430664,88.16999816894531,86.5999984741211,87.98999786376953,19831800
2017-04-04,68.38725280761719,87.30999755859375,87.66999816894531,86.72000122070312,86.88999938964844,14280800
2017-04-05,67.50999450683594,86.19000244140625,88.54000091552734,86.12999725341797,88.41999816894531,17635500
2017-04-06,67.73717498779297,86.4800033569336,86.91000366210938,85.25,85.9800033569336,14379600
2017-04-07,67.5021743774414,86.18000030517578,86.80999755859375,85.70999908447266,85.93000030517578,13097100
2017-04-10,67.26720428466797,85.87999725341797,86.69000244140625,85.4000015258789,86.08000183105469,15081600
2017-04-11,67.14970397949219,85.7300033569336,85.79000091552734,84.80000305175781,85.54000091552734,14690500
2017-04-12,66.89122009277344,85.4000015258789,85.94999694824219,85.02999877929688,85.93000030517578,14730600
2017-04-13,66.10794830322266,84.4000015258789,86.98999786376953,84.4000015258789,85.5,30529800
2017-04-17,67.25153350830078,85.86000061035156,86.08000183105469,84.37000274658203,84.44000244140625,19071700
2017-04-18,66.70323944091797,85.16000366210938,85.62999725341797,84.73999786376953,85.36000061035156,14127000
2017-04-19,66.15494537353516,84.45999908447266,85.91999816894531,84.36000061035156,85.5,17588500
2017-04-20,67.00872802734375,85.55000305175781,85.77999877929688,84.55000305175781,84.9800033569336,15635800
2017-04-21,66.20194244384766,84.5199966430664,85.68000030517578,84.51000213623047,85.5,19820600
2017-04-24,68.5361099243164,87.5,88.05000305175781,86.41999816894531,86.55000305175781,25468300
2017-04-25,69.13138580322266,88.26000213623047,89.12999725341797,88.26000213623047,88.55000305175781,18253800
2017-04-26,69.26454162597656,88.43000030517578,89.05000305175781,88.13999938964844,88.3499984741211,12832200
2017-04-27,68.62225341796875,87.61000061035156,88.37000274658203,87.01000213623047,88.37000274658203,13329000
2017-04-28,68.14447021484375,87.0,87.8499984741211,86.94999694824219,87.5999984741211,10755600
2017-05-01,68.19146728515625,87.05999755859375,87.73999786376953,86.55999755859375,87.36000061035156,15712300
2017-05-02,67.75281524658203,86.5,86.87999725341797,86.0199966430664,86.70999908447266,14414200
2017-05-03,68.14447021484375,87.0,87.0999984741211,86.0199966430664,86.05999755859375,11540500
2017-05-04,68.2227783203125,87.0999984741211,87.7300033569336,86.56999969482422,87.69000244140625,11540100
2017-05-05,68.14447021484375,87.0,87.33999633789062,86.41999816894531,87.25,9436000
2017-05-08,68.2227783203125,87.0999984741211,87.31999969482422,86.6500015258789,87.04000091552734,8162200
2017-05-09,67.94862365722656,86.75,87.83999633789062,86.5,87.26000213623047,10273900
2017-05-10,68.48126983642578,87.43000030517578,87.4800033569336,86.47000122070312,86.52999877929688,8334900
2017-05-11,68.26978302001953,87.16000366210938,87.4800033569336,86.3499984741211,87.08999633789062,10907400
2017-05-12,68.08179473876953,86.91999816894531,87.05000305175781,86.33999633789062,86.68000030517578,8738800
2017-05-15,68.41078186035156,87.33999633789062,87.48999786376953,86.86000061035156,87.0999984741211,8835600
2017-05-16,68.62225341796875,87.61000061035156,88.08999633789062,87.33999633789062,87.36000061035156,9795000
2017-05-17,66.0061264038086,84.2699966430664,87.61000061035156,83.97000122070312,87.61000061035156,24679700
2017-05-18,65.76332092285156,83.95999908447266,84.80000305175781,83.36000061035156,84.06999969482422,23350100
2017-05-19,66.40563201904297,84.77999877929688,85.33999633789062,84.1500015258789,84.20999908447266,13412900
2017-05-22,66.34292602539062,84.69999694824219,85.29000091552734,84.20999908447266,85.18000030517578,11636000
2017-05-23,67.17321014404297,85.76000213623047,86.06999969482422,84.51000213623047,84.75,11753000
2017-05-24,67.13404083251953,85.70999908447266,85.97000122070312,85.23999786376953,85.87999725341797,9833800
2017-05-25,66.8520736694336,85.3499984741211,86.08000183105469,85.08000183105469,85.98999786376953,12238500
2017-05-26,66.85990905761719,85.36000061035156,85.55999755859375,85.0199966430664,85.11000061035156,8113500
2017-05-30,65.7163314819336,83.9000015258789,85.1500015258789,83.77999877929688,85.12999725341797,12603200
2017-05-31,64.3456039428711,82.1500015258789,83.81999969482422,81.63999938964844,83.7300033569336,28327900
2017-06-01,65.05838775634766,83.05999755859375,83.08000183105469,81.6500015258789,82.45999908447266,17123500
2017-06-02,64.72940063476562,82.63999938964844,82.98999786376953,81.9800033569336,82.29000091552734,14998500
2017-06-05,64.84691619873047,82.79000091552734,83.51000213623047,82.58000183105469,82.63999938964844,9080200
2017-06-06,64.98003387451172,82.95999908447266,83.22000122070312,82.12999725341797,82.29000091552734,12196800
2017-06-07,65.72415161132812,83.91000366210938,84.11000061035156,83.0999984741211,83.30999755859375,13711100
2017-06-08,66.53874969482422,84.94999694824219,85.7300033569336,83.88999938964844,83.91000366210938,17951000
2017-06-09,68.1131362915039,86.95999908447266,87.05000305175781,85.38999938964844,85.51000213623047,19120200
2017-06-12,68.12879180908203,86.9800033569336,87.73999786376953,86.88999938964844,86.95999908447266,16053400
2017-06-13,68.35592651367188,87.2699966430664,87.8499984741211,86.9800033569336,87.55000305175781,12557200
2017-06-14,68.21495056152344,87.08999633789062,87.30999755859375,85.81999969482422,86.7699966430664,16175700
2017-06-15,67.8076400756836,86.56999969482422,87.08000183105469,86.23999786376953,86.25,12509700
2017-06-16,67.5021743774414,86.18000030517578,86.95999908447266,86.0199966430664,86.8499984741211,16936600
2017-06-19,68.98255157470703,88.06999969482422,88.2300033569336,86.8499984741211,86.97000122070312,15972300
2017-06-20,68.5517807006836,87.5199966430664,87.91999816894531,87.37000274658203,87.75,11197800
2017-06-21,68.23844909667969,87.12000274658203,87.55000305175781,86.76000213623047,87.4800033569336,10005900
2017-06-22,68.16012573242188,87.0199966430664,87.36000061035156,86.6500015258789,86.93000030517578,12180600
2017-06-23,68.03480529785156,86.86000061035156,88.0,86.61000061035156,87.66000366210938,18812000
2017-06-26,68.33245086669922,87.23999786376953,87.66999816894531,86.62000274658203,87.01000213623047,10082400
2017-06-27,68.96688842773438,88.05000305175781,88.94000244140625,87.5,87.70999908447266,15415200
2017-06-28,70.35327911376953,89.81999969482422,90.06999969482422,88.5999984741211,88.5999984741211,17466200
2017-06-29,71.39502716064453,91.1500015258789,92.6500015258789,90.30999755859375,92.33999633789062,27697800
2017-06-30,71.5908432006836,91.4000015258789,92.0,91.16000366210938,91.95999908447266,16892700
2017-07-03,73.04785919189453,92.75,93.4800033569336,91.41000366210938,91.55999755859375,13208100
2017-07-05,73.78031921386719,93.68000030517578,93.79000091552734,92.61000061035156,93.12000274658203,17535400
2017-07-06,73.54402160644531,93.37999725341797,94.51000213623047,92.87999725341797,93.54000091552734,16596100
2017-07-07,73.91419982910156,93.8499984741211,94.16999816894531,93.2300033569336,93.95999908447266,12817800
2017-07-10,73.39440155029297,93.19000244140625,93.68000030517578,93.08999633789062,93.5,13987200
2017-07-11,73.11090850830078,92.83000183105469,93.33000183105469,92.27999877929688,93.33000183105469,13262300
2017-07-12,72.85884094238281,92.51000213623047,92.83000183105469,92.06999969482422,92.61000061035156,13540100
2017-07-13,73.3235092163086,93.0999984741211,93.37999725341797,92.33999633789062,92.69000244140625,12820100
2017-07-14,72.65408325195312,92.25,92.61000061035156,90.58000183105469,90.80999755859375,22235200
2017-07-17,71.97676086425781,91.38999938964844,91.98999786376953,91.25,91.81999969482422,14374200
2017-07-18,71.7247314453125,91.06999969482422,91.58000183105469,90.31999969482422,90.44999694824219,14719400
2017-07-19,71.8271255493164,91.19999694824219,91.62000274658203,91.0,91.33999633789062,11651200
2017-07-20,71.8271255493164,91.19999694824219,91.72000122070312,90.9000015258789,91.1500015258789,11561700
2017-07-21,71.58296203613281,90.88999938964844,91.36000061035156,90.5199966430664,91.05999755859375,10971300
2017-07-24,71.8901138305664,91.27999877929688,91.54000091552734,90.91000366210938,90.95999908447266,10725100
2017-07-25,73.0872573852539,92.80000305175781,93.5199966430664,92.2699966430664,92.37000274658203,16447700
2017-07-26,72.40206146240234,91.93000030517578,93.19000244140625,91.68000030517578,93.0999984741211,11815500
2017-07-27,72.102783203125,91.55000305175781,92.05999755859375,91.16000366210938,91.83000183105469,12332400
2017-07-28,71.8901138305664,91.27999877929688,91.75,90.91000366210938,91.44999694824219,9351900
2017-07-31,72.2996826171875,91.80000305175781,92.36000061035156,91.5,91.51000213623047,11520300
2017-08-01,73.26839447021484,93.02999877929688,93.13999938964844,92.27999877929688,92.48999786376953,12523700
2017-08-02,73.3313980102539,93.11000061035156,93.20999908447266,92.51000213623047,92.87000274658203,10165600
2017-08-03,72.85096740722656,92.5,93.12999725341797,92.23999786376953,92.69999694824219,11078800
2017-08-04,73.76454162597656,93.66000366210938,94.4000015258789,93.47000122070312,93.5,14324000
2017-08-07,74.04810333251953,94.0199966430664,94.19000244140625,93.70999908447266,93.88999938964844,7978300
2017-08-08,73.78031921386719,93.68000030517578,95.22000122070312,93.5999984741211,93.94999694824219,13745400
2017-08-09,73.66216278076172,93.52999877929688,93.68000030517578,92.83000183105469,92.9800033569336,11214400
2017-08-10,72.60681915283203,92.19000244140625,93.06999969482422,92.06999969482422,92.9000015258789,13252300
2017-08-11,72.00038146972656,91.41999816894531,92.66999816894531,91.23999786376953,92.12999725341797,10679500
2017-08-14,72.84309387207031,92.48999786376953,92.9000015258789,92.33000183105469,92.37000274658203,10994800
2017-08-15,73.0321273803711,92.7300033569336,93.55999755859375,92.6500015258789,93.30999755859375,8812700
2017-08-16,72.52804565429688,92.08999633789062,93.2300033569336,91.87999725341797,93.04000091552734,11085400
2017-08-17,71.39395904541016,90.6500015258789,91.95999908447266,90.5,91.76000213623047,13837500
2017-08-18,71.46481323242188,90.73999786376953,91.54000091552734,90.19000244140625,90.30999755859375,13040700
2017-08-21,71.37820434570312,90.62999725341797,90.94000244140625,90.16000366210938,90.8499984741211,11502100
2017-08-22,72.11063385009766,91.55999755859375,91.70999908447266,91.0,91.06999969482422,9211800
2017-08-23,72.19728088378906,91.66999816894531,92.33999633789062,90.83999633789062,90.87000274658203,8811300
2017-08-24,72.07915496826172,91.5199966430664,92.12000274658203,91.41000366210938,91.93000030517578,8623200
2017-08-25,72.37054443359375,91.88999938964844,92.4800033569336,91.80000305175781,91.87999725341797,11794600
2017-08-28,72.14216613769531,91.5999984741211,92.19000244140625,91.12999725341797,92.16000366210938,7292900
2017-08-29,71.74835968017578,91.0999984741211,91.30999755859375,90.30999755859375,90.44999694824219,10886100
2017-08-30,71.91376495361328,91.30999755859375,91.87999725341797,91.19000244140625,91.25,9165300
2017-08-31,71.58296203613281,90.88999938964844,91.8499984741211,90.80000305175781,91.80999755859375,13217400
2017-09-01,72.22090911865234,91.69999694824219,92.36000061035156,90.94999694824219,91.25,9815800
2017-09-05,70.49612426757812,89.51000213623047,91.11000061035156,89.0199966430664,91.0199966430664,16897300
2017-09-06,70.96864318847656,90.11000061035156,90.5199966430664,89.63999938964844,90.0,11845700
2017-09-07,69.72428131103516,88.52999877929688,90.12999725341797,88.08000183105469,90.11000061035156,14592300
2017-09-08,69.63765716552734,88.41999816894531,89.41999816894531,88.23999786376953,88.30999755859375,14242200
2017-09-11,70.71663665771484,89.79000091552734,90.25,88.94999694824219,89.38999938964844,13219000
2017-09-12,71.58296203613281,90.88999938964844,91.25,90.0999984741211,90.16999816894531,14003800
2017-09-13,71.78772735595703,91.1500015258789,91.5,90.31999969482422,90.61000061035156,12485400
2017-09-14,71.64598083496094,90.97000122070312,91.52999877929688,90.73999786376953,91.19999694824219,10562800
2017-09-15,72.15789794921875,91.62000274658203,91.70999908447266,90.76000213623047,91.08000183105469,18171800
2017-09-18,73.18174743652344,92.91999816894531,93.13999938964844,91.8499984741211,91.93000030517578,11318700
2017-09-19,73.9850845336914,93.94000244140625,94.36000061035156,92.5199966430664,92.70999908447266,12626100
2017-09-20,74.50489044189453,94.5999984741211,95.29000091552734,93.70999908447266,94.0999984741211,15311600
2017-09-21,74.84352111816406,95.02999877929688,95.37000274658203,94.19000244140625,94.45999908447266,10851500
2017-09-22,74.68602752685547,94.83000183105469,94.9800033569336,94.43000030517578,94.69999694824219,8358300
2017-09-25,74.1268539428711,94.12000274658203,94.87999725341797,93.44999694824219,94.51000213623047,10463400
2017-09-26,73.79605102539062,93.69999694824219,94.02999877929688,93.33999633789062,93.77999877929688,9358100
2017-09-27,74.96167755126953,95.18000030517578,95.72000122070312,94.58000183105469,94.97000122070312,15090200
2017-09-28,75.11919403076172,95.37999725341797,95.87999725341797,94.91000366210938,95.58999633789062,10270400
2017-09-29,75.22158813476562,95.51000213623047,95.5199966430664,95.0199966430664,95.30000305175781,11438400
2017-10-02,76.2690658569336,96.83999633789062,96.87999725341797,95.45999908447266,95.7699966430664,13797200
2017-10-03,76.67071533203125,97.3499984741211,97.43000030517578,96.7699966430664,96.83000183105469,9633500
2017-10-04,75.89105987548828,96.36000061035156,97.44000244140625,96.27999877929688,97.30000305175781,12166600
2017-10-05,76.91291809082031,97.08999633789062,97.4000015258789,95.55000305175781,96.0,14236200
2017-10-06,76.77828979492188,96.91999816894531,97.63999938964844,96.47000122070312,97.55000305175781,10231900
2017-10-09,76.37425231933594,96.41000366210938,97.06999969482422,96.13999938964844,96.95999908447266,7765100
2017-10-10,76.94462585449219,97.12999725341797,97.18000030517578,96.23999786376953,96.45999908447266,10631500
2017-10-11,76.71489715576172,96.83999633789062,97.01000213623047,96.13999938964844,96.83000183105469,14283600
2017-10-12,76.04154205322266,95.98999786376953,97.5,95.62000274658203,97.30000305175781,18251600
2017-10-13,75.93855285644531,95.86000061035156,96.70999908447266,94.95999908447266,95.4800033569336,13190600
2017-10-16,77.50706481933594,97.83999633789062,97.94999694824219,96.33999633789062,96.33999633789062,12434000
2017-10-17,77.33279418945312,97.62000274658203,98.18000030517578,97.31999969482422,98.06999969482422,10335700
2017-10-18,77.62586975097656,97.98999786376953,98.55000305175781,97.62999725341797,98.1500015258789,10158600
2017-10-19,77.72095489501953,98.11000061035156,98.19999694824219,97.08999633789062,97.19000244140625,9133900
2017-10-20,78.83002471923828,99.51000213623047,99.88999938964844,98.7300033569336,99.27999877929688,15326600
2017-10-23,78.6953353881836,99.33999633789062,99.98999786376953,99.23999786376953,99.51000213623047,9238600
2017-10-24,79.94699096679688,100.91999816894531,101.19000244140625,99.76000213623047,99.87999725341797,13000800
2017-10-25,80.02619934082031,101.0199966430664,101.44999694824219,100.19000244140625,101.25,14632700
2017-10-26,80.59657287597656,101.73999786376953,102.41999816894531,101.31999969482422,101.3499984741211,13054400
2017-10-27,80.62034606933594,101.7699966430664,102.2300033569336,101.05000305175781,101.43000030517578,10400400
2017-10-30,80.33516693115234,101.41000366210938,101.93000030517578,100.87000274658203,101.12999725341797,8839500
2017-10-31,79.70142364501953,100.61000061035156,101.69999694824219,100.56999969482422,101.37000274658203,8690200
2017-11-01,79.94699096679688,100.91999816894531,101.69999694824219,100.7300033569336,101.0999984741211,8418200
2017-11-02,80.47777557373047,101.58999633789062,101.7699966430664,100.16000366210938,100.87000274658203,8731800
2017-11-03,80.33516693115234,101.41000366210938,101.52999877929688,100.7300033569336,101.0999984741211,7103500
2017-11-06,79.83610534667969,100.77999877929688,101.69000244140625,100.66000366210938,101.33999633789062,8121500
2017-11-07,78.22795867919922,98.75,100.75,98.25,100.55999755859375,18822600
2017-11-08,77.3486328125,97.63999938964844,98.37000274658203,97.1500015258789,98.2699966430664,18524700
2017-11-09,77.34072875976562,97.62999725341797,98.22000122070312,96.80999755859375,97.12000274658203,13697800
2017-11-10,77.24565887451172,97.51000213623047,98.33999633789062,97.5,97.80999755859375,9314000
2017-11-13,77.52290344238281,97.86000061035156,98.05000305175781,96.62000274658203,96.69000244140625,9303100
2017-11-14,77.05550384521484,97.2699966430664,97.77999877929688,96.8499984741211,97.33999633789062,11043800
2017-11-15,77.78433990478516,98.19000244140625,98.73999786376953,95.94999694824219,96.38999938964844,15384100
2017-11-16,78.00614166259766,98.47000122070312,99.05999755859375,98.30999755859375,98.52999877929688,9808000
2017-11-17,77.74472045898438,98.13999938964844,98.41000366210938,97.56999969482422,97.81999969482422,9017900
2017-11-20,78.4339370727539,99.01000213623047,99.1500015258789,97.76000213623047,98.44999694824219,9483200
2017-11-21,78.37055969238281,98.93000030517578,99.55000305175781,98.91000366210938,99.5,13389400
2017-11-22,78.14081573486328,98.63999938964844,99.5199966430664,98.58999633789062,99.02999877929688,7342200
2017-11-24,77.8873062133789,98.31999969482422,98.9000015258789,98.26000213623047,98.83000183105469,3680000
2017-11-27,77.578369140625,97.93000030517578,99.12999725341797,97.93000030517578,98.30999755859375,13076200
2017-11-28,80.29554748535156,101.36000061035156,101.69999694824219,97.97000122070312,98.20999908447266,16773000
2017-11-29,82.17303466796875,103.7300033569336,104.22000122070312,101.95999908447266,102.41000366210938,21105500
2017-11-30,82.798828125,104.5199966430664,106.66000366210938,104.04000091552734,104.73999786376953,23945900
2017-12-01,83.01275634765625,104.79000091552734,105.31999969482422,102.19999694824219,104.9000015258789,19683500
2017-12-04,84.7238540649414,106.94999694824219,108.4000015258789,106.7699966430664,107.7300033569336,23576600
2017-12-05,83.74947357177734,105.72000122070312,107.41000366210938,104.12000274658203,105.58000183105469,17193900
2017-12-06,83.12364196777344,104.93000030517578,105.76000213623047,104.52999877929688,105.55000305175781,15476200
2017-12-07,82.8780746459961,104.62000274658203,105.19000244140625,103.7300033569336,103.94999694824219,13371800
2017-12-08,83.91582489013672,105.93000030517578,105.94000244140625,104.33999633789062,104.75,13506900
2017-12-11,83.67024993896484,105.62000274658203,106.05999755859375,105.30999755859375,105.72000122070312,10591200
2017-12-12,84.6446304321289,106.8499984741211,107.37000274658203,105.54000091552734,106.91000366210938,15508800
2017-12-13,83.5831069946289,105.51000213623047,107.11000061035156,105.4800033569336,106.69999694824219,15020300
2017-12-14,82.90974426269531,104.66000366210938,106.44999694824219,104.63999938964844,106.12000274658203,13034200
2017-12-15,84.08219146728516,106.13999938964844,106.5199966430664,105.19999694824219,105.79000091552734,29350600
2017-12-18,84.73175811767578,106.95999908447266,107.62999725341797,106.4800033569336,107.19000244140625,12713100
2017-12-19,84.37528228759766,106.51000213623047,107.48999786376953,106.44000244140625,107.3499984741211,12149900
2017-12-20,84.08219146728516,106.13999938964844,107.7300033569336,106.08999633789062,107.5999984741211,13091500
2017-12-21,85.42096710205078,107.83000183105469,108.06999969482422,106.55999755859375,106.58999633789062,12323700
2017-12-22,85.11994171142578,107.44999694824219,108.45999908447266,106.80999755859375,108.19999694824219,14573400
2017-12-26,84.77928924560547,107.0199966430664,107.98999786376953,106.4000015258789,107.19999694824219,7403700
2017-12-27,84.937744140625,107.22000122070312,107.29000091552734,106.66999816894531,106.66999816894531,9496500
2017-12-28,85.38927459716797,107.79000091552734,107.83999633789062,107.16000366210938,107.4000015258789,7440600
2017-12-29,84.71592712402344,106.94000244140625,108.27999877929688,106.94000244140625,108.08999633789062,8925700
2018-01-02,85.51604461669922,107.94999694824219,108.0199966430664,106.80999755859375,107.62999725341797,13578800
2018-01-03,85.60317993164062,108.05999755859375,108.48999786376953,107.4800033569336,107.86000061035156,11901000
2018-01-04,86.8294906616211,109.04000091552734,110.02999877929688,108.19999694824219,108.36000061035156,12953700
2018-01-05,86.27206420898438,108.33999633789062,109.55000305175781,107.77999877929688,109.26000213623047,14155000
2018-01-08,86.39947509765625,108.5,108.68000030517578,107.69999694824219,108.1500015258789,12466500
2018-01-09,86.83744812011719,109.05000305175781,109.62999725341797,108.48999786376953,108.72000122070312,13292300
2018-01-10,87.79303741455078,110.25,110.69999694824219,109.38999938964844,109.47000122070312,15834500
2018-01-11,88.26284790039062,110.83999633789062,110.93000030517578,110.05000305175781,110.66999816894531,13676800
2018-01-12,89.7200927734375,112.66999816894531,112.8499984741211,110.83999633789062,111.6500015258789,18884200
2018-01-16,89.40156555175781,112.2699966430664,113.43000030517578,111.06999969482422,111.51000213623047,22703300
2018-01-17,89.97492218017578,112.98999786376953,113.30000305175781,111.30999755859375,111.88999938964844,14940300
2018-01-18,90.1899185180664,113.26000213623047,113.72000122070312,112.2699966430664,112.76000213623047,14572900
2018-01-19,89.99080657958984,113.01000213623047,114.33999633789062,112.80000305175781,113.94000244140625,18785500
2018-01-22,91.04195404052734,114.33000183105469,114.38999938964844,112.5,112.66000366210938,12475700
2018-01-23,90.94641876220703,114.20999908447266,114.63999938964844,113.3499984741211,113.66999816894531,12320800
2018-01-24,92.10902404785156,115.66999816894531,116.0,114.66000366210938,114.86000061035156,15904500
2018-01-25,92.13290405273438,115.69999694824219,116.16999816894531,115.08000183105469,116.04000091552734,13510000
2018-01-26,92.62661743164062,116.31999969482422,116.31999969482422,114.95999908447266,115.69999694824219,13883900
2018-01-29,92.53103637695312,116.19999694824219,117.3499984741211,116.0199966430664,116.0199966430664,11679900
2018-01-30,91.66309356689453,115.11000061035156,116.5999984741211,114.9800033569336,115.52999877929688,14279100
2018-01-31,92.10902404785156,115.66999816894531,116.66000366210938,115.16000366210938,115.6500015258789,13141400
2018-02-01,93.06456756591797,116.87000274658203,116.98999786376953,115.4800033569336,115.7699966430664,13800600
2018-02-02,91.00215148925781,114.27999877929688,116.91999816894531,114.08999633789062,116.48999786376953,16477300
2018-02-05,86.63836669921875,108.80000305175781,114.58999633789062,103.9800033569336,113.0,30097600
2018-02-06,89.274169921875,112.11000061035156,112.4800033569336,106.61000061035156,106.8499984741211,33114800
2018-02-07,89.87935638427734,112.87000274658203,114.44999694824219,111.1500015258789,111.55000305175781,21878300
2018-02-08,85.90575408935547,107.87999725341797,113.11000061035156,107.83999633789062,113.11000061035156,27425800
2018-02-09,87.62579345703125,110.04000091552734,111.05000305175781,106.2300033569336,109.0999984741211,28188000
2018-02-12,88.97953033447266,111.73999786376953,112.7300033569336,110.06999969482422,111.16999816894531,18043300
2018-02-13,89.52897644042969,112.43000030517578,113.05000305175781,110.80000305175781,111.31999969482422,16358200
2018-02-14,91.59938049316406,115.02999877929688,115.2699966430664,112.52999877929688,112.62999725341797,15186900
2018-02-15,91.98159790039062,115.51000213623047,115.98999786376953,114.22000122070312,115.73999786376953,12130200
2018-02-16,91.32067108154297,114.68000030517578,116.06999969482422,114.5,114.55000305175781,13214300
2018-02-20,91.34455871582031,114.70999908447266,115.38999938964844,113.97000122070312,114.6500015258789,13461500
2018-02-21,91.726806640625,115.19000244140625,117.44999694824219,114.66999816894531,115.0,14212500
2018-02-22,91.55957794189453,114.9800033569336,116.43000030517578,114.76000213623047,115.5,17070400
2018-02-23,93.41495513916016,117.30999755859375,117.38999938964844,115.30999755859375,115.30999755859375,12162500
2018-02-26,94.57756805419922,118.7699966430664,118.9000015258789,117.31999969482422,118.13999938964844,16511200
2018-02-27,93.45478820800781,117.36000061035156,119.33000183105469,117.3499984741211,118.91000366210938,17563300
2018-02-28,91.97362518310547,115.5,118.48999786376953,115.33999633789062,117.81999969482422,17735600
2018-03-01,90.32530212402344,113.43000030517578,116.63999938964844,112.6500015258789,115.4800033569336,18690000
2018-03-02,90.23771667480469,113.31999969482422,113.55999755859375,111.12000274658203,112.38999938964844,18353700
2018-03-05,91.62325286865234,115.05999755859375,115.93000030517578,111.88999938964844,112.05000305175781,13933000
2018-03-06,91.702880859375,115.16000366210938,115.81999969482422,114.31999969482422,115.63999938964844,10674400
2018-03-07,91.3604965209961,114.7300033569336,115.0999984741211,113.11000061035156,113.75,13006500
2018-03-08,91.36846160888672,114.73999786376953,115.2300033569336,113.20999908447266,115.11000061035156,11173700
2018-03-09,93.99626159667969,118.04000091552734,118.08000183105469,115.66999816894531,116.55000305175781,15366600
2018-03-12,93.69365692138672,117.66000366210938,118.75,117.25,118.0,12339300
2018-03-13,92.57086944580078,116.25,118.47000122070312,115.83000183105469,118.19999694824219,13312300
2018-03-14,91.5356674194336,114.94999694824219,116.58999633789062,114.5999984741211,116.55999755859375,12905100
2018-03-15,91.76660919189453,115.23999786376953,116.0,114.83000183105469,115.87000274658203,8748000
2018-03-16,91.92586517333984,115.44000244140625,116.5999984741211,115.33999633789062,115.33999633789062,19888900
2018-03-19,91.20121002197266,114.52999877929688,115.44999694824219,113.30000305175781,115.0999984741211,13214900
2018-03-20,91.28881072998047,114.63999938964844,115.44999694824219,114.44999694824219,114.87000274658203,9921200
2018-03-21,91.36846160888672,114.73999786376953,116.62999725341797,114.20999908447266,114.80999755859375,13633000
2018-03-22,87.55413055419922,109.94999694824219,113.5999984741211,109.54000091552734,113.19999694824219,22550400
2018-03-23,85.21296691894531,107.01000213623047,110.91999816894531,106.76000213623047,110.2699966430664,23081500
2018-03-26,87.84080505371094,110.30999755859375,111.16000366210938,108.6500015258789,109.19000244140625,20217500
2018-03-27,86.13671112060547,108.16999816894531,111.69000244140625,107.30000305175781,111.06999969482422,18039900
2018-03-28,86.00132751464844,108.0,109.16999816894531,106.6500015258789,108.27999877929688,19189300
2018-03-29,87.57006072998047,109.97000122070312,110.77999877929688,107.77999877929688,108.5,13274600
2018-04-02,85.88187408447266,107.8499984741211,110.7300033569336,106.08000183105469,109.95999908447266,18822500
2018-04-03,87.0604248046875,109.33000183105469,109.5,107.26000213623047,108.36000061035156,14050700
2018-04-04,88.38229370117188,110.98999786376953,111.20999908447266,107.0199966430664,107.0999984741211,15302600
2018-04-05,89.54277801513672,111.87999725341797,112.83000183105469,111.38999938964844,111.62999725341797,16627000
2018-04-06,87.30980682373047,109.08999633789062,111.55000305175781,107.81999969482422,110.55000305175781,18906000
2018-04-09,88.3582763671875,110.4000015258789,112.9800033569336,109.88999938964844,110.01000213623047,15974300
2018-04-10,90.04702758789062,112.51000213623047,112.87000274658203,111.41999816894531,112.12999725341797,13951400
2018-04-11,88.53434753417969,110.62000274658203,111.80999755859375,110.5199966430664,111.66000366210938,14503300
2018-04-12,90.73529815673828,113.37000274658203,114.38999938964844,111.5,111.55999755859375,16435500
2018-04-13,88.27823638916016,110.30000305175781,115.1500015258789,109.05000305175781,115.0199966430664,39152800
2018-04-16,88.20622253417969,110.20999908447266,111.47000122070312,109.79000091552734,110.94000244140625,16580500
2018-04-17,88.20622253417969,110.20999908447266,111.91999816894531,109.98999786376953,111.37000274658203,15501400
2018-04-18,87.4939193725586,109.31999969482422,111.06999969482422,108.88999938964844,110.52999877929688,16081400
2018-04-19,89.41473388671875,111.72000122070312,111.87000274658203,109.5,109.52999877929688,17911000
2018-04-20,89.21466064453125,111.47000122070312,112.73999786376953,110.87999725341797,112.30000305175781,15584400
2018-04-23,88.78246307373047,110.93000030517578,111.94999694824219,110.62999725341797,111.56999969482422,11285800
2018-04-24,88.36627197265625,110.41000366210938,112.9000015258789,109.58999633789062,111.75,16453100
2018-04-25,88.03016662597656,109.98999786376953,110.52999877929688,108.5999984741211,110.2699966430664,13548200
2018-04-26,88.11817169189453,110.0999984741211,110.81999969482422,109.33999633789062,109.97000122070312,10299500
2018-04-27,87.55791473388672,109.4000015258789,110.16000366210938,109.12999725341797,109.55000305175781,9384000
2018-04-30,87.06171417236328,108.77999877929688,110.30000305175781,108.75,109.75,13744900
2018-05-01,87.06171417236328,108.77999877929688,108.97000122070312,107.54000091552734,108.44999694824219,10503400
2018-05-02,86.37342834472656,107.91999816894531,109.48999786376953,107.7300033569336,108.11000061035156,12162100
2018-05-03,85.82916259765625,107.23999786376953,107.7699966430664,105.18000030517578,107.58999633789062,15379100
2018-05-04,86.78158569335938,108.43000030517578,108.73999786376953,105.9800033569336,106.43000030517578,11967900
2018-05-07,87.53392791748047,109.37000274658203,109.68000030517578,108.36000061035156,108.76000213623047,9356700
2018-05-08,88.83047485351562,110.98999786376953,111.33999633789062,109.27999877929688,109.52999877929688,12543200
2018-05-09,90.76731872558594,113.41000366210938,113.63999938964844,111.02999877929688,111.44000244140625,11368100
2018-05-10,91.47162628173828,114.29000091552734,114.44000244140625,112.75,113.19000244140625,9159700
2018-05-11,91.12747955322266,113.86000061035156,114.7300033569336,113.66999816894531,114.48999786376953,10253000
2018-05-14,91.15948486328125,113.9000015258789,114.69999694824219,113.73999786376953,114.11000061035156,8710700
2018-05-15,90.46321868896484,113.02999877929688,113.91000366210938,112.56999969482422,113.91000366210938,11536200
2018-05-16,90.7112808227539,113.33999633789062,113.69000244140625,112.62999725341797,112.88999938964844,7571100
2018-05-17,90.40717315673828,112.95999908447266,113.41000366210938,112.19999694824219,113.19999694824219,8617200
2018-05-18,88.94251251220703,111.12999725341797,112.80000305175781,110.83999633789062,112.75,11806300
2018-05-21,89.75889587402344,112.1500015258789,112.54000091552734,111.91999816894531,112.05000305175781,9441900
2018-05-22,90.44715118408203,113.01000213623047,114.29000091552734,112.29000091552734,112.3499984741211,11507600
2018-05-23,90.031005859375,112.48999786376953,112.7699966430664,111.12000274658203,112.51000213623047,11453900
2018-05-24,89.02255249023438,111.2300033569336,112.1500015258789,110.12000274658203,112.13999938964844,14084800
2018-05-25,88.56637573242188,110.66000366210938,111.08000183105469,110.19999694824219,110.45999908447266,8283500
2018-05-29,84.78071594238281,105.93000030517578,109.19999694824219,104.95999908447266,109.18000030517578,30643800
2018-05-30,86.71757507324219,108.3499984741211,108.5999984741211,106.6500015258789,107.63999938964844,17490800
2018-05-31,85.64509582519531,107.01000213623047,108.19000244140625,106.41999816894531,107.94999694824219,19808200
2018-06-01,86.75757598876953,108.4000015258789,108.94000244140625,107.80000305175781,108.33999633789062,13594200
2018-06-04,86.79761505126953,108.44999694824219,109.26000213623047,108.2699966430664,108.98999786376953,9415400
2018-06-05,86.30937194824219,107.83999633789062,108.30999755859375,107.06999969482422,108.23999786376953,10415200
2018-06-06,88.32627868652344,110.36000061035156,110.73999786376953,108.4800033569336,108.66000366210938,15453600
2018-06-07,88.67841339111328,110.80000305175781,111.5,110.02999877929688,111.18000030517578,13444400
2018-06-08,88.92650604248047,111.11000061035156,111.13999938964844,110.05999755859375,110.62000274658203,10383200
2018-06-11,88.70242309570312,110.83000183105469,111.91000366210938,110.7699966430664,111.12000274658203,12642900
2018-06-12,88.19021606445312,110.19000244140625,111.52999877929688,109.5199966430664,111.13999938964844,15294100
2018-06-13,88.01412200927734,109.97000122070312,111.44999694824219,109.58000183105469,110.45999908447266,14979700
2018-06-14,86.46145629882812,108.02999877929688,110.36000061035156,107.77999877929688,110.27999877929688,20487300
2018-06-15,86.35740661621094,107.9000015258789,108.37999725341797,106.2699966430664,107.80000305175781,26028600
2018-06-18,86.5815200805664,108.18000030517578,108.4000015258789,106.69000244140625,107.26000213623047,9786800
2018-06-19,86.07727813720703,107.55000305175781,107.87999725341797,106.5999984741211,106.9000015258789,12707200
2018-06-20,86.06929016113281,107.54000091552734,108.63999938964844,107.44000244140625,108.18000030517578,8876900
2018-06-21,86.0452880859375,107.51000213623047,108.20999908447266,106.52999877929688,107.0999984741211,11048700
2018-06-22,84.63666534423828,105.75,108.37000274658203,105.51000213623047,108.16000366210938,19478900
2018-06-25,83.86834716796875,104.79000091552734,105.69999694824219,103.95999908447266,105.66000366210938,16907600
2018-06-26,83.92436981201172,104.86000061035156,105.20999908447266,103.11000061035156,104.70999908447266,17086800
2018-06-27,82.62779998779297,103.23999786376953,105.91999816894531,103.2300033569336,104.68000030517578,16276800
2018-06-28,83.98036193847656,104.93000030517578,105.45999908447266,103.51000213623047,103.68000030517578,14491300
2018-06-29,83.39612579345703,104.19999694824219,106.9000015258789,104.1500015258789,106.68000030517578,18972400
2018-07-02,84.10043334960938,105.08000183105469,105.08999633789062,103.37999725341797,103.72000122070312,11130000
2018-07-03,82.92391204833984,103.61000061035156,105.77999877929688,103.5199966430664,105.41000366210938,8311700
2018-07-05,83.46306610107422,103.72000122070312,104.37999725341797,103.52999877929688,104.12999725341797,10723400
2018-07-06,83.73668670654297,104.05999755859375,104.5,102.19999694824219,103.12000274658203,12173700
2018-07-09,86.32778930664062,107.27999877929688,107.45999908447266,104.70999908447266,104.70999908447266,13900800
2018-07-10,85.79669189453125,106.62000274658203,108.4000015258789,106.52999877929688,108.0199966430664,14575900
2018-07-11,85.61160278320312,106.38999938964844,107.05999755859375,106.20999908447266,106.30999755859375,10186500
2018-07-12,85.98177337646484,106.8499984741211,107.55999755859375,105.97000122070312,107.41999816894531,12456800
2018-07-13,85.58744812011719,106.36000061035156,107.80000305175781,105.13999938964844,107.30000305175781,21289100
2018-07-16,88.9832763671875,110.58000183105469,110.7699966430664,106.9800033569336,107.05000305175781,24662600
2018-07-17,88.91891479492188,110.5,110.93000030517578,109.75,110.69000244140625,14821900
2018-07-18,89.74774932861328,111.52999877929688,112.12000274658203,110.19999694824219,110.41999816894531,14244900
2018-07-19,88.42803955078125,109.88999938964844,111.08999633789062,109.7300033569336,111.05999755859375,16775300
2018-07-20,89.54656982421875,111.27999877929688,111.73999786376953,109.77999877929688,110.0,13578100
2018-07-23,91.2123031616211,113.3499984741211,114.23999786376953,110.93000030517578,111.05999755859375,18140000
2018-07-24,91.85606384277344,114.1500015258789,114.77999877929688,113.41999816894531,113.55000305175781,14000400
2018-07-25,92.68488311767578,115.18000030517578,115.5199966430664,113.37999725341797,113.87999725341797,13329100
2018-07-26,92.4193344116211,114.8499984741211,115.58999633789062,114.58000183105469,115.41999816894531,11897800
2018-07-27,93.36888122558594,116.02999877929688,116.30000305175781,114.80999755859375,115.18000030517578,12802700
2018-07-30,93.93214416503906,116.7300033569336,117.61000061035156,116.05999755859375,116.27999877929688,13411600
2018-07-31,92.49981689453125,114.94999694824219,117.08000183105469,114.81999969482422,117.08000183105469,15843800
2018-08-01,93.0711441040039,115.66000366210938,116.69000244140625,115.27999877929688,115.75,13531600
2018-08-02,93.4654541015625,116.1500015258789,116.25,114.33000183105469,114.56999969482422,11058100
2018-08-03,94.22185516357422,117.08999633789062,117.12999725341797,115.94000244140625,116.0,11016100
2018-08-06,94.24598693847656,117.12000274658203,117.52999877929688,116.18000030517578,116.79000091552734,9857400
2018-08-07,94.59200286865234,117.55000305175781,118.29000091552734,117.33000183105469,117.73999786376953,10562100
2018-08-08,94.78515625,117.79000091552734,118.2699966430664,117.27999877929688,117.33000183105469,8997100
2018-08-09,94.05288696289062,116.87999725341797,117.72000122070312,116.69999694824219,117.51000213623047,9694200
2018-08-10,93.12747955322266,115.7300033569336,115.94999694824219,114.68000030517578,115.5,12630600
2018-08-13,91.64683532714844,113.88999938964844,115.87999725341797,113.81999969482422,115.55999755859375,10336300
2018-08-14,92.2583999633789,114.6500015258789,115.04000091552734,113.6500015258789,114.2699966430664,10597600
2018-08-15,91.49394226074219,113.69999694824219,114.33000183105469,112.97000122070312,113.81999969482422,10152100
2018-08-16,92.35497283935547,114.7699966430664,115.30999755859375,114.30000305175781,114.3499984741211,10118600
2018-08-17,92.35497283935547,114.7699966430664,115.06999969482422,114.30000305175781,114.63999938964844,8505100
2018-08-20,92.23424530029297,114.62000274658203,115.05000305175781,114.11000061035156,114.58999633789062,8618700
2018-08-21,92.79754638671875,115.31999969482422,116.38999938964844,114.87999725341797,115.37000274658203,10976700
2018-08-22,92.51590728759766,114.97000122070312,115.41000366210938,114.77999877929688,115.30999755859375,8314700
2018-08-23,92.3227767944336,114.7300033569336,115.1500015258789,114.43000030517578,114.95999908447266,9265400
2018-08-24,92.28253173828125,114.68000030517578,115.22000122070312,114.44999694824219,114.9800033569336,8845700
2018-08-27,93.91606903076172,116.70999908447266,117.27999877929688,115.16999816894531,115.22000122070312,13768000
2018-08-28,93.45741271972656,116.13999938964844,117.02999877929688,115.97000122070312,117.0,8302600
2018-08-29,93.151611328125,115.76000213623047,116.37000274658203,115.36000061035156,116.3499984741211,7221700
2018-08-30,92.69293975830078,115.19000244140625,116.04000091552734,114.9800033569336,115.58999633789062,8991800
2018-08-31,92.20207977294922,114.58000183105469,114.83999633789062,113.81999969482422,114.83000183105469,13065700
2018-09-04,92.6607437133789,115.1500015258789,115.23999786376953,113.62999725341797,114.33999633789062,10174200
2018-09-05,92.21011352539062,114.58999633789062,115.69999694824219,114.25,115.0,11462400
2018-09-06,91.81581115722656,114.0999984741211,114.69999694824219,113.5,114.5,9877600
2018-09-07,91.99285888671875,114.31999969482422,114.7699966430664,113.62999725341797,114.5,10955600
2018-09-10,91.50199127197266,113.70999908447266,114.97000122070312,113.66000366210938,114.8499984741211,8276900
2018-09-11,92.08136749267578,114.43000030517578,114.58000183105469,113.18000030517578,113.54000091552734,9333800
2018-09-12,90.99503326416016,113.08000183105469,114.87999725341797,112.8499984741211,114.25,10800800
2018-09-13,91.3490982055664,113.5199966430664,114.12999725341797,112.66999816894531,113.37000274658203,12470800
2018-09-14,91.33301544189453,113.5,114.48999786376953,113.2300033569336,113.80999755859375,10337900
2018-09-17,91.60658264160156,113.83999633789062,114.43000030517578,113.30000305175781,113.79000091552734,9561300
2018-09-18,91.97676849365234,114.30000305175781,114.66000366210938,113.55999755859375,114.33000183105469,7944200
2018-09-19,94.64835357666016,117.62000274658203,118.05999755859375,114.44000244140625,114.44000244140625,16052800
2018-09-20,95.4610824584961,118.62999725341797,119.23999786376953,118.08000183105469,118.5,15590000
2018-09-21,94.8333969116211,117.8499984741211,119.2300033569336,117.73999786376953,119.12999725341797,24788200
2018-09-24,93.92412567138672,116.72000122070312,118.45999908447266,116.43000030517578,117.76000213623047,12492500
2018-09-25,93.6585693359375,116.38999938964844,117.97000122070312,116.31999969482422,117.04000091552734,9308300
2018-09-26,92.55614471435547,115.0199966430664,116.87000274658203,114.66000366210938,116.75,14023600
2018-09-27,92.15377044677734,114.5199966430664,115.76000213623047,114.16000366210938,115.41999816894531,13283000
2018-09-28,90.80188751220703,112.83999633789062,114.23999786376953,112.5199966430664,113.6500015258789,15815100
2018-10-01,91.33301544189453,113.5,114.61000061035156,113.04000091552734,113.37000274658203,10146300
2018-10-02,91.71121215820312,113.97000122070312,114.12000274658203,112.80999755859375,113.36000061035156,13753100
2018-10-03,92.57220458984375,115.04000091552734,115.66000366210938,114.4800033569336,114.94000244140625,17142000
2018-10-04,93.40687561035156,115.2699966430664,116.80999755859375,114.20999908447266,114.55000305175781,16357400
2018-10-05,92.88014221191406,114.62000274658203,116.0999984741211,114.0199966430664,115.83000183105469,13777600
2018-10-08,93.44738006591797,115.31999969482422,115.77999877929688,113.3499984741211,114.25,14370900
2018-10-09,92.79911041259766,114.5199966430664,115.02999877929688,113.66999816894531,114.66999816894531,14069500
2018-10-10,90.3276138305664,111.47000122070312,114.94999694824219,111.47000122070312,114.69999694824219,23086400
2018-10-11,87.62109375,108.12999725341797,111.47000122070312,107.37999725341797,110.97000122070312,33705600
2018-10-12,86.6649169921875,106.94999694824219,110.83000183105469,105.5999984741211,110.37000274658203,32075700
2018-10-15,86.17061614990234,106.33999633789062,108.8499984741211,106.31999969482422,107.19999694824219,18903200
2018-10-16,88.0181655883789,108.62000274658203,108.77999877929688,106.7300033569336,107.16000366210938,19302800
2018-10-17,88.99867248535156,109.83000183105469,110.80000305175781,108.2300033569336,108.37999725341797,18794500
2018-10-18,87.58867645263672,108.08999633789062,109.83999633789062,107.80999755859375,109.0199966430664,17582500
2018-10-19,87.44283294677734,107.91000366210938,109.22000122070312,107.2699966430664,107.6500015258789,15234500
2018-10-22,86.18681335449219,106.36000061035156,108.33999633789062,106.11000061035156,108.1500015258789,16199100
2018-10-23,85.287353515625,105.25,106.16000366210938,103.69999694824219,104.19999694824219,21407500
2018-10-24,83.69908905029297,103.29000091552734,105.02999877929688,102.91000366210938,104.76000213623047,23168900
2018-10-25,84.97132110595703,104.86000061035156,105.9000015258789,103.72000122070312,104.18000030517578,17464700
2018-10-26,83.80445098876953,103.41999816894531,104.55999755859375,102.7300033569336,104.0,19174900
2018-10-29,84.96321868896484,104.8499984741211,106.62999725341797,103.69999694824219,104.45999908447266,18445200
2018-10-30,86.46233367919922,106.69999694824219,106.9800033569336,104.86000061035156,105.70999908447266,18019700
2018-10-31,88.34229278564453,109.0199966430664,110.4800033569336,107.79000091552734,108.08000183105469,20860000
2018-11-01,88.30989837646484,108.9800033569336,110.22000122070312,108.31999969482422,109.62000274658203,13065000
2018-11-02,87.82368469238281,108.37999725341797,110.80999755859375,107.48999786376953,109.9000015258789,19009200
2018-11-05,88.39900970458984,109.08999633789062,109.29000091552734,108.41999816894531,108.61000061035156,10276400
2018-11-06,88.81230163574219,109.5999984741211,109.66999816894531,107.76000213623047,108.66999816894531,10825000
2018-11-07,90.33572387695312,111.4800033569336,111.7300033569336,109.3499984741211,110.37000274658203,12679600
2018-11-08,91.06499481201172,112.37999725341797,112.93000030517578,111.0,111.01000213623047,11662500
2018-11-09,90.18174743652344,111.29000091552734,112.36000061035156,110.83000183105469,112.2300033569336,10432200
2018-11-12,88.28557586669922,108.94999694824219,111.94000244140625,108.5999984741211,111.41999816894531,13279700
2018-11-13,88.80419921875,109.58999633789062,111.12000274658203,109.0999984741211,109.0999984741211,13746100
2018-11-14,86.97283935546875,107.33000183105469,110.70999908447266,105.9800033569336,110.2300033569336,18361400
2018-11-15,89.19315338134766,110.06999969482422,110.08000183105469,106.80999755859375,108.23999786376953,19100000
2018-11-16,89.12834167480469,109.98999786376953,110.76000213623047,108.55000305175781,109.44999694824219,13798600
2018-11-19,89.80900573730469,110.83000183105469,111.19999694824219,109.52999877929688,109.95999908447266,13987000
2018-11-20,87.88040161132812,108.44999694824219,110.48999786376953,107.9800033569336,109.77999877929688,18936200
2018-11-21,87.22403717041016,107.63999938964844,109.61000061035156,107.63999938964844,109.02999877929688,10619600
2018-11-23,86.42179870605469,106.6500015258789,107.38999938964844,106.05999755859375,106.73999786376953,6488400
2018-11-26,88.53678131103516,109.26000213623047,109.9800033569336,107.44999694824219,107.72000122070312,13948300
2018-11-27,88.90953826904297,109.72000122070312,110.02999877929688,108.62999725341797,108.76000213623047,9238200
2018-11-28,89.89813995361328,110.94000244140625,111.4000015258789,108.87000274658203,109.80000305175781,13977300
2018-11-29,89.18502807617188,110.05999755859375,110.80000305175781,109.63999938964844,110.2699966430664,11144300
2018-11-30,90.1007308959961,111.19000244140625,111.31999969482422,109.58000183105469,109.8499984741211,18652700
2018-12-03,90.95156860351562,112.23999786376953,112.88999938964844,111.73999786376953,112.37999725341797,16034500
2018-12-04,86.89181518554688,107.2300033569336,111.5999984741211,106.7300033569336,111.5999984741211,23555900
2018-12-06,85.23873901367188,105.19000244140625,105.36000061035156,102.87999725341797,105.01000213623047,27213900
2018-12-07,83.69908905029297,103.29000091552734,106.9800033569336,102.91000366210938,105.16000366210938,19248600
2018-12-10,82.13517761230469,101.36000061035156,103.48999786376953,99.27999877929688,102.87000274658203,23636400
2018-12-11,81.33293151855469,100.37000274658203,103.66000366210938,100.20999908447266,103.12999725341797,16860700
2018-12-12,81.8596420288086,101.0199966430664,102.9000015258789,100.05999755859375,101.66000366210938,22621500
2018-12-13,81.9406967163086,101.12000274658203,101.97000122070312,100.66999816894531,101.55000305175781,17250900
2018-12-14,81.26809692382812,100.29000091552734,101.94000244140625,99.86000061035156,99.98999786376953,19879500
2018-12-17,80.23091125488281,99.01000213623047,100.55999755859375,98.44000244140625,99.7699966430664,25113500
2018-12-18,79.85003662109375,98.54000091552734,100.88999938964844,98.12000274658203,99.41999816894531,20837200
2018-12-19,78.83710479736328,97.29000091552734,100.58000183105469,96.5999984741211,98.41000366210938,28767900
2018-12-20,78.15643310546875,96.44999694824219,98.27999877929688,95.69000244140625,96.61000061035156,31825200
2018-12-21,76.30887603759766,94.16999816894531,98.43000030517578,93.69000244140625,96.68000030517578,41313900
2018-12-24,74.66390991210938,92.13999938964844,94.22000122070312,92.13999938964844,92.88999938964844,17009300
2018-12-26,77.75938415527344,95.95999908447266,95.95999908447266,91.11000061035156,92.69000244140625,22542900
2018-12-27,78.63452911376953,97.04000091552734,97.1500015258789,93.55000305175781,94.81999969482422,20304700
2018-12-28,78.46437072753906,96.83000183105469,98.31999969482422,96.44000244140625,97.94999694824219,17963300
2018-12-31,79.10452270507812,97.62000274658203,98.80999755859375,96.7699966430664,97.58999633789062,13237200
2019-01-02,80.4739761352539,99.30999755859375,99.77999877929688,95.94000244140625,95.94999694824219,15670900
2019-01-03,79.33030700683594,97.11000061035156,98.88999938964844,96.69000244140625,98.63999938964844,16286400
2019-01-04,82.25485229492188,100.69000244140625,100.93000030517578,98.27999877929688,99.11000061035156,16935200
2019-01-07,82.31204223632812,100.76000213623047,101.47000122070312,99.70999908447266,100.43000030517578,15430700
2019-01-08,82.15680694580078,100.56999969482422,101.81999969482422,99.55000305175781,101.62999725341797,13578800
2019-01-09,82.01795196533203,100.4000015258789,101.48999786376953,99.93000030517578,100.80999755859375,14230300
2019-01-10,82.00977325439453,100.38999938964844,100.7300033569336,99.2699966430664,100.0199966430664,14376100
2019-01-11,81.6176528930664,99.91000366210938,100.16999816894531,98.94999694824219,99.88999938964844,15439900
2019-01-14,82.4590835571289,100.94000244140625,101.36000061035156,98.66000366210938,98.87000274658203,21258500
2019-01-15,83.0635986328125,101.68000030517578,102.47000122070312,98.5999984741211,98.88999938964844,26504900
2019-01-16,83.73345947265625,102.5,103.44999694824219,101.80000305175781,102.25,18533000
2019-01-17,84.0765609741211,102.91999816894531,103.5,101.91999816894531,102.11000061035156,14247600
2019-01-18,85.4407958984375,104.58999633789062,104.9000015258789,102.83000183105469,103.7699966430664,16428700
2019-01-22,84.09290313720703,102.94000244140625,103.58999633789062,102.12999725341797,103.08000183105469,17083700
2019-01-23,83.88050842285156,102.68000030517578,103.69999694824219,101.97000122070312,103.44000244140625,12146700
2019-01-24,83.92952728271484,102.73999786376953,103.08999633789062,101.94000244140625,102.12999725341797,11296800
2019-01-25,84.46051025390625,103.38999938964844,104.30999755859375,102.73999786376953,103.51000213623047,14369400
2019-01-28,84.86080169677734,103.87999725341797,104.23999786376953,102.58999633789062,102.88999938964844,12283100
2019-01-29,85.09771728515625,104.16999816894531,105.11000061035156,103.7300033569336,103.87999725341797,9743300
2019-01-30,85.29374694824219,104.41000366210938,105.23999786376953,103.77999877929688,104.13999938964844,12526300
2019-01-31,84.5503921508789,103.5,103.80000305175781,102.7300033569336,103.41000366210938,17520600
2019-02-01,84.86080169677734,103.87999725341797,104.8499984741211,103.5199966430664,104.0,13000800
2019-02-04,85.16305541992188,104.25,104.25,103.01000213623047,103.79000091552734,9871500
2019-02-05,84.78726959228516,103.79000091552734,104.55000305175781,103.29000091552734,104.5199966430664,12763000
2019-02-06,84.7464370727539,103.73999786376953,104.62000274658203,103.47000122070312,103.70999908447266,8745000
2019-02-07,83.63542938232422,102.37999725341797,103.5,101.44000244140625,103.25,13177500
2019-02-08,82.80219268798828,101.36000061035156,102.33999633789062,100.05999755859375,102.08000183105469,12892600
2019-02-11,82.4100570678711,100.87999725341797,102.01000213623047,100.7699966430664,101.76000213623047,10978500
2019-02-12,83.81515502929688,102.5999984741211,102.91999816894531,101.88999938964844,101.94999694824219,12852300
2019-02-13,84.2154541015625,103.08999633789062,103.8499984741211,102.9000015258789,102.9000015258789,10754100
2019-02-14,83.6680908203125,102.41999816894531,103.0999984741211,101.3499984741211,102.47000122070312,11518500
2019-02-15,86.22505187988281,105.55000305175781,105.69999694824219,103.66000366210938,103.9000015258789,14716900
2019-02-19,85.92280578613281,105.18000030517578,105.37000274658203,103.80999755859375,104.91000366210938,12764900
2019-02-20,86.33940124511719,105.69000244140625,105.80000305175781,104.87999725341797,105.20999908447266,10030300
2019-02-21,86.1596908569336,105.47000122070312,105.98999786376953,104.95999908447266,105.44999694824219,8400100
2019-02-22,85.7757339477539,105.0,106.08999633789062,104.77999877929688,105.69999694824219,10647300
2019-02-25,86.67436218261719,106.0999984741211,107.2699966430664,105.69000244140625,105.75,11230700
2019-02-26,86.01265716552734,105.29000091552734,105.47000122070312,103.94000244140625,104.5,15465400
2019-02-27,85.90644836425781,105.16000366210938,105.37999725341797,104.51000213623047,105.18000030517578,9968800
2019-02-28,85.25291442871094,104.36000061035156,105.20999908447266,104.18000030517578,105.01000213623047,15156900
2019-03-01,85.31012725830078,104.43000030517578,105.91000366210938,104.19999694824219,105.0999984741211,13813300
2019-03-04,85.1140365600586,104.19000244140625,105.91999816894531,103.2699966430664,104.91999816894531,12466300
2019-03-05,85.04869079589844,104.11000061035156,104.55000305175781,103.26000213623047,104.12999725341797,10856600
2019-03-06,84.73007202148438,103.72000122070312,104.56999969482422,103.55000305175781,103.86000061035156,9070800
2019-03-07,84.11741638183594,102.97000122070312,103.47000122070312,102.16000366210938,103.25,12705700
2019-03-08,84.15008544921875,103.01000213623047,103.2300033569336,101.98999786376953,101.98999786376953,10582400
2019-03-11,85.24474334716797,104.3499984741211,104.55000305175781,103.66000366210938,103.9800033569336,9763200
2019-03-12,84.99150085449219,104.04000091552734,104.79000091552734,103.75,104.58999633789062,10219100
2019-03-13,85.27743530273438,104.38999938964844,104.9800033569336,103.94999694824219,104.19000244140625,13022200
2019-03-14,86.0534896850586,105.33999633789062,105.87000274658203,104.45999908447266,104.5,10926500
2019-03-15,87.0419921875,106.55000305175781,106.80000305175781,105.2300033569336,105.41000366210938,24811700
2019-03-18,87.56478118896484,107.19000244140625,107.79000091552734,106.5,106.55000305175781,12935500
2019-03-19,87.24620056152344,106.80000305175781,108.4000015258789,106.55000305175781,108.19999694824219,12889300
2019-03-20,85.38360595703125,104.5199966430664,106.6500015258789,104.41000366210938,106.43000030517578,14920700
2019-03-21,84.03572082519531,102.87000274658203,103.48999786376953,102.27999877929688,103.48999786376953,19751000
2019-03-22,81.4951171875,99.76000213623047,102.31999969482422,99.5199966430664,101.81999969482422,31115200
2019-03-25,80.81710052490234,98.93000030517578,100.56999969482422,98.08999633789062,99.58999633789062,21032300
2019-03-26,81.62581634521484,99.91999816894531,100.4000015258789,98.81999969482422,99.81999969482422,15987100
2019-03-27,81.34806823730469,99.58000183105469,100.44999694824219,99.08000183105469,99.87999725341797,12753200
2019-03-28,82.27119445800781,100.70999908447266,100.80000305175781,99.73999786376953,100.0,12454100
2019-03-29,82.69598388671875,101.2300033569336,101.98999786376953,100.58999633789062,101.54000091552734,14523400
2019-04-01,85.48165130615234,104.63999938964844,104.68000030517578,102.12000274658203,102.1500015258789,17499300
2019-04-02,85.89009094238281,105.13999938964844,105.44000244140625,104.33000183105469,104.5999984741211,10295400
2019-04-03,86.0616683959961,105.3499984741211,106.36000061035156,104.79000091552734,105.80999755859375,11499200
2019-04-04,86.89306640625,105.55999755859375,105.7300033569336,104.44999694824219,104.55000305175781,11952100
2019-04-05,86.68724822998047,105.30999755859375,106.11000061035156,104.98999786376953,105.80000305175781,9933700
2019-04-08,86.96714782714844,105.6500015258789,105.6500015258789,104.91000366210938,105.11000061035156,8056300
2019-04-09,86.3250732421875,104.87000274658203,105.19999694824219,104.25,105.08000183105469,9092200
2019-04-10,86.71194458007812,105.33999633789062,105.72000122070312,104.47000122070312,105.12999725341797,10882300
2019-04-11,87.44458770751953,106.2300033569336,106.7300033569336,105.55999755859375,105.70999908447266,11183800
2019-04-12,91.54393768310547,111.20999908447266,111.8499984741211,108.87999725341797,109.44000244140625,25834100
2019-04-15,90.49849700927734,109.94000244140625,111.0,109.12000274658203,110.91999816894531,15163800
2019-04-16,91.453369140625,111.0999984741211,111.38999938964844,109.86000061035156,109.9000015258789,11583200
2019-04-17,94.08750915527344,114.30000305175781,114.66000366210938,111.01000213623047,111.69999694824219,17791900
2019-04-18,93.3960189819336,113.45999908447266,114.94999694824219,113.33000183105469,114.52999877929688,12501900
2019-04-22,93.51128387451172,113.5999984741211,113.93000030517578,112.66000366210938,112.83000183105469,7975900
2019-04-23,93.62650299072266,113.73999786376953,114.37000274658203,112.8499984741211,113.0,9193100
2019-04-24,93.47013854980469,113.55000305175781,114.1500015258789,112.80999755859375,113.26000213623047,9245700
2019-04-25,93.51949310302734,113.61000061035156,114.1500015258789,112.5,113.01000213623047,9311800
2019-04-26,94.2274169921875,114.47000122070312,114.58000183105469,113.5999984741211,113.94999694824219,7889300
2019-04-29,95.58563995361328,116.12000274658203,117.16000366210938,114.44999694824219,114.5999984741211,14242200
2019-04-30,95.52802276611328,116.05000305175781,116.72000122070312,115.26000213623047,116.43000030517578,11389100
2019-05-01,94.79544830322266,115.16000366210938,117.0,115.11000061035156,115.72000122070312,10412900
2019-05-02,95.0011978149414,115.41000366210938,115.77999877929688,114.58000183105469,115.16999816894531,8613300
2019-05-03,95.58563995361328,116.12000274658203,116.68000030517578,115.66999816894531,116.0,8185400
2019-05-06,94.73779296875,115.08999633789062,115.47000122070312,113.72000122070312,114.18000030517578,9387000
2019-05-07,93.19023895263672,113.20999908447266,114.02999877929688,112.29000091552734,114.02999877929688,15017700
2019-05-08,92.69635772705078,112.61000061035156,113.66999816894531,112.45999908447266,112.66000366210938,9575800
2019-05-09,92.62223052978516,112.5199966430664,112.73999786376953,110.58000183105469,111.13999938964844,12205900
2019-05-10,92.61405944824219,112.51000213623047,112.83999633789062,110.54000091552734,111.75,13189000
2019-05-13,90.09516143798828,109.44999694824219,110.44999694824219,108.9800033569336,110.08000183105469,13783700
2019-05-14,90.81131744384766,110.31999969482422,111.72000122070312,109.5,109.55000305175781,10503600
2019-05-15,90.46556854248047,109.9000015258789,110.9000015258789,108.61000061035156,109.20999908447266,10142000
2019-05-16,91.62622833251953,111.30999755859375,112.16999816894531,110.58999633789062,110.62000274658203,9672700
2019-05-17,91.18172454833984,110.7699966430664,111.75,109.83000183105469,110.0,9570100
2019-05-20,91.65914154052734,111.3499984741211,111.80999755859375,110.37000274658203,110.58000183105469,8518200
2019-05-21,91.97195434570312,111.7300033569336,111.91999816894531,111.22000122070312,111.44000244140625,7967900
2019-05-22,91.22289276123047,110.81999969482422,111.79000091552734,110.75,111.4000015258789,7918900
2019-05-23,89.42839813232422,108.63999938964844,109.79000091552734,107.5,109.63999938964844,14558000
2019-05-24,90.30917358398438,109.70999908447266,109.95999908447266,109.19000244140625,109.5199966430664,8537300
2019-05-28,89.32960510253906,108.5199966430664,109.83000183105469,108.44000244140625,109.19999694824219,11665500
2019-05-29,89.08265686035156,108.22000122070312,108.4000015258789,107.05999755859375,107.44999694824219,9966400
2019-05-30,88.12779998779297,107.05999755859375,109.18000030517578,106.54000091552734,108.6500015258789,10367800
2019-05-31,87.22230529785156,105.95999908447266,106.58999633789062,104.83999633789062,105.55999755859375,10952800
2019-06-03,87.63389587402344,106.45999908447266,106.86000061035156,105.30000305175781,105.80000305175781,11680700
2019-06-04,90.33386993408203,109.73999786376953,109.9000015258789,107.12999725341797,107.8499984741211,12858600
2019-06-05,90.65489959716797,110.12999725341797,110.37999725341797,108.63999938964844,109.86000061035156,8340500
2019-06-06,90.85247039794922,110.37000274658203,110.87000274658203,108.93000030517578,110.1500015258789,8726700
2019-06-07,89.8564453125,109.16000366210938,110.0199966430664,108.95999908447266,109.69999694824219,10618900
2019-06-10,90.8277587890625,110.33999633789062,111.20999908447266,110.22000122070312,110.75,11380600
2019-06-11,91.10762786865234,110.68000030517578,111.56999969482422,110.37000274658203,110.81999969482422,9847700
2019-06-12,89.94699096679688,109.2699966430664,110.9000015258789,108.88999938964844,110.69999694824219,9670500
2019-06-13,90.16925048828125,109.54000091552734,110.16000366210938,109.05000305175781,109.45999908447266,8406900
2019-06-14,90.39973449707031,109.81999969482422,110.30000305175781,108.62999725341797,109.56999969482422,9077400
2019-06-17,89.90583801269531,109.22000122070312,110.37000274658203,109.05999755859375,109.69999694824219,8128600
2019-06-18,91.13233947753906,110.70999908447266,111.41000366210938,108.9800033569336,109.01000213623047,11057300
2019-06-19,90.47382354736328,109.91000366210938,111.58999633789062,109.69999694824219,110.81999969482422,13126500
2019-06-20,90.70429229736328,110.19000244140625,111.08999633789062,109.02999877929688,110.87999725341797,13638000
2019-06-21,90.08692932128906,109.44000244140625,111.66999816894531,109.08999633789062,110.19000244140625,27089500
2019-06-24,89.44485473632812,108.66000366210938,109.7699966430664,108.54000091552734,109.27999877929688,13039600
2019-06-25,88.70401000976562,107.76000213623047,108.9800033569336,107.66999816894531,108.68000030517578,18660100
2019-06-26,89.29670715332031,108.4800033569336,109.30999755859375,108.16000366210938,108.30000305175781,10324600
2019-06-27,89.593017578125,108.83999633789062,109.55000305175781,108.44000244140625,108.83999633789062,10906600
2019-06-28,92.02957153320312,111.80000305175781,112.43000030517578,110.9000015258789,111.04000091552734,21634700
2019-07-01,93.57713317871094,113.68000030517578,114.5199966430664,113.08000183105469,113.2300033569336,12724500
2019-07-02,93.6759262084961,113.80000305175781,114.19999694824219,113.22000122070312,113.51000213623047,10174900
2019-07-03,93.5267105102539,112.81999969482422,113.87000274658203,112.26000213623047,113.33999633789062,6849400
2019-07-05,94.08212280273438,113.48999786376953,114.2699966430664,112.91999816894531,113.51000213623047,7929400
2019-07-08,93.56814575195312,112.87000274658203,113.4800033569336,112.5,112.95999908447266,6917200
2019-07-09,93.96604919433594,113.3499984741211,113.48999786376953,112.1500015258789,112.27999877929688,8947300
2019-07-10,93.69249725341797,113.0199966430664,113.83000183105469,112.73999786376953,113.37000274658203,9242300
2019-07-11,94.58780670166016,114.0999984741211,114.36000061035156,113.12000274658203,113.37000274658203,11595200
2019-07-12,95.58260345458984,115.30000305175781,115.3499984741211,113.93000030517578,114.12999725341797,10783400
2019-07-15,94.4220199584961,113.9000015258789,115.56999969482422,113.52999877929688,115.54000091552734,12946600
2019-07-16,95.43335723876953,115.12000274658203,115.5,112.91999816894531,113.4800033569336,16945000
2019-07-17,94.49662780761719,113.98999786376953,114.94000244140625,113.7300033569336,114.43000030517578,13120900
2019-07-18,95.06033325195312,114.66999816894531,115.06999969482422,113.55000305175781,113.93000030517578,9397200
2019-07-19,94.12357330322266,113.54000091552734,115.12000274658203,113.4000015258789,114.88999938964844,10402800
2019-07-22,94.7287368774414,114.2699966430664,114.44999694824219,112.7699966430664,112.91000366210938,9061100
2019-07-23,96.46131896972656,116.36000061035156,116.44999694824219,114.81999969482422,114.87999725341797,12752200
2019-07-24,96.85094451904297,116.83000183105469,116.87999725341797,115.5199966430664,115.58000183105469,10011000
2019-07-25,95.92247009277344,115.70999908447266,117.23999786376953,115.31999969482422,116.88999938964844,10138400
2019-07-26,96.34527587890625,116.22000122070312,116.51000213623047,115.52999877929688,115.7699966430664,12800400
2019-07-29,96.03853607177734,115.8499984741211,117.18000030517578,115.79000091552734,116.45999908447266,8500400
2019-07-30,95.82299041748047,115.58999633789062,116.08000183105469,114.76000213623047,115.19000244140625,7121100
2019-07-31,96.16289520263672,116.0,116.18000030517578,114.86000061035156,116.0999984741211,13648000
2019-08-01,93.62618255615234,112.94000244140625,116.80000305175781,112.5999984741211,115.33000183105469,15664500
2019-08-02,93.6178970336914,112.93000030517578,113.43000030517578,111.4000015258789,112.4000015258789,11025500
2019-08-05,90.83248138427734,109.56999969482422,110.9800033569336,108.2699966430664,110.79000091552734,15855300
2019-08-06,91.54540252685547,110.43000030517578,110.5,108.33999633789062,110.05000305175781,10203500
2019-08-07,89.55585479736328,108.02999877929688,108.27999877929688,105.94000244140625,108.0,17320900
2019-08-08,91.07289123535156,109.86000061035156,110.08000183105469,108.72000122070312,109.05000305175781,10903300
2019-08-09,90.97339630126953,109.73999786376953,110.44999694824219,108.29000091552734,109.3499984741211,9980800
2019-08-12,89.26568603515625,107.68000030517578,108.51000213623047,107.20999908447266,108.44000244140625,9393700
2019-08-13,90.64183044433594,109.33999633789062,110.33000183105469,107.02999877929688,107.94999694824219,12124700
2019-08-14,86.8781967163086,104.80000305175781,106.91000366210938,104.44999694824219,106.30000305175781,19491800
2019-08-15,87.20977783203125,105.19999694824219,106.37999725341797,104.33999633789062,104.81999969482422,13365600
2019-08-16,89.29884338378906,107.72000122070312,107.9800033569336,105.87000274658203,106.37000274658203,11830600
2019-08-19,90.10296630859375,108.69000244140625,109.75,108.41999816894531,109.62999725341797,8265400
2019-08-20,88.95895385742188,107.30999755859375,108.44000244140625,107.23999786376953,107.8499984741211,8374000
2019-08-21,89.2076644897461,107.61000061035156,108.43000030517578,107.44999694824219,108.20999908447266,8189300
2019-08-22,90.12784576416016,108.72000122070312,109.2699966430664,107.93000030517578,108.37000274658203,9343400
2019-08-23,87.88957977294922,106.0199966430664,108.77999877929688,105.11000061035156,108.0,14762300
2019-08-26,88.59420776367188,106.87000274658203,106.98999786376953,106.01000213623047,106.62000274658203,8209500
2019-08-27,87.6574478149414,105.73999786376953,107.55999755859375,104.83999633789062,107.3499984741211,14331800
2019-08-28,88.53619384765625,106.80000305175781,107.20999908447266,105.04000091552734,105.08000183105469,10585500
2019-08-29,90.54232788085938,109.22000122070312,109.88999938964844,108.0199966430664,108.13999938964844,10002200
2019-08-30,91.07289123535156,109.86000061035156,110.55999755859375,109.47000122070312,109.83999633789062,10170300
2019-09-03,89.99519348144531,108.55999755859375,108.98999786376953,107.31999969482422,108.9800033569336,9868800
2019-09-04,91.08116149902344,109.87000274658203,110.22000122070312,108.55999755859375,109.44999694824219,6929200
2019-09-05,93.1536636352539,112.37000274658203,113.72000122070312,111.19999694824219,111.25,13224700
2019-09-06,93.35260772705078,112.61000061035156,112.9800033569336,111.95999908447266,112.66000366210938,7836600
2019-09-09,95.66549682617188,115.4000015258789,116.05999755859375,113.5999984741211,113.70999908447266,13985100
2019-09-10,96.88411712646484,116.87000274658203,117.2699966430664,115.7300033569336,116.30000305175781,14333100
2019-09-11,97.1493911743164,117.19000244140625,117.19999694824219,115.37999725341797,116.88999938964844,9919200
2019-09-12,97.74626922607422,117.91000366210938,118.47000122070312,115.91999816894531,116.55000305175781,12283500
2019-09-13,99.6695327758789,120.2300033569336,120.4000015258789,118.75,119.0,16257200
2019-09-16,98.78250885009766,119.16000366210938,119.87000274658203,118.37999725341797,118.9000015258789,11993900
2019-09-17,98.29338836669922,118.56999969482422,118.61000061035156,117.23999786376953,118.41999816894531,10735400
2019-09-18,99.27986907958984,119.76000213623047,120.08000183105469,117.75,118.31999969482422,10665600
2019-09-19,98.96485900878906,119.37999725341797,120.33999633789062,119.08999633789062,119.69999694824219,9382600
2019-09-20,98.56697082519531,118.9000015258789,120.33999633789062,118.87000274658203,119.73999786376953,21862800
2019-09-23,98.55037689208984,118.87999725341797,119.12000274658203,117.68000030517578,117.77999877929688,9135100
2019-09-24,97.26545715332031,117.33000183105469,119.26000213623047,117.04000091552734,118.75,11696500
2019-09-25,97.82086181640625,118.0,118.36000061035156,117.12000274658203,117.2699966430664,9389400
2019-09-26,97.01676177978516,117.02999877929688,118.05000305175781,116.94999694824219,117.87999725341797,9899200
2019-09-27,97.58875274658203,117.72000122070312,118.63999938964844,117.27999877929688,117.95999908447266,10207800
2019-09-30,97.56388092041016,117.69000244140625,118.7699966430664,117.22000122070312,118.36000061035156,9755000
2019-10-01,95.78986358642578,115.55000305175781,119.0,115.41000366210938,118.4000015258789,11250300
2019-10-02,93.88316345214844,113.25,114.9000015258789,112.93000030517578,114.80999755859375,12548700
2019-10-03,93.74947357177734,112.19000244140625,112.91000366210938,110.5199966430664,112.2699966430664,12735200
2019-10-04,95.78003692626953,114.62000274658203,114.94000244140625,112.2699966430664,112.33999633789062,9453100
2019-10-07,95.57112121582031,114.37000274658203,115.5,114.06999969482422,114.19000244140625,6771600
2019-10-08,93.44029235839844,111.81999969482422,113.05999755859375,111.66000366210938,113.05999755859375,10806300
2019-10-09,94.11714172363281,112.62999725341797,113.16000366210938,112.06999969482422,112.66999816894531,7273700
2019-10-10,95.43743896484375,114.20999908447266,115.4000015258789,113.0,113.13999938964844,10994100
2019-10-11,97.0501937866211,116.13999938964844,117.98999786376953,115.87000274658203,116.02999877929688,15076500
2019-10-14,97.30923461914062,116.44999694824219,116.87000274658203,115.66000366210938,115.8499984741211,8779000
2019-10-15,100.24232482910156,119.95999908447266,121.58999633789062,117.87000274658203,118.8499984741211,23379000
2019-10-16,100.00833129882812,119.68000030517578,120.62000274658203,119.37999725341797,119.95999908447266,11087700
2019-10-17,100.56819152832031,120.3499984741211,121.56999969482422,119.87999725341797,120.75,10818500
2019-10-18,100.74369049072266,120.55999755859375,121.0199966430664,119.86000061035156,120.0,10417400
2019-10-21,103.24223327636719,123.55000305175781,123.7699966430664,121.98999786376953,122.05000305175781,12714600
2019-10-22,104.27842712402344,124.79000091552734,125.0999984741211,123.12000274658203,123.44999694824219,12549100
2019-10-23,104.55418395996094,125.12000274658203,125.1500015258789,124.16999816894531,124.19999694824219,8828300
2019-10-24,104.47895812988281,125.02999877929688,125.66000366210938,124.06999969482422,125.29000091552734,8020500
2019-10-25,105.31456756591797,126.02999877929688,126.6500015258789,124.75,125.0,9055700
2019-10-28,105.71570587158203,126.51000213623047,127.20999908447266,126.4000015258789,126.56999969482422,9522200
2019-10-29,105.64884948730469,126.43000030517578,127.41999816894531,125.94000244140625,126.05999755859375,9797300
2019-10-30,105.06390380859375,125.7300033569336,126.26000213623047,124.91999816894531,126.05000305175781,8513700
2019-10-31,104.38704681396484,124.91999816894531,125.7300033569336,123.86000061035156,125.48999786376953,11589100
2019-11-01,106.79367065429688,127.80000305175781,127.98999786376953,126.0199966430664,126.19999694824219,11682600
2019-11-04,107.6460189819336,128.82000732421875,129.4199981689453,128.55999755859375,129.0800018310547,9159900
2019-11-05,107.87998962402344,129.10000610351562,130.3000030517578,128.83999633789062,129.38999938964844,13747600
2019-11-06,108.0470962524414,129.3000030517578,129.83999633789062,128.5800018310547,128.69000244140625,11231100
2019-11-07,108.63206481933594,130.0,131.2899932861328,129.9199981689453,130.42999267578125,13528900
2019-11-08,108.94959259033203,130.3800048828125,130.39999389648438,129.25,129.8800048828125,9293400
2019-11-11,108.56519317626953,129.9199981689453,130.10000610351562,129.35000610351562,129.60000610351562,8679000
2019-11-12,107.93011474609375,129.16000366210938,130.6199951171875,129.00999450683594,129.6300048828125,9099000
2019-11-13,107.36189270019531,128.47999572753906,128.82000732421875,127.41999816894531,128.1300048828125,8023300
2019-11-14,107.46218872070312,128.60000610351562,128.83999633789062,127.58999633789062,127.72000122070312,8483400
2019-11-15,108.23933410644531,129.52999877929688,129.52999877929688,128.39999389648438,129.22999572753906,10163600
2019-11-18,109.15013122558594,130.6199951171875,130.64999389648438,128.99000549316406,129.55999755859375,8749300
2019-11-19,109.1167221069336,130.5800018310547,131.25,130.17999267578125,130.99000549316406,8824500
2019-11-20,108.32286834716797,129.6300048828125,130.6199951171875,128.94000244140625,130.3000030517578,11782800
2019-11-21,108.57355499267578,129.92999267578125,130.72000122070312,129.38999938964844,130.0,7705500
2019-11-22,109.29219818115234,130.7899932861328,131.22000122070312,130.10000610351562,130.14999389648438,8167900
2019-11-25,109.87716674804688,131.49000549316406,132.07000732421875,130.8699951171875,131.25,10068500
2019-11-26,110.02755737304688,131.6699981689453,131.82000732421875,130.36000061035156,131.82000732421875,10490700
2019-11-27,110.35345458984375,132.05999755859375,132.42999267578125,131.64999389648438,132.2899932861328,6607900
2019-11-29,110.1027603149414,131.75999450683594,132.41000366210938,131.4499969482422,131.8699951171875,5712000
2019-12-02,109.86042022705078,131.47000122070312,132.74000549316406,131.35000610351562,132.30999755859375,8615600
2019-12-03,108.44821166992188,129.77999877929688,129.9600067138672,128.58999633789062,129.77000427246094,10361300
2019-12-04,110.58741760253906,132.33999633789062,132.47000122070312,129.99000549316406,130.3800048828125,10318200
2019-12-05,111.18907165527344,133.05999755859375,133.30999755859375,132.17999267578125,132.67999267578125,9587400
2019-12-06,112.84361267089844,135.0399932861328,135.77999877929688,134.64999389648438,134.69000244140625,10170600
2019-12-09,112.31722259521484,134.41000366210938,135.4600067138672,134.41000366210938,134.6300048828125,8498200
2019-12-10,112.39241027832031,134.5,134.77000427246094,132.8800048828125,133.25,7532900
2019-12-11,112.12498474121094,134.17999267578125,135.02000427246094,134.00999450683594,134.2899932861328,9011900
2019-12-12,115.33384704589844,138.02000427246094,138.47000122070312,134.2100067138672,134.49000549316406,13717400
2019-12-13,114.32270050048828,136.80999755859375,138.8300018310547,136.22000122070312,137.9499969482422,10592100
2019-12-16,114.76555633544922,137.33999633789062,138.83999633789062,137.32000732421875,138.3800048828125,11372000
2019-12-17,115.46752166748047,138.17999267578125,138.6699981689453,137.22999572753906,137.72999572753906,11546800
2019-12-18,115.35053253173828,138.0399932861328,139.02000427246094,137.72000122070312,138.14999389648438,10381500
2019-12-19,114.77394104003906,137.35000610351562,138.22000122070312,137.10000610351562,137.75999450683594,9350400
2019-12-20,114.68201446533203,137.24000549316406,138.8800048828125,136.89999389648438,138.02000427246094,29992600
2019-12-23,114.64861297607422,137.1999969482422,137.91000366210938,136.8800048828125,137.60000610351562,9738400
2019-12-24,114.96614837646484,137.5800018310547,137.6300048828125,137.05999755859375,137.3300018310547,3324300
2019-12-26,116.18614196777344,139.0399932861328,139.10000610351562,137.77999877929688,137.88999938964844,6770900
2019-12-27,116.26972198486328,139.13999938964844,139.77000427246094,138.6699981689453,139.3000030517578,7868200
2019-12-30,115.84356689453125,138.6300048828125,140.0800018310547,138.47000122070312,139.89999389648438,6963000
2019-12-31,116.48699951171875,139.39999389648438,139.47999572753906,138.2899932861328,138.50999450683594,7201600
2020-01-02,117.89918518066406,141.08999633789062,141.10000610351562,139.25999450683594,139.7899932861328,10803700
2020-01-03,116.3433609008789,138.33999633789062,139.22999572753906,137.0800018310547,137.5,10386800
2020-01-06,116.25084686279297,138.22999572753906,138.27000427246094,136.5,136.55999755859375,10259000
2020-01-07,114.27454376220703,135.8800048828125,137.86000061035156,135.82000732421875,137.27999877929688,10531300
2020-01-08,115.16596984863281,136.94000244140625,137.5800018310547,135.60000610351562,135.6999969482422,9695300
2020-01-09,115.5864486694336,137.44000244140625,138.22999572753906,137.0399932861328,138.0500030517578,9469000
2020-01-10,114.4343032836914,136.07000732421875,137.25,135.80999755859375,137.2100067138672,10190900
2020-01-13,115.38463592529297,137.1999969482422,137.1999969482422,135.75999450683594,136.19000244140625,12355200
2020-01-14,116.73020935058594,138.8000030517578,140.75999450683594,137.69000244140625,137.94000244140625,24906000
2020-01-15,114.9809341430664,136.72000122070312,138.60000610351562,136.14999389648438,137.85000610351562,16293400
2020-01-16,115.42666625976562,137.25,137.89999389648438,136.83999633789062,137.4499969482422,10783800
2020-01-17,116.22562408447266,138.1999969482422,138.2899932861328,137.32000732421875,137.5399932861328,14697700
2020-01-21,115.08187866210938,136.83999633789062,138.07000732421875,136.69000244140625,137.19000244140625,8474200
2020-01-22,114.94729614257812,136.67999267578125,137.39999389648438,136.3800048828125,137.24000549316406,7549100
2020-01-23,114.82955932617188,136.5399932861328,136.74000549316406,134.72000122070312,135.7100067138672,9345700
2020-01-24,111.97858428955078,133.14999389648438,136.42999267578125,132.32000732421875,136.3699951171875,15166400
2020-01-27,111.03667449951172,132.02999877929688,132.94000244140625,129.7100067138672,130.27000427246094,12860500
2020-01-28,113.05503845214844,134.42999267578125,134.97000122070312,132.47999572753906,132.83999633789062,13062800
2020-01-29,112.88683319091797,134.22999572753906,135.5399932861328,133.69000244140625,134.80999755859375,9326000
2020-01-30,114.28290557861328,135.88999938964844,136.1300048828125,132.69000244140625,132.69000244140625,9048900
2020-01-31,111.3142318725586,132.36000061035156,134.8300018310547,131.47000122070312,134.49000549316406,12785200
2020-02-03,112.16361999511719,133.3699951171875,134.24000549316406,132.66000366210938,132.66000366210938,10021100
2020-02-04,113.7783203125,135.2899932861328,136.60000610351562,135.0800018310547,135.5500030517578,9157100
2020-02-05,115.71263122558594,137.58999633789062,137.72999572753906,136.00999450683594,136.57000732421875,10150700
2020-02-06,115.72940826416016,137.61000061035156,138.2899932861328,137.11000061035156,138.24000549316406,8992300
2020-02-07,115.35939025878906,137.1699981689453,137.6699981689453,136.3000030517578,136.72999572753906,6379800
2020-02-10,115.83877563476562,137.74000549316406,137.85000610351562,136.75,136.9499969482422,5960700
2020-02-11,116.05740356445312,138.0,138.82000732421875,137.77999877929688,138.25999450683594,6578600
2020-02-12,116.05740356445312,138.0,139.2899932861328,137.8000030517578,138.60000610351562,7958000
2020-02-13,115.95649719238281,137.8800048828125,138.33999633789062,136.39999389648438,137.75,7447500
2020-02-14,115.60328674316406,137.4600067138672,138.19000244140625,136.94000244140625,137.83999633789062,6627600
2020-02-18,114.07266235351562,135.63999938964844,137.7100067138672,135.0500030517578,137.33999633789062,8996400
2020-02-19,115.6285171508789,137.49000549316406,138.38999938964844,136.33999633789062,136.91000366210938,7071200
2020-02-20,115.6285171508789,137.49000549316406,138.36000061035156,136.52999877929688,137.1699981689453,7422800
2020-02-21,114.21566772460938,135.80999755859375,136.9199981689453,134.9199981689453,136.5500030517578,9772800
2020-02-24,111.1460189819336,132.16000366210938,133.1999969482422,130.8000030517578,131.44000244140625,13618400
2020-02-25,106.18412017822266,126.26000213623047,132.22999572753906,125.58999633789062,131.0,20797200
2020-02-26,106.50370025634766,126.63999938964844,128.9499969482422,126.33999633789062,126.93000030517578,24825600
2020-02-27,102.0716552734375,121.37000274658203,125.62000274658203,121.30000305175781,122.91000366210938,23005500
2020-02-28,97.64801788330078,116.11000061035156,118.48999786376953,112.66000366210938,117.5199966430664,45931400
2020-03-02,102.19779968261719,121.5199966430664,121.58000183105469,114.45999908447266,116.62999725341797,27355400
2020-03-03,98.36285400390625,116.95999908447266,122.94999694824219,116.23999786376953,120.97000122070312,32547700
2020-03-04,100.79332733154297,119.8499984741211,120.19000244140625,114.69999694824219,118.33000183105469,25795900
2020-03-05,95.84830474853516,113.97000122070312,116.43000030517578,112.58000183105469,115.66999816894531,25025600
2020-03-06,90.89481353759766,108.08000183105469,110.31999969482422,105.0199966430664,106.26000213623047,38159400
2020-03-09,78.58264923095703,93.44000244140625,99.2300033569336,93.0,96.56999969482422,40352000
2020-03-10,84.68828582763672,100.69999694824219,101.27999877929688,94.58000183105469,99.0,31102700
2020-03-11,80.70195007324219,95.95999908447266,100.05000305175781,94.55000305175781,97.69999694824219,38127000
2020-03-12,74.0496826171875,88.05000305175781,96.95999908447266,86.31999969482422,89.58999633789062,49725200
2020-03-13,87.38788604736328,103.91000366210938,103.98999786376953,92.0,95.98999786376953,38543300
2020-03-16,74.31037902832031,88.36000061035156,93.9800033569336,84.55000305175781,85.19999694824219,38589700
2020-03-17,78.85176086425781,93.76000213623047,97.44000244140625,87.5,90.88999938964844,35239800
2020-03-18,70.5511245727539,83.88999938964844,90.79000091552734,80.36000061035156,87.66999816894531,41525600
2020-03-19,71.73695373535156,85.30000305175781,88.11000061035156,76.91000366210938,81.55999755859375,32175100
2020-03-20,70.22313690185547,83.5,89.45999908447266,82.4800033569336,86.30000305175781,30150800
2020-03-23,66.4638900756836,79.02999877929688,83.75,78.08999633789062,82.68000030517578,32536600
2020-03-24,74.36925506591797,88.43000030517578,90.0999984741211,82.9000015258789,84.9000015258789,34363200
2020-03-25,77.14456176757812,91.7300033569336,95.1500015258789,84.54000091552734,89.23999786376953,38111700
2020-03-26,82.51851654052734,98.12000274658203,98.56999969482422,93.54000091552734,94.08000183105469,29826300
2020-03-27,76.63994598388672,91.12999725341797,94.83999633789062,90.55000305175781,93.19000244140625,30041500
2020-03-30,78.63310241699219,93.5,94.08999633789062,89.30000305175781,90.6500015258789,21656900
2020-03-31,75.71485137939453,90.02999877929688,94.16999816894531,89.33999633789062,92.05000305175781,23379300
2020-04-01,70.94640350341797,84.36000061035156,86.55999755859375,83.25,85.0999984741211,28029600
2020-04-02,73.59553527832031,87.51000213623047,87.91000366210938,82.95999908447266,83.51000213623047,24018000
2020-04-03,71.42021179199219,84.05000305175781,87.4800033569336,82.7699966430664,86.0,21199400
2020-04-06,76.01728057861328,89.45999908447266,90.98999786376953,87.69999694824219,88.98999786376953,26820800
2020-04-07,77.01998138427734,90.63999938964844,94.5,90.37999725341797,94.44999694824219,22563800
2020-04-08,80.1300048828125,94.30000305175781,94.86000061035156,90.55000305175781,92.0999984741211,22903300
2020-04-09,87.31875610351562,102.76000213623047,104.38999938964844,96.88999938964844,96.91999816894531,42055900
2020-04-13,83.43547058105469,98.19000244140625,103.11000061035156,97.30000305175781,103.11000061035156,26911900
2020-04-14,81.14967346191406,95.5,102.0,93.63999938964844,101.0199966430664,46151300
2020-04-15,77.1474380493164,90.79000091552734,92.02999877929688,90.12999725341797,91.1500015258789,30118600
2020-04-16,74.20733642578125,87.33000183105469,90.56999969482422,87.05000305175781,90.2300033569336,32449600
2020-04-17,80.87777709960938,95.18000030517578,95.69999694824219,90.95999908447266,92.0,30191900
2020-04-20,77.92919158935547,91.70999908447266,94.70999908447266,90.45999908447266,92.47000122070312,23679400
2020-04-21,75.66891479492188,89.05000305175781,91.37999725341797,88.33000183105469,88.62000274658203,23035000
2020-04-22,75.91532135009766,89.33999633789062,91.87000274658203,89.18000030517578,90.69000244140625,16662400
2020-04-23,75.95780181884766,89.38999938964844,91.27999877929688,89.26000213623047,89.73999786376953,16638800
2020-04-24,77.0794448852539,90.70999908447266,91.0999984741211,88.48999786376953,90.63999938964844,15809200
2020-04-27,80.40193176269531,94.62000274658203,95.62999725341797,91.54000091552734,91.94000244140625,22870200
2020-04-28,80.97122955322266,95.29000091552734,98.36000061035156,95.02999877929688,97.80999755859375,20238900
2020-04-29,83.15506744384766,97.86000061035156,99.44999694824219,97.2699966430664,99.08000183105469,20462600
2020-04-30,81.37061309814453,95.76000213623047,96.83999633789062,94.55000305175781,95.5999984741211,19127600
2020-05-01,79.23778533935547,93.25,93.73999786376953,91.83999633789062,93.5,18547700
2020-05-04,78.29456329345703,92.13999938964844,92.66999816894531,90.80000305175781,92.0199966430664,15725900
2020-05-05,78.17562866210938,92.0,94.20999908447266,91.9000015258789,93.6500015258789,18064100
2020-05-06,76.70556640625,90.2699966430664,92.76000213623047,89.93000030517578,92.16000366210938,20978000
2020-05-07,77.50433349609375,91.20999908447266,92.91000366210938,90.58000183105469,91.33999633789062,16771900
2020-05-08,78.77043151855469,92.69999694824219,94.08000183105469,92.11000061035156,92.80000305175781,20487800
2020-05-11,76.4506607055664,89.97000122070312,91.11000061035156,89.33000183105469,91.11000061035156,31907600
2020-05-12,73.95243072509766,87.02999877929688,90.79000091552734,86.9000015258789,90.1500015258789,27962900
2020-05-13,71.40322875976562,84.02999877929688,86.86000061035156,83.4000015258789,86.37999725341797,35451600
2020-05-14,74.36881256103516,87.5199966430664,88.11000061035156,82.4000015258789,82.72000122070312,35152500
2020-05-15,72.99224090576172,85.9000015258789,87.27999877929688,85.30000305175781,86.8499984741211,26099000
2020-05-18,76.85852813720703,90.44999694824219,91.1500015258789,87.87999725341797,88.69000244140625,30504400
2020-05-19,75.34602355957031,88.66999816894531,91.19999694824219,88.58999633789062,90.05000305175781,19597300
2020-05-20,77.60629272460938,91.33000183105469,92.38999938964844,90.37000274658203,90.70999908447266,20552400
2020-05-21,76.62060546875,90.16999816894531,91.76000213623047,89.66999816894531,90.2699966430664,14621400
2020-05-22,76.02578735351562,89.47000122070312,90.36000061035156,88.72000122070312,90.01000213623047,13557900
2020-05-26,81.4216079711914,95.81999969482422,97.5,92.61000061035156,92.88999938964844,41233900
2020-05-27,86.13764190673828,101.37000274658203,102.58000183105469,98.80000305175781,102.06999969482422,39402000
2020-05-28,84.85452270507812,99.86000061035156,102.94999694824219,99.4000015258789,102.94000244140625,24713900
2020-05-29,82.68769836425781,97.30999755859375,99.18000030517578,96.77999877929688,98.66000366210938,26526400
2020-06-01,83.78386688232422,98.5999984741211,99.51000213623047,97.37999725341797,97.75,15176800
2020-06-02,84.06430053710938,98.93000030517578,100.41999816894531,97.93000030517578,100.27999877929688,21195000
2020-06-03,88.60186004638672,104.2699966430664,104.91999816894531,101.05999755859375,101.58000183105469,25941100
2020-06-04,90.4457778930664,106.44000244140625,106.61000061035156,102.79000091552734,103.81999969482422,26784700
2020-06-05,94.51603698730469,111.2300033569336,115.7699966430664,109.52999877929688,114.93000030517578,42231000
2020-06-08,96.4024429321289,113.44999694824219,114.19000244140625,111.94000244140625,113.41000366210938,24881800
2020-06-09,93.92970275878906,110.54000091552734,111.62999725341797,109.01000213623047,110.6500015258789,17031100
2020-06-10,90.12288665771484,106.05999755859375,110.51000213623047,105.8499984741211,110.45999908447266,24913300
2020-06-11,82.60272979736328,97.20999908447266,101.58000183105469,96.54000091552734,100.02999877929688,36259200
2020-06-12,84.86302947998047,99.87000274658203,101.12999725341797,97.33000183105469,100.70999908447266,24856800
2020-06-15,86.03565216064453,101.25,101.43000030517578,95.87000274658203,96.41999816894531,22153600
2020-06-16,86.72396087646484,102.05999755859375,105.68000030517578,99.30999755859375,105.37000274658203,22193600
2020-06-17,84.5316390991211,99.4800033569336,102.54000091552734,99.20999908447266,102.52999877929688,15639800
2020-06-18,84.0727767944336,98.94000244140625,100.5199966430664,98.12999725341797,98.66999816894531,16591900
2020-06-19,83.11255645751953,97.80999755859375,100.5999984741211,96.7300033569336,100.52999877929688,40371200
2020-06-22,82.21183776855469,96.75,97.94999694824219,96.54000091552734,97.25,16216900
2020-06-23,83.21455383300781,97.93000030517578,99.97000122070312,97.8499984741211,98.97000122070312,15381400
2020-06-24,80.4359130859375,94.66000366210938,96.83999633789062,94.30999755859375,96.75,22919800
2020-06-25,83.24002838134766,97.95999908447266,98.20999908447266,94.26000213623047,94.3499984741211,25743600
2020-06-26,78.67694854736328,92.58999633789062,95.37000274658203,92.0,95.11000061035156,41896300
2020-06-29,79.02537536621094,93.0,94.48999786376953,92.18000030517578,93.4000015258789,18499700
2020-06-30,79.92605590820312,94.05999755859375,94.66000366210938,92.56999969482422,92.83000183105469,19137000
2020-07-01,79.24629974365234,93.26000213623047,95.70999908447266,93.02999877929688,94.88999938964844,18755700
2020-07-02,79.50369262695312,92.66000366210938,94.95999908447266,91.93000030517578,94.73999786376953,27845600
2020-07-06,81.51143646240234,95.0,95.19999694824219,93.4800033569336,94.43000030517578,18625300
2020-07-07,79.21196746826172,92.31999969482422,94.0999984741211,92.0,93.81999969482422,25757200
2020-07-08,80.05280303955078,93.30000305175781,93.33999633789062,91.80000305175781,92.29000091552734,18762200
2020-07-09,78.31963348388672,91.27999877929688,94.12000274658203,90.77999877929688,93.5199966430664,25600800
2020-07-10,82.60111236572266,96.2699966430664,96.83999633789062,91.87000274658203,92.0,28954200
2020-07-13,83.78517150878906,97.6500015258789,99.2699966430664,96.2300033569336,98.7300033569336,32079200
2020-07-14,84.26567077636719,98.20999908447266,99.94999694824219,96.63999938964844,98.37000274658203,42731700
2020-07-15,85.56985473632812,99.7300033569336,101.29000091552734,98.6500015258789,100.88999938964844,22508400
2020-07-16,85.8100814819336,100.01000213623047,101.22000122070312,98.55000305175781,98.77999877929688,16886900
2020-07-17,84.22277069091797,98.16000366210938,100.08000183105469,98.13999938964844,100.0,16137700
2020-07-20,83.4848861694336,97.30000305175781,98.38999938964844,97.26000213623047,97.43000030517578,14458100
2020-07-21,85.2952880859375,99.41000366210938,100.05000305175781,97.63999938964844,97.70999908447266,17798100
2020-07-22,84.67750549316406,98.69000244140625,100.12999725341797,97.52999877929688,99.6500015258789,14271200
2020-07-23,84.92635345458984,98.9800033569336,99.3499984741211,97.97000122070312,98.5,12870200
2020-07-24,84.32572937011719,98.27999877929688,99.80000305175781,97.94000244140625,99.5999984741211,12744200
2020-07-27,83.14167785644531,96.9000015258789,97.62999725341797,96.16999816894531,97.51000213623047,11959100
2020-07-28,83.50204467773438,97.31999969482422,97.88999938964844,96.5,96.5,11754300
2020-07-29,85.52694702148438,99.68000030517578,99.70999908447266,97.0,97.06999969482422,12743500
2020-07-30,83.24463653564453,97.0199966430664,97.73999786376953,96.05000305175781,97.54000091552734,14834800
2020-07-31,82.9185791015625,96.63999938964844,96.93000030517578,95.25,96.4800033569336,14535000
2020-08-03,82.45526885986328,96.0999984741211,97.56999969482422,95.8499984741211,97.0199966430664,12962800
2020-08-04,81.98335266113281,95.55000305175781,95.94999694824219,95.02999877929688,95.91000366210938,13366200
2020-08-05,83.40766143798828,97.20999908447266,98.47000122070312,95.72000122070312,95.87000274658203,15260900
2020-08-06,83.43339538574219,97.23999786376953,98.0999984741211,96.54000091552734,97.58000183105469,10482100
2020-08-07,85.26953887939453,99.37999725341797,99.48999786376953,96.55999755859375,96.93000030517578,14743700
2020-08-10,86.35064697265625,100.63999938964844,102.04000091552734,100.02999877929688,100.11000061035156,14989900
2020-08-11,89.07913970947266,103.81999969482422,106.16000366210938,103.51000213623047,103.86000061035156,31518600
2020-08-12,88.32411193847656,102.94000244140625,106.43000030517578,101.70999908447266,106.16000366210938,19240800
2020-08-13,87.83501434326172,102.37000274658203,103.36000061035156,101.63999938964844,102.0,13598600
2020-08-14,87.86935424804688,102.41000366210938,103.30999755859375,101.41999816894531,101.5,12134400
2020-08-17,85.55268859863281,99.70999908447266,102.0,99.52999877929688,101.5,14988000
2020-08-18,84.36004638671875,98.31999969482422,99.91000366210938,98.12000274658203,99.91000366210938,13246500
2020-08-19,84.55741119384766,98.55000305175781,100.58999633789062,98.33999633789062,98.91999816894531,13533000
2020-08-20,83.5449447631836,97.37000274658203,98.02999877929688,96.80000305175781,97.26000213623047,13672600
2020-08-21,83.50204467773438,97.31999969482422,98.56999969482422,96.94000244140625,97.2699966430664,12228300
2020-08-24,85.85299682617188,100.05999755859375,100.20999908447266,97.41999816894531,98.44999694824219,17898300
2020-08-25,86.23051452636719,100.5,101.9800033569336,99.80000305175781,101.2699966430664,13648900
2020-08-26,85.02071380615234,99.08999633789062,100.2699966430664,99.05000305175781,99.94000244140625,12052400
2020-08-27,87.81784057617188,102.3499984741211,102.6500015258789,99.0,99.0,22163900
2020-08-28,88.17820739746094,102.7699966430664,103.25,101.80999755859375,103.13999938964844,13756700
2020-08-31,85.96456146240234,100.19000244140625,102.18000030517578,100.0199966430664,102.12000274658203,14219400
2020-09-01,85.921630859375,100.13999938964844,100.87000274658203,99.04000091552734,99.55000305175781,11595600
2020-09-02,87.21723175048828,101.6500015258789,101.94000244140625,99.55999755859375,99.94999694824219,14475700
2020-09-03,86.94268798828125,101.33000183105469,104.98999786376953,100.63999938964844,103.31999969482422,23281200
2020-09-04,88.82173919677734,103.5199966430664,105.20999908447266,101.37000274658203,104.05000305175781,26325500
2020-09-08,85.73287963867188,99.91999816894531,103.56999969482422,99.4800033569336,102.9800033569336,22108600
2020-09-09,86.54798889160156,100.87000274658203,101.69000244140625,99.55999755859375,100.80000305175781,13434000
2020-09-10,85.65567779541016,99.83000183105469,102.41999816894531,99.63999938964844,101.4000015258789,15922800
2020-09-11,86.71959686279297,101.06999969482422,101.36000061035156,99.58999633789062,99.97000122070312,13784300
2020-09-14,87.92081451416016,102.47000122070312,103.45999908447266,101.37000274658203,101.51000213623047,19017400
2020-09-15,85.18374633789062,99.27999877929688,102.8499984741211,99.13999938964844,102.7300033569336,23683000
2020-09-16,85.5440902709961,99.69999694824219,101.12999725341797,98.76000213623047,99.43000030517578,19270600
2020-09-17,84.56597137451172,98.55999755859375,99.33999633789062,97.70999908447266,98.69999694824219,18290100
2020-09-18,84.38580322265625,98.3499984741211,99.48999786376953,97.44000244140625,97.88999938964844,20121600
2020-09-21,81.77742767333984,95.30999755859375,96.05000305175781,93.81999969482422,95.19999694824219,28378800
2020-09-22,80.88508605957031,94.2699966430664,95.66000366210938,93.66999816894531,94.95999908447266,19257000
2020-09-23,79.57232666015625,92.73999786376953,95.3499984741211,92.66000366210938,94.77999877929688,19952700
2020-09-24,79.50369262695312,92.66000366210938,94.30000305175781,91.37999725341797,92.31999969482422,18366500
2020-09-25,80.19867706298828,93.47000122070312,93.72000122070312,91.87000274658203,92.05000305175781,13293100
2020-09-28,82.5067367553711,96.16000366210938,96.93000030517578,94.3499984741211,95.05999755859375,20894100
2020-09-29,81.811767578125,95.3499984741211,96.02999877929688,94.33000183105469,96.02999877929688,12848200
2020-09-30,82.60111236572266,96.2699966430664,97.19999694824219,95.26000213623047,95.3499984741211,16400600
2020-10-01,83.20172882080078,96.97000122070312,97.7699966430664,96.02999877929688,97.12000274658203,15778700
2020-10-02,83.99108123779297,97.88999938964844,98.58999633789062,95.08999633789062,95.25,15149600
2020-10-05,85.76637268066406,99.04000091552734,99.25,97.52999877929688,98.31999969482422,13871900
2020-10-06,84.88306427001953,98.0199966430664,100.86000061035156,97.51000213623047,100.06999969482422,19220400
2020-10-07,86.36388397216797,99.7300033569336,100.3499984741211,98.66999816894531,98.95999908447266,16358500
2020-10-08,88.13912963867188,101.77999877929688,101.91999816894531,99.9000015258789,100.51000213623047,15659000
2020-10-09,87.6368637084961,101.19999694824219,102.11000061035156,100.11000061035156,102.0,13689100
2020-10-12,88.710693359375,102.44000244140625,103.0,100.8499984741211,101.0999984741211,16058000
2020-10-13,87.27314758300781,100.77999877929688,103.22000122070312,100.26000213623047,103.0,21697300
2020-10-14,86.7882080078125,100.22000122070312,101.93000030517578,100.0999984741211,101.02999877929688,15204100
2020-10-15,88.0871810913086,101.72000122070312,101.77999877929688,99.04000091552734,99.0999984741211,17171200
2020-10-16,87.90533447265625,101.51000213623047,102.33000183105469,100.72000122070312,101.41000366210938,13275000
2020-10-19,86.42450714111328,99.80000305175781,101.87000274658203,99.55999755859375,101.5999984741211,11725700
2020-10-20,86.91809844970703,100.37000274658203,101.7699966430664,100.12000274658203,100.30999755859375,11257100
2020-10-21,86.0521240234375,99.37000274658203,100.98999786376953,99.33000183105469,100.36000061035156,10730500
2020-10-22,89.09172821044922,102.87999725341797,103.23999786376953,99.30999755859375,99.31999969482422,14837200
2020-10-23,89.8970718383789,103.80999755859375,104.44999694824219,102.93000030517578,103.5,15087600
2020-10-26,87.6715087890625,101.23999786376953,102.69999694824219,100.25,102.6500015258789,12410700
2020-10-27,86.0174789428711,99.33000183105469,100.91999816894531,99.16000366210938,100.51000213623047,10391700
2020-10-28,83.6014175415039,96.54000091552734,98.30000305175781,96.06999969482422,97.5,16389500
2020-10-29,84.14697265625,97.16999816894531,97.9800033569336,95.23999786376953,96.12000274658203,14208800
2020-10-30,84.90038299560547,98.04000091552734,98.41999816894531,96.2300033569336,97.91000366210938,15194500
2020-11-02,86.81420135498047,100.25,100.87999725341797,97.86000061035156,99.38999938964844,15011600
2020-11-03,89.5506820678711,103.41000366210938,104.73999786376953,102.69000244140625,103.0199966430664,17482600
2020-11-04,86.81420135498047,100.25,102.06999969482422,98.93000030517578,101.0,18886500
2020-11-05,90.36469268798828,104.3499984741211,105.0999984741211,101.0,101.05999755859375,17837400
2020-11-06,89.16098022460938,102.95999908447266,105.0999984741211,102.38999938964844,105.02999877929688,12552800
2020-11-09,101.23270416259766,116.9000015258789,118.9000015258789,110.3499984741211,113.16000366210938,47792400
2020-11-10,100.90364837646484,116.5199966430664,117.44999694824219,114.69000244140625,117.3499984741211,20539300
2020-11-11,99.39684295654297,114.77999877929688,116.95999908447266,113.95999908447266,116.88999938964844,14443400
2020-11-12,98.17581176757812,113.37000274658203,113.95999908447266,112.05999755859375,112.52999877929688,22063000
2020-11-13,98.7906723022461,114.08000183105469,114.86000061035156,113.56999969482422,114.69999694824219,11847900
2020-11-16,101.57908630371094,117.30000305175781,118.61000061035156,115.7300033569336,117.79000091552734,19858600
2020-11-17,100.54857635498047,116.11000061035156,116.44000244140625,114.58000183105469,115.38999938964844,14553200
2020-11-18,99.80384826660156,115.25,118.61000061035156,115.19999694824219,117.33999633789062,12571200
2020-11-19,100.07229614257812,115.55999755859375,115.81999969482422,113.55999755859375,114.18000030517578,10202500
2020-11-20,99.21498107910156,114.56999969482422,115.6500015258789,114.08999633789062,114.43000030517578,12718900
2020-11-23,102.07272338867188,117.87000274658203,118.16999816894531,115.56999969482422,116.05000305175781,13209200
2020-11-24,106.79226684570312,123.31999969482422,123.5,119.70999908447266,120.06999969482422,20121600
2020-11-25,105.67517852783203,122.02999877929688,122.37999725341797,120.47000122070312,121.37000274658203,11715600
2020-11-27,104.9737319946289,121.22000122070312,122.3499984741211,121.08000183105469,122.0,5983600
2020-11-30,102.08136749267578,117.87999725341797,120.72000122070312,117.7699966430664,120.0,14411800
2020-12-01,103.69207000732422,119.73999786376953,121.58000183105469,119.62999725341797,120.33999633789062,12668900
2020-12-02,105.68382263183594,122.04000091552734,122.30999755859375,119.2699966430664,119.69999694824219,10811300
2020-12-03,104.9910659790039,121.23999786376953,121.88999938964844,120.36000061035156,121.8499984741211,12904400
2020-12-04,105.94361877441406,122.33999633789062,123.29000091552734,121.69000244140625,122.4800033569336,13583700
2020-12-07,105.54527282714844,121.87999725341797,122.16999816894531,120.20999908447266,121.1500015258789,9724300
2020-12-08,105.6491928100586,122.0,122.33000183105469,120.76000213623047,121.04000091552734,9592100
2020-12-09,104.82650756835938,121.05000305175781,123.30000305175781,120.44000244140625,123.16999816894531,13073900
2020-12-10,104.15104675292969,120.2699966430664,120.77999877929688,119.55999755859375,119.98999786376953,13668400
2020-12-11,103.53620910644531,119.55999755859375,120.0199966430664,118.37000274658203,118.94000244140625,9981600
2020-12-14,102.44507598876953,118.30000305175781,121.41999816894531,118.11000061035156,121.33999633789062,12112400
2020-12-15,104.1943588256836,120.31999969482422,120.9000015258789,118.62000274658203,119.29000091552734,12590200
2020-12-16,104.4974365234375,120.66999816894531,121.08000183105469,119.86000061035156,120.30000305175781,11169400
2020-12-17,103.6314697265625,119.66999816894531,121.44999694824219,119.58000183105469,121.26000213623047,11618000
2020-12-18,103.12053680419922,119.08000183105469,119.87999725341797,118.2699966430664,119.13999938964844,28954800
2020-12-21,106.99147033691406,123.55000305175781,125.0,121.08999633789062,123.16999816894531,28323600
2020-12-22,105.3634262084961,121.66999816894531,123.5199966430664,121.61000061035156,123.38999938964844,11788200
2020-12-23,108.30775451660156,125.06999969482422,126.5199966430664,122.3499984741211,122.77999877929688,14973200
2020-12-24,107.83145141601562,124.5199966430664,125.55000305175781,123.56999969482422,125.08999633789062,4164900
2020-12-28,108.54154968261719,125.33999633789062,126.6500015258789,124.79000091552734,125.81999969482422,8072600
2020-12-29,108.25578308105469,125.01000213623047,126.27999877929688,124.88999938964844,126.19999694824219,8389200
2020-12-30,108.55887603759766,125.36000061035156,125.8499984741211,124.9000015258789,125.48999786376953,7398000
2020-12-31,110.0396957397461,127.06999969482422,127.33000183105469,124.81999969482422,125.08999633789062,8580200
2021-01-04,109.00051879882812,125.87000274658203,127.86000061035156,124.77999877929688,127.5,16819900
2021-01-05,109.5936050415039,125.6500015258789,126.30000305175781,123.7699966430664,124.98999786376953,13731200
2021-01-06,114.73968505859375,131.5500030517578,132.77000427246094,127.87999725341797,129.8800048828125,24909100
2021-01-07,118.50763702392578,135.8699951171875,138.19000244140625,134.9199981689453,135.69000244140625,21940400
2021-01-08,118.63849639892578,136.02000427246094,136.35000610351562,134.1199951171875,135.97000122070312,12035100
2021-01-11,120.40907287597656,138.0500030517578,138.1999969482422,134.11000061035156,134.5800018310547,15937900
2021-01-12,122.3017807006836,140.22000122070312,141.66000366210938,138.8300018310547,139.44000244140625,18033500
2021-01-13,122.4151840209961,140.35000610351562,140.7899932861328,138.10000610351562,138.58999633789062,14816800
2021-01-14,123.13038635253906,141.1699981689453,142.75,140.0,140.49000549316406,18565600
2021-01-15,120.92367553710938,138.63999938964844,141.64999389648438,137.00999450683594,137.42999267578125,27881000
2021-01-19,120.40032958984375,138.0399932861328,140.6999969482422,137.82000732421875,139.86000061035156,19843800
2021-01-20,118.59490966796875,135.97000122070312,138.1699981689453,135.44000244140625,137.82000732421875,16028800
2021-01-21,117.60054779052734,134.8300018310547,136.16000366210938,134.32000732421875,135.69000244140625,13411700
2021-01-22,116.69341278076172,133.7899932861328,134.39999389648438,132.1999969482422,132.69000244140625,12933200
2021-01-25,115.23685455322266,132.1199951171875,133.1699981689453,130.05999755859375,132.13999938964844,14212800
2021-01-26,114.76586151123047,131.5800018310547,133.1699981689453,131.33999633789062,132.75,11307800
2021-01-27,111.5212173461914,127.86000061035156,129.85000610351562,127.3499984741211,129.58999633789062,17603900
2021-01-28,113.48370361328125,130.11000061035156,132.1699981689453,128.99000549316406,129.89999389648438,13761800
2021-01-29,112.22769927978516,128.6699981689453,131.72000122070312,128.19000244140625,131.19000244140625,14808100
2021-02-01,113.05630493164062,129.6199951171875,130.07000732421875,128.47999572753906,129.39999389648438,11080700
2021-02-02,116.53646087646484,133.61000061035156,134.38999938964844,131.22000122070312,131.94000244140625,12253600
2021-02-03,117.87091827392578,135.13999938964844,135.75999450683594,133.50999450683594,133.64999389648438,10600800
2021-02-04,120.58351135253906,138.25,138.66000366210938,135.47000122070312,135.47000122070312,12419500
2021-02-05,120.3479995727539,137.97999572753906,139.49000549316406,137.3800048828125,139.38999938964844,10051300
2021-02-08,122.23200225830078,140.13999938964844,140.3000030517578,138.17999267578125,138.1999969482422,10136400
2021-02-09,121.74354553222656,139.5800018310547,139.97999572753906,138.5399932861328,139.42999267578125,8614800
2021-02-10,121.81332397460938,139.66000366210938,140.8699951171875,139.0399932861328,140.0,10323200
2021-02-11,121.47320556640625,139.27000427246094,140.5500030517578,138.22000122070312,139.66000366210938,9201000
2021-02-12,123.20016479492188,141.25,141.61000061035156,139.0,139.0500030517578,8324600
2021-02-16,126.16568756103516,144.64999389648438,145.32000732421875,142.39999389648438,143.5500030517578,12130600
2021-02-17,126.55818176269531,145.10000610351562,145.3800048828125,143.1199951171875,143.9499969482422,10810100
2021-02-18,126.98558807373047,145.58999633789062,145.7899932861328,143.39999389648438,144.0,10587800
2021-02-19,129.10504150390625,148.02000427246094,148.83999633789062,145.86000061035156,145.86000061035156,11969800
2021-02-22,130.3174285888672,149.41000366210938,150.19000244140625,146.7899932861328,146.8699951171875,11488400
2021-02-23,131.36407470703125,150.61000061035156,152.30999755859375,149.58999633789062,151.50999450683594,16234400
2021-02-24,133.6754608154297,153.25999450683594,153.75999450683594,150.11000061035156,150.11000061035156,15061400
2021-02-25,131.86123657226562,151.17999267578125,154.89999389648438,150.58999633789062,154.27000427246094,18127700
2021-02-26,128.3636474609375,147.1699981689453,150.8699951171875,146.50999450683594,150.3000030517578,19829200
2021-03-01,131.26812744140625,150.5,151.3800048828125,148.47999572753906,149.52000427246094,14845500
2021-03-02,130.84072875976562,150.00999450683594,151.77999877929688,149.83999633789062,150.0800018310547,14221700
2021-03-03,133.37017822265625,152.91000366210938,154.97999572753906,150.82000732421875,151.22999572753906,14324100
2021-03-04,131.32046508789062,150.55999755859375,154.3800048828125,148.6199951171875,152.61000061035156,20093900
2021-03-05,131.62574768066406,150.91000366210938,153.49000549316406,147.97000122070312,153.22000122070312,18465100
2021-03-08,133.37017822265625,152.91000366210938,155.4600067138672,150.75,152.47000122070312,17133300
2021-03-09,132.4281463623047,151.8300018310547,154.25,149.82000732421875,151.5,16238800
2021-03-10,135.30648803710938,155.1300048828125,156.16000366210938,151.50999450683594,151.91000366210938,14342200
2021-03-11,134.59999084472656,154.32000732421875,156.14999389648438,153.36000061035156,154.11000061035156,11771500
2021-03-12,136.1961669921875,156.14999389648438,157.6300048828125,155.07000732421875,156.86000061035156,12849500
2021-03-15,135.51580810546875,155.3699951171875,156.9199981689453,153.9600067138672,156.35000610351562,12101100
2021-03-16,133.89349365234375,153.50999450683594,154.60000610351562,152.19000244140625,154.08999633789062,12805600
2021-03-17,135.27157592773438,155.08999633789062,156.8800048828125,153.0500030517578,155.33999633789062,13952400
2021-03-18,137.50445556640625,157.64999389648438,161.69000244140625,157.11000061035156,157.60000610351562,21898500
2021-03-19,135.31520080566406,155.13999938964844,155.94000244140625,151.19000244140625,155.50999450683594,54418800
2021-03-22,131.67808532714844,150.97000122070312,153.97000122070312,150.61000061035156,152.8000030517578,19944800
2021-03-23,130.36102294921875,149.4600067138672,152.1199951171875,148.9600067138672,150.3300018310547,17076300
2021-03-24,131.37277221679688,150.6199951171875,153.17999267578125,149.86000061035156,150.0,13079800
2021-03-25,133.05616760253906,152.5500030517578,152.97000122070312,149.3300018310547,150.0,15608300
2021-03-26,135.27157592773438,155.08999633789062,155.4499969482422,152.5500030517578,154.3000030517578,16754400
2021-03-29,133.1695556640625,152.67999267578125,153.72999572753906,151.0399932861328,152.1199951171875,17570300
2021-03-30,134.73953247070312,154.47999572753906,155.8699951171875,153.8800048828125,154.4600067138672,13184300
2021-03-31,132.77706909179688,152.22999572753906,154.49000549316406,152.1199951171875,153.27999877929688,16736700
2021-04-01,134.06796264648438,153.7100067138672,153.7899932861328,151.5500030517578,151.89999389648438,16561500
2021-04-05,134.7786102294922,153.6199951171875,154.94000244140625,152.60000610351562,154.39999389648438,13508000
2021-04-06,133.8310546875,152.5399932861328,154.27999877929688,151.86000061035156,152.7899932861328,13071600
2021-04-07,135.9279327392578,154.92999267578125,155.22999572753906,152.64999389648438,153.10000610351562,16903500
2021-04-08,136.09463500976562,155.1199951171875,155.50999450683594,152.30999755859375,154.0,12335500
2021-04-09,137.1123809814453,156.27999877929688,157.0399932861328,154.97000122070312,155.80999755859375,12122400
2021-04-12,136.82284545898438,155.9499969482422,157.25,155.57000732421875,155.5800018310547,12273400
2021-04-13,135.19094848632812,154.08999633789062,155.1999969482422,152.42999267578125,154.75,16113600
2021-04-14,132.6641845703125,151.2100067138672,153.8300018310547,150.92999267578125,151.47000122070312,19939600
2021-04-15,133.50643920898438,152.1699981689453,152.1999969482422,149.32000732421875,151.25,17694100
2021-04-16,134.4978485107422,153.3000030517578,154.50999450683594,152.69000244140625,153.8699951171875,13773400
2021-04-19,133.92755126953125,152.64999389648438,153.8800048828125,152.22000122070312,153.4199981689453,11900200
2021-04-20,130.9620819091797,149.27000427246094,151.75,148.64999389648438,151.74000549316406,13716700
2021-04-21,132.0763702392578,150.5399932861328,150.61000061035156,146.7899932861328,147.7899932861328,12236700
2021-04-22,129.29518127441406,147.3699951171875,150.3000030517578,147.25999450683594,150.22999572753906,15256100
2021-04-23,131.76925659179688,150.19000244140625,151.1300048828125,146.69000244140625,147.17999267578125,14041900
2021-04-26,132.09390258789062,150.55999755859375,152.4600067138672,150.3800048828125,150.77999877929688,10799100
2021-04-27,132.69927978515625,151.25,151.57000732421875,150.11000061035156,150.5,12821200
2021-04-28,133.55908203125,152.22999572753906,152.88999938964844,151.39999389648438,152.42999267578125,8943700
2021-04-29,136.15603637695312,155.19000244140625,155.27999877929688,153.1999969482422,153.5399932861328,12976900
2021-04-30,134.94529724121094,153.80999755859375,154.49000549316406,153.00999450683594,154.10000610351562,11705100
2021-05-03,134.55050659179688,153.36000061035156,155.47999572753906,153.1300048828125,154.85000610351562,11801100
2021-05-04,136.41046142578125,155.47999572753906,155.63999938964844,152.13999938964844,152.8699951171875,12977700
2021-05-05,138.2002716064453,157.52000427246094,158.27999877929688,154.6300048828125,156.0,10506700
2021-05-06,140.98146057128906,160.69000244140625,160.82000732421875,157.16000366210938,158.07000732421875,13542400
2021-05-07,141.46401977539062,161.24000549316406,161.5,157.02000427246094,157.22000122070312,14257800
2021-05-10,141.44647216796875,161.22000122070312,163.72999572753906,161.1199951171875,161.5,14014300
2021-05-11,139.0951385498047,158.5399932861328,162.38999938964844,158.0399932861328,161.0800018310547,15451700
2021-05-12,138.13885498046875,157.4499969482422,160.77999877929688,157.02999877929688,159.61000061035156,14381700
2021-05-13,141.692138671875,161.5,162.4499969482422,157.67999267578125,158.17999267578125,15395000
2021-05-14,143.89425659179688,164.00999450683594,164.4499969482422,161.99000549316406,162.38999938964844,10584000
2021-05-17,144.47332763671875,164.6699981689453,164.85000610351562,163.02999877929688,163.3699951171875,9886800
2021-05-18,142.43788146972656,162.35000610351562,165.5,162.24000549316406,164.67999267578125,11098100
2021-05-19,141.34994506835938,161.11000061035156,161.17999267578125,158.63999938964844,161.0,13278900
2021-05-20,141.1043243408203,160.8300018310547,161.86000061035156,159.52000427246094,160.8300018310547,10426000
2021-05-21,142.7098846435547,162.66000366210938,163.22000122070312,160.94000244140625,161.33999633789062,10249000
2021-05-24,143.48191833496094,163.5399932861328,164.22999572753906,162.1199951171875,163.36000061035156,9440300
2021-05-25,141.9991912841797,161.85000610351562,165.6999969482422,161.55999755859375,163.85000610351562,12609100
2021-05-26,141.98165893554688,161.8300018310547,163.74000549316406,161.30999755859375,163.57000732421875,13058300
2021-05-27,144.19259643554688,164.35000610351562,164.75,162.57000732421875,163.9499969482422,15707500
2021-05-28,144.09603881835938,164.24000549316406,164.94000244140625,163.25999450683594,164.67999267578125,10291300
2021-06-01,145.68408203125,166.0500030517578,166.91000366210938,165.47999572753906,165.8699951171875,9445400
2021-06-02,145.69284057617188,166.05999755859375,167.44000244140625,165.52999877929688,167.25999450683594,10498600
2021-06-03,145.7893524169922,166.1699981689453,167.25,164.66000366210938,165.41000366210938,13354400
2021-06-04,146.02626037597656,166.44000244140625,166.6699981689453,165.02999877929688,166.2100067138672,8510800
2021-06-07,145.3419189453125,165.66000366210938,167.10000610351562,165.13999938964844,167.0,7267200
2021-06-08,144.76284790039062,165.0,165.75999450683594,163.16000366210938,164.49000549316406,10370700
2021-06-09,142.95553588867188,162.94000244140625,164.22000122070312,162.27999877929688,164.13999938964844,12377400
2021-06-10,140.72703552246094,160.39999389648438,165.24000549316406,160.30999755859375,164.36000061035156,12119400
2021-06-11,140.6305694580078,160.2899932861328,161.1999969482422,159.05999755859375,160.42999267578125,13683800
2021-06-14,138.244140625,157.57000732421875,160.3300018310547,156.66000366210938,160.14999389648438,19917900
2021-06-15,136.14724731445312,155.17999267578125,156.9199981689453,154.1300048828125,156.6999969482422,24485500
2021-06-16,137.1035919189453,156.27000427246094,157.6199951171875,153.11000061035156,154.72999572753906,25321200
2021-06-17,133.14671325683594,151.75999450683594,157.4600067138672,151.25,157.10000610351562,29722400
2021-06-18,129.7777099609375,147.9199981689453,149.6999969482422,147.55999755859375,149.3000030517578,43595700
2021-06-21,131.97982788085938,150.42999267578125,151.1999969482422,149.02000427246094,149.0800018310547,18664800
2021-06-22,131.7868194580078,150.2100067138672,150.97000122070312,148.66000366210938,150.60000610351562,14251200
2021-06-23,132.58522033691406,151.1199951171875,152.0399932861328,150.08999633789062,150.1999969482422,12733300
2021-06-24,133.8047332763672,152.50999450683594,153.1199951171875,151.22000122070312,151.9199981689453,13733200
2021-06-25,135.15585327148438,154.0500030517578,154.5,151.6699981689453,152.58999633789062,15484900
2021-06-28,135.40150451660156,154.3300018310547,154.47999572753906,152.1199951171875,153.6999969482422,14125800
2021-06-29,135.2348175048828,154.13999938964844,156.30999755859375,153.61000061035156,155.0,14528700
2021-06-30,136.46310424804688,155.5399932861328,156.0800018310547,153.7100067138672,153.75,12531000
2021-07-01,137.81423950195312,157.0800018310547,157.13999938964844,155.4199981689453,156.25999450683594,10479400
2021-07-02,137.6818389892578,156.02999877929688,156.32000732421875,155.1199951171875,155.9499969482422,11424000
2021-07-06,135.36993408203125,153.41000366210938,155.77999877929688,152.35000610351562,155.77999877929688,15083400
2021-07-07,135.52880859375,153.58999633789062,154.27999877929688,151.5500030517578,152.00999450683594,12271800
2021-07-08,133.19041442871094,150.94000244140625,152.52999877929688,150.0399932861328,151.61000061035156,17834600
2021-07-09,137.4524383544922,155.77000427246094,156.14999389648438,152.5800018310547,153.0500030517578,13694500
2021-07-12,139.4202423095703,158.0,159.16000366210938,153.94000244140625,154.35000610351562,19940400
2021-07-13,137.3465118408203,155.64999389648438,157.38999938964844,153.5,156.0500030517578,22671700
2021-07-14,136.87887573242188,155.1199951171875,157.27999877929688,152.9499969482422,155.9499969482422,14622800
2021-07-15,137.1789093017578,155.4600067138672,156.52999877929688,153.6999969482422,153.89999389648438,11539300
2021-07-16,134.04632568359375,151.91000366210938,156.27999877929688,151.02000427246094,155.9600067138672,14002700
2021-07-19,129.687255859375,146.97000122070312,149.82000732421875,145.7100067138672,148.5500030517578,22172900
2021-07-20,132.1050567626953,149.7100067138672,151.1199951171875,146.3300018310547,146.52000427246094,15385200
2021-07-21,134.88462829589844,152.86000061035156,153.64999389648438,151.36000061035156,152.0500030517578,12356700
2021-07-22,133.18161010742188,150.92999267578125,153.44000244140625,149.97000122070312,152.8800048828125,9913300
2021-07-23,132.92568969726562,150.63999938964844,152.83999633789062,150.25,151.47999572753906,9666100
2021-07-26,133.81692504882812,151.64999389648438,151.9600067138672,150.1699981689453,150.19000244140625,8208000
2021-07-27,133.6404571533203,151.4499969482422,152.49000549316406,149.8000030517578,150.39999389648438,11218700
2021-07-28,133.8610382080078,151.6999969482422,152.77000427246094,150.8800048828125,152.2899932861328,9217300
2021-07-29,135.0081329345703,153.0,153.8699951171875,151.91000366210938,153.13999938964844,9063500
2021-07-30,133.9315948486328,151.77999877929688,153.6699981689453,151.1999969482422,152.5800018310547,9805200
2021-08-02,133.39337158203125,151.1699981689453,154.4499969482422,151.07000732421875,152.02999877929688,10203200
2021-08-03,134.91107177734375,152.88999938964844,153.32000732421875,149.52000427246094,151.9499969482422,10394800
2021-08-04,133.4551239013672,151.24000549316406,153.3699951171875,150.91000366210938,151.25,10155000
2021-08-05,135.1405487060547,153.14999389648438,153.69000244140625,152.00999450683594,152.27999877929688,9151500
2021-08-06,138.97900390625,157.5,157.82000732421875,155.11000061035156,155.19000244140625,13328800
2021-08-09,138.82901000976562,157.3300018310547,158.5500030517578,155.89999389648438,157.52000427246094,9516900
2021-08-10,140.53204345703125,159.25999450683594,159.97999572753906,156.30999755859375,156.74000549316406,8667000
2021-08-11,142.20858764648438,161.16000366210938,161.5,159.0800018310547,160.0,9156500
2021-08-12,142.76454162597656,161.7899932861328,162.3699951171875,160.5500030517578,161.8800048828125,8844200
2021-08-13,141.1673583984375,159.97999572753906,162.16000366210938,159.57000732421875,161.7899932861328,8980900
2021-08-16,140.24082946777344,158.92999267578125,159.02999877929688,156.77999877929688,158.94000244140625,8755800
2021-08-17,138.54661560058594,157.00999450683594,158.86000061035156,155.27000427246094,157.57000732421875,9347200
2021-08-18,137.28475952148438,155.5800018310547,158.00999450683594,155.33999633789062,156.30999755859375,8065500
2021-08-19,136.1376495361328,154.27999877929688,155.55999755859375,153.00999450683594,153.16000366210938,9517700
2021-08-20,136.5259552001953,154.72000122070312,154.89999389648438,153.16000366210938,154.35000610351562,6974100
2021-08-23,138.2730712890625,156.6999969482422,157.08999633789062,155.24000549316406,155.3300018310547,7934600
2021-08-24,139.12899780273438,157.6699981689453,158.5500030517578,156.8699951171875,157.0,7670900
2021-08-25,141.996826171875,160.9199981689453,161.77999877929688,157.8000030517578,158.50999450683594,11335000
2021-08-26,142.72923278808594,161.75,163.8300018310547,161.14999389648438,162.25999450683594,11027500
2021-08-27,143.87637329101562,163.0500030517578,163.16000366210938,161.25999450683594,161.75,8780200
2021-08-30,141.57327270507812,160.44000244140625,163.49000549316406,159.8800048828125,163.2100067138672,7937600
2021-08-31,141.1409149169922,159.9499969482422,161.3699951171875,159.35000610351562,160.44000244140625,12340800
2021-09-01,140.93792724609375,159.72000122070312,160.75999450683594,158.97000122070312,160.22000122070312,8729900
2021-09-02,141.5909423828125,160.4600067138672,161.61000061035156,159.42999267578125,160.02000427246094,8813300
2021-09-03,140.7349853515625,159.49000549316406,160.88999938964844,159.14999389648438,160.38999938964844,7959700
2021-09-07,140.48793029785156,159.2100067138672,161.3800048828125,158.9600067138672,159.99000549316406,9285600
2021-09-08,139.86138916015625,158.5,159.5800018310547,158.0399932861328,158.88999938964844,7852700
2021-09-09,140.47027587890625,159.19000244140625,160.8300018310547,158.0800018310547,158.27000427246094,7904300
2021-09-10,138.85548400878906,157.36000061035156,160.72000122070312,157.22000122070312,160.55999755859375,8311600
2021-09-13,141.0614776611328,159.86000061035156,160.0500030517578,158.07000732421875,158.52999877929688,10052800
2021-09-14,138.59962463378906,157.07000732421875,161.33999633789062,156.25999450683594,160.4499969482422,11685600
2021-09-15,139.5613555908203,158.16000366210938,158.69000244140625,156.47000122070312,156.72000122070312,11691500
2021-09-16,139.49960327148438,158.08999633789062,160.85000610351562,157.22000122070312,159.41000366210938,10880900
2021-09-17,139.13784790039062,157.67999267578125,159.00999450683594,157.0,157.3800048828125,25581600
2021-09-20,134.97286987304688,152.9600067138672,154.55999755859375,150.49000549316406,153.88999938964844,15819900
2021-09-21,134.9905242919922,152.97999572753906,154.5500030517578,152.5800018310547,153.52999877929688,8999900
2021-09-22,137.57598876953125,155.91000366210938,157.25,155.10000610351562,155.1999969482422,11236200
2021-09-23,142.2262725830078,161.17999267578125,161.7100067138672,157.6699981689453,158.0,12336100
2021-09-24,143.8675079345703,163.0399932861328,163.58999633789062,160.82000732421875,161.44000244140625,10102400
2021-09-27,147.34422302246094,166.97999572753906,167.39999389648438,164.61000061035156,165.0,13220900
2021-09-28,146.550048828125,166.0800018310547,169.3000030517578,165.66000366210938,167.6999969482422,13387900
2021-09-29,146.43533325195312,165.9499969482422,166.89999389648438,165.0399932861328,166.2100067138672,7777100
2021-09-30,144.4411163330078,163.69000244140625,166.99000549316406,162.7899932861328,166.9199981689453,13161200
2021-10-01,147.4765625,167.1300048828125,168.3000030517578,163.60000610351562,164.0,11285000
2021-10-04,147.31776428222656,166.9499969482422,170.44000244140625,165.72999572753906,166.97000122070312,14120000
2021-10-05,149.72348022460938,168.66000366210938,170.13999938964844,166.6699981689453,167.2100067138672,12292900
2021-10-06,150.0430450439453,169.02000427246094,169.10000610351562,166.0,167.99000549316406,8692600
2021-10-07,150.99293518066406,170.08999633789062,171.50999450683594,169.5399932861328,171.1999969482422,10195400
2021-10-08,151.10833740234375,170.22000122070312,171.33999633789062,169.3000030517578,170.02000427246094,8190100
2021-10-11,147.93026733398438,166.63999938964844,171.2899932861328,166.4600067138672,170.8000030517578,12154700
2021-10-12,146.79397583007812,165.36000061035156,166.69000244140625,164.77000427246094,165.75,13032600
2021-10-13,142.9235076904297,161.0,165.41000366210938,160.60000610351562,164.07000732421875,22753500
2021-10-14,145.11619567871094,163.47000122070312,164.00999450683594,160.05999755859375,161.75,15176800
2021-10-15,147.90365600585938,166.61000061035156,167.1699981689453,164.13999938964844,165.35000610351562,14267400
2021-10-18,147.85037231445312,166.5500030517578,168.61000061035156,165.91000366210938,166.47999572753906,12672900
2021-10-19,149.64358520507812,168.57000732421875,168.64999389648438,166.5800018310547,167.39999389648438,8053900
2021-10-20,151.65870666503906,170.83999633789062,170.8699951171875,167.4600067138672,168.3000030517578,8185600
2021-10-21,150.4691619873047,169.5,171.3300018310547,168.67999267578125,170.75999450683594,8415200
2021-10-22,152.4931640625,171.77999877929688,172.08999633789062,169.6999969482422,170.02999877929688,8817900
2021-10-25,151.7474822998047,170.94000244140625,172.9600067138672,170.47999572753906,172.7100067138672,10159200
2021-10-26,152.1558380126953,171.39999389648438,172.49000549316406,170.5399932861328,171.0,8015100
2021-10-27,148.98663330078125,167.8300018310547,170.6999969482422,167.33999633789062,170.32000732421875,9847000
2021-10-28,151.2326202392578,170.36000061035156,170.50999450683594,167.9600067138672,168.3000030517578,7212900
2021-10-29,150.8153533935547,169.88999938964844,172.24000549316406,169.38999938964844,171.17999267578125,8140100
2021-11-01,150.73545837402344,169.8000030517578,172.3300018310547,169.00999450683594,172.0399932861328,7435500
2021-11-02,151.3302459716797,170.47000122070312,171.69000244140625,168.9199981689453,169.8000030517578,7173800
2021-11-03,151.3834991455078,170.52999877929688,171.1300048828125,169.14999389648438,170.1300048828125,8402700
2021-11-04,149.39498901367188,168.2899932861328,170.1999969482422,166.49000549316406,170.0,9574200
2021-11-05,149.18194580078125,168.0500030517578,170.08999633789062,167.41000366210938,168.89999389648438,7975600
2021-11-08,150.07861328125,169.05999755859375,170.9199981689453,168.74000549316406,169.0500030517578,6413700
2021-11-09,148.94227600097656,167.77999877929688,168.47000122070312,166.60000610351562,167.35000610351562,7990300
2021-11-10,148.8002166748047,167.6199951171875,168.9499969482422,167.08999633789062,167.4499969482422,6999200
2021-11-11,148.7913818359375,167.61000061035156,168.67999267578125,166.89999389648438,167.52000427246094,5815300
2021-11-12,148.12559509277344,166.86000061035156,167.74000549316406,165.72000122070312,167.64999389648438,8113400
2021-11-15,147.85926818847656,166.55999755859375,167.7899932861328,166.0,167.2100067138672,6492500
2021-11-16,146.79397583007812,165.36000061035156,167.07000732421875,165.1199951171875,167.05999755859375,9706100
2021-11-17,146.00390625,164.47000122070312,165.55999755859375,163.38999938964844,165.2100067138672,9909600
2021-11-18,144.74334716796875,163.0500030517578,164.85000610351562,162.55999755859375,164.38999938964844,8122500
2021-11-19,142.8524932861328,160.9199981689453,162.11000061035156,159.4499969482422,161.3000030517578,12193600
2021-11-22,145.8974151611328,164.35000610351562,165.97999572753906,162.99000549316406,164.16000366210938,14549900
2021-11-23,149.38612365722656,168.27999877929688,168.55999755859375,165.3699951171875,165.5,12354400
2021-11-24,148.21435546875,166.9600067138672,169.44000244140625,166.44000244140625,168.4600067138672,9629800
2021-11-26,143.74911499023438,161.92999267578125,162.64999389648438,158.82000732421875,162.13999938964844,13619300
2021-11-29,143.127685546875,161.22999572753906,164.77999877929688,159.82000732421875,163.30999755859375,12104400
2021-11-30,140.99713134765625,158.8300018310547,160.6300048828125,158.2899932861328,159.16000366210938,18922600
2021-12-01,140.1626739501953,157.88999938964844,163.27000427246094,157.8000030517578,161.0,12253400
2021-12-02,143.1099395751953,161.2100067138672,163.25,158.8000030517578,159.8300018310547,12969900
2021-12-03,140.5177764892578,158.2899932861328,161.8300018310547,157.19000244140625,161.5,12681800
2021-12-06,142.17784118652344,160.16000366210938,162.61000061035156,159.4600067138672,161.00999450683594,11186500
2021-12-07,144.31723022460938,162.57000732421875,163.38999938964844,161.16000366210938,161.8800048828125,9851600
2021-12-08,142.66612243652344,160.7100067138672,163.27000427246094,160.1699981689453,162.66000366210938,11705700
2021-12-09,142.4441375732422,160.4600067138672,160.92999267578125,158.64999389648438,159.64999389648438,11189600
2021-12-10,141.87599182128906,159.82000732421875,161.6999969482422,159.1300048828125,161.32000732421875,10405400
2021-12-13,140.1893310546875,157.9199981689453,159.7899932861328,157.27999877929688,159.5,12069000
2021-12-14,141.26345825195312,159.1300048828125,160.88999938964844,157.3000030517578,157.4499969482422,12563600
2021-12-15,140.2071075439453,157.94000244140625,159.85000610351562,157.35000610351562,159.85000610351562,14014200
2021-12-16,142.3997344970703,160.41000366210938,161.82000732421875,158.6999969482422,160.38999938964844,19542800
2021-12-17,139.1595458984375,156.75999450683594,159.3800048828125,155.17999267578125,159.32000732421875,28082000
2021-12-20,136.6561737060547,153.94000244140625,154.6999969482422,151.83999633789062,154.50999450683594,15148000
2021-12-21,138.5647735595703,156.08999633789062,157.17999267578125,155.08999633789062,155.41000366210938,11291300
2021-12-22,139.10630798339844,156.6999969482422,157.05999755859375,155.24000549316406,155.75,7273000
2021-12-23,139.6034393310547,157.25999450683594,159.1199951171875,157.2100067138672,157.61000061035156,8055200
2021-12-27,140.40235900878906,158.16000366210938,158.1999969482422,156.33999633789062,157.60000610351562,6188100
2021-12-28,140.82850646972656,158.63999938964844,160.14999389648438,158.0800018310547,158.1999969482422,6342300
2021-12-29,140.75746154785156,158.55999755859375,159.6300048828125,158.14999389648438,158.85000610351562,6398900
2021-12-30,140.6864471435547,158.47999572753906,160.24000549316406,158.3699951171875,159.11000061035156,6948200
2021-12-31,140.571044921875,158.35000610351562,159.2899932861328,157.9600067138672,158.4499969482422,5805900
2022-01-03,143.544921875,161.6999969482422,162.63999938964844,159.50999450683594,159.86000061035156,13120900
2022-01-04,148.98663330078125,167.8300018310547,168.5800018310547,164.22999572753906,164.30999755859375,20195800
2022-01-05,146.26287841796875,163.77999877929688,168.36000061035156,163.72999572753906,167.82000732421875,17539400
2022-01-06,147.81680297851562,165.52000427246094,167.3699951171875,163.8699951171875,166.91000366210938,14047500
2022-01-07,149.2813720703125,167.16000366210938,167.52999877929688,165.05999755859375,165.6699981689453,13913300
2022-01-10,149.4242401123047,167.32000732421875,169.30999755859375,165.52999877929688,169.07000732421875,12922500
2022-01-11,149.57608032226562,167.49000549316406,168.52000427246094,166.30999755859375,168.25999450683594,11854100
2022-01-12,150.42445373535156,168.44000244140625,169.58999633789062,167.17999267578125,168.4600067138672,12568000
2022-01-13,150.23687744140625,168.22999572753906,169.80999755859375,167.88999938964844,168.33999633789062,13623400
2022-01-14,141.0028533935547,157.88999938964844,161.02999877929688,156.89999389648438,160.75999450683594,40158400
2022-01-18,135.09091186523438,151.27000427246094,155.77999877929688,150.5399932861328,155.77999877929688,32324800
2022-01-19,133.00112915039062,148.92999267578125,152.22999572753906,148.5500030517578,151.57000732421875,22380000
2022-01-20,131.86700439453125,147.66000366210938,150.61000061035156,147.36000061035156,148.99000549316406,14860800
2022-01-21,129.56295776367188,145.0800018310547,147.50999450683594,144.27000427246094,147.5,20705400
2022-01-24,129.4468536376953,144.9499969482422,145.47999572753906,139.57000732421875,142.27999877929688,28471400
2022-01-25,130.85784912109375,146.52999877929688,146.85000610351562,140.7899932861328,143.64999389648438,18915900
2022-01-26,132.0991973876953,147.9199981689453,150.57000732421875,145.9600067138672,148.72000122070312,20709100
2022-01-27,129.76832580566406,145.30999755859375,150.3800048828125,144.1300048828125,149.4199981689453,17536800
2022-01-28,130.9293212890625,146.61000061035156,146.75999450683594,142.1699981689453,144.19000244140625,14117000
2022-01-31,132.70645141601562,148.60000610351562,148.7899932861328,144.6699981689453,145.63999938964844,13985700
2022-02-01,134.98373413085938,151.14999389648438,151.47000122070312,148.3000030517578,148.69000244140625,14584900
2022-02-02,133.9031524658203,149.94000244140625,150.94000244140625,148.07000732421875,150.5,12441100
2022-02-03,132.7957763671875,148.6999969482422,151.64999389648438,148.2899932861328,150.0,12474900
2022-02-04,136.24290466308594,152.55999755859375,153.5,148.77000427246094,149.10000610351562,16654400
2022-02-07,136.6983642578125,153.07000732421875,153.6199951171875,150.85000610351562,153.27000427246094,12572300
2022-02-08,139.27032470703125,155.9499969482422,158.47999572753906,154.8000030517578,155.0,20411400
2022-02-09,139.850830078125,156.60000610351562,157.42999267578125,155.82000732421875,156.58999633789062,9131100
2022-02-10,139.27032470703125,155.9499969482422,159.02999877929688,155.22000122070312,156.66000366210938,16455600
2022-02-11,137.4574737548828,153.9199981689453,158.19000244140625,152.97000122070312,155.61000061035156,16830000
2022-02-14,136.18038940429688,152.49000549316406,153.67999267578125,150.32000732421875,152.72999572753906,17026500
2022-02-15,138.17189025878906,154.72000122070312,155.94000244140625,153.85000610351562,154.50999450683594,9500000
2022-02-16,138.4219512939453,155.0,156.10000610351562,153.74000549316406,153.74000549316406,9076500
2022-02-17,135.23374938964844,151.42999267578125,153.72999572753906,150.6699981689453,153.0,11367500
2022-02-18,135.8678436279297,152.13999938964844,154.13999938964844,151.1300048828125,152.1300048828125,11733300
2022-02-22,135.62672424316406,151.8699951171875,153.24000549316406,150.41000366210938,150.60000610351562,11333500
2022-02-23,132.78683471679688,148.69000244140625,153.3000030517578,147.97000122070312,153.1199951171875,11799000
2022-02-24,129.08963012695312,144.5500030517578,144.99000549316406,139.77999877929688,142.94000244140625,25655100
2022-02-25,132.14382934570312,147.97000122070312,150.1300048828125,144.91000366210938,145.25,18367700
2022-02-28,126.63377380371094,141.8000030517578,145.05999755859375,140.8800048828125,143.5500030517578,31315300
2022-03-01,121.85595703125,136.4499969482422,140.47999572753906,133.5800018310547,140.0399932861328,36840400
2022-03-02,124.38326263427734,139.27999877929688,140.0399932861328,136.61000061035156,137.2899932861328,19405600
2022-03-03,123.49916076660156,138.2899932861328,140.97999572753906,137.05999755859375,139.83999633789062,16640800
2022-03-04,120.02523040771484,134.39999389648438,135.4199981689453,132.39999389648438,134.94000244140625,21016000
2022-03-07,115.39034271240234,129.2100067138672,132.69000244140625,128.9499969482422,132.1699981689453,27560100
2022-03-08,114.57765197753906,128.3000030517578,131.7899932861328,127.2699966430664,129.63999938964844,19207800
2022-03-09,119.16789245605469,133.44000244140625,135.24000549316406,132.44000244140625,132.89999389648438,17536200
2022-03-10,117.75688171386719,131.86000061035156,133.4499969482422,130.32000732421875,131.86000061035156,15604200
2022-03-11,115.10455322265625,128.88999938964844,134.0800018310547,128.4199981689453,132.49000549316406,20061800
2022-03-14,116.24764251708984,130.1699981689453,132.9199981689453,129.22999572753906,129.4600067138672,15786900
2022-03-15,118.31057739257812,132.47999572753906,133.5500030517578,131.1300048828125,131.8000030517578,15096600
2022-03-16,123.59738159179688,138.39999389648438,138.49000549316406,134.42999267578125,134.8699951171875,20354900
2022-03-17,125.16023254394531,140.14999389648438,140.19000244140625,135.9199981689453,136.86000061035156,17050500
2022-03-18,125.1156005859375,140.10000610351562,140.85000610351562,138.4600067138672,140.19000244140625,23656500
2022-03-21,124.71370697021484,139.64999389648438,140.75999450683594,138.72999572753906,140.35000610351562,12676100
2022-03-22,127.36604309082031,142.6199951171875,143.92999267578125,141.72000122070312,142.27000427246094,13548600
2022-03-23,124.82981872558594,139.77999877929688,141.58999633789062,139.1999969482422,140.97999572753906,12093200
2022-03-24,125.6424789428711,140.69000244140625,140.7100067138672,139.11000061035156,140.3000030517578,10017600
2022-03-25,126.74091339111328,141.9199981689453,143.17999267578125,140.8000030517578,141.08999633789062,8383500
2022-03-28,125.80323028564453,140.8699951171875,140.97000122070312,137.89999389648438,140.0,10818100
2022-03-29,126.08004760742188,141.17999267578125,143.60000610351562,140.24000549316406,143.35000610351562,11316500
2022-03-30,125.50852966308594,140.5399932861328,142.1199951171875,139.91000366210938,141.89999389648438,8771000
2022-03-31,121.7398681640625,136.32000732421875,140.35000610351562,136.25999450683594,139.8300018310547,17353900
2022-04-01,120.83789825439453,135.30999755859375,137.41000366210938,133.8000030517578,137.39999389648438,15721300
2022-04-04,121.37374877929688,135.91000366210938,136.94000244140625,132.88999938964844,134.1199951171875,17416400
2022-04-05,119.96125030517578,133.33999633789062,135.39999389648438,133.00999450683594,134.07000732421875,12110300
2022-04-06,118.296875,131.49000549316406,132.55999755859375,130.9600067138672,131.5800018310547,12914700
2022-04-07,117.93701171875,131.08999633789062,131.9199981689453,128.72999572753906,130.9499969482422,12994200
2022-04-08,120.09619903564453,133.49000549316406,133.89999389648438,131.49000549316406,131.6699981689453,13126900
2022-04-11,119.65535736083984,133.0,134.89999389648438,132.57000732421875,133.0,10466400
2022-04-12,118.34184265136719,131.5399932861328,134.5800018310547,130.6999969482422,132.13999938964844,12989900
2022-04-13,114.52729797363281,127.30000305175781,129.25,126.01000213623047,126.94000244140625,30838000
2022-04-14,113.46566772460938,126.12000274658203,128.3000030517578,125.0199966430664,126.5,18835200
2022-04-18,115.5708999633789,128.4600067138672,129.24000549316406,125.54000091552734,125.66999816894531,11834400
2022-04-19,117.96398162841797,131.1199951171875,131.32000732421875,128.22999572753906,128.4499969482422,15015400
2022-04-20,118.37783813476562,131.5800018310547,133.50999450683594,131.33999633789062,132.52000427246094,13430200
2022-04-21,117.46017456054688,130.55999755859375,132.80999755859375,129.9600067138672,132.22000122070312,12174200
2022-04-22,114.0864486694336,126.80999755859375,130.52000427246094,126.69000244140625,130.27999877929688,14318800
2022-04-25,114.05044555664062,126.7699966430664,127.12000274658203,123.11000061035156,126.01000213623047,17149000
2022-04-26,110.67668151855469,123.0199966430664,126.41000366210938,122.87000274658203,124.63999938964844,17209500
2022-04-27,109.23725128173828,121.41999816894531,123.55999755859375,121.22000122070312,122.33000183105469,17215200
2022-04-28,110.96460723876953,123.33999633789062,123.6500015258789,121.13999938964844,122.80999755859375,13015600
2022-04-29,107.3839340209961,119.36000061035156,123.61000061035156,118.9000015258789,123.05000305175781,14874800
2022-05-02,108.36458587646484,120.44999694824219,120.70999908447266,118.22000122070312,119.87999725341797,18545000
2022-05-03,110.68571472167969,123.02999877929688,124.16999816894531,120.77999877929688,121.52999877929688,15720900
2022-05-04,114.34734344482422,127.0999984741211,127.4000015258789,122.73999786376953,122.80000305175781,17128500
2022-05-05,111.48641204833984,123.91999816894531,126.0999984741211,122.16000366210938,125.25,15055400
2022-05-06,111.30647277832031,123.72000122070312,124.29000091552734,121.18000030517578,123.80000305175781,14417900
2022-05-09,109.63310241699219,121.86000061035156,123.33000183105469,120.5,122.11000061035156,14312300
2022-05-10,106.96112060546875,118.88999938964844,123.77999877929688,117.55999755859375,123.11000061035156,16382400
2022-05-11,106.2863540649414,118.13999938964844,122.88999938964844,117.94000244140625,119.30000305175781,14630300
2022-05-12,106.1963882446289,118.04000091552734,118.31999969482422,115.37000274658203,117.0,16318800
2022-05-13,107.14103698730469,119.08999633789062,120.25,117.95999908447266,119.41000366210938,10443200
2022-05-16,106.39432525634766,118.26000213623047,119.45999908447266,117.2300033569336,118.54000091552734,10269000
2022-05-17,109.92100524902344,122.18000030517578,122.97000122070312,120.80999755859375,121.04000091552734,11160200
2022-05-18,108.04070281982422,120.08999633789062,121.97000122070312,119.52999877929688,121.30000305175781,12664900
2022-05-19,106.43929290771484,118.30999755859375,119.6500015258789,117.62999725341797,118.19000244140625,12765800
2022-05-20,105.5666275024414,117.33999633789062,119.66999816894531,115.0199966430664,119.45999908447266,13150100
2022-05-23,112.0981674194336,124.5999984741211,126.56999969482422,120.44999694824219,120.45999908447266,24376700
2022-05-24,113.68159484863281,126.36000061035156,127.48999786376953,123.11000061035156,124.36000061035156,19324900
2022-05-25,114.47330474853516,127.23999786376953,127.86000061035156,125.16999816894531,126.27999877929688,12780400
2022-05-26,116.45256805419922,129.44000244140625,130.19000244140625,128.2100067138672,128.3699951171875,15990900
2022-05-27,118.09893035888672,131.27000427246094,131.27000427246094,129.13999938964844,130.16000366210938,11177800
2022-05-31,118.9626235961914,132.22999572753906,133.14999389648438,129.7100067138672,130.17999267578125,17015000
2022-06-01,116.87541198730469,129.91000366210938,132.8699951171875,128.6699981689453,132.8699951171875,10768000
2022-06-02,118.75570678710938,132.0,132.00999450683594,128.6699981689453,129.89999389648438,8374800
2022-06-03,117.1003189086914,130.16000366210938,131.77000427246094,129.99000549316406,131.2100067138672,8596000
2022-06-06,116.71345520019531,129.72999572753906,132.38999938964844,129.4600067138672,131.08999633789062,11323500
2022-06-07,117.01935577392578,130.07000732421875,130.32000732421875,128.6199951171875,128.8300018310547,6722200
2022-06-08,115.15703582763672,128.0,129.4499969482422,126.9000015258789,129.0,8422100
2022-06-09,112.73695373535156,125.30999755859375,128.10000610351562,125.2699966430664,127.37000274658203,13560100
2022-06-10,107.55489349365234,119.55000305175781,123.4000015258789,119.31999969482422,122.58999633789062,12945200
2022-06-13,104.3520736694336,115.98999786376953,117.94999694824219,115.05999755859375,116.86000061035156,16805600
2022-06-14,102.61571502685547,114.05999755859375,117.31999969482422,113.22000122070312,115.55000305175781,13357900
2022-06-15,103.83026885986328,115.41000366210938,116.94999694824219,113.16999816894531,115.62000274658203,14083500
2022-06-16,102.04893493652344,113.43000030517578,114.26000213623047,111.87000274658203,113.86000061035156,16724900
2022-06-17,101.68907165527344,113.02999877929688,114.62999725341797,112.16000366210938,113.54000091552734,30919900
2022-06-21,104.20811462402344,115.83000183105469,117.02999877929688,115.04000091552734,115.87000274658203,11680500
2022-06-22,103.62335968017578,115.18000030517578,116.19999694824219,114.38999938964844,114.87999725341797,9842700
2022-06-23,102.48975372314453,113.91999816894531,115.18000030517578,111.4800033569336,115.01000213623047,11851500
2022-06-24,105.54862976074219,117.31999969482422,117.81999969482422,112.83000183105469,113.2300033569336,14841100
2022-06-27,104.70293426513672,116.37999725341797,118.5,115.63999938964844,118.05999755859375,11280500
2022-06-28,104.19913482666016,115.81999969482422,119.29000091552734,115.5999984741211,117.66999816894531,11590900
2022-06-29,103.7313232421875,115.30000305175781,116.81999969482422,114.7300033569336,116.0,9338400
2022-06-30,101.31118774414062,112.61000061035156,114.08000183105469,110.93000030517578,113.16999816894531,15172600
2022-07-01,102.60671997070312,114.05000305175781,114.41999816894531,111.16000366210938,112.6500015258789,10573600
2022-07-05,102.2164535522461,112.62000274658203,112.70999908447266,109.30000305175781,110.7699966430664,12514200
2022-07-06,101.55387878417969,111.88999938964844,112.98999786376953,110.79000091552734,111.7300033569336,10656200
2022-07-07,104.12244415283203,114.72000122070312,114.9000015258789,113.4000015258789,113.5,10347400
2022-07-08,103.79570007324219,114.36000061035156,115.6500015258789,113.61000061035156,115.16000366210938,8807800
2022-07-11,102.43427276611328,112.86000061035156,114.2300033569336,112.22000122070312,113.55000305175781,7939500
2022-07-12,102.53411865234375,112.97000122070312,115.18000030517578,112.26000213623047,112.58000183105469,11250900
2022-07-13,101.572021484375,111.91000366210938,112.4800033569336,110.37999725341797,111.75,12979900
2022-07-14,98.02323913574219,108.0,108.2300033569336,106.05999755859375,107.98999786376953,26204800
2022-07-15,102.51596069335938,112.94999694824219,113.87999725341797,107.66999816894531,109.16000366210938,18863900
2022-07-18,101.46311950683594,111.79000091552734,115.83999633789062,111.29000091552734,114.7699966430664,13977900
2022-07-19,103.97723388671875,114.55999755859375,114.94000244140625,112.66999816894531,113.12999725341797,11862300
2022-07-20,103.95907592773438,114.54000091552734,114.73999786376953,113.4800033569336,114.0999984741211,11667500
2022-07-21,104.66702270507812,115.31999969482422,115.52999877929688,113.37000274658203,114.44000244140625,11595900
2022-07-22,104.15874481201172,114.76000213623047,116.25,113.66999816894531,115.23999786376953,7645500
2022-07-25,104.57627868652344,115.22000122070312,116.45999908447266,114.7699966430664,115.83999633789062,9394000
2022-07-26,102.94254302978516,113.41999816894531,115.58000183105469,113.02999877929688,114.58000183105469,10675100
2022-07-27,104.59441375732422,115.23999786376953,115.73999786376953,113.30000305175781,114.01000213623047,9337400
2022-07-28,104.20413970947266,114.80999755859375,115.9800033569336,113.52999877929688,115.25,10384800
2022-07-29,104.70332336425781,115.36000061035156,116.5,114.79000091552734,115.58999633789062,12944500
2022-08-01,103.6595687866211,114.20999908447266,115.11000061035156,113.06999969482422,114.5,14740400
2022-08-02,102.04400634765625,112.43000030517578,114.4000015258789,112.2699966430664,113.91999816894531,14942900
2022-08-03,103.11498260498047,113.61000061035156,114.0999984741211,111.70999908447266,113.44999694824219,14394500
2022-08-04,101.98047637939453,112.36000061035156,113.31999969482422,111.0199966430664,112.8499984741211,18033900
2022-08-05,105.0663833618164,115.76000213623047,116.19000244140625,112.05000305175781,112.52999877929688,14174600
2022-08-08,103.78663635253906,114.3499984741211,116.69999694824219,114.18000030517578,116.25,10332500
2022-08-09,104.72148132324219,115.37999725341797,115.98999786376953,114.37000274658203,114.75,10233800
2022-08-10,107.45343017578125,118.38999938964844,119.37000274658203,117.5,117.95999908447266,12847300
2022-08-11,109.0417709350586,120.13999938964844,121.19999694824219,119.30999755859375,119.9000015258789,11684900
2022-08-12,110.84793090820312,122.12999725341797,122.25,119.44000244140625,120.66999816894531,9906700
2022-08-15,111.1474609375,122.45999908447266,122.72000122070312,120.5999984741211,121.13999938964844,8456200
2022-08-16,112.2093734741211,123.62999725341797,124.23999786376953,121.87000274658203,122.29000091552734,9555000
2022-08-17,111.26544189453125,122.58999633789062,123.16000366210938,121.69000244140625,122.30000305175781,8149300
2022-08-18,110.40319061279297,121.63999938964844,122.47000122070312,120.55000305175781,122.23999786376953,9531800
2022-08-19,107.67125701904297,118.62999725341797,120.98999786376953,118.11000061035156,120.62000274658203,13464500
2022-08-22,105.89231872558594,116.66999816894531,117.16000366210938,115.5,116.75,8967600
2022-08-23,104.84854888916016,115.5199966430664,117.29000091552734,115.37999725341797,116.69000244140625,7607000
2022-08-24,105.10269927978516,115.80000305175781,116.41000366210938,114.44999694824219,115.29000091552734,9771300
2022-08-25,107.5986557006836,118.55000305175781,118.73999786376953,115.68000030517578,116.16000366210938,10758900
2022-08-26,104.07705688476562,114.66999816894531,119.98999786376953,114.5999984741211,119.45999908447266,11276200
2022-08-29,103.82294464111328,114.38999938964844,114.86000061035156,113.45999908447266,114.0,8117300
2022-08-30,103.84109497070312,114.41000366210938,115.58000183105469,113.36000061035156,115.0,10745400
2022-08-31,103.22390747070312,113.7300033569336,115.02999877929688,113.33999633789062,114.4800033569336,10738300
2022-09-01,103.93184661865234,114.51000213623047,114.62999725341797,111.91000366210938,113.29000091552734,9979800
2022-09-02,103.20575714111328,113.70999908447266,117.44999694824219,113.19000244140625,115.87000274658203,10666600
2022-09-06,103.23297882080078,113.73999786376953,114.75,112.06999969482422,114.33000183105469,9751900
2022-09-07,105.19345092773438,115.9000015258789,116.11000061035156,112.76000213623047,113.12999725341797,10647900
2022-09-08,107.64402770996094,118.5999984741211,118.79000091552734,114.62999725341797,115.27999877929688,11435000
2022-09-09,108.161376953125,119.16999816894531,120.05000305175781,118.66999816894531,119.13999938964844,9299700
2022-09-12,109.44110870361328,120.58000183105469,121.55000305175781,119.79000091552734,120.62000274658203,8614600
2022-09-13,105.63819122314453,116.38999938964844,118.91999816894531,115.77999877929688,118.06999969482422,12904600
2022-09-14,105.39311981201172,116.12000274658203,117.83999633789062,114.87999725341797,116.69999694824219,9345700
2022-09-15,106.98147583007812,117.87000274658203,119.37999725341797,115.76000213623047,116.12000274658203,10821400
2022-09-16,106.26445770263672,117.08000183105469,117.4000015258789,115.37000274658203,117.38999938964844,14844100
2022-09-19,107.24468231201172,118.16000366210938,118.7300033569336,115.51000213623047,116.0,8201300
2022-09-20,105.12991333007812,115.83000183105469,117.69000244140625,114.63999938964844,117.41000366210938,9619000
2022-09-21,102.09845733642578,112.48999786376953,116.5999984741211,112.41999816894531,116.54000091552734,12606300
2022-09-22,100.93669128417969,111.20999908447266,113.5999984741211,111.06999969482422,113.37999725341797,11684500
2022-09-23,99.05792236328125,109.13999938964844,110.33999633789062,107.16000366210938,110.05000305175781,18138600
2022-09-26,96.92499542236328,106.79000091552734,109.61000061035156,106.05999755859375,108.0,15753600
2022-09-27,96.07185363769531,105.8499984741211,108.16999816894531,104.6500015258789,107.75,12793600
2022-09-28,98.01414489746094,107.98999786376953,108.7300033569336,105.63999938964844,105.94999694824219,12762600
2022-09-29,96.35320281982422,106.16000366210938,107.27999877929688,104.4000015258789,106.94999694824219,12713900
2022-09-30,94.84654235839844,104.5,107.62000274658203,104.4000015258789,106.05999755859375,15973400
2022-10-03,97.77818298339844,107.7300033569336,108.36000061035156,104.45999908447266,105.62000274658203,12248100
2022-10-04,102.35259246826172,112.7699966430664,112.98999786376953,109.86000061035156,110.61000061035156,16013600
2022-10-05,101.0888671875,110.38999938964844,110.94999694824219,108.83000183105469,109.75,10943500
2022-10-06,99.02845001220703,108.13999938964844,110.19000244140625,107.94000244140625,109.45999908447266,11521400
2022-10-07,97.05044555664062,105.9800033569336,107.70999908447266,105.2699966430664,107.5199966430664,11681100
2022-10-10,96.14384460449219,104.98999786376953,107.30999755859375,104.5199966430664,106.7300033569336,8931700
2022-10-11,93.3691635131836,101.95999908447266,104.54000091552734,101.8499984741211,104.37000274658203,12739700
2022-10-12,94.880126953125,103.61000061035156,104.7300033569336,101.27999877929688,101.80000305175781,13181000
2022-10-13,100.15480041503906,109.37000274658203,109.9000015258789,101.76000213623047,101.9800033569336,22398700
2022-10-14,101.82146453857422,111.19000244140625,115.23999786376953,110.72000122070312,111.95999908447266,33387100
2022-10-17,106.09798431396484,115.86000061035156,117.01000213623047,114.31999969482422,115.41000366210938,22276300
2022-10-18,108.82688903808594,118.83999633789062,120.13999938964844,116.95999908447266,119.66000366210938,21539700
2022-10-19,106.6932144165039,116.51000213623047,118.83000183105469,115.66999816894531,117.98999786376953,17072000
2022-10-20,106.3452377319336,116.12999725341797,118.70999908447266,115.6500015258789,117.16000366210938,12207400
2022-10-21,111.9312744140625,122.2300033569336,122.38999938964844,116.33000183105469,116.45999908447266,20593300
2022-10-24,112.0686264038086,122.37999725341797,123.0999984741211,121.33000183105469,122.06999969482422,12624200
2022-10-25,112.36166381835938,122.69999694824219,123.2699966430664,120.88999938964844,121.8499984741211,11289100
2022-10-26,113.6528549194336,124.11000061035156,125.19999694824219,122.87999725341797,123.0,11667000
2022-10-27,114.1015625,124.5999984741211,126.19999694824219,124.20999908447266,125.19999694824219,10727600
2022-10-28,115.4568862915039,126.08000183105469,126.27999877929688,124.05000305175781,125.29000091552734,11859500
2022-10-31,115.27371978759766,125.87999725341797,127.43000030517578,125.58999633789062,125.69999694824219,13295200
2022-11-01,117.35244750976562,128.14999389648438,128.27999877929688,126.33000183105469,126.87000274658203,13386900
2022-11-02,116.27189636230469,126.97000122070312,130.36000061035156,126.63999938964844,127.6500015258789,16546100
2022-11-03,116.48251342773438,127.19999694824219,128.17999267578125,125.91000366210938,126.30999755859375,12474400
2022-11-04,119.66928100585938,130.67999267578125,130.8300018310547,128.4600067138672,129.49000549316406,14953200
2022-11-07,120.30113983154297,131.3699951171875,132.2899932861328,130.47999572753906,131.0,12011200
2022-11-08,120.3743896484375,131.4499969482422,132.05999755859375,130.13999938964844,131.24000549316406,9884100
2022-11-09,118.80850219726562,129.74000549316406,131.42999267578125,129.22000122070312,131.32000732421875,9494000
2022-11-10,123.69855499267578,135.0800018310547,135.25,132.52999877929688,132.6300048828125,16351600
2022-11-11,123.90003204345703,135.3000030517578,136.1699981689453,133.77999877929688,135.19000244140625,10704700
2022-11-14,122.62715911865234,133.91000366210938,135.72999572753906,133.91000366210938,134.8000030517578,11085600
2022-11-15,121.73886108398438,132.94000244140625,135.7100067138672,131.60000610351562,134.67999267578125,14038300
2022-11-16,121.90369415283203,133.1199951171875,133.55999755859375,132.02999877929688,133.0,7893400
2022-11-17,121.37257385253906,132.5399932861328,132.88999938964844,131.27999877929688,132.0,8820200
2022-11-18,122.56303405761719,133.83999633789062,134.6699981689453,132.27999877929688,134.57000732421875,9468500
2022-11-21,121.839599609375,133.0500030517578,134.55999755859375,132.75,133.74000549316406,7800500
2022-11-22,123.66192626953125,135.0399932861328,135.27000427246094,133.69000244140625,134.0,9185700
2022-11-23,124.98058319091797,136.47999572753906,136.5,134.86000061035156,134.94000244140625,7316200
2022-11-25,125.21871948242188,136.74000549316406,137.13999938964844,136.05999755859375,136.47999572753906,3220500
2022-11-28,123.03007507324219,134.35000610351562,136.7100067138672,134.19000244140625,136.07000732421875,9906900
2022-11-29,125.05382537841797,136.55999755859375,136.63999938964844,134.41000366210938,134.66000366210938,7925300
2022-11-30,126.537353515625,138.17999267578125,138.17999267578125,133.19000244140625,136.08999633789062,14761200
2022-12-01,124.76081848144531,136.24000549316406,138.66000366210938,135.42999267578125,138.17999267578125,8858500
2022-12-02,123.77184295654297,135.16000366210938,135.35000610351562,133.33999633789062,134.49000549316406,8931900
2022-12-05,120.30113983154297,131.3699951171875,134.57000732421875,130.60000610351562,134.24000549316406,10154500
2022-12-06,120.50263214111328,131.58999633789062,135.11000061035156,129.8699951171875,133.38999938964844,13966700
2022-12-07,120.42020416259766,131.5,133.0800018310547,130.3300018310547,131.30999755859375,11739400
2022-12-08,121.68394470214844,132.8800048828125,132.97999572753906,131.42999267578125,132.3300018310547,8907300
2022-12-09,121.02458190917969,132.16000366210938,133.75999450683594,132.0,132.1999969482422,7957800
2022-12-12,122.90187072753906,134.2100067138672,134.64999389648438,131.60000610351562,132.39999389648438,8841600
2022-12-13,122.78282165527344,134.0800018310547,137.08999633789062,133.0800018310547,136.88999938964844,10025400
2022-12-14,122.16926574707031,133.41000366210938,135.7100067138672,132.75999450683594,133.77999877929688,9966100
2022-12-15,119.13816833496094,130.10000610351562,132.0800018310547,129.0500030517578,131.14999389648438,12087800
2022-12-16,118.39640808105469,129.2899932861328,129.89999389648438,128.42999267578125,129.14999389648438,21133700
2022-12-19,119.10153198242188,130.05999755859375,131.3300018310547,129.08999633789062,129.64999389648438,9017200
2022-12-20,119.67848205566406,130.69000244140625,132.0500030517578,130.1999969482422,130.97000122070312,8549900
2022-12-21,121.02458190917969,132.16000366210938,132.97999572753906,131.77000427246094,132.17999267578125,8051700
2022-12-22,119.6509780883789,130.66000366210938,131.3000030517578,128.41000366210938,131.10000610351562,8648200
2022-12-23,120.21874237060547,131.27999877929688,131.44000244140625,129.63999938964844,130.5800018310547,5091900
2022-12-27,120.63999938964844,131.74000549316406,132.22000122070312,130.5500030517578,131.57000732421875,5411000
2022-12-28,121.29930877685547,132.4600067138672,133.41000366210938,131.00999450683594,131.85000610351562,8827700
2022-12-29,121.99527740478516,133.22000122070312,133.27000427246094,132.30999755859375,132.92999267578125,6585200
2022-12-30,122.80113220214844,134.10000610351562,134.3300018310547,132.44000244140625,132.80999755859375,9292500
2023-01-03,123.73517608642578,135.1199951171875,136.74000549316406,133.88999938964844,135.24000549316406,11054800
2023-01-04,124.88902282714844,136.3800048828125,137.67999267578125,135.57000732421875,135.99000549316406,11687600
2023-01-05,124.86136627197266,135.35000610351562,135.7100067138672,133.6999969482422,135.66000366210938,8381300
2023-01-06,127.25066375732422,137.94000244140625,138.3800048828125,134.49000549316406,136.1300048828125,10029100
2023-01-09,126.72480773925781,137.3699951171875,138.8800048828125,136.8800048828125,138.60000610351562,8482300
2023-01-10,127.85948181152344,138.60000610351562,138.72000122070312,137.30999755859375,137.7899932861328,9048700
2023-01-11,128.80967712402344,139.6300048828125,139.75,138.10000610351562,138.89999389648438,8703700
2023-01-12,128.68052673339844,139.49000549316406,140.86000061035156,139.22000122070312,140.0,11001700
2023-01-13,131.927734375,143.00999450683594,143.49000549316406,134.8000030517578,135.60000610351562,20200000
2023-01-17,129.88900756835938,140.8000030517578,141.5399932861328,139.22999572753906,141.1699981689453,14292900
2023-01-18,125.98681640625,136.57000732421875,140.72999572753906,136.41000366210938,138.9199981689453,13392600
2023-01-19,124.307861328125,134.75,135.89999389648438,133.58999633789062,135.32000732421875,13303400
2023-01-20,124.6122817993164,135.0800018310547,135.49000549316406,133.5500030517578,135.16000366210938,13092500
2023-01-23,126.632568359375,137.27000427246094,137.9600067138672,134.82000732421875,135.1199951171875,10487100
2023-01-24,127.72112274169922,138.4499969482422,140.2899932861328,135.0,136.4199981689453,6945000
2023-01-25,128.33920288085938,139.1199951171875,139.1199951171875,137.25,138.0500030517578,8967000
2023-01-26,129.132568359375,139.97999572753906,140.05999755859375,138.36000061035156,139.4199981689453,7487600
2023-01-27,129.44619750976562,140.32000732421875,141.25999450683594,139.75,140.61000061035156,7489900
2023-01-30,128.3484344482422,139.1300048828125,140.08999633789062,138.91000366210938,139.22999572753906,6729300
2023-01-31,129.11412048339844,139.9600067138672,140.07000732421875,138.25,139.8800048828125,9188700
2023-02-01,128.77273559570312,139.58999633789062,140.8800048828125,138.1199951171875,138.2100067138672,8841800
2023-02-02,128.1731719970703,138.94000244140625,140.4600067138672,138.0,140.0,11822100
2023-02-03,130.15655517578125,141.08999633789062,142.3300018310547,138.1300048828125,138.17999267578125,11501200
2023-02-06,130.92222595214844,141.9199981689453,142.24000549316406,140.02999877929688,140.22999572753906,8406200
2023-02-07,132.51812744140625,143.64999389648438,144.33999633789062,141.17999267578125,141.3800048828125,10447900
2023-02-08,131.58642578125,142.63999938964844,144.0399932861328,142.27999877929688,142.64999389648438,6958000
2023-02-09,129.53848266601562,140.4199981689453,143.33999633789062,139.8699951171875,143.1199951171875,6443100
2023-02-10,130.11038208007812,141.0399932861328,141.27999877929688,138.58999633789062,139.77999877929688,6582900
2023-02-13,131.52186584472656,142.57000732421875,142.72999572753906,140.74000549316406,141.3000030517578,7134600
2023-02-14,132.10302734375,143.1999969482422,143.80999755859375,141.60000610351562,142.5,9249400
2023-02-15,132.65655517578125,143.8000030517578,143.88999938964844,141.3000030517578,141.61000061035156,6728300
2023-02-16,130.82997131347656,141.82000732421875,143.38999938964844,141.67999267578125,142.91000366210938,8165300
2023-02-17,131.21742248535156,142.24000549316406,142.8300018310547,140.07000732421875,140.97999572753906,7948800
2023-02-21,128.80967712402344,139.6300048828125,141.33999633789062,138.75,140.69000244140625,9996300
2023-02-22,127.82258605957031,138.55999755859375,139.42999267578125,137.44000244140625,138.9199981689453,11107500
2023-02-23,128.84657287597656,139.6699981689453,140.1699981689453,137.94000244140625,138.72999572753906,8068000
2023-02-24,130.00894165039062,140.92999267578125,141.36000061035156,138.92999267578125,139.11000061035156,9126900
2023-02-27,131.14364624023438,142.16000366210938,143.30999755859375,141.72000122070312,142.11000061035156,10014700
2023-02-28,132.2414093017578,143.35000610351562,143.75999450683594,141.89999389648438,142.94000244140625,11019800
2023-03-01,131.50340270996094,142.5500030517578,143.4600067138672,141.8000030517578,142.10000610351562,7139200
2023-03-02,130.1381072998047,141.07000732421875,142.42999267578125,139.5399932861328,142.24000549316406,11106800
2023-03-03,132.52737426757812,143.66000366210938,143.74000549316406,141.0800018310547,141.50999450683594,9513100
2023-03-06,131.75250244140625,142.82000732421875,144.0399932861328,142.66000366210938,143.44000244140625,9261300
2023-03-07,127.87796783447266,138.6199951171875,142.30999755859375,137.80999755859375,142.00999450683594,11747600
2023-03-08,127.12151336669922,137.8000030517578,138.58999633789062,136.88999938964844,138.0,10002500
2023-03-09,120.23959350585938,130.33999633789062,137.35000610351562,129.22000122070312,136.75999450683594,25888100
2023-03-10,123.29309844970703,133.64999389648438,135.25999450683594,127.81999969482422,128.9600067138672,37599700
2023-03-13,121.07908630371094,131.25,133.8800048828125,129.41000366210938,131.2100067138672,42901100
2023-03-14,124.18793487548828,134.6199951171875,135.52999877929688,131.2899932861328,135.27999877929688,29648100
2023-03-15,118.32077026367188,128.25999450683594,130.99000549316406,126.7300033569336,130.97999572753906,34280600
2023-03-16,120.61781311035156,130.75,131.9499969482422,126.0199966430664,128.00999450683594,24558500
2023-03-17,116.06063079833984,125.80999755859375,128.47999572753906,125.44999694824219,128.3800048828125,38396000
2023-03-20,117.28756713867188,127.13999938964844,129.47000122070312,126.01000213623047,126.98999786376953,22875500
2023-03-21,120.4333267211914,130.5500030517578,131.72999572753906,130.19000244140625,130.58999633789062,17807800
2023-03-22,117.32445526123047,127.18000030517578,130.66000366210938,127.08000183105469,130.55999755859375,17250200
2023-03-23,117.01081848144531,126.83999633789062,129.52999877929688,126.0199966430664,127.9000015258789,16677600
2023-03-24,115.23037719726562,124.91000366210938,125.68000030517578,123.11000061035156,125.62999725341797,22311100
2023-03-27,118.53296661376953,128.49000549316406,129.3800048828125,126.29000091552734,126.79000091552734,18853900
2023-03-28,118.89275360107422,128.8800048828125,129.33999633789062,127.73999786376953,128.7100067138672,10820500
2023-03-29,119.13257598876953,129.13999938964844,130.22000122070312,127.7699966430664,130.10000610351562,14595300
2023-03-30,118.77278900146484,128.75,130.1199951171875,127.6500015258789,129.9499969482422,12134700
2023-03-31,120.2119140625,130.30999755859375,130.33999633789062,128.85000610351562,129.66000366210938,13105200
2023-04-03,120.07353973388672,130.16000366210938,131.44000244140625,129.41000366210938,129.91000366210938,11775400
2023-04-04,118.46837615966797,128.4199981689453,130.58999633789062,127.41000366210938,130.5,11579900
2023-04-05,118.64501953125,127.61000061035156,128.14999389648438,126.45999908447266,126.80000305175781,9614700
2023-04-06,118.51485443115234,127.47000122070312,128.0800018310547,126.86000061035156,127.0,8760200
2023-04-10,118.90535736083984,127.88999938964844,128.22999572753906,126.22000122070312,126.54000091552734,9477300
2023-04-11,119.49109649658203,128.52000427246094,128.94000244140625,127.54000091552734,128.3000030517578,10516300
2023-04-12,119.4725112915039,128.5,130.42999267578125,128.05999755859375,129.17999267578125,11821000
2023-04-13,119.92808532714844,128.99000549316406,129.0399932861328,126.83000183105469,128.4600067138672,12450200
2023-04-14,128.98382568359375,138.72999572753906,139.1199951171875,134.89999389648438,135.14999389648438,43931300
2023-04-17,130.0065460205078,139.8300018310547,140.05999755859375,137.66000366210938,139.9499969482422,16050500
2023-04-18,131.46621704101562,141.39999389648438,141.77999877929688,139.02999877929688,140.27000427246094,13760100
2023-04-19,131.2989044189453,141.22000122070312,141.5,140.39999389648438,141.22999572753906,9158100
2023-04-20,130.9176788330078,140.80999755859375,141.42999267578125,139.83999633789062,139.91000366210938,10586200
2023-04-21,130.6666259765625,140.5399932861328,141.11000061035156,138.77999877929688,139.74000549316406,11842500
2023-04-24,130.84329223632812,140.72999572753906,141.10000610351562,140.0399932861328,140.4600067138672,7567500
2023-04-25,127.9982681274414,137.6699981689453,139.9600067138672,137.6300048828125,139.60000610351562,10629300
2023-04-26,125.72970581054688,135.22999572753906,137.80999755859375,134.0,137.6199951171875,14416100
2023-04-27,127.42183685302734,137.0500030517578,137.91000366210938,135.66000366210938,136.0,9041100
2023-04-28,128.5282440185547,138.24000549316406,138.32000732421875,135.6699981689453,136.55999755859375,9887300
2023-05-01,131.28028869628906,141.1999969482422,143.3699951171875,140.8300018310547,142.25999450683594,20415800
2023-05-02,129.1604766845703,138.9199981689453,142.41000366210938,138.42999267578125,141.39999389648438,14113400
2023-05-03,126.42700958251953,135.97999572753906,138.6699981689453,135.75999450683594,138.44000244140625,12930900
2023-05-04,124.69767761230469,134.1199951171875,135.72000122070312,131.80999755859375,134.9600067138672,17089200
2023-05-05,127.13360595703125,136.74000549316406,137.8800048828125,135.91000366210938,136.44000244140625,11261400
2023-05-08,127.4404296875,137.07000732421875,137.97000122070312,136.47999572753906,137.49000549316406,7484900
2023-05-09,126.8268051147461,136.41000366210938,136.9499969482422,135.2100067138672,135.92999267578125,7343600
2023-05-10,126.89190673828125,136.47999572753906,138.05999755859375,134.8699951171875,137.9499969482422,8133400
2023-05-11,126.49209594726562,136.0500030517578,136.80999755859375,134.89999389648438,135.0,7057300
2023-05-12,124.67908477783203,134.10000610351562,136.99000549316406,133.1300048828125,136.82000732421875,9988600
2023-05-15,125.72970581054688,135.22999572753906,135.6699981689453,133.9600067138672,134.27000427246094,7639500
2023-05-16,124.88365173339844,134.32000732421875,135.94000244140625,133.9600067138672,135.4600067138672,6477200
2023-05-17,128.72348022460938,138.4499969482422,138.58999633789062,135.4600067138672,135.89999389648438,12711500
2023-05-18,129.69972229003906,139.5,139.72999572753906,137.75999450683594,138.27000427246094,10999600
2023-05-19,129.4021759033203,139.17999267578125,140.49000549316406,138.1300048828125,139.7899932861328,13492200
2023-05-22,128.33297729492188,138.02999877929688,141.63999938964844,137.66000366210938,141.0,11402500
2023-05-23,126.99417114257812,136.58999633789062,139.02999877929688,136.4600067138672,137.5399932861328,9514900
2023-05-24,125.83197021484375,135.33999633789062,136.35000610351562,135.0800018310547,135.39999389648438,8578000
2023-05-25,126.13877868652344,135.6699981689453,136.27000427246094,134.5800018310547,134.82000732421875,8472500
2023-05-26,127.31956481933594,136.94000244140625,137.60000610351562,135.6300048828125,136.11000061035156,8579900
2023-05-30,127.80304718017578,137.4600067138672,137.72000122070312,136.02000427246094,136.8000030517578,7399900
2023-05-31,126.17597198486328,135.7100067138672,136.83999633789062,134.39999389648438,136.72999572753906,14219900
2023-06-01,127.91461944580078,137.5800018310547,138.22999572753906,135.4499969482422,136.52000427246094,12248100
2023-06-02,130.60159301757812,140.47000122070312,141.47999572753906,139.33999633789062,139.55999755859375,12922500
2023-06-05,129.3185272216797,139.08999633789062,140.11000061035156,138.1300048828125,140.11000061035156,8511900
2023-06-06,129.55096435546875,139.33999633789062,140.10000610351562,138.2100067138672,138.67999267578125,9329500
2023-06-07,130.80612182617188,140.69000244140625,141.27000427246094,138.8300018310547,139.5500030517578,9281400
2023-06-08,130.84329223632812,140.72999572753906,140.88999938964844,139.47999572753906,140.6699981689453,7368100
2023-06-09,131.1036376953125,141.00999450683594,141.8000030517578,140.2100067138672,140.35000610351562,7249100
2023-06-12,131.0943603515625,141.0,141.32000732421875,139.75999450683594,141.07000732421875,7596600
2023-06-13,132.0426788330078,142.02000427246094,142.8699951171875,140.13999938964844,140.47999572753906,7701600
2023-06-14,131.54991149902344,141.49000549316406,143.61000061035156,140.6999969482422,143.0,9068700
2023-06-15,133.03749084472656,143.08999633789062,143.39999389648438,140.02999877929688,140.58999633789062,9343100
2023-06-16,133.195556640625,143.25999450683594,143.97000122070312,142.5,143.0500030517578,13813500
2023-06-20,132.51686096191406,142.52999877929688,143.0,141.0399932861328,142.61000061035156,8428600
2023-06-21,132.32162475585938,142.32000732421875,144.02000427246094,141.69000244140625,142.89999389648438,9926500
2023-06-22,129.7740936279297,139.5800018310547,142.60000610351562,138.9499969482422,142.30999755859375,10075200
2023-06-23,129.09536743164062,138.85000610351562,139.17999267578125,137.6199951171875,138.5399932861328,9919500
2023-06-26,129.41146850585938,139.19000244140625,140.00999450683594,137.69000244140625,138.8699951171875,8429700
2023-06-27,129.42079162597656,139.1999969482422,139.83999633789062,138.5399932861328,139.0,8154000
2023-06-28,128.85362243652344,138.58999633789062,139.2100067138672,137.9600067138672,139.16000366210938,7558600
2023-06-29,133.35362243652344,143.42999267578125,143.55999755859375,139.85000610351562,140.07000732421875,15423200
2023-06-30,135.222412109375,145.44000244140625,146.0,143.66000366210938,144.60000610351562,14212800
2023-07-03,136.31027221679688,146.61000061035156,147.47999572753906,146.0,146.19000244140625,8021600
2023-07-05,135.40216064453125,144.63999938964844,145.42999267578125,144.36000061035156,144.94000244140625,8934900
2023-07-06,134.06349182128906,143.2100067138672,143.38999938964844,141.44000244140625,143.02000427246094,9709500
2023-07-07,135.12132263183594,144.33999633789062,145.83999633789062,143.0,143.91000366210938,8981500
2023-07-10,135.87960815429688,145.14999389648438,145.99000549316406,144.5,144.5,9100100
2023-07-11,138.00462341308594,147.4199981689453,147.82000732421875,145.7100067138672,146.33999633789062,11260900
2023-07-12,138.68798828125,148.14999389648438,149.8699951171875,147.0,147.4499969482422,11323200
2023-07-13,139.3619842529297,148.8699951171875,149.3699951171875,147.75,148.6999969482422,11234900
2023-07-14,140.2045135498047,149.77000427246094,152.88999938964844,148.41000366210938,151.5500030517578,27028400
2023-07-17,143.583984375,153.3800048828125,153.75,150.35000610351562,150.35000610351562,17262400
2023-07-18,143.84609985351562,153.66000366210938,154.39999389648438,152.82000732421875,153.3800048828125,13491700
2023-07-19,144.3983917236328,154.25,155.2100067138672,152.22000122070312,152.75,12510000
2023-07-20,146.1770477294922,156.14999389648438,156.58999633789062,154.41000366210938,154.52999877929688,9935900
2023-07-21,145.05368041992188,154.9499969482422,156.13999938964844,154.69000244140625,155.8000030517578,10636400
2023-07-24,147.9088897705078,158.0,158.7899932861328,154.72999572753906,154.97000122070312,14381400
2023-07-25,146.80426025390625,156.82000732421875,157.72000122070312,155.9600067138672,157.3000030517578,9944700
2023-07-26,147.6842041015625,157.75999450683594,158.25,156.27999877929688,156.7100067138672,8728600
2023-07-27,146.0553741455078,156.02000427246094,158.77999877929688,155.5500030517578,157.77000427246094,10778400
2023-07-28,146.88851928710938,156.91000366210938,157.60000610351562,156.44000244140625,157.27999877929688,9103800
2023-07-31,147.87142944335938,157.9600067138672,159.3800048828125,157.14999389648438,157.17999267578125,8892700
2023-08-01,147.14125061035156,157.17999267578125,158.0,156.14999389648438,157.42999267578125,6853900
2023-08-02,145.47496032714844,155.39999389648438,155.69000244140625,153.94000244140625,155.55999755859375,8299400
2023-08-03,146.36431884765625,156.35000610351562,156.9199981689453,154.35000610351562,155.0,6084000
2023-08-04,146.0553741455078,156.02000427246094,157.8000030517578,155.6999969482422,156.39999389648438,6209400
2023-08-07,146.7480926513672,156.75999450683594,157.6999969482422,156.60000610351562,156.60000610351562,7251800
2023-08-08,145.92430114746094,155.8800048828125,155.97999572753906,152.58999633789062,154.32000732421875,8623400
2023-08-09,143.96775817871094,153.7899932861328,155.52000427246094,153.47000122070312,155.32000732421875,6277800
2023-08-10,143.75244140625,153.55999755859375,155.44000244140625,153.08999633789062,154.3800048828125,5995100
2023-08-11,144.58560180664062,154.4499969482422,154.52000427246094,152.6300048828125,153.02999877929688,5180700
2023-08-14,144.88519287109375,154.77000427246094,154.9199981689453,152.9199981689453,153.61000061035156,5044300
2023-08-15,141.1968231201172,150.8300018310547,153.27000427246094,150.22999572753906,152.85000610351562,10300300
2023-08-16,140.5977020263672,150.19000244140625,150.9600067138672,149.67999267578125,150.60000610351562,6978200
2023-08-17,139.13734436035156,148.6300048828125,151.25999450683594,148.39999389648438,150.8800048828125,9953900
2023-08-18,139.45562744140625,148.97000122070312,149.5,147.44000244140625,147.64999389648438,8517500
2023-08-21,139.93304443359375,149.47999572753906,150.10000610351562,148.02000427246094,149.64999389648438,8327000
2023-08-22,137.031005859375,146.3800048828125,149.63999938964844,145.85000610351562,149.25999450683594,9673300
2023-08-23,137.9578094482422,147.3699951171875,147.58999633789062,145.4600067138672,146.35000610351562,7858000
2023-08-24,137.8267364501953,147.22999572753906,149.41000366210938,146.99000549316406,147.5,6534000
2023-08-25,137.6582489013672,147.0500030517578,148.6199951171875,145.85000610351562,147.27999877929688,6695500
2023-08-28,138.13568115234375,147.55999755859375,148.61000061035156,147.1300048828125,147.57000732421875,5094100
2023-08-29,139.25901794433594,148.75999450683594,148.85000610351562,147.17999267578125,147.7100067138672,6337000
2023-08-30,138.69735717773438,148.16000366210938,149.14999389648438,147.19000244140625,148.6199951171875,6277300
2023-08-31,136.98422241210938,146.3300018310547,148.35000610351562,145.9600067138672,148.25999450683594,10933900
2023-09-01,137.44293212890625,146.82000732421875,148.0800018310547,145.6999969482422,146.08999633789062,7903500
2023-09-05,135.92640686035156,145.1999969482422,148.2100067138672,145.00999450683594,147.16000366210938,7854700
2023-09-06,135.7017364501953,144.9600067138672,145.5399932861328,144.11000061035156,144.6999969482422,8629200
2023-09-07,134.54092407226562,143.72000122070312,145.27000427246094,143.38999938964844,144.1300048828125,8373700
2023-09-08,134.6439208984375,143.8300018310547,144.1199951171875,142.64999389648438,143.3699951171875,7107900
2023-09-11,135.2336883544922,144.4600067138672,145.0500030517578,143.69000244140625,144.75,6854200
2023-09-12,136.9935760498047,146.33999633789062,147.32000732421875,144.0500030517578,144.5,8363200
2023-09-13,137.0591278076172,146.41000366210938,147.6999969482422,145.82000732421875,147.33999633789062,8325900
2023-09-14,139.71775817871094,149.25,149.89999389648438,147.52000427246094,147.83999633789062,10034900
2023-09-15,139.3058319091797,148.80999755859375,149.72999572753906,148.30999755859375,148.9199981689453,19863400
2023-09-18,139.59605407714844,149.1199951171875,149.13999938964844,147.75,148.16000366210938,6512400
2023-09-19,139.4181671142578,148.92999267578125,149.72000122070312,147.2100067138672,149.5,7943400
2023-09-20,138.82843017578125,148.3000030517578,150.25,148.13999938964844,149.64999389648438,7332000
2023-09-21,137.7425079345703,147.13999938964844,148.85000610351562,146.6300048828125,147.5800018310547,8052400
2023-09-22,136.42254638671875,145.72999572753906,147.50999450683594,145.19000244140625,147.2899932861328,7071700
2023-09-25,137.09654235839844,146.4499969482422,146.52000427246094,143.6999969482422,145.35000610351562,7044700
2023-09-26,135.67364501953125,144.92999267578125,145.83999633789062,144.22999572753906,144.60000610351562,7468400
2023-09-27,136.46934509277344,145.77999877929688,146.08999633789062,144.50999450683594,145.19000244140625,6717800
2023-09-28,138.16375732421875,147.58999633789062,148.8699951171875,146.00999450683594,146.27999877929688,8868100
2023-09-29,135.75790405273438,145.02000427246094,148.75999450683594,144.86000061035156,148.60000610351562,11917800
2023-10-02,134.5877227783203,143.77000427246094,145.6199951171875,142.6300048828125,144.8300018310547,9170600
2023-10-03,133.59542846679688,142.7100067138672,143.58999633789062,142.35000610351562,143.1999969482422,9431100
2023-10-04,134.19454956054688,143.35000610351562,143.47000122070312,141.92999267578125,143.19000244140625,8128700
2023-10-05,134.76039123535156,142.89999389648438,143.10000610351562,140.8300018310547,142.0399932861328,8576200
2023-10-06,136.8350830078125,145.10000610351562,145.8800048828125,142.13999938964844,142.91000366210938,10270600
2023-10-09,136.52386474609375,144.77000427246094,145.39999389648438,143.5,143.66000366210938,6964900
2023-10-10,137.35372924804688,145.64999389648438,146.77000427246094,145.27999877929688,145.4199981689453,11288800
2023-10-11,137.8252716064453,146.14999389648438,147.22999572753906,145.02000427246094,146.50999450683594,8698200
2023-10-12,137.5045928955078,145.80999755859375,146.9600067138672,145.1300048828125,146.3000030517578,10484400
2023-10-13,139.56988525390625,148.0,153.11000061035156,147.83999633789062,148.5,29427000
2023-10-16,139.42843627929688,147.85000610351562,149.52000427246094,146.72000122070312,149.4499969482422,12663500
2023-10-17,139.1266632080078,147.52999877929688,149.30999755859375,146.7899932861328,147.57000732421875,11482700
2023-10-18,137.59893798828125,145.91000366210938,147.47999572753906,145.3699951171875,146.58999633789062,9620300
2023-10-19,137.0142364501953,145.2899932861328,147.02000427246094,144.8800048828125,145.47999572753906,11143600
2023-10-20,134.80752563476562,142.9499969482422,145.13999938964844,142.1199951171875,144.57000732421875,13332900
2023-10-23,132.9686279296875,141.0,143.67999267578125,140.72999572753906,142.94000244140625,10133400
2023-10-24,133.12892150878906,141.1699981689453,141.72999572753906,140.36000061035156,141.19000244140625,8881400
2023-10-25,132.4027862548828,140.39999389648438,141.17999267578125,139.50999450683594,140.57000732421875,8242600
2023-10-26,132.7422637939453,140.75999450683594,141.6699981689453,139.42999267578125,139.75999450683594,9109400
2023-10-27,127.96105194091797,135.69000244140625,139.10000610351562,135.19000244140625,138.9499969482422,17434700
2023-10-30,129.592529296875,137.4199981689453,138.0399932861328,136.0399932861328,136.44000244140625,9855500
2023-10-31,131.1391143798828,139.05999755859375,139.24000549316406,137.47000122070312,137.7100067138672,9672500
2023-11-01,131.02593994140625,138.94000244140625,140.52999877929688,138.47000122070312,139.25,9432000
2023-11-02,133.36468505859375,141.4199981689453,141.47999572753906,139.22999572753906,140.08999633789062,10186200
2023-11-03,134.8546905517578,143.0,143.77000427246094,141.85000610351562,142.19000244140625,9538700
2023-11-06,135.8731689453125,144.0800018310547,144.19000244140625,142.7899932861328,143.1699981689453,7625100
2023-11-07,135.80714416503906,144.00999450683594,144.25999450683594,142.82000732421875,143.50999450683594,6297900
2023-11-08,136.4767303466797,144.72000122070312,144.83999633789062,143.6199951171875,144.11000061035156,7618200
2023-11-09,136.07118225097656,144.2899932861328,145.64999389648438,143.6999969482422,145.44000244140625,7992500
2023-11-10,138.0893096923828,146.42999267578125,146.47999572753906,144.0800018310547,144.94000244140625,7983300
2023-11-13,137.47633361816406,145.77999877929688,146.25,145.16000366210938,145.6999969482422,6676300
2023-11-14,139.98483276367188,148.44000244140625,149.25,146.52000427246094,146.67999267578125,9927700
2023-11-15,141.2107696533203,149.74000549316406,150.16000366210938,148.4600067138672,148.4600067138672,8365300
2023-11-16,142.82337951660156,151.4499969482422,151.52999877929688,150.08999633789062,150.08999633789062,8126200
2023-11-17,144.11534118652344,152.82000732421875,152.86000061035156,151.5399932861328,152.1999969482422,7812400
2023-11-20,144.55857849121094,153.2899932861328,153.75,151.9199981689453,152.0800018310547,7019000
2023-11-21,144.25680541992188,152.97000122070312,153.6300048828125,152.57000732421875,153.1999969482422,7083500
2023-11-22,144.59629821777344,153.3300018310547,153.8800048828125,152.89999389648438,153.41000366210938,5174500
2023-11-24,144.79429626464844,153.5399932861328,154.44000244140625,153.27999877929688,153.58999633789062,3496900
2023-11-27,144.4642791748047,153.19000244140625,153.52999877929688,152.7100067138672,153.42999267578125,6259100
2023-11-28,144.79429626464844,153.5399932861328,153.8699951171875,152.72000122070312,153.22000122070312,6582700
2023-11-29,145.5299072265625,154.32000732421875,155.6300048828125,154.0,154.1699981689453,9126100
2023-11-30,147.1896514892578,156.0800018310547,156.1300048828125,154.3800048828125,154.91000366210938,9869800
2023-12-01,147.90635681152344,156.83999633789062,157.86000061035156,155.82000732421875,155.82000732421875,8916000
2023-12-04,148.99082946777344,157.99000549316406,158.0500030517578,155.8800048828125,156.02000427246094,9607500
2023-12-05,148.97198486328125,157.97000122070312,158.5,156.97000122070312,157.25999450683594,9135600
2023-12-06,147.4065399169922,156.30999755859375,159.22000122070312,156.0,158.83999633789062,9366000
2023-12-07,147.85922241210938,156.7899932861328,157.30999755859375,156.14999389648438,156.69000244140625,8130900
2023-12-08,149.49066162109375,158.52000427246094,158.77999877929688,156.97999572753906,157.25999450683594,7369400
2023-12-11,150.03762817382812,159.10000610351562,159.3000030517578,158.14999389648438,158.52000427246094,8093900
2023-12-12,151.37673950195312,160.52000427246094,160.64999389648438,158.8800048828125,159.22999572753906,10223000
2023-12-13,151.885986328125,161.05999755859375,162.02999877929688,159.77000427246094,160.52000427246094,12379100
2023-12-14,154.64910888671875,163.99000549316406,164.83999633789062,161.7100067138672,161.8300018310547,13643000
2023-12-15,155.81845092773438,165.22999572753906,165.27999877929688,162.38999938964844,163.0800018310547,20309300
2023-12-18,156.76150512695312,166.22999572753906,167.1300048828125,165.6300048828125,165.9199981689453,8469600
2023-12-19,158.85504150390625,168.4499969482422,168.47000122070312,165.5500030517578,166.0,10345700
2023-12-20,157.06329345703125,166.5500030517578,169.41000366210938,166.4499969482422,167.99000549316406,10734700
2023-12-21,157.9591827392578,167.5,168.08999633789062,165.67999267578125,166.83999633789062,7601700
2023-12-22,157.86485290527344,167.39999389648438,168.22999572753906,167.22999572753906,167.5,6576300
2023-12-26,158.79844665527344,168.38999938964844,168.77000427246094,167.17999267578125,167.4600067138672,4683600
2023-12-27,159.75094604492188,169.39999389648438,169.47000122070312,167.5800018310547,167.83999633789062,6428600
2023-12-28,160.59967041015625,170.3000030517578,170.66000366210938,169.0,169.35000610351562,6320100
2023-12-29,160.41107177734375,170.10000610351562,170.69000244140625,169.6300048828125,170.0,6435100
2024-01-02,162.27828979492188,172.0800018310547,172.1699981689453,168.91000366210938,169.08999633789062,9977400
2024-01-03,161.57098388671875,171.3300018310547,172.0399932861328,170.3699951171875,171.86000061035156,9852300
2024-01-04,162.64321899414062,171.41000366210938,173.35000610351562,170.5399932861328,170.63999938964844,11972500
2024-01-05,163.459228515625,172.27000427246094,173.3800048828125,171.47000122070312,171.47000122070312,10066000
2024-01-08,163.22203063964844,172.02000427246094,172.36000061035156,169.49000549316406,172.02000427246094,11229900
2024-01-09,161.93157958984375,170.66000366210938,171.7899932861328,170.10000610351562,171.6199951171875,9923600
2024-01-10,162.27317810058594,171.02000427246094,171.0800018310547,168.9499969482422,170.0,9670200
2024-01-11,161.58998107910156,170.3000030517578,170.36000061035156,168.63999938964844,170.3300018310547,11919500
2024-01-12,160.40390014648438,169.0500030517578,176.30999755859375,168.89999389648438,173.8000030517578,19436500
2024-01-16,159.39813232421875,167.99000549316406,168.08999633789062,164.3000030517578,164.8699951171875,17206400
2024-01-17,158.54417419433594,167.08999633789062,169.07000732421875,166.49000549316406,167.33999633789062,11107500
2024-01-18,158.8572998046875,167.4199981689453,167.52999877929688,165.24000549316406,167.1199951171875,9382300
2024-01-19,161.59947204589844,170.30999755859375,170.57000732421875,167.0800018310547,167.5500030517578,13115700
2024-01-22,161.40972900390625,170.11000061035156,171.97999572753906,169.7100067138672,170.4600067138672,12837500
2024-01-23,160.34698486328125,168.99000549316406,169.75,168.44000244140625,169.6699981689453,8360800
2024-01-24,161.7797393798828,170.5,171.00999450683594,168.86000061035156,169.36000061035156,9967100
2024-01-25,164.094970703125,172.94000244140625,172.99000549316406,170.91000366210938,172.30999755859375,8873500
2024-01-26,163.46871948242188,172.27999877929688,173.05999755859375,171.77999877929688,172.61000061035156,7443000
2024-01-29,163.8957061767578,172.72999572753906,172.83999633789062,171.3000030517578,172.24000549316406,6971200
2024-01-30,167.254638671875,176.27000427246094,176.75999450683594,172.8300018310547,172.8300018310547,10822100
2024-01-31,165.4423370361328,174.36000061035156,178.3000030517578,174.33999633789062,176.1999969482422,11521800
2024-02-01,164.8445587158203,173.72999572753906,174.83999633789062,171.42999267578125,173.63999938964844,9354800
2024-02-02,165.79342651367188,174.72999572753906,175.82000732421875,173.25999450683594,173.3000030517578,8607600
2024-02-05,165.57516479492188,174.5,175.08999633789062,172.9199981689453,173.86000061035156,7820200
2024-02-06,166.1444854736328,175.10000610351562,175.8699951171875,173.75999450683594,174.61000061035156,6764800
2024-02-07,166.45761108398438,175.42999267578125,175.8699951171875,173.9600067138672,175.69000244140625,7225500
2024-02-08,165.8598175048828,174.8000030517578,175.30999755859375,173.57000732421875,175.0,6060300
2024-02-09,166.05909729003906,175.00999450683594,175.10000610351562,173.6699981689453,175.0,6296700
2024-02-12,166.79920959472656,175.7899932861328,176.80999755859375,173.6999969482422,174.77999877929688,8539300
2024-02-13,165.3474578857422,174.25999450683594,176.22999572753906,172.6199951171875,175.32000732421875,8397600
2024-02-14,167.02691650390625,176.02999877929688,176.10000610351562,174.4199981689453,175.07000732421875,7056700
2024-02-15,170.67050170898438,179.8699951171875,180.2100067138672,176.14999389648438,176.14999389648438,8723400
2024-02-16,169.8734893798828,179.02999877929688,179.97999572753906,178.16000366210938,179.61000061035156,8152600
2024-02-20,170.5376739501953,179.72999572753906,180.4600067138672,178.41000366210938,179.19000244140625,9668000
2024-02-21,171.64784240722656,180.89999389648438,180.99000549316406,178.52000427246094,179.9499969482422,7024000
2024-02-22,173.7069091796875,183.07000732421875,183.4199981689453,181.24000549316406,181.82000732421875,9296500
2024-02-23,174.57981872558594,183.99000549316406,185.1999969482422,183.19000244140625,183.80999755859375,7105800
2024-02-26,173.9820098876953,183.36000061035156,184.4600067138672,182.47999572753906,183.75,7145400
2024-02-27,174.0674285888672,183.4499969482422,183.5399932861328,182.24000549316406,183.30999755859375,5717100
2024-02-28,174.94989013671875,184.3800048828125,185.1999969482422,182.9600067138672,183.42999267578125,6131600
2024-02-29,176.54391479492188,186.05999755859375,186.42999267578125,183.85000610351562,185.66000366210938,9643000
2024-03-01,175.81332397460938,185.2899932861328,186.44000244140625,185.10000610351562,185.6999969482422,6311800
2024-03-04,177.13221740722656,186.67999267578125,187.58999633789062,184.27000427246094,184.7100067138672,7063600
2024-03-05,178.90660095214844,188.5500030517578,189.3000030517578,186.36000061035156,186.36000061035156,6617800
2024-03-06,179.83648681640625,189.52999877929688,190.07000732421875,187.6300048828125,189.25,7572900
2024-03-07,178.26136779785156,187.8699951171875,190.5,186.6300048828125,189.91000366210938,7618300
2024-03-08,178.59349060058594,188.22000122070312,190.4600067138672,187.9199981689453,188.44000244140625,6172200
2024-03-11,178.6598663330078,188.2899932861328,188.44000244140625,186.22000122070312,187.27999877929688,5762600
2024-03-12,180.13059997558594,189.83999633789062,190.16000366210938,187.91000366210938,188.9499969482422,5708400
2024-03-13,181.5918731689453,191.3800048828125,191.72999572753906,189.83999633789062,190.36000061035156,7795500
2024-03-14,178.3562774658203,187.97000122070312,191.6300048828125,187.10000610351562,191.02999877929688,10310900
2024-03-15,180.56707763671875,190.3000030517578,190.94000244140625,186.47999572753906,186.47999572753906,17214200
2024-03-18,182.806396484375,192.66000366210938,192.6999969482422,189.88999938964844,190.6300048828125,9013800
2024-03-19,183.8785858154297,193.7899932861328,193.92999267578125,192.3800048828125,192.7100067138672,8478700
2024-03-20,186.28868103027344,196.3300018310547,196.55999755859375,193.61000061035156,194.19000244140625,9367000
2024-03-21,188.87905883789062,199.05999755859375,199.42999267578125,196.3300018310547,196.52000427246094,11203800
2024-03-22,186.56382751464844,196.6199951171875,200.47999572753906,196.5399932861328,199.00999450683594,8108800
2024-03-25,184.85592651367188,194.82000732421875,196.94000244140625,194.36000061035156,196.60000610351562,8620000
2024-03-26,185.71934509277344,195.72999572753906,196.66000366210938,194.05999755859375,194.58999633789062,5961500
2024-03-27,189.31552124023438,199.52000427246094,199.60000610351562,196.3800048828125,196.5,8725800
2024-03-28,190.05563354492188,200.3000030517578,200.72000122070312,198.5399932861328,199.49000549316406,8628300
2024-04-01,188.7652130126953,198.94000244140625,200.94000244140625,198.57000732421875,199.99000549316406,7309000
2024-04-02,188.6892852783203,198.86000061035156,199.77999877929688,198.0800018310547,198.38999938964844,7014700
2024-04-03,188.15792846679688,198.3000030517578,199.55999755859375,197.6999969482422,199.0399932861328,9353400
2024-04-04,186.72634887695312,195.64999389648438,199.67999267578125,195.5500030517578,199.14999389648438,9243800
2024-04-05,188.44424438476562,197.4499969482422,198.1199951171875,195.11000061035156,196.16000366210938,6532300
2024-04-08,189.42726135253906,198.47999572753906,198.97999572753906,197.6199951171875,197.6199951171875,8001000
2024-04-09,188.1579132080078,197.14999389648438,198.8800048828125,194.91000366210938,198.07000732421875,7351500
2024-04-10,186.55453491210938,195.47000122070312,197.07000732421875,194.17999267578125,195.5500030517578,7681400
2024-04-11,186.516357421875,195.42999267578125,196.57000732421875,193.24000549316406,196.0,10137700
2024-04-12,174.452880859375,182.7899932861328,188.92999267578125,182.5399932861328,188.32000732421875,31532300
2024-04-15,174.54833984375,182.88999938964844,187.4600067138672,182.1999969482422,184.5,14766600
2024-04-16,172.55364990234375,180.8000030517578,183.16000366210938,179.64999389648438,182.89999389648438,16451800
2024-04-17,171.86647033691406,180.0800018310547,182.4199981689453,179.1999969482422,181.3699951171875,9017100
2024-04-18,172.9831085205078,181.25,183.36000061035156,179.97000122070312,181.10000610351562,9557700
2024-04-19,177.3256072998047,185.8000030517578,185.8800048828125,181.41000366210938,182.39999389648438,13402300
2024-04-22,180.7709503173828,189.41000366210938,190.1300048828125,185.97999572753906,185.99000549316406,11529700
2024-04-23,183.37643432617188,192.13999938964844,192.22999572753906,190.52000427246094,191.1300048828125,9144400
2024-04-24,184.27354431152344,193.0800018310547,193.22999572753906,190.1699981689453,190.52999877929688,6964900
2024-04-25,184.55030822753906,193.3699951171875,193.94000244140625,191.17999267578125,192.25,9802300
2024-04-26,184.6648712158203,193.49000549316406,194.8699951171875,193.05999755859375,193.57000732421875,6413700
2024-04-29,184.46441650390625,193.27999877929688,194.25999450683594,192.42999267578125,193.47999572753906,5387800
2024-04-30,182.9946746826172,191.74000549316406,194.99000549316406,191.63999938964844,192.80999755859375,8153700
2024-05-01,183.1091766357422,191.86000061035156,194.4600067138672,190.7899932861328,192.27000427246094,7445300
2024-05-02,182.9183349609375,191.66000366210938,193.5,189.52000427246094,193.07000732421875,6501700
2024-05-03,181.8207550048828,190.50999450683594,192.52999877929688,188.4600067138672,192.0,8922800
2024-05-06,183.24282836914062,192.0,192.1999969482422,189.82000732421875,191.72999572753906,7911100
2024-05-07,183.0042266845703,191.75,192.92999267578125,191.64999389648438,191.6999969482422,7688800
2024-05-08,186.72634887695312,195.64999389648438,196.64999389648438,191.0,191.0,9227600
2024-05-09,188.49195861816406,197.5,197.58999633789062,195.10000610351562,195.1699981689453,7977300
2024-05-10,189.70404052734375,198.77000427246094,199.33999633789062,198.27000427246094,198.5399932861328,7529800
2024-05-13,189.66586303710938,198.72999572753906,199.85000610351562,198.0399932861328,198.8000030517578,7049200
2024-05-14,192.31906127929688,201.50999450683594,201.5800018310547,198.16000366210938,199.0,8596200
2024-05-15,192.89170837402344,202.11000061035156,202.69000244140625,199.77000427246094,202.00999450683594,8370000
2024-05-16,193.2352752685547,202.47000122070312,204.47999572753906,201.99000549316406,202.22000122070312,8497900
2024-05-17,195.44947814941406,204.7899932861328,205.0500030517578,202.80999755859375,203.80999755859375,9260500
2024-05-20,186.65951538085938,195.5800018310547,205.8800048828125,195.39999389648438,204.38999938964844,17373300
2024-05-21,190.4198455810547,199.52000427246094,199.89999389648438,196.60000610351562,197.0,14420800
2024-05-22,189.2650146484375,198.30999755859375,200.94000244140625,197.69000244140625,199.0,9425300
2024-05-23,187.93841552734375,196.9199981689453,198.3000030517578,196.07000732421875,197.80999755859375,8069400
2024-05-24,191.55557250976562,200.7100067138672,200.75999450683594,197.55999755859375,197.75,7356200
2024-05-28,190.40074157714844,199.5,200.41000366210938,198.66000366210938,199.86000061035156,6910200
2024-05-29,189.07412719726562,198.11000061035156,198.99000549316406,196.88999938964844,198.0,6120000
2024-05-30,190.23851013183594,199.3300018310547,199.85000610351562,198.39999389648438,198.55999755859375,6829100
2024-05-31,193.3879852294922,202.6300048828125,203.3000030517578,198.35000610351562,199.3000030517578,14417900
2024-06-03,192.61492919921875,201.82000732421875,202.4199981689453,199.19000244140625,202.30999755859375,6444300
2024-06-04,190.07623291015625,199.16000366210938,201.97999572753906,198.27999877929688,200.16000366210938,6848300
2024-06-05,188.26290893554688,197.25999450683594,199.82000732421875,196.9199981689453,199.75999450683594,8351600
2024-06-06,187.9288787841797,196.91000366210938,198.02000427246094,195.3300018310547,197.25999450683594,7640300
2024-06-07,190.83021545410156,199.9499969482422,200.9199981689453,197.00999450683594,197.42999267578125,6964500
2024-06-10,190.5057373046875,199.61000061035156,200.83999633789062,198.44000244140625,199.24000549316406,6070800
2024-06-11,185.4951934814453,194.36000061035156,197.94000244140625,193.60000610351562,197.91000366210938,9235300
2024-06-12,182.7942657470703,191.52999877929688,196.72000122070312,191.30999755859375,196.0,12751300
2024-06-13,184.82713317871094,193.66000366210938,194.5800018310547,190.8800048828125,192.32000732421875,8587800
2024-06-14,184.94163513183594,193.77999877929688,194.86000061035156,191.4199981689453,191.4499969482422,6874000
2024-06-17,186.08689880371094,194.97999572753906,195.5800018310547,192.63999938964844,193.47999572753906,8725400
2024-06-18,188.01475524902344,197.0,197.9600067138672,194.1300048828125,194.60000610351562,9023000
2024-06-20,189.6085968017578,198.6699981689453,199.4499969482422,196.11000061035156,196.38999938964844,8731100
2024-06-21,187.34669494628906,196.3000030517578,197.1699981689453,194.22000122070312,196.7100067138672,20972100
2024-06-24,189.80902099609375,198.8800048828125,199.22999572753906,197.10000610351562,197.80999755859375,9785900
2024-06-25,189.0359649658203,198.07000732421875,200.07000732421875,197.74000549316406,198.08999633789062,6862500
2024-06-26,188.42515563964844,197.42999267578125,197.94000244140625,196.27999877929688,197.4499969482422,7758600
2024-06-27,190.0857696533203,199.1699981689453,199.86000061035156,196.89999389648438,197.44000244140625,7913500
2024-06-28,193.03485107421875,202.25999450683594,202.60000610351562,199.3000030517578,200.00999450683594,15307600
2024-07-01,196.079345703125,205.4499969482422,207.08999633789062,202.66000366210938,202.83999633789062,10205800
2024-07-02,199.30519104003906,208.8300018310547,208.86000061035156,204.77000427246094,205.2899932861328,7802900
2024-07-03,199.17156982421875,208.69000244140625,210.3800048828125,207.64999389648438,209.5500030517578,5560900
2024-07-05,196.532470703125,204.7899932861328,207.3699951171875,204.52000427246094,206.99000549316406,8093100
2024-07-08,196.89712524414062,205.1699981689453,206.89999389648438,203.97000122070312,205.0399932861328,8707000
2024-07-09,199.2579345703125,207.6300048828125,209.75999450683594,205.4499969482422,205.6300048828125,9058900
2024-07-10,199.42108154296875,207.8000030517578,207.97000122070312,205.5800018310547,206.13999938964844,8328500
2024-07-11,199.085205078125,207.4499969482422,208.10000610351562,205.3800048828125,206.2100067138672,10658100
2024-07-12,196.67640686035156,204.94000244140625,207.4499969482422,202.10000610351562,204.0,15443400
2024-07-15,201.5803680419922,210.0500030517578,211.61000061035156,206.72000122070312,207.19000244140625,10719700
2024-07-16,205.00643920898438,213.6199951171875,213.74000549316406,208.0800018310547,210.0,11557000
2024-07-17,208.12538146972656,216.8699951171875,217.55999755859375,213.27000427246094,213.8000030517578,11572500
2024-07-18,201.51318359375,209.97999572753906,216.63999938964844,209.24000549316406,215.6300048828125,12415100
2024-07-19,201.32125854492188,209.77999877929688,212.35000610351562,208.9199981689453,211.1999969482422,8095900
2024-07-22,201.8011016845703,210.27999877929688,212.1699981689453,209.7100067138672,210.4600067138672,7663200
2024-07-23,201.8490753173828,210.3300018310547,211.47999572753906,209.35000610351562,211.02000427246094,5557300
2024-07-24,200.17922973632812,208.58999633789062,212.02999877929688,208.07000732421875,209.5500030517578,7119000
2024-07-25,200.25599670410156,208.6699981689453,210.19000244140625,208.0500030517578,208.64999389648438,6403800
2024-07-26,203.68206787109375,212.24000549316406,213.16000366210938,208.6199951171875,209.24000549316406,8027800
2024-07-29,202.34811401367188,210.85000610351562,213.61000061035156,210.5500030517578,212.64999389648438,6533600
2024-07-30,206.51315307617188,215.19000244140625,215.7899932861328,212.9600067138672,213.22999572753906,8850700
2024-07-31,204.21949768066406,212.8000030517578,216.38999938964844,212.6699981689453,214.77999877929688,9071600
2024-08-01,199.5746612548828,207.9600067138672,213.8300018310547,206.3800048828125,213.1999969482422,10918600
2024-08-02,191.1102752685547,199.13999938964844,204.6699981689453,196.88999938964844,203.8800048828125,18041700
2024-08-05,187.04124450683594,194.89999389648438,196.1699981689453,190.89999389648438,194.0500030517578,13927000
2024-08-06,192.2618865966797,200.33999633789062,202.60000610351562,194.0,195.39999389648438,10605800
2024-08-07,192.31947326660156,200.39999389648438,205.75,200.1999969482422,203.50999450683594,9204400
2024-08-08,195.83189392089844,204.05999755859375,204.91000366210938,201.7899932861328,202.47000122070312,7761200
2024-08-09,197.5017547607422,205.8000030517578,206.47000122070312,202.89999389648438,203.47000122070312,5540200
2024-08-12,197.8760223388672,206.19000244140625,207.13999938964844,203.66000366210938,206.41000366210938,6936000
2024-08-13,199.55548095703125,207.94000244140625,208.08999633789062,205.39999389648438,207.72999572753906,6387800
2024-08-14,201.7627410888672,210.24000549316406,210.75999450683594,207.1199951171875,207.74000549316406,6999800
2024-08-15,203.0198974609375,211.5500030517578,213.88999938964844,211.10000610351562,213.0,7001000
2024-08-16,205.34231567382812,213.97000122070312,214.08999633789062,211.58999633789062,211.69000244140625,7931200
2024-08-19,206.76263427734375,215.4499969482422,215.52999877929688,213.82000732421875,214.0,6090800
2024-08-20,205.8701171875,214.52000427246094,216.0,213.67999267578125,215.0,5640000
2024-08-21,205.94691467285156,214.60000610351562,215.0,212.83999633789062,214.42999267578125,5202300
2024-08-22,207.8950653076172,216.6300048828125,216.8000030517578,214.33999633789062,214.5800018310547,5247100
2024-08-23,209.50729370117188,218.30999755859375,219.19000244140625,216.5,217.60000610351562,7214000
2024-08-26,210.3326416015625,219.1699981689453,219.67999267578125,218.0500030517578,219.00999450683594,5105200
2024-08-27,211.3019256591797,220.17999267578125,220.4199981689453,219.19000244140625,219.50999450683594,5185200
2024-08-28,212.3671417236328,221.2899932861328,222.2100067138672,219.19000244140625,219.25,6506400
2024-08-29,213.25006103515625,222.2100067138672,222.97999572753906,218.94000244140625,222.14999389648438,6416100
2024-08-30,215.73561096191406,224.8000030517578,225.47999572753906,221.92999267578125,222.5,8574100
2024-09-03,211.4170684814453,220.3000030517578,224.10000610351562,219.24000549316406,222.3000030517578,8956100
2024-09-04,210.4861602783203,219.3300018310547,222.07000732421875,217.2100067138672,221.0399932861328,7389500
2024-09-05,208.85475158691406,217.6300048828125,220.8000030517578,216.02999877929688,220.14999389648438,8067900
2024-09-06,203.89321899414062,212.4600067138672,218.74000549316406,211.08999633789062,217.60000610351562,7777000
2024-09-09,208.06777954101562,216.80999755859375,218.14999389648438,214.17999267578125,215.19000244140625,8935100
2024-09-10,197.2714385986328,205.55999755859375,218.63999938964844,200.61000061035156,218.60000610351562,28406900
2024-09-11,198.8740692138672,207.22999572753906,207.6999969482422,201.8300018310547,205.25,13658700
2024-09-12,198.26950073242188,206.60000610351562,208.77999877929688,204.88999938964844,207.64999389648438,9054400
2024-09-13,196.08143615722656,204.32000732421875,207.85000610351562,203.02000427246094,206.86000061035156,10226700
2024-09-16,199.47869873046875,207.86000061035156,208.2100067138672,205.58999633789062,205.8300018310547,8634900
2024-09-17,200.81263732910156,209.25,209.92999267578125,207.66000366210938,207.72999572753906,7573300
2024-09-18,199.16197204589844,207.52999877929688,211.33999633789062,206.6999969482422,209.00999450683594,8259900
2024-09-19,201.9930419921875,210.47999572753906,211.91000366210938,207.33999633789062,209.77999877929688,11635200
2024-09-20,202.57843017578125,211.08999633789062,211.4199981689453,209.5,209.92999267578125,20885000
2024-09-23,202.91433715820312,211.44000244140625,211.8000030517578,209.99000549316406,211.0,7223500
2024-09-24,203.0582733154297,211.58999633789062,212.9499969482422,210.3699951171875,211.14999389648438,7323200
2024-09-25,201.71473693847656,210.19000244140625,212.24000549316406,208.61000061035156,211.67999267578125,8976500
2024-09-26,201.32125854492188,209.77999877929688,211.6999969482422,209.00999450683594,211.1300048828125,7807500
2024-09-27,202.01223754882812,210.5,212.44000244140625,209.3300018310547,210.64999389648438,7032500
2024-09-30,202.35772705078125,210.86000061035156,210.9600067138672,205.25999450683594,206.30999755859375,8663800
2024-10-01,198.6917266845703,207.0399932861328,209.08999633789062,206.19000244140625,208.89999389648438,8540100
2024-10-02,198.93165588378906,207.2899932861328,208.9499969482422,205.69000244140625,207.0800018310547,5810900
2024-10-03,196.9547119140625,205.22999572753906,206.49000549316406,204.33999633789062,206.1699981689453,7251300
2024-10-04,203.94537353515625,211.22000122070312,211.6699981689453,206.91000366210938,209.3000030517578,10211700
2024-10-07,203.66534423828125,210.92999267578125,213.3300018310547,209.69000244140625,211.02999877929688,6718900
2024-10-08,203.49154663085938,210.75,211.3300018310547,208.3800048828125,210.5800018310547,6021800
2024-10-09,206.06961059570312,213.4199981689453,214.24000549316406,209.3800048828125,209.6999969482422,7024000
2024-10-10,205.50955200195312,212.83999633789062,214.80999755859375,211.47000122070312,214.80999755859375,7927100
2024-10-11,214.63409423828125,222.2899932861328,224.6300048828125,215.16000366210938,215.6699981689453,18320700
2024-10-14,213.85198974609375,221.47999572753906,223.6999969482422,218.8800048828125,223.1999969482422,9048900
2024-10-15,214.73065185546875,222.38999938964844,225.4499969482422,221.82000732421875,223.66000366210938,9235800
2024-10-16,215.9376220703125,223.63999938964844,223.67999267578125,221.0399932861328,222.3300018310547,6382500
2024-10-17,216.69076538085938,224.4199981689453,225.85000610351562,223.30999755859375,224.27000427246094,6470200
2024-10-18,217.60801696777344,225.3699951171875,225.9199981689453,223.10000610351562,225.0,7000500
2024-10-21,215.31964111328125,223.0,225.6999969482422,222.89999389648438,225.22000122070312,5870000
2024-10-22,216.40106201171875,224.1199951171875,225.27999877929688,221.10000610351562,223.02000427246094,9586800
2024-10-23,215.71554565429688,223.41000366210938,224.8000030517578,222.52999877929688,223.66000366210938,6180500
2024-10-24,217.23147583007812,224.97999572753906,225.05999755859375,221.66000366210938,221.8300018310547,6002200
2024-10-25,214.6533966064453,222.30999755859375,225.6199951171875,220.8800048828125,225.0,6369700
2024-10-28,217.7335662841797,225.5,225.63999938964844,222.9499969482422,223.35000610351562,6843000
2024-10-29,215.2230987548828,222.89999389648438,226.75,222.80999755859375,225.2100067138672,6580000
2024-10-30,216.6811065673828,224.41000366210938,226.30999755859375,221.5800018310547,222.5399932861328,7110900
2024-10-31,214.27684020996094,221.9199981689453,225.69000244140625,221.82000732421875,224.6999969482422,7829900
2024-11-01,215.26171875,222.94000244140625,226.14999389648438,222.6999969482422,223.55999755859375,6923500
2024-11-04,212.21054077148438,219.77999877929688,223.75999450683594,219.1699981689453,222.64999389648438,8229600
2024-11-05,213.8616485595703,221.49000549316406,221.9600067138672,220.0,220.02999877929688,5600700
2024-11-06,238.55101013183594,247.05999755859375,248.0,234.77000427246094,235.0,23987800
2024-11-07,228.23886108398438,236.3800048828125,244.57000732421875,235.22000122070312,244.5,16451100
2024-11-08,228.81814575195312,236.97999572753906,239.33999633789062,235.77999877929688,239.33999633789062,9502100
2024-11-11,231.048583984375,239.2899932861328,242.10000610351562,239.0,240.0,9017100
2024-11-12,231.30931091308594,239.55999755859375,241.4600067138672,238.75999450683594,240.5500030517578,6861000
2024-11-13,232.85421752929688,241.16000366210938,244.08999633789062,240.30999755859375,240.5800018310547,11472600
2024-11-14,233.5397491455078,241.8699951171875,244.2899932861328,241.0500030517578,242.4199981689453,10172200
2024-11-15,236.86126708984375,245.30999755859375,246.4199981689453,241.4600067138672,241.4600067138672,11518800
2024-11-18,236.59091186523438,245.02999877929688,247.92999267578125,242.67999267578125,247.75999450683594,9051400
2024-11-19,234.71771240234375,243.08999633789062,245.14999389648438,241.5500030517578,242.25,6792700
2024-11-20,232.48727416992188,240.77999877929688,244.61000061035156,238.63999938964844,244.39999389648438,9015300
2024-11-21,236.33021545410156,244.75999450683594,245.49000549316406,242.11000061035156,243.22999572753906,8783500
2024-11-22,239.9897003173828,248.5500030517578,249.14999389648438,243.02999877929688,243.61000061035156,7997300
2024-11-25,241.66973876953125,250.2899932861328,254.30999755859375,249.05999755859375,249.58999633789062,10295400
2024-11-26,241.3607635498047,249.97000122070312,251.0,248.33999633789062,250.49000549316406,6212100
2024-11-27,241.18698120117188,249.7899932861328,251.19000244140625,248.77000427246094,249.35000610351562,5472300
2024-11-29,241.119384765625,249.72000122070312,251.77000427246094,249.4499969482422,249.86000061035156,5494800
2024-12-02,237.76890563964844,246.25,250.25,245.02999877929688,249.5500030517578,8899700
2024-12-03,236.38816833496094,244.82000732421875,249.0399932861328,244.6300048828125,248.22999572753906,6657700
2024-12-04,235.0170440673828,243.39999389648438,245.35000610351562,242.22999572753906,244.6999969482422,7346300
2024-12-05,237.02540588378906,245.47999572753906,247.17999267578125,244.6199951171875,245.38999938964844,6572500
2024-12-06,238.8406524658203,247.36000061035156,247.74000549316406,244.83999633789062,245.6999969482422,5519700
2024-12-09,235.41294860839844,243.80999755859375,247.8699951171875,243.75999450683594,247.1300048828125,7076500
2024-12-10,234.4956512451172,242.86000061035156,247.9600067138672,242.22000122070312,243.88999938964844,9108300
2024-12-11,235.142578125,243.52999877929688,244.27000427246094,242.17999267578125,244.0,7884400
2024-12-12,233.21145629882812,241.52999877929688,244.10000610351562,241.0399932861328,243.0,6113800
2024-12-13,231.6762237548828,239.94000244140625,242.72000122070312,239.13999938964844,242.07000732421875,10392700
2024-12-16,231.32862854003906,239.5800018310547,240.6699981689453,237.52000427246094,240.61000061035156,9032000
2024-12-17,230.15065002441406,238.36000061035156,239.02000427246094,236.6300048828125,238.64999389648438,8083600
2024-12-18,222.43582153320312,230.3699951171875,239.07000732421875,229.52999877929688,239.0,11322400
2024-12-19,224.9366455078125,232.9600067138672,236.36000061035156,232.27000427246094,232.27000427246094,11790800
2024-12-20,229.41680908203125,237.60000610351562,239.2100067138672,231.58999633789062,231.9199981689453,32348400
2024-12-23,230.1796112060547,238.38999938964844,238.6199951171875,234.8800048828125,236.07000732421875,8611500
2024-12-24,233.964599609375,242.30999755859375,242.49000549316406,239.07000732421875,239.42999267578125,3729100
2024-12-26,234.76602172851562,243.13999938964844,243.25999450683594,240.7899932861328,241.42999267578125,4451800
2024-12-27,232.8638458251953,241.1699981689453,243.38999938964844,240.0399932861328,242.72000122070312,5730200
2024-12-30,231.07757568359375,239.32000732421875,240.83999633789062,237.11000061035156,238.77000427246094,5723800
2024-12-31,231.4541473388672,239.7100067138672,241.44000244140625,239.02999877929688,240.0500030517578,4871000
2025-01-02,231.73416137695312,240.0,243.27999877929688,239.4499969482422,240.9199981689453,9220900
2025-01-03,234.90121459960938,243.27999877929688,244.8800048828125,240.25999450683594,243.88999938964844,9491100
2025-01-06,233.75595092773438,240.85000610351562,245.69000244140625,240.5800018310547,243.6999969482422,9917800
2025-01-07,236.00759887695312,243.1699981689453,245.25999450683594,240.89999389648438,242.13999938964844,8753400
2025-01-08,235.9687957763672,243.1300048828125,244.25,240.5,242.75,8675300
2025-01-10,232.80479431152344,239.8699951171875,243.80999755859375,238.74000549316406,243.08999633789062,10256800
2025-01-13,237.01698303222656,244.2100067138672,244.5399932861328,239.0,239.6699981689453,10005300
2025-01-14,240.18096923828125,247.47000122070312,247.72000122070312,242.19000244140625,242.66000366210938,12407400
2025-01-15,244.917236328125,252.35000610351562,253.6699981689453,243.67999267578125,250.39999389648438,18448500
2025-01-16,246.7806854248047,254.27000427246094,257.0400085449219,252.3300018310547,254.0,15292300
2025-01-17,251.5266571044922,259.1600036621094,260.6199951171875,252.13999938964844,254.13999938964844,17678100
2025-01-21,255.28262329101562,263.0299987792969,264.25,259.5,260.07000732421875,13712100
2025-01-22,255.0981903076172,262.8399963378906,263.3800048828125,260.25,262.8999938964844,9021900
2025-01-23,258.11663818359375,265.95001220703125,266.8599853515625,263.80999755859375,264.69000244140625,10749700
2025-01-24,257.039306640625,264.8399963378906,267.1000061035156,263.010009765625,263.69000244140625,7666300
2025-01-27,258.0196228027344,265.8500061035156,265.9700012207031,262.260009765625,264.1700134277344,7522300
2025-01-28,259.2716064453125,267.1400146484375,267.3299865722656,264.8299865722656,265.8500061035156,7375400
2025-01-29,258.72808837890625,266.5799865722656,270.67999267578125,265.6099853515625,267.2099914550781,7684900
2025-01-30,260.3294677734375,268.2300109863281,269.70001220703125,266.6199951171875,268.6300048828125,8753500
2025-01-31,259.4268798828125,267.29998779296875,270.82000732421875,266.9599914550781,269.2300109863281,7193800
2025-02-03,258.9512939453125,266.80999755859375,268.1700134277344,261.70001220703125,261.8299865722656,8381400
2025-02-04,260.04803466796875,267.94000244140625,269.8399963378906,266.8299865722656,269.8399963378906,5626000
2025-02-05,262.4646911621094,270.42999267578125,270.6400146484375,268.3299865722656,268.9100036621094,5704400
2025-02-06,268.7441101074219,276.8999938964844,276.9800109863281,271.19000244140625,272.45001220703125,7264400
2025-02-07,267.676513671875,275.79998779296875,278.54998779296875,274.7099914550781,277.2699890136719,6857900
2025-02-10,263.05670166015625,271.0400085449219,276.17999267578125,269.5899963378906,276.1499938964844,8627400
2025-02-11,266.89031982421875,274.989990234375,276.2200012207031,269.6600036621094,270.260009765625,7196400
2025-02-12,267.3368225097656,275.45001220703125,276.45001220703125,273.25,274.0799865722656,6683900
2025-02-13,268.18121337890625,276.32000732421875,276.9700012207031,273.80999755859375,275.5,8398700
2025-02-14,268.4432373046875,276.5899963378906,279.2300109863281,276.45001220703125,277.3699951171875,5688600
2025-02-18,271.7043151855469,279.95001220703125,279.9700012207031,276.0199890136719,276.760009765625,7919800
2025-02-19,271.02490234375,279.25,280.25,277.2200012207031,278.3800048828125,7007200
2025-02-20,258.9415588378906,266.79998779296875,278.739990234375,265.739990234375,278.67999267578125,13846700
2025-02-21,256.45703125,264.239990234375,269.20001220703125,262.8399963378906,268.32000732421875,12835600
2025-02-24,253.64242553710938,261.3399963378906,267.0,258.6099853515625,265.489990234375,10372800
2025-02-25,249.8184814453125,257.3999938964844,263.0,253.35000610351562,262.2300109863281,9608400
2025-02-26,251.16754150390625,258.7900085449219,260.9100036621094,256.92999267578125,257.1600036621094,5943600
2025-02-27,251.4198455810547,259.04998779296875,263.6400146484375,257.8599853515625,260.17999267578125,8204400
2025-02-28,256.8549499511719,264.6499938964844,264.80999755859375,257.8900146484375,260.7300109863281,10467100
2025-03-03,252.94363403320312,260.6199951171875,266.32000732421875,257.82000732421875,264.0,9058300
2025-03-04,242.87905883789062,250.25,257.2300109863281,245.9499969482422,255.27999877929688,13465600
2025-03-05,244.12136840820312,251.52999877929688,253.0500030517578,247.8300018310547,251.25,7861400
2025-03-06,239.2783203125,246.5399932861328,249.36000061035156,243.85000610351562,248.11000061035156,9983200
2025-03-07,235.14381408691406,242.27999877929688,246.72000122070312,239.4199981689453,245.22999572753906,20498700
2025-03-10,225.38014221191406,232.22000122070312,237.50999450683594,228.6999969482422,236.2100067138672,18887200
2025-03-11,222.39083862304688,229.13999938964844,233.32000732421875,226.69000244140625,231.75,18143000
2025-03-12,221.18736267089844,227.89999389648438,234.32000732421875,227.25999450683594,234.0,16054000
2025-03-13,218.55718994140625,225.19000244140625,229.5,224.22999572753906,229.3000030517578,16467900
2025-03-14,225.59365844726562,232.44000244140625,233.13999938964844,227.5800018310547,228.1199951171875,11962100
2025-03-17,227.03976440429688,233.92999267578125,235.6699981689453,230.4600067138672,231.17999267578125,9586000
2025-03-18,228.0491485595703,234.97000122070312,236.1699981689453,233.52000427246094,234.32000732421875,10344900
2025-03-19,232.0671844482422,239.11000061035156,242.3300018310547,234.88999938964844,235.74000549316406,10120600
2025-03-20,231.9701385498047,239.00999450683594,241.75999450683594,236.1999969482422,236.55999755859375,8328500
2025-03-21,234.51296997070312,241.6300048828125,242.3000030517578,236.5,237.80999755859375,19326900
2025-03-24,240.75357055664062,248.05999755859375,248.69000244140625,244.41000366210938,245.47999572753906,9422700
2025-03-25,243.73313903808594,251.1300048828125,251.82000732421875,247.6199951171875,249.30999755859375,9287700
2025-03-26,243.63609313964844,251.02999877929688,254.6699981689453,249.77999877929688,252.60000610351562,12779300
2025-03-27,240.81179809570312,248.1199951171875,250.63999938964844,247.17999267578125,249.52999877929688,8022500
2025-03-28,235.69703674316406,242.85000610351562,249.50999450683594,241.11000061035156,246.94000244140625,11978400
2025-03-31,238.0748748779297,245.3000030517578,245.86000061035156,237.36000061035156,239.41000366210938,13603000
2025-04-01,236.48318481445312,243.66000366210938,245.69000244140625,240.8800048828125,242.6199951171875,8054700
2025-04-02,238.57955932617188,245.82000732421875,247.25,241.4600067138672,241.60000610351562,7758800
2025-04-03,221.95411682128906,228.69000244140625,235.13999938964844,227.3000030517578,234.27000427246094,17188500
2025-04-04,205.34344482421875,210.27999877929688,217.6999969482422,208.92999267578125,215.30999755859375,27170700
2025-04-07,209.40576171875,214.44000244140625,222.0500030517578,202.16000366210938,205.77000427246094,22914400
2025-04-08,211.7787322998047,216.8699951171875,227.83999633789062,213.25,223.52000427246094,19485700
2025-04-09,228.83859252929688,234.33999633789062,237.47999572753906,211.0,212.5,24022400
2025-04-10,221.7783203125,227.11000061035156,230.35000610351562,220.10000610351562,230.0,18896400
2025-04-11,230.65492248535156,236.1999969482422,238.5800018310547,225.0,226.30999755859375,20284500
2025-04-14,229.2096710205078,234.72000122070312,239.77999877929688,233.6300048828125,237.10000610351562,13017800
2025-04-15,227.65701293945312,233.1300048828125,238.64999389648438,232.82000732421875,236.10000610351562,10912900
2025-04-16,224.21963500976562,229.61000061035156,233.5800018310547,227.92999267578125,232.0,9322300
2025-04-17,226.5144805908203,231.9600067138672,234.33999633789062,230.5500030517578,230.8000030517578,9557900
2025-04-21,223.6142120361328,228.99000549316406,231.80999755859375,226.33999633789062,230.6300048828125,8716200
2025-04-22,230.0592498779297,235.58999633789062,235.99000549316406,231.3699951171875,231.97999572753906,10701400
2025-04-23,235.22508239746094,240.8800048828125,246.7899932861328,240.0,240.22000122070312,14126800
2025-04-24,238.89678955078125,244.63999938964844,245.47000122070312,237.5800018310547,239.74000549316406,9055200
2025-04-25,237.83238220214844,243.5500030517578,245.6199951171875,241.75,244.64999389648438,8588600
2025-04-28,237.5101318359375,243.22000122070312,246.83999633789062,240.83999633789062,244.55999755859375,7394300
2025-04-29,238.8772430419922,244.6199951171875,245.25,241.69000244140625,242.19000244140625,7216800
2025-04-30,238.8772430419922,244.6199951171875,245.22000122070312,238.42999267578125,241.2100067138672,12991700
2025-05-01,241.09396362304688,246.88999938964844,248.4499969482422,242.1699981689453,242.83999633789062,8689600
2025-05-02,246.58203125,252.50999450683594,253.6199951171875,249.4600067138672,251.25999450683594,7165000
2025-05-05,246.630859375,252.55999755859375,255.16000366210938,250.58999633789062,251.17999267578125,5450700
2025-05-06,243.39854431152344,249.25,252.64999389648438,249.0,250.0,6369900
2025-05-07,243.5352783203125,249.38999938964844,252.4499969482422,248.8300018310547,249.85000610351562,8724100
2025-05-08,247.51950073242188,253.47000122070312,255.8800048828125,251.5500030517578,251.57000732421875,8320100
2025-05-09,247.13865661621094,253.0800018310547,255.50999450683594,252.33999633789062,254.5,5087600
2025-05-12,253.9450225830078,260.04998779296875,263.6000061035156,258.70001220703125,262.8999938964844,9603900
2025-05-13,256.8355407714844,263.010009765625,263.6700134277344,260.3900146484375,261.0299987792969,8589000
2025-05-14,259.40380859375,265.6400146484375,266.6400146484375,262.2900085449219,263.0,8643100
2025-05-15,261.2103576660156,267.489990234375,269.5199890136719,264.760009765625,266.9700012207031,9214600
2025-05-16,261.2787170410156,267.55999755859375,268.4599914550781,264.7099914550781,267.5,8932900
2025-05-19,258.6616516113281,264.8800048828125,268.32000732421875,261.92999267578125,265.54998779296875,12145000
2025-05-20,259.4428405761719,265.67999267578125,266.6600036621094,262.29998779296875,262.5199890136719,8436300
2025-05-21,254.91177368164062,261.0400085449219,265.6499938964844,260.7300109863281,264.3500061035156,7464000
2025-05-22,254.55047607421875,260.6700134277344,262.29998779296875,258.8699951171875,259.44000244140625,6514100
2025-05-23,254.58949279785156,260.7099914550781,261.989990234375,256.0,256.80999755859375,6671800
2025-05-27,259.06201171875,265.2900085449219,265.29998779296875,261.989990234375,262.0400085449219,7506600
2025-05-28,257.30426025390625,263.489990234375,266.7200012207031,262.8999938964844,266.239990234375,5535400
2025-05-29,258.1635437011719,264.3699951171875,265.4100036621094,262.5299987792969,264.79998779296875,5081200
2025-05-30,257.8023376464844,264.0,265.3299865722656,262.7300109863281,263.45001220703125,10977700
2025-06-02,258.44677734375,264.6600036621094,265.0299987792969,261.8999938964844,263.0199890136719,6011200
2025-06-03,260.01898193359375,266.2699890136719,266.5799865722656,262.8800048828125,263.7300109863281,6998400
2025-06-04,258.01715087890625,264.2200012207031,267.1199951171875,264.17999267578125,265.9200134277344,5915700
2025-06-05,255.80039978027344,261.95001220703125,264.739990234375,260.30999755859375,264.739990234375,8173800
2025-06-06,259.49169921875,265.7300109863281,266.6499938964844,264.260009765625,264.3299865722656,7738100
2025-06-09,260.4779357910156,266.739990234375,267.8999938964844,263.3500061035156,266.0,8285000
2025-06-10,262.2943115234375,268.6000061035156,268.8999938964844,265.8500061035156,265.8800048828125,7538100
2025-06-11,261.8548583984375,268.1499938964844,269.6199951171875,265.7900085449219,268.67999267578125,7434100
2025-06-12,261.9427795410156,268.239990234375,268.2900085449219,265.1400146484375,266.8599853515625,6618000
2025-06-13,258.7300109863281,264.95001220703125,267.0199890136719,262.7099914550781,265.0799865722656,7098300
2025-06-16,264.0129699707031,270.3599853515625,271.7300109863281,266.8500061035156,267.0,8566000
2025-06-17,263.1927185058594,269.5199890136719,270.5899963378906,267.79998779296875,268.1700134277344,6739300
2025-06-18,267.5284423828125,273.9599914550781,277.7200012207031,269.7200012207031,270.0,9586400
2025-06-20,268.5440368652344,275.0,277.29998779296875,273.80999755859375,275.57000732421875,13969700
2025-06-23,271.7373046875,278.2699890136719,278.54998779296875,272.1099853515625,275.05999755859375,8094600
2025-06-24,274.6570739746094,281.260009765625,282.7099914550781,279.510009765625,280.2099914550781,9267900
2025-06-25,277.391357421875,284.05999755859375,284.2799987792969,280.9100036621094,281.5,6826900
2025-06-26,281.97125244140625,288.75,289.4100036621094,284.4700012207031,284.70001220703125,8942100
2025-06-27,280.3697509765625,287.1099853515625,288.70001220703125,285.0400085449219,285.80999755859375,17868600
2025-06-30,283.10400390625,289.9100036621094,292.6499938964844,288.9200134277344,290.3999938964844,12689200
2025-07-01,283.5923156738281,290.4100036621094,291.1300048828125,286.5899963378906,290.8900146484375,9338300
2025-07-02,285.14495849609375,292.0,292.82000732421875,289.70001220703125,292.0400085449219,8158700
2025-07-03,290.443603515625,296.0,296.3999938964844,291.2099914550781,292.1499938964844,6541600
2025-07-07,286.4892883300781,291.9700012207031,296.0400085449219,290.0799865722656,295.25,8825700
2025-07-08,277.4717712402344,282.7799987792969,289.70001220703125,280.30999755859375,289.2699890136719,15440900
2025-07-09,277.8446044921875,283.1600036621094,287.20001220703125,282.4800109863281,287.17999267578125,11273800
2025-07-10,282.78021240234375,288.19000244140625,288.30999755859375,283.0,283.0,8410900
2025-07-11,281.47515869140625,286.8599853515625,287.3800048828125,283.6499938964844,285.5199890136719,7384700
2025-07-14,283.2806396484375,288.70001220703125,289.29998779296875,285.260009765625,287.07000732421875,9079900
2025-07-15,281.1709899902344,286.54998779296875,291.95001220703125,285.4800109863281,288.0,12526100
2025-07-16,280.4546813964844,285.82000732421875,290.7300109863281,283.010009765625,288.3999938964844,9979800
2025-07-17,284.4581298828125,289.8999938964844,290.29998779296875,283.44000244140625,283.44000244140625,8509500
2025-07-18,285.8023376464844,291.2699890136719,292.5,288.2300109863281,289.5199890136719,12217000
2025-07-21,285.5080261230469,290.9700012207031,294.17999267578125,290.5799865722656,291.0,7898100
2025-07-22,285.9593811035156,291.42999267578125,293.6300048828125,289.17999267578125,291.5,6717500
2025-07-23,291.1893310546875,296.760009765625,296.989990234375,292.54998779296875,292.8399963378906,7083500
2025-07-24,290.98321533203125,296.54998779296875,299.5899963378906,296.20001220703125,297.4200134277344,7001200
2025-07-25,293.014404296875,298.6199951171875,298.8999938964844,295.9599914550781,296.70001220703125,5918500
2025-07-28,292.6807861328125,298.2799987792969,299.42999267578125,296.82000732421875,297.6600036621094,5840400
2025-07-29,291.46405029296875,297.0400085449219,301.2900085449219,296.20001220703125,300.0,7635700
2025-07-30,294.0054931640625,299.6300048828125,300.6099853515625,297.3800048828125,297.4200134277344,8061700
2025-07-31,290.6790771484375,296.239990234375,300.9800109863281,295.5,299.1400146484375,14749700
2025-08-01,283.9380798339844,289.3699951171875,291.79998779296875,284.239990234375,290.3999938964844,12007100
2025-08-04,288.73626708984375,294.260009765625,294.32000732421875,290.260009765625,290.260009765625,6649500
2025-08-05,285.9005432128906,291.3699951171875,295.7900085449219,287.239990234375,294.69000244140625,7182300
2025-08-06,285.8808898925781,291.3500061035156,293.2900085449219,290.1600036621094,292.29998779296875,6330200
2025-08-07,281.5536804199219,286.94000244140625,293.4599914550781,286.4100036621094,292.94000244140625,8057100
2025-08-08,283.3395080566406,288.760009765625,291.2300109863281,284.7099914550781,288.9800109863281,6634100
2025-08-11,284.1244812011719,289.55999755859375,291.32000732421875,288.7799987792969,289.3999938964844,5510100
2025-08-12,287.35272216796875,292.8500061035156,294.75,290.3399963378906,291.5,8570900
2025-08-13,285.0762634277344,290.5299987792969,294.54998779296875,287.1600036621094,293.95001220703125,8420400
2025-08-14,288.6381530761719,294.1600036621094,294.20001220703125,289.6400146484375,290.5799865722656,6322400
2025-08-15,285.0370178222656,290.489990234375,295.5,289.82000732421875,294.8399963378906,7340500
2025-08-18,286.0574951171875,291.5299987792969,291.8999938964844,288.4100036621094,290.0,5386900
2025-08-19,285.203857421875,290.6600036621094,292.4800109863281,289.5299987792969,290.8299865722656,6031500
2025-08-20,286.754150390625,292.239990234375,293.3299865722656,287.2699890136719,290.80999755859375,7374200
2025-08-21,285.9986267089844,291.4700012207031,292.7699890136719,289.4700012207031,291.94000244140625,6624000
2025-08-22,290.6790771484375,296.239990234375,297.1600036621094,290.1300048828125,293.20001220703125,8552800
2025-08-25,289.3642272949219,294.8999938964844,297.3500061035156,294.1400146484375,296.239990234375,5856300
2025-08-26,292.9653625488281,298.57000732421875,298.739990234375,293.5,294.1600036621094,6714700
2025-08-27,293.6620178222656,299.2799987792969,301.07000732421875,297.0400085449219,297.25,6056500
2025-08-28,295.41845703125,301.07000732421875,301.239990234375,298.70001220703125,300.0199890136719,6410500
2025-08-29,295.7618713378906,301.4200134277344,302.95001220703125,299.7300109863281,302.0400085449219,6796400
2025-09-02,294.07415771484375,299.70001220703125,300.4599914550781,294.5,300.260009765625,7221900
2025-09-03,293.8877258300781,299.510009765625,300.57000732421875,296.3800048828125,300.57000732421875,6316900
2025-09-04,298.1168212890625,303.82000732421875,304.42999267578125,298.2799987792969,300.0,6605800
2025-09-05,288.85400390625,294.3800048828125,305.1499938964844,294.30999755859375,303.6499938964844,9837700
2025-09-08,287.4115905761719,292.9100036621094,296.4599914550781,291.44000244140625,294.8900146484375,8188500
2025-09-09,292.25885009765625,297.8500061035156,299.0,292.30999755859375,292.6000061035156,7848200
2025-09-10,294.8984069824219,300.5400085449219,301.5400085449219,295.3999938964844,296.70001220703125,7787300
2025-09-11,299.82415771484375,305.55999755859375,305.7300109863281,300.7900085449219,301.239990234375,7942500
2025-09-12,301.1488342285156,306.9100036621094,307.54998779296875,303.70001220703125,305.0,6846700
2025-09-15,303.1014404296875,308.8999938964844,309.95001220703125,307.1700134277344,307.1700134277344,7122000
2025-09-16,303.3860168457031,309.19000244140625,310.8999938964844,307.1300048828125,310.0,10525600
2025-09-17,305.8979797363281,311.75,312.9100036621094,308.7699890136719,310.3900146484375,8657800
2025-09-18,307.35015869140625,313.2300109863281,313.44000244140625,309.6099853515625,311.7900085449219,8050700
2025-09-19,308.87103271484375,314.7799987792969,315.79998779296875,309.1199951171875,313.6000061035156,23568600
2025-09-22,306.5749816894531,312.44000244140625,313.70001220703125,309.55999755859375,309.79998779296875,7520200
2025-09-23,306.86932373046875,312.739990234375,316.30999755859375,310.5799865722656,311.82000732421875,8584400
2025-09-24,307.5365905761719,313.4200134277344,316.5799865722656,311.6700134277344,314.04998779296875,7310500
2025-09-25,307.5660400390625,313.45001220703125,315.6499938964844,311.79998779296875,314.1199951171875,7083200
2025-09-26,310.1270446777344,316.05999755859375,317.80999755859375,313.70001220703125,314.8999938964844,7258100
2025-09-29,309.76397705078125,315.69000244140625,318.010009765625,313.6600036621094,317.05999755859375,6462400
2025-09-30,309.50885009765625,315.42999267578125,317.4100036621094,310.1099853515625,316.25,11823300
2025-10-01,304.8774719238281,310.7099914550781,314.5899963378906,307.4100036621094,313.9700012207031,9235200
2025-10-02,301.7767639160156,307.54998779296875,310.55999755859375,306.1400146484375,310.0,7600000
2025-10-03,304.2102355957031,310.0299987792969,311.6600036621094,308.2099914550781,308.510009765625,6029900
2025-10-06,304.8511047363281,309.17999267578125,311.75,305.1300048828125,310.17999267578125,7214500
2025-10-07,303.3819885253906,307.69000244140625,310.010009765625,304.70001220703125,309.3500061035156,8454200
2025-10-08,299.7732238769531,304.0299987792969,308.7799987792969,303.54998779296875,308.2099914550781,6489900
2025-10-09,301.2522277832031,305.5299987792969,308.0400085449219,303.3900146484375,305.04998779296875,7060300
2025-10-10,296.67724609375,300.8900146484375,310.4700012207031,300.80999755859375,305.6600036621094,8597400
2025-10-13,303.6580810546875,307.9700012207031,309.4599914550781,305.45001220703125,305.6000061035156,10788700
2025-10-14,297.85052490234375,302.0799865722656,307.0,294.2099914550781,305.8399963378906,16178800
2025-10-15,301.40997314453125,305.69000244140625,312.1199951171875,305.44000244140625,306.3900146484375,11354800
2025-10-16,294.360107421875,298.5400085449219,308.67999267578125,297.07000732421875,305.3500061035156,10549400
2025-10-17,293.3938293457031,297.55999755859375,299.54998779296875,294.20001220703125,299.1600036621094,10153500
2025-10-20,298.1265869140625,302.3599853515625,303.69000244140625,298.1600036621094,298.5,6894900
2025-10-21,292.9303894042969,297.0899963378906,304.04998779296875,297.0,301.6600036621094,7372700
2025-10-22,289.99212646484375,294.1099853515625,298.05999755859375,290.5400085449219,297.7699890136719,8054100
2025-10-23,290.4161071777344,294.5400085449219,296.3699951171875,292.510009765625,294.3800048828125,5438800
2025-10-24,296.2334899902344,300.44000244140625,302.6000061035156,295.45001220703125,296.0799865722656,7228300
2025-10-27,299.8915710449219,304.1499938964844,304.5299987792969,301.010009765625,302.1600036621094,5642200
2025-10-28,301.0845947265625,305.3599853515625,307.9700012207031,303.1600036621094,304.8599853515625,6336000
2025-10-29,301.2325134277344,305.510009765625,308.25,303.010009765625,303.510009765625,7520300
2025-10-30,305.10748291015625,309.44000244140625,312.6099853515625,305.1000061035156,305.7900085449219,7514600
2025-10-31,306.7639465332031,311.1199951171875,312.8699951171875,307.25,308.5400085449219,7721300
2025-11-03,305.01873779296875,309.3500061035156,312.32000732421875,306.2099914550781,311.0,7770000
2025-11-04,304.9201354980469,309.25,312.2200012207031,305.1000061035156,306.7099914550781,7085200
2025-11-05,307.31610107421875,311.67999267578125,313.1000061035156,305.6300048828125,309.6099853515625,6865200
2025-11-06,309.0317687988281,313.4200134277344,314.8399963378906,310.260009765625,310.989990234375,7206100
2025-11-07,309.8106689453125,314.2099914550781,314.42999267578125,307.6400146484375,311.8900146484375,7302300
2025-11-10,312.45318603515625,316.8900146484375,319.55999755859375,314.2099914550781,315.0,5794100
2025-11-11,311.2009582519531,315.6199951171875,319.04998779296875,315.2799987792969,317.5,5030200
2025-11-12,315.92388916015625,320.4100036621094,322.25,316.2099914550781,316.260009765625,10578300
2025-11-13,305.1469421386719,309.4800109863281,320.6300048828125,309.1000061035156,319.2300109863281,8973300
2025-11-14,299.3591003417969,303.6099853515625,307.6400146484375,301.2300109863281,307.510009765625,10327000
2025-11-17,296.1644592285156,300.3699951171875,305.5899963378906,297.6700134277344,304.0,8344000
2025-11-18,295.2178955078125,299.4100036621094,302.95001220703125,297.0199890136719,299.5,8077300
2025-11-19,299.02386474609375,303.2699890136719,304.45001220703125,299.2699890136719,299.739990234375,5546600
2025-11-20,294.20233154296875,298.3800048828125,309.9200134277344,298.1600036621094,306.3399963378906,7501600
2025-11-21,293.84735107421875,298.0199890136719,301.67999267578125,292.80999755859375,301.2900085449219,11766800
2025-11-24,293.8276672363281,298.0,299.82000732421875,294.510009765625,298.239990234375,10940200
2025-11-25,298.7576599121094,303.0,304.5,295.55999755859375,300.04998779296875,8877200
2025-11-26,303.33270263671875,307.6400146484375,308.5299987792969,303.20001220703125,305.0,7910900
2025-11-28,308.6965026855469,313.0799865722656,313.7200012207031,308.239990234375,309.1000061035156,4322400
2025-12-01,304.59478759765625,308.9200134277344,314.0400085449219,308.5400085449219,312.95001220703125,7727300
2025-12-02,303.5693359375,307.8800048828125,310.4800109863281,307.0899963378906,308.739990234375,7249000
2025-12-03,307.7598571777344,312.1300048828125,312.3599853515625,306.79998779296875,307.20001220703125,8535300
2025-12-04,311.6742248535156,316.1000061035156,318.489990234375,313.0,313.260009765625,9627800
2025-12-05,310.6290588378906,315.0400085449219,318.4800109863281,314.67999267578125,315.6400146484375,6518900
2025-12-08,310.79669189453125,315.2099914550781,316.4700012207031,313.3500061035156,315.05999755859375,7417200
2025-12-09,296.30255126953125,300.510009765625,318.79998779296875,300.0199890136719,314.95001220703125,18049200
2025-12-10,305.7680969238281,310.1099853515625,311.19000244140625,298.4599914550781,300.5,18874100
2025-12-11,312.9363098144531,317.3800048828125,318.0,309.239990234375,309.239990234375,9721900
2025-12-12,314.0603332519531,318.5199890136719,320.2699890136719,316.6000061035156,319.67999267578125,8982900
2025-12-15,315.5393371582031,320.0199890136719,322.8800048828125,318.3900146484375,319.5899963378906,10864100
2025-12-16,311.1319274902344,315.54998779296875,319.5199890136719,314.3999938964844,319.0899963378906,8331300
2025-12-17,310.5699157714844,314.9800109863281,319.3699951171875,314.6600036621094,318.42999267578125,8718700
2025-12-18,308.6176452636719,313.0,317.70001220703125,312.2200012207031,316.0,11444900
2025-12-19,312.7686767578125,317.2099914550781,318.55999755859375,313.19000244140625,313.7900085449219,24494400
2025-12-22,318.56634521484375,323.0899963378906,323.2300109863281,317.510009765625,317.510009765625,8354600
2025-12-23,321.3665771484375,325.92999267578125,327.7799987792969,323.0899963378906,323.6099853515625,6668300
2025-12-24,324.5612487792969,329.1700134277344,329.989990234375,325.5,326.239990234375,4289300
2025-12-26,323.31890869140625,327.9100036621094,330.8599853515625,326.5400085449219,329.1099853515625,4158300
2025-12-29,319.2171325683594,323.75,327.7699890136719,323.5299987792969,327.0,8635300
2025-12-30,318.8917541503906,323.4200134277344,324.94000244140625,322.489990234375,324.80999755859375,7904300
