Date,Adj Close,Close,High,Low,Open,Volume
2009-12-01,17.518951416015625,29.040000915527344,29.1299991607666,28.690000534057617,28.795000076293945,15359800
2009-12-02,17.482759475708008,28.979999542236328,29.100000381469727,28.84000015258789,28.915000915527344,13599400
2009-12-03,17.27462387084961,28.635000228881836,29.045000076293945,28.579999923706055,29.045000076293945,20241800
2009-12-04,17.340988159179688,28.7450008392334,29.014999389648438,28.405000686645508,28.799999237060547,24927200
2009-12-07,17.455612182617188,28.934999465942383,29.049999237060547,28.350000381469727,28.479999542236328,16705400
2009-12-08,17.398300170898438,28.84000015258789,28.8700008392334,28.53499984741211,28.764999389648438,18290800
2009-12-09,17.44354248046875,28.915000915527344,28.924999237060547,28.514999389648438,28.725000381469727,19494600
2009-12-10,17.669771194458008,29.290000915527344,29.459999084472656,28.959999084472656,28.989999771118164,30755400
2009-12-11,17.82963752746582,29.55500030517578,29.700000762939453,29.299999237060547,29.299999237060547,30435600
2009-12-14,17.808521270751953,29.520000457763672,29.725000381469727,29.459999084472656,29.55500030517578,16670200
2009-12-15,17.81455421447754,29.530000686645508,29.594999313354492,29.424999237060547,29.575000762939453,15299800
2009-12-16,17.621509552001953,29.209999084472656,29.600000381469727,29.190000534057617,29.475000381469727,19605000
2009-12-17,17.18714714050293,28.489999771118164,29.135000228881836,28.469999313354492,29.1299991607666,25472000
2009-12-18,17.169050216674805,28.459999084472656,28.6299991607666,28.155000686645508,28.6299991607666,37737800
2009-12-21,17.247482299804688,28.59000015258789,28.80500030517578,28.450000762939453,28.510000228881836,14616200
2009-12-22,17.27462387084961,28.635000228881836,28.790000915527344,28.545000076293945,28.575000762939453,12111800
2009-12-23,17.28066062927246,28.645000457763672,28.75,28.4950008392334,28.600000381469727,10937600
2009-12-24,17.325902938842773,28.719999313354492,28.7549991607666,28.524999618530273,28.7450008392334,5814200
2009-12-28,17.325902938842773,28.719999313354492,28.790000915527344,28.639999389648438,28.704999923706055,7679600
2009-12-29,17.416397094726562,28.8700008392334,28.985000610351562,28.725000381469727,28.725000381469727,9551000
2009-12-30,17.398300170898438,28.84000015258789,28.950000762939453,28.739999771118164,28.8700008392334,9625200
2009-12-31,17.19318389892578,28.5,28.875,28.46500015258789,28.790000915527344,10848800
2010-01-04,17.205251693725586,28.520000457763672,28.610000610351562,28.450000762939453,28.579999923706055,13870400
2010-01-05,16.997121810913086,28.174999237060547,28.4950008392334,28.06999969482422,28.424999237060547,23172400
2010-01-06,16.991090774536133,28.165000915527344,28.219999313354492,27.989999771118164,28.174999237060547,19264600
2010-01-07,16.9488582611084,28.094999313354492,28.184999465942383,27.875,28.165000915527344,13234600
2010-01-08,16.635162353515625,27.575000762939453,27.81999969482422,27.375,27.729999542236328,28712400
2010-01-11,16.972991943359375,28.135000228881836,28.225000381469727,27.399999618530273,27.575000762939453,28642400
2010-01-12,17.156991958618164,28.440000534057617,28.5,28.030000686645508,28.045000076293945,23269800
2010-01-13,17.20223045349121,28.514999389648438,28.71500015258789,28.344999313354492,28.43000030517578,15157400
2010-01-14,17.232398986816406,28.565000534057617,28.625,28.385000228881836,28.520000457763672,12392600
2010-01-15,16.97902488708496,28.145000457763672,28.674999237060547,28.020000457763672,28.475000381469727,27460800
2010-01-19,17.018238067626953,28.209999084472656,28.2450008392334,27.959999084472656,28.110000610351562,14615400
2010-01-20,16.74073028564453,27.75,28.19499969482422,27.645000457763672,28.079999923706055,18810200
2010-01-21,16.399877548217773,27.184999465942383,27.790000915527344,27.094999313354492,27.774999618530273,27396800
2010-01-22,16.360675811767578,27.1200008392334,27.43000030517578,26.989999771118164,27.174999237060547,23551400
2010-01-25,16.393856048583984,27.174999237060547,27.270000457763672,26.940000534057617,27.2450008392334,16853200
2010-01-26,16.330509185791016,27.06999969482422,27.25,26.934999465942383,27.03499984741211,15515000
2010-01-27,16.442115783691406,27.2549991607666,27.329999923706055,26.850000381469727,27.0,20414800
2010-01-28,16.342575073242188,27.09000015258789,27.420000076293945,27.065000534057617,27.354999542236328,20905200
2010-01-29,16.363693237304688,27.125,27.469999313354492,26.950000762939453,27.219999313354492,22146800
2010-02-01,16.40290069580078,27.190000534057617,27.280000686645508,27.0,27.2549991607666,14517600
2010-02-02,16.604999542236328,27.524999618530273,27.604999542236328,27.075000762939453,27.264999389648438,16888600
2010-02-03,16.55069923400879,27.434999465942383,27.479999542236328,27.264999389648438,27.459999084472656,15899400
2010-02-04,16.11635398864746,26.71500015258789,27.34000015258789,26.700000762939453,27.274999618530273,21342800
2010-02-05,16.013790130615234,26.545000076293945,26.71500015258789,26.264999389648438,26.6200008392334,29285000
2010-02-08,15.881070137023926,26.325000762939453,26.635000228881836,26.28499984741211,26.635000228881836,16721200
2010-02-09,16.29129981994629,27.0049991607666,27.489999771118164,26.684999465942383,26.844999313354492,31495000
2010-02-10,16.224939346313477,26.895000457763672,27.299999237060547,26.584999084472656,27.299999237060547,18717600
2010-02-11,16.35464096069336,27.110000610351562,27.165000915527344,26.635000228881836,26.799999237060547,26327200
2010-02-12,16.282241821289062,26.989999771118164,27.200000762939453,26.809999465942383,26.959999084472656,24640000
2010-02-16,16.53561782836914,27.40999984741211,27.40999984741211,26.96500015258789,27.2549991607666,19339400
2010-02-17,16.689456939697266,27.665000915527344,27.774999618530273,27.3799991607666,27.405000686645508,17064600
2010-02-18,16.86440658569336,27.954999923706055,27.959999084472656,27.575000762939453,27.575000762939453,17264600
2010-02-19,16.80708885192871,27.860000610351562,27.950000762939453,27.59000015258789,27.899999618530273,18944800
2010-02-22,16.704538345336914,27.690000534057617,27.93000030517578,27.635000228881836,27.899999618530273,13487600
2010-02-23,16.538639068603516,27.415000915527344,27.799999237060547,27.395000457763672,27.704999923706055,14835600
2010-02-24,16.6381778717041,27.579999923706055,27.59000015258789,27.344999313354492,27.5,14470600
2010-02-25,16.022842407226562,26.559999465942383,26.790000915527344,26.30500030517578,26.56999969482422,63648600
2010-02-26,15.902185440063477,26.360000610351562,26.545000076293945,26.114999771118164,26.545000076293945,63095400
2010-03-01,16.068096160888672,26.635000228881836,26.684999465942383,26.395000457763672,26.610000610351562,39449800
2010-03-02,16.077131271362305,26.649999618530273,26.844999313354492,26.575000762939453,26.690000534057617,24506200
2010-03-03,16.267166137695312,26.96500015258789,27.059999465942383,26.59000015258789,26.649999618530273,26574200
2010-03-04,16.430055618286133,27.235000610351562,27.520000457763672,27.15999984741211,27.350000381469727,28983200
2010-03-05,16.499425888061523,27.350000381469727,27.475000381469727,27.18000030517578,27.344999313354492,24238600
2010-03-08,16.427030563354492,27.229999542236328,27.434999465942383,27.15999984741211,27.360000610351562,18915600
2010-03-09,16.342575073242188,27.09000015258789,27.295000076293945,26.975000381469727,27.170000076293945,23070000
2010-03-10,16.34861183166504,27.100000381469727,27.184999465942383,27.020000457763672,27.1299991607666,21574800
2010-03-11,16.299945831298828,26.799999237060547,26.889999389648438,26.5,26.889999389648438,29130600
2010-03-12,16.223920822143555,26.674999237060547,26.885000228881836,26.6299991607666,26.844999313354492,22334400
2010-03-15,16.31515121459961,26.825000762939453,26.920000076293945,26.684999465942383,26.864999771118164,23874000
2010-03-16,16.33036231994629,26.850000381469727,26.934999465942383,26.78499984741211,26.899999618530273,22287800
2010-03-17,16.372936248779297,26.920000076293945,26.9950008392334,26.799999237060547,26.90999984741211,26074400
2010-03-18,16.40639305114746,26.975000381469727,27.020000457763672,26.8700008392334,26.950000762939453,23496200
2010-03-19,16.64967155456543,27.375,27.530000686645508,26.799999237060547,27.375,43610800
2010-03-22,16.585813522338867,27.270000457763672,27.424999237060547,27.200000762939453,27.2450008392334,18127400
2010-03-23,16.816926956176758,27.649999618530273,27.670000076293945,27.204999923706055,27.354999542236328,19081200
2010-03-24,16.610136032104492,27.309999465942383,27.68000030517578,27.30500030517578,27.610000610351562,17052600
2010-03-25,16.664871215820312,27.399999618530273,27.59000015258789,27.325000762939453,27.454999923706055,16638800
2010-03-26,16.619260787963867,27.325000762939453,27.485000610351562,27.25,27.395000457763672,16276800
2010-03-29,16.655757904052734,27.385000228881836,27.479999542236328,27.334999084472656,27.399999618530273,13853600
2010-03-30,16.686159133911133,27.434999465942383,27.524999618530273,27.30500030517578,27.450000762939453,13631600
2010-03-31,16.72569465637207,27.5,27.645000457763672,27.25,27.395000457763672,22922000
2010-04-01,16.816926956176758,27.649999618530273,27.71500015258789,27.565000534057617,27.68000030517578,14346000
2010-04-05,16.683124542236328,27.43000030517578,27.780000686645508,27.325000762939453,27.780000686645508,19191800
2010-04-06,16.50978660583496,27.145000457763672,27.420000076293945,27.110000610351562,27.420000076293945,17604200
2010-04-07,16.366853713989258,26.90999984741211,27.149999618530273,26.780000686645508,27.149999618530273,24060800
2010-04-08,16.348608016967773,26.8799991607666,26.889999389648438,26.719999313354492,26.889999389648438,19466800
2010-04-09,16.60101318359375,27.295000076293945,27.30500030517578,26.924999237060547,26.954999923706055,20640600
2010-04-12,16.6527042388916,27.3799991607666,27.43000030517578,27.2549991607666,27.325000762939453,16930400
2010-04-13,16.73177719116211,27.510000228881836,27.540000915527344,27.325000762939453,27.34000015258789,15055000
2010-04-14,16.710493087768555,27.475000381469727,27.530000686645508,27.325000762939453,27.514999389648438,13865200
2010-04-15,16.500659942626953,27.1299991607666,27.385000228881836,27.065000534057617,27.3799991607666,20351000
2010-04-16,16.71657371520996,27.485000610351562,27.56999969482422,27.084999084472656,27.114999771118164,35075600
2010-04-19,16.823009490966797,27.65999984741211,27.65999984741211,27.459999084472656,27.489999771118164,26468600
2010-04-20,16.564523696899414,27.235000610351562,27.645000457763672,27.15999984741211,27.610000610351562,32508800
2010-04-21,16.479372024536133,27.094999313354492,27.290000915527344,27.0,27.28499984741211,19263200
2010-04-22,16.515867233276367,27.155000686645508,27.2549991607666,27.0,27.06999969482422,20295600
2010-04-23,16.385099411010742,26.940000534057617,27.229999542236328,26.8700008392334,27.229999542236328,21675400
2010-04-26,16.3394832611084,26.864999771118164,27.174999237060547,26.864999771118164,27.0,17890800
2010-04-27,16.077960968017578,26.434999465942383,26.93000030517578,26.420000076293945,26.829999923706055,27600400
2010-04-28,16.226970672607422,26.68000030517578,26.78499984741211,26.280000686645508,26.5049991607666,24754600
2010-04-29,16.342525482177734,26.8700008392334,27.094999313354492,26.780000686645508,26.809999465942383,17437600
2010-04-30,16.25432777404785,26.725000381469727,26.979999542236328,26.700000762939453,26.809999465942383,19349600
2010-05-03,16.348608016967773,26.8799991607666,26.975000381469727,26.635000228881836,26.854999542236328,16123400
2010-05-04,16.17223358154297,26.59000015258789,26.899999618530273,26.524999618530273,26.69499969482422,23282800
2010-05-05,16.318201065063477,26.829999923706055,26.950000762939453,26.600000381469727,26.71500015258789,23670400
2010-05-06,15.904618263244629,26.149999618530273,27.100000381469727,25.604999542236328,26.834999084472656,47912000
2010-05-07,16.017133712768555,26.334999084472656,26.420000076293945,25.770000457763672,26.094999313354492,43535600
2010-05-10,16.433767318725586,27.020000457763672,27.045000076293945,26.625,26.924999237060547,35311400
2010-05-11,16.302995681762695,26.80500030517578,27.03499984741211,26.75,26.809999465942383,23165200
2010-05-12,16.427675247192383,27.010000228881836,27.049999237060547,26.709999084472656,26.899999618530273,24005400
2010-05-13,16.266504287719727,26.7450008392334,27.0,26.725000381469727,26.975000381469727,19319800
2010-05-14,16.220882415771484,26.670000076293945,26.825000762939453,26.43000030517578,26.68000030517578,25868200
2010-05-17,16.242168426513672,26.704999923706055,26.774999618530273,26.424999237060547,26.739999771118164,17393400
2010-05-18,16.14790153503418,26.549999237060547,26.860000610351562,26.540000915527344,26.850000381469727,20435600
2010-05-19,16.153980255126953,26.559999465942383,26.674999237060547,26.229999542236328,26.5,21119200
2010-05-20,15.673502922058105,25.770000457763672,26.25,25.764999389648438,26.25,29290400
2010-05-21,15.688700675964355,25.795000076293945,25.860000610351562,25.149999618530273,25.420000076293945,34233400
2010-05-24,15.649168968200684,25.729999542236328,25.934999465942383,25.510000228881836,25.604999542236328,16832600
2010-05-25,15.393721580505371,25.309999465942383,25.364999771118164,24.969999313354492,25.184999465942383,28693800
2010-05-26,15.229510307312012,25.040000915527344,25.440000534057617,24.969999313354492,25.415000915527344,32607800
2010-05-27,15.579228401184082,25.614999771118164,25.625,25.1299991607666,25.30500030517578,22663600
2010-05-28,15.630924224853516,25.700000762939453,25.975000381469727,25.5,25.59000015258789,23577000
2010-06-01,15.5974702835083,25.645000457763672,26.05500030517578,25.364999771118164,25.559999465942383,24274800
2010-06-02,15.938071250915527,26.204999923706055,26.204999923706055,25.584999084472656,25.770000457763672,18742200
2010-06-03,16.04146385192871,26.375,26.5,26.225000381469727,26.334999084472656,23564400
2010-06-04,15.591390609741211,25.635000228881836,26.06999969482422,25.510000228881836,26.06999969482422,23942800
2010-06-07,15.448460578918457,25.399999618530273,25.75,25.385000228881836,25.614999771118164,20177800
2010-06-08,15.67957592010498,25.780000686645508,25.90999984741211,25.260000228881836,25.395000457763672,22429800
2010-06-09,15.61572265625,25.674999237060547,25.924999237060547,25.584999084472656,25.780000686645508,17645800
2010-06-10,15.950234413146973,26.225000381469727,26.25,25.93000030517578,25.93000030517578,18790000
2010-06-11,15.839826583862305,25.825000762939453,25.864999771118164,25.565000534057617,25.854999542236328,14946000
2010-06-14,15.796893119812012,25.7549991607666,25.985000610351562,25.729999542236328,25.969999313354492,13656400
2010-06-15,16.002368927001953,26.09000015258789,26.100000381469727,25.780000686645508,25.915000915527344,16368600
2010-06-16,16.069833755493164,26.200000762939453,26.219999313354492,25.885000228881836,25.915000915527344,16784800
2010-06-17,16.057565689086914,26.18000030517578,26.350000381469727,26.020000457763672,26.25,20740200
2010-06-18,16.042234420776367,26.155000686645508,26.364999771118164,26.1299991607666,26.19499969482422,28405800
2010-06-21,16.0943660736084,26.239999771118164,26.489999771118164,26.135000228881836,26.40999984741211,18346400
2010-06-22,16.08823585510254,26.229999542236328,26.540000915527344,26.21500015258789,26.229999542236328,20805000
2010-06-23,16.020769119262695,26.1200008392334,26.325000762939453,26.0049991607666,26.280000686645508,20718000
2010-06-24,15.885828018188477,25.899999618530273,26.239999771118164,25.834999084472656,26.05500030517578,17401400
2010-06-25,15.413543701171875,25.1299991607666,25.96500015258789,25.1299991607666,25.895000457763672,57969600
2010-06-28,15.665019989013672,25.540000915527344,25.690000534057617,25.30500030517578,25.364999771118164,23525400
2010-06-29,15.435013771057129,25.165000915527344,25.475000381469727,25.049999237060547,25.290000915527344,23502600
2010-06-30,15.370611190795898,25.059999465942383,25.290000915527344,25.0049991607666,25.190000534057617,21933800
2010-07-01,15.343009948730469,25.014999389648438,25.149999618530273,24.735000610351562,25.149999618530273,26030800
2010-07-02,15.349143028259277,25.024999618530273,25.229999542236328,24.924999237060547,25.110000610351562,16270200
2010-07-06,15.46568489074707,25.21500015258789,25.34000015258789,25.010000228881836,25.295000076293945,18338200
2010-07-07,15.784628868103027,25.735000610351562,25.795000076293945,25.149999618530273,25.270000457763672,23480000
2010-07-08,16.075965881347656,26.209999084472656,26.219999313354492,25.780000686645508,25.84000015258789,21562600
2010-07-09,16.069833755493164,26.200000762939453,26.2450008392334,26.03499984741211,26.18000030517578,12948000
2010-07-12,16.085168838500977,26.225000381469727,26.235000610351562,25.975000381469727,26.079999923706055,10770600
2010-07-13,16.16797637939453,26.360000610351562,26.475000381469727,26.299999237060547,26.3700008392334,13706400
2010-07-14,16.198644638061523,26.40999984741211,26.459999084472656,26.209999084472656,26.280000686645508,12392600
2010-07-15,16.207841873168945,26.424999237060547,26.475000381469727,26.15999984741211,26.360000610351562,14970600
2010-07-16,16.060632705688477,26.184999465942383,26.540000915527344,26.104999542236328,26.385000228881836,19563800
2010-07-19,16.029970169067383,26.135000228881836,26.28499984741211,26.024999618530273,26.270000457763672,11367400
2010-07-20,16.327442169189453,26.6200008392334,26.68000030517578,25.959999084472656,25.985000610351562,19539000
2010-07-21,16.585052490234375,27.040000915527344,27.395000457763672,26.639999389648438,26.75,36364000
2010-07-22,16.64024543762207,27.1299991607666,27.34000015258789,26.985000610351562,27.0049991607666,20692000
2010-07-23,16.790523529052734,27.375,27.415000915527344,26.979999542236328,27.100000381469727,16177400
2010-07-26,16.84879493713379,27.469999313354492,27.489999771118164,27.350000381469727,27.415000915527344,13305800
2010-07-27,16.882524490356445,27.524999618530273,27.625,27.40999984741211,27.454999923706055,17905400
2010-07-28,16.83038902282715,27.440000534057617,27.600000381469727,27.385000228881836,27.524999618530273,12954800
2010-07-29,16.864126205444336,27.4950008392334,27.655000686645508,27.329999923706055,27.540000915527344,18292600
2010-07-30,16.900922775268555,27.55500030517578,27.645000457763672,27.21500015258789,27.354999542236328,16672600
2010-08-02,17.299612045288086,28.204999923706055,28.2450008392334,27.825000762939453,27.90999984741211,32091200
2010-08-03,17.2903995513916,28.190000534057617,28.264999389648438,28.030000686645508,28.135000228881836,15427400
2010-08-04,17.342546463012695,28.274999618530273,28.350000381469727,28.104999542236328,28.260000228881836,11974400
2010-08-05,17.28734588623047,28.184999465942383,28.209999084472656,27.899999618530273,28.204999923706055,15099800
2010-08-06,17.403881072998047,28.375,28.395000457763672,27.825000762939453,28.049999237060547,18090600
2010-08-09,17.514284133911133,28.55500030517578,28.700000762939453,28.18000030517578,28.184999465942383,18731000
2010-08-10,17.474409103393555,28.489999771118164,28.700000762939453,28.260000228881836,28.31999969482422,15376000
2010-08-11,17.18613052368164,28.020000457763672,28.375,27.989999771118164,28.1200008392334,24302000
2010-08-12,17.07880401611328,27.844999313354492,27.934999465942383,27.674999237060547,27.764999389648438,18782800
2010-08-13,17.0910701751709,27.864999771118164,27.989999771118164,27.684999465942383,27.81999969482422,14906800
2010-08-16,17.137073516845703,27.940000534057617,27.96500015258789,27.559999465942383,27.7549991607666,13958400
2010-08-17,17.210664749145508,28.059999465942383,28.209999084472656,27.75,28.010000228881836,18060600
2010-08-18,17.12480354309082,27.920000076293945,28.059999465942383,27.80500030517578,28.05500030517578,16616800
2010-08-19,16.953054428100586,27.639999389648438,27.864999771118164,27.485000610351562,27.864999771118164,18781400
2010-08-20,16.959190368652344,27.649999618530273,27.719999313354492,27.459999084472656,27.459999084472656,19263200
2010-08-23,17.05119514465332,27.799999237060547,27.934999465942383,27.704999923706055,27.7549991607666,15240000
2010-08-24,17.069604873657227,27.829999923706055,27.969999313354492,27.575000762939453,27.575000762939453,24366400
2010-08-25,16.986797332763672,27.69499969482422,27.854999542236328,27.530000686645508,27.709999084472656,15853800
2010-08-26,16.91626739501953,27.579999923706055,27.760000228881836,27.485000610351562,27.71500015258789,14817400
2010-08-27,17.22294044494629,28.079999923706055,28.100000381469727,27.514999389648438,27.719999313354492,19665600
2010-08-30,17.03586769104004,27.774999618530273,28.1200008392334,27.7549991607666,28.100000381469727,10220000
2010-08-31,17.137073516845703,27.940000534057617,28.020000457763672,27.5,27.600000381469727,18567800
2010-09-01,17.57560920715332,28.655000686645508,28.65999984741211,28.135000228881836,28.190000534057617,24166000
2010-09-02,17.59708595275879,28.690000534057617,28.709999084472656,28.43000030517578,28.709999084472656,14701200
2010-09-03,17.65229034423828,28.780000686645508,28.799999237060547,28.545000076293945,28.68000030517578,14865400
2010-09-07,17.673755645751953,28.815000534057617,28.905000686645508,28.700000762939453,28.760000228881836,14392200
2010-09-08,17.735082626342773,28.915000915527344,29.104999542236328,28.850000381469727,28.864999771118164,18378800
2010-09-09,17.876161575317383,29.145000457763672,29.2450008392334,28.905000686645508,29.114999771118164,18106600
2010-09-10,17.94668960571289,29.260000228881836,29.31999969482422,29.0,29.139999389648438,18445600
2010-09-13,17.93124008178711,29.014999389648438,29.25,28.875,29.239999771118164,18019600
2010-09-14,17.795284271240234,28.795000076293945,29.059999465942383,28.774999618530273,28.924999237060547,20985200
2010-09-15,17.74275779724121,28.709999084472656,28.799999237060547,28.610000610351562,28.684999465942383,17402400
2010-09-16,17.77056121826172,28.7549991607666,28.84000015258789,28.625,28.700000762939453,16574000
2010-09-17,17.786020278930664,28.780000686645508,28.989999771118164,28.704999923706055,28.825000762939453,19971200
2010-09-20,17.912704467773438,28.985000610351562,29.0,28.774999618530273,28.809999465942383,14062200
2010-09-21,17.955965042114258,29.05500030517578,29.100000381469727,28.825000762939453,28.905000686645508,14754000
2010-09-22,17.993045806884766,29.114999771118164,29.260000228881836,29.049999237060547,29.075000762939453,15176000
2010-09-23,17.881799697875977,28.934999465942383,29.145000457763672,28.860000610351562,29.010000228881836,12696000
2010-09-24,18.113555908203125,29.309999465942383,29.399999618530273,29.114999771118164,29.15999984741211,13812000
2010-09-27,18.10737419128418,29.299999237060547,29.43000030517578,29.274999618530273,29.375,10544400
2010-09-28,18.261869430541992,29.549999237060547,29.614999771118164,29.18000030517578,29.295000076293945,19884000
2010-09-29,18.156814575195312,29.3799991607666,29.5,29.209999084472656,29.5,15742000
2010-09-30,18.0826473236084,29.260000228881836,29.579999923706055,29.125,29.43000030517578,15849600
2010-10-01,18.268054962158203,29.559999465942383,29.6200008392334,29.260000228881836,29.520000457763672,16454400
2010-10-04,18.193897247314453,29.440000534057617,29.520000457763672,29.274999618530273,29.46500015258789,11523800
2010-10-05,18.434913635253906,29.829999923706055,29.860000610351562,29.5049991607666,29.575000762939453,20063000
2010-10-06,18.478181838989258,29.899999618530273,29.905000686645508,29.68000030517578,29.815000534057617,14123400
2010-10-07,18.366933822631836,29.719999313354492,29.84000015258789,29.600000381469727,29.834999084472656,14960800
2010-10-08,18.357662200927734,29.704999923706055,29.850000381469727,29.530000686645508,29.739999771118164,16189400
2010-10-11,18.404006958007812,29.780000686645508,29.809999465942383,29.665000915527344,29.780000686645508,12997000
2010-10-12,18.41637420654297,29.799999237060547,29.899999618530273,29.670000076293945,29.670000076293945,16164400
2010-10-13,18.521432876586914,29.969999313354492,29.985000610351562,29.829999923706055,29.860000610351562,24011000
2010-10-14,18.512163162231445,29.954999923706055,29.989999771118164,29.84000015258789,29.969999313354492,14491600
2010-10-15,18.521432876586914,29.969999313354492,29.989999771118164,29.8700008392334,29.979999542236328,19697600
2010-10-18,18.53996467590332,30.0,30.0,29.899999618530273,29.905000686645508,19661800
2010-10-19,18.645034790039062,30.170000076293945,30.235000610351562,29.915000915527344,29.979999542236328,35052800
2010-10-20,18.895326614379883,30.575000762939453,30.84000015258789,30.184999465942383,30.184999465942383,32398000
2010-10-21,18.99420166015625,30.735000610351562,30.875,30.5049991607666,30.5049991607666,23266400
2010-10-22,19.037466049194336,30.80500030517578,30.8700008392334,30.71500015258789,30.7450008392334,9534600
2010-10-25,18.852062225341797,30.5049991607666,30.875,30.4950008392334,30.645000457763672,21228200
2010-10-26,18.923139572143555,30.6200008392334,30.684999465942383,30.385000228881836,30.395000457763672,15502200
2010-10-27,18.907684326171875,30.594999313354492,30.600000381469727,30.149999618530273,30.510000228881836,19029400
2010-10-28,18.913864135742188,30.604999542236328,30.780000686645508,30.440000534057617,30.639999389648438,16533600
2010-10-29,18.947853088378906,30.65999984741211,30.75,30.514999389648438,30.575000762939453,14239600
2010-11-01,19.06836700439453,30.854999542236328,30.975000381469727,30.604999542236328,30.684999465942383,17996800
2010-11-02,19.11471176147461,30.93000030517578,30.969999313354492,30.889999389648438,30.899999618530273,13196000
2010-11-03,19.14252281188965,30.975000381469727,30.975000381469727,30.639999389648438,30.915000915527344,15687400
2010-11-04,19.29702377319336,31.225000381469727,31.325000762939453,30.940000534057617,30.969999313354492,27487000
2010-11-05,19.337188720703125,31.290000915527344,31.325000762939453,31.0,31.209999084472656,16013800
2010-11-08,19.300113677978516,31.229999542236328,31.28499984741211,31.149999618530273,31.25,11142200
2010-11-09,19.35573387145996,31.31999969482422,31.354999542236328,31.174999237060547,31.2450008392334,16637600
2010-11-10,19.327922821044922,31.274999618530273,31.31999969482422,31.149999618530273,31.280000686645508,18013800
2010-11-11,19.405179977416992,31.399999618530273,31.399999618530273,31.18000030517578,31.2450008392334,16253600
2010-11-12,19.442243576049805,31.459999084472656,31.479999542236328,31.19499969482422,31.360000610351562,20022800
2010-11-15,19.454612731933594,31.479999542236328,31.665000915527344,31.40999984741211,31.44499969482422,22949400
2010-11-16,19.182689666748047,31.040000915527344,31.489999771118164,30.90999984741211,31.454999923706055,23609000
2010-11-17,19.318647384643555,31.260000228881836,31.360000610351562,31.049999237060547,31.06999969482422,16749200
2010-11-18,19.726526260375977,31.920000076293945,31.975000381469727,31.424999237060547,31.440000534057617,41436000
2010-11-19,19.874849319458008,32.15999984741211,32.165000915527344,31.774999618530273,31.799999237060547,40774800
2010-11-22,19.859397888183594,32.1349983215332,32.154998779296875,31.790000915527344,32.029998779296875,33680600
2010-11-23,19.658546447753906,31.809999465942383,32.0,31.639999389648438,31.96500015258789,17662200
2010-11-24,19.964454650878906,32.30500030517578,32.314998626708984,31.90999984741211,31.920000076293945,16093000
2010-11-26,19.809961318969727,32.05500030517578,32.185001373291016,32.0,32.060001373291016,9016800
2010-11-29,19.72284698486328,31.69499969482422,31.825000762939453,31.434999465942383,31.774999618530273,22397800
2010-11-30,19.65439796447754,31.584999084472656,31.790000915527344,31.459999084472656,31.475000381469727,23550600
2010-12-01,20.13042640686035,32.349998474121094,32.400001525878906,31.915000915527344,31.969999313354492,20951600
2010-12-02,20.192657470703125,32.45000076293945,32.47999954223633,32.255001068115234,32.32500076293945,22773600
2010-12-03,20.068193435668945,32.25,32.470001220703125,32.2400016784668,32.400001525878906,20677800
2010-12-06,19.90952491760254,31.9950008392334,32.244998931884766,31.9950008392334,32.185001373291016,22221600
2010-12-07,19.956195831298828,32.06999969482422,32.28499984741211,32.060001373291016,32.19499969482422,19714600
2010-12-08,20.033977508544922,32.19499969482422,32.220001220703125,32.03499984741211,32.03499984741211,18226600
2010-12-09,20.17087745666504,32.415000915527344,32.45500183105469,32.279998779296875,32.30500030517578,19622400
2010-12-10,20.114877700805664,32.32500076293945,32.45000076293945,32.13999938964844,32.435001373291016,17909400
2010-12-13,20.177101135253906,32.42499923706055,32.48500061035156,32.150001525878906,32.19499969482422,18748400
2010-12-14,19.88152503967285,31.950000762939453,32.439998626708984,31.850000381469727,32.415000915527344,27936800
2010-12-15,20.14286994934082,32.369998931884766,32.474998474121094,31.875,31.950000762939453,26126600
2010-12-16,20.32955551147461,32.66999816894531,32.71500015258789,32.345001220703125,32.42499923706055,28817200
2010-12-17,20.441564559936523,32.849998474121094,32.875,32.42499923706055,32.5099983215332,29294200
2010-12-20,20.320228576660156,32.654998779296875,32.869998931884766,32.595001220703125,32.72999954223633,18271400
2010-12-21,20.37622833251953,32.744998931884766,32.79999923706055,32.58000183105469,32.67499923706055,18720200
2010-12-22,20.407339096069336,32.79499816894531,32.79499816894531,32.51499938964844,32.70500183105469,15419800
2010-12-23,20.40422821044922,32.790000915527344,32.939998626708984,32.73500061035156,32.7599983215332,13063600
2010-12-27,20.245548248291016,32.53499984741211,32.775001525878906,32.529998779296875,32.775001525878906,9923800
2010-12-28,20.33577537536621,32.68000030517578,32.71500015258789,32.529998779296875,32.560001373291016,9861600
2010-12-29,20.36378288269043,32.724998474121094,32.83000183105469,32.67499923706055,32.69499969482422,8747200
2010-12-30,20.37933921813965,32.75,32.79999923706055,32.68000030517578,32.71500015258789,9285800
2010-12-31,20.463336944580078,32.8849983215332,32.900001525878906,32.68000030517578,32.68000030517578,10773400
2011-01-03,20.292213439941406,32.61000061035156,32.939998626708984,32.55500030517578,32.939998626708984,18945600
2011-01-04,19.8721866607666,31.934999465942383,32.595001220703125,31.905000686645508,32.5099983215332,27940400
2011-01-05,19.75395965576172,31.7450008392334,31.975000381469727,31.43000030517578,31.895000457763672,34379000
2011-01-06,19.610837936401367,31.514999389648438,31.829999923706055,31.415000915527344,31.809999465942383,21712400
2011-01-07,19.57660484313965,31.459999084472656,31.5,31.280000686645508,31.389999389648438,16592800
2011-01-10,19.620176315307617,31.530000686645508,31.600000381469727,31.280000686645508,31.350000381469727,14904600
2011-01-11,19.50504493713379,31.344999313354492,31.709999084472656,31.334999084472656,31.670000076293945,15504000
2011-01-12,19.61394691467285,31.520000457763672,31.68000030517578,31.350000381469727,31.604999542236328,14223200
2011-01-13,19.7259521484375,31.700000762939453,31.93000030517578,31.565000534057617,31.625,17947600
2011-01-14,19.641944885253906,31.565000534057617,31.684999465942383,31.489999771118164,31.684999465942383,12631400
2011-01-18,19.750844955444336,31.739999771118164,31.8700008392334,31.584999084472656,31.604999542236328,16344000
2011-01-19,19.732181549072266,31.709999084472656,31.959999084472656,31.594999313354492,31.84000015258789,18326800
2011-01-20,19.579715728759766,31.46500015258789,31.940000534057617,31.375,31.809999465942383,20580000
2011-01-21,19.52994155883789,31.385000228881836,31.600000381469727,31.360000610351562,31.59000015258789,16708200
2011-01-24,19.67928695678711,31.625,31.635000228881836,31.34000015258789,31.434999465942383,15062800
2011-01-25,19.589052200317383,31.479999542236328,31.655000686645508,31.270000457763672,31.610000610351562,18195800
2011-01-26,19.589052200317383,31.479999542236328,31.645000457763672,31.43000030517578,31.584999084472656,13657000
2011-01-27,19.508159637451172,31.350000381469727,31.604999542236328,31.31999969482422,31.594999313354492,13520400
2011-01-28,19.355701446533203,31.104999542236328,31.639999389648438,31.06999969482422,31.424999237060547,23842400
2011-01-31,19.55483055114746,31.424999237060547,31.424999237060547,30.94499969482422,31.15999984741211,15717800
2011-02-01,19.61705780029297,31.524999618530273,31.65999984741211,31.424999237060547,31.440000534057617,16028000
2011-02-02,19.557941436767578,31.43000030517578,31.739999771118164,31.280000686645508,31.575000762939453,15595200
2011-02-03,19.467708587646484,31.28499984741211,31.489999771118164,31.065000534057617,31.350000381469727,12997400
2011-02-04,19.46460723876953,31.280000686645508,31.43000030517578,31.18000030517578,31.325000762939453,9374600
2011-02-07,19.45215606689453,31.260000228881836,31.334999084472656,31.15999984741211,31.334999084472656,12012800
2011-02-08,19.561058044433594,31.434999465942383,31.459999084472656,31.170000076293945,31.21500015258789,13056800
2011-02-09,19.64817237854004,31.575000762939453,32.375,31.434999465942383,32.04999923706055,29979600
2011-02-10,19.76951026916504,31.770000457763672,31.770000457763672,31.40999984741211,31.579999923706055,18352400
2011-02-11,19.77884292602539,31.78499984741211,31.829999923706055,31.559999465942383,31.614999771118164,19098000
2011-02-14,19.645061492919922,31.56999969482422,31.875,31.5,31.834999084472656,12122600
2011-02-15,19.66061019897461,31.594999313354492,31.610000610351562,31.274999618530273,31.454999923706055,16289200
2011-02-16,19.7259521484375,31.700000762939453,31.7450008392334,31.440000534057617,31.540000915527344,12992800
2011-02-17,20.083755493164062,32.275001525878906,32.36000061035156,31.635000228881836,31.690000534057617,18450600
2011-02-18,20.083755493164062,32.275001525878906,32.32500076293945,32.060001373291016,32.29999923706055,24652400
2011-02-22,19.837961196899414,31.8799991607666,32.1349983215332,31.665000915527344,31.68000030517578,17950200
2011-02-23,19.884632110595703,31.954999923706055,32.16999816894531,31.850000381469727,31.889999389648438,18192200
2011-02-24,19.87529754638672,31.940000534057617,32.185001373291016,31.854999542236328,32.099998474121094,17057000
2011-02-25,20.00908660888672,32.154998779296875,32.20000076293945,31.854999542236328,31.885000228881836,11435400
2011-02-28,19.887746810913086,31.959999084472656,32.2400016784668,31.93000030517578,32.084999084472656,19370000
2011-03-01,20.195768356323242,32.45500183105469,32.625,32.099998474121094,32.13999938964844,31084000
2011-03-02,20.04642677307129,32.21500015258789,32.40999984741211,32.064998626708984,32.29499816894531,20776000
2011-03-03,20.401119232177734,32.78499984741211,32.939998626708984,32.38999938964844,32.39500045776367,29005800
2011-03-04,20.28911018371582,32.60499954223633,32.775001525878906,32.3849983215332,32.69499969482422,23050800
2011-03-07,20.292213439941406,32.61000061035156,32.869998931884766,32.2400016784668,32.65999984741211,23630000
2011-03-08,20.422895431518555,32.81999969482422,32.91999816894531,32.61000061035156,32.70000076293945,20717600
2011-03-09,20.416669845581055,32.810001373291016,32.84000015258789,32.630001068115234,32.76499938964844,14819200
2011-03-10,20.31399917602539,32.64500045776367,32.77000045776367,32.48500061035156,32.625,17761800
2011-03-11,20.310863494873047,32.404998779296875,32.55500030517578,32.23500061035156,32.459999084472656,12006400
2011-03-14,20.0382137298584,31.969999313354492,32.30500030517578,31.764999389648438,32.16999816894531,17802600
2011-03-15,19.753028869628906,31.514999389648438,31.635000228881836,31.174999237060547,31.475000381469727,25421200
2011-03-16,19.30487823486328,30.799999237060547,31.434999465942383,30.645000457763672,31.344999313354492,31957200
2011-03-17,19.51798439025879,31.139999389648438,31.395000457763672,30.954999923706055,31.21500015258789,20128800
2011-03-18,19.649608612060547,31.350000381469727,31.649999618530273,31.225000381469727,31.485000610351562,23653000
2011-03-21,19.92226219177246,31.78499984741211,31.93000030517578,31.524999618530273,31.565000534057617,12545600
2011-03-22,19.903457641601562,31.7549991607666,31.885000228881836,31.625,31.84000015258789,8418800
2011-03-23,20.141632080078125,32.1349983215332,32.26499938964844,31.625,31.645000457763672,12962600
2011-03-24,20.273258209228516,32.345001220703125,32.53499984741211,32.279998779296875,32.290000915527344,13312800
2011-03-25,20.439350128173828,32.61000061035156,32.69499969482422,32.40999984741211,32.435001373291016,12419400
2011-03-28,20.379804611206055,32.51499938964844,32.744998931884766,32.51499938964844,32.599998474121094,11600200
2011-03-29,20.59604835510254,32.86000061035156,32.8650016784668,32.540000915527344,32.599998474121094,11569600
2011-03-30,20.69633674621582,33.02000045776367,33.244998931884766,32.80500030517578,32.86000061035156,18826200
2011-03-31,20.790353775024414,33.16999816894531,33.42499923706055,32.97999954223633,32.97999954223633,17723000
2011-04-01,21.06613540649414,33.61000061035156,33.7400016784668,33.29999923706055,33.44499969482422,18720200
2011-04-04,21.204036712646484,33.83000183105469,33.89500045776367,33.58000183105469,33.61000061035156,13485600
2011-04-05,21.144479751586914,33.73500061035156,33.8849983215332,33.654998779296875,33.75,12470200
2011-04-06,21.194625854492188,33.814998626708984,33.90999984741211,33.60499954223633,33.775001525878906,14099800
2011-04-07,21.135080337524414,33.720001220703125,33.875,33.470001220703125,33.71500015258789,12734600
2011-04-08,21.081802368164062,33.6349983215332,33.81999969482422,33.43000030517578,33.69499969482422,11201800
2011-04-11,21.12254524230957,33.70000076293945,33.91999816894531,33.400001525878906,33.630001068115234,14664000
2011-04-12,20.96585464477539,33.45000076293945,33.564998626708984,33.20500183105469,33.4900016784668,16587400
2011-04-13,21.08493995666504,33.63999938964844,33.73500061035156,33.48500061035156,33.6150016784668,8497400
2011-04-14,21.407732009887695,34.154998779296875,34.23500061035156,33.54499816894531,33.66999816894531,23879600
2011-04-15,21.313722610473633,34.005001068115234,34.17499923706055,33.935001373291016,34.165000915527344,17532200
2011-04-18,21.09434700012207,33.654998779296875,33.82500076293945,33.31999969482422,33.78499984741211,16104600
2011-04-19,21.025394439697266,33.54499816894531,33.75,33.474998474121094,33.60499954223633,10701800
2011-04-20,21.26357650756836,33.92499923706055,34.025001525878906,33.80500030517578,33.94499969482422,12817800
2011-04-21,21.272968292236328,33.939998626708984,34.084999084472656,33.73500061035156,33.94499969482422,10948800
2011-04-25,21.229103088378906,33.869998931884766,33.9900016784668,33.65999984741211,33.974998474121094,10709200
2011-04-26,20.975250244140625,33.46500015258789,33.51499938964844,32.904998779296875,33.31999969482422,32800000
2011-04-27,20.997194290161133,33.5,33.709999084472656,33.279998779296875,33.685001373291016,16872600
2011-04-28,21.12567901611328,33.70500183105469,33.724998474121094,33.33000183105469,33.470001220703125,14084400
2011-04-29,21.141355514526367,33.72999954223633,33.8849983215332,33.6349983215332,33.779998779296875,14824200
2011-05-02,21.222835540771484,33.86000061035156,33.93000030517578,33.78499984741211,33.880001068115234,12514200
2011-05-03,21.272968292236328,33.939998626708984,33.95000076293945,33.78499984741211,33.86000061035156,10542400
2011-05-04,21.141355514526367,33.72999954223633,33.96500015258789,33.599998474121094,33.93000030517578,13529000
2011-05-05,20.903175354003906,33.349998474121094,33.869998931884766,33.20000076293945,33.849998474121094,14206200
2011-05-06,20.96585464477539,33.45000076293945,33.790000915527344,33.3650016784668,33.720001220703125,17042600
2011-05-09,20.981521606445312,33.474998474121094,33.63999938964844,33.415000915527344,33.43000030517578,8884200
2011-05-10,21.10374641418457,33.66999816894531,33.72999954223633,33.4900016784668,33.5,11111800
2011-05-11,21.097476959228516,33.65999984741211,33.834999084472656,33.45000076293945,33.64500045776367,11215400
2011-05-12,21.407732009887695,34.154998779296875,34.21500015258789,33.584999084472656,33.68000030517578,17097400
2011-05-13,21.366989135742188,34.09000015258789,34.3849983215332,34.0099983215332,34.1349983215332,16011000
2011-05-16,21.257307052612305,33.915000915527344,34.1150016784668,33.86000061035156,34.04999923706055,12364600
2011-05-17,21.30744743347168,33.994998931884766,34.09000015258789,33.75,33.8650016784668,13276400
2011-05-18,21.404600143432617,34.150001525878906,34.17499923706055,33.82500076293945,34.0,13418000
2011-05-19,21.454748153686523,34.22999954223633,34.349998474121094,34.005001068115234,34.20500183105469,12960200
2011-05-20,21.404600143432617,34.150001525878906,34.2599983215332,33.94499969482422,34.15999984741211,12970600
2011-05-23,21.1507511138916,33.744998931884766,33.95000076293945,33.59000015258789,33.79499816894531,13230200
2011-05-24,21.144479751586914,33.73500061035156,33.88999938964844,33.60499954223633,33.83000183105469,10881000
2011-05-25,20.9689884185791,33.45500183105469,33.75,33.40999984741211,33.63999938964844,13132000
2011-05-26,20.903175354003906,33.349998474121094,33.45500183105469,33.150001525878906,33.369998931884766,14872400
2011-05-27,20.843631744384766,33.255001068115234,33.57500076293945,33.2400016784668,33.435001373291016,9097400
2011-05-31,20.937641143798828,33.404998779296875,33.619998931884766,33.31999969482422,33.470001220703125,20294000
2011-06-01,20.921974182128906,33.380001068115234,33.59000015258789,33.29999923706055,33.29999923706055,14883000
2011-06-02,20.69633674621582,33.02000045776367,33.380001068115234,32.810001373291016,33.32500076293945,14264200
2011-06-03,20.536502838134766,32.76499938964844,32.915000915527344,32.60499954223633,32.6349983215332,12937800
2011-06-06,20.50203514099121,32.709999084472656,32.8849983215332,32.68000030517578,32.755001068115234,10445400
2011-06-07,20.433086395263672,32.599998474121094,32.85499954223633,32.59000015258789,32.7599983215332,11522000
2011-06-08,20.49576187133789,32.70000076293945,32.76499938964844,32.53499984741211,32.6150016784668,11753000
2011-06-09,20.649328231811523,32.94499969482422,33.15999984741211,32.6349983215332,32.720001220703125,13112000
2011-06-10,20.492626190185547,32.69499969482422,32.90999984741211,32.619998931884766,32.84000015258789,14003200
2011-06-13,20.55576515197754,32.560001373291016,32.625,32.39500045776367,32.54999923706055,19081600
2011-06-14,20.71043586730957,32.80500030517578,32.91999816894531,32.650001525878906,32.70000076293945,14045000
2011-06-15,20.508411407470703,32.48500061035156,32.75,32.31999969482422,32.70500183105469,16378400
2011-06-16,20.672557830810547,32.744998931884766,32.880001068115234,32.400001525878906,32.48500061035156,15538800
2011-06-17,20.71359634399414,32.810001373291016,33.1150016784668,32.810001373291016,32.939998626708984,21317400
2011-06-20,20.779876708984375,32.915000915527344,33.06999969482422,32.685001373291016,32.685001373291016,11091800
2011-06-21,20.91561508178711,33.130001068115234,33.14500045776367,32.8849983215332,33.05500030517578,14265000
2011-06-22,20.959810256958008,33.20000076293945,33.40999984741211,33.05500030517578,33.14500045776367,15701200
2011-06-23,20.511573791503906,32.4900016784668,32.98500061035156,32.21500015258789,32.96500015258789,26467800
2011-06-24,20.49578857421875,32.46500015258789,32.689998626708984,32.36000061035156,32.53499984741211,32073800
2011-06-27,20.584171295166016,32.60499954223633,32.72999954223633,32.42499923706055,32.42499923706055,14777600
2011-06-28,20.8430118560791,33.01499938964844,33.04999923706055,32.67499923706055,32.7599983215332,12932400
2011-06-29,21.05765724182129,33.35499954223633,33.415000915527344,33.09000015258789,33.095001220703125,17035400
2011-06-30,21.240747451782227,33.64500045776367,33.744998931884766,33.40999984741211,33.4900016784668,15594600
2011-07-01,21.493270874023438,34.04499816894531,34.04499816894531,33.5099983215332,33.5099983215332,16487000
2011-07-05,21.55956268310547,34.150001525878906,34.39500045776367,34.040000915527344,34.040000915527344,14801200
2011-07-06,21.632156372070312,34.26499938964844,34.375,34.14500045776367,34.154998779296875,11486000
2011-07-07,21.70160484313965,34.375,34.44499969482422,34.290000915527344,34.40999984741211,12423400
2011-07-08,21.67951202392578,34.34000015258789,34.34000015258789,34.060001373291016,34.17499923706055,12671600
2011-07-11,21.49642562866211,34.04999923706055,34.13999938964844,33.85499954223633,33.875,14152400
2011-07-12,21.417518615722656,33.92499923706055,34.220001220703125,33.8650016784668,33.98500061035156,13343400
2011-07-13,21.483802795410156,34.029998779296875,34.21500015258789,33.8849983215332,34.084999084472656,14688000
2011-07-14,21.360692977905273,33.834999084472656,34.165000915527344,33.685001373291016,33.98500061035156,15011200
2011-07-15,21.316505432128906,33.76499938964844,33.935001373291016,33.63999938964844,33.92499923706055,17491600
2011-07-18,21.187088012695312,33.560001373291016,33.71500015258789,33.29499816894531,33.630001068115234,14792000
2011-07-19,21.88153076171875,34.65999984741211,34.88999938964844,33.76499938964844,33.849998474121094,37415400
2011-07-20,21.7394962310791,34.435001373291016,34.66999816894531,34.400001525878906,34.625,15833800
2011-07-21,21.887845993041992,34.66999816894531,34.810001373291016,34.25,34.40999984741211,22086600
2011-07-22,22.01095962524414,34.8650016784668,34.90999984741211,34.7400016784668,34.775001525878906,13323200
2011-07-25,21.86259651184082,34.630001068115234,34.779998779296875,34.505001068115234,34.560001373291016,13154800
2011-07-26,21.840496063232422,34.595001220703125,34.72999954223633,34.54499816894531,34.67499923706055,11830600
2011-07-27,21.68267250061035,34.345001220703125,34.625,34.27000045776367,34.3849983215332,18677600
2011-07-28,21.72054672241211,34.404998779296875,34.63999938964844,34.310001373291016,34.32500076293945,15270200
2011-07-29,21.468017578125,34.005001068115234,34.42499923706055,33.95000076293945,34.18000030517578,20545600
2011-08-01,21.379629135131836,33.8650016784668,34.255001068115234,33.560001373291016,34.25,17654200
2011-08-02,21.171306610107422,33.53499984741211,33.80500030517578,33.53499984741211,33.70000076293945,18127600
2011-08-03,21.591127395629883,34.20000076293945,34.279998779296875,33.474998474121094,33.5,28086000
2011-08-04,20.776723861694336,32.90999984741211,34.064998626708984,32.869998931884766,33.8849983215332,32324800
2011-08-05,21.07659912109375,33.3849983215332,33.630001068115234,32.52000045776367,33.1349983215332,43916600
2011-08-08,20.55576515197754,32.560001373291016,33.60499954223633,32.474998474121094,33.09000015258789,50096800
2011-08-09,21.048198699951172,33.34000015258789,33.435001373291016,31.795000076293945,32.90999984741211,43128400
2011-08-10,20.18960189819336,31.979999542236328,33.25,31.850000381469727,33.119998931884766,38237200
2011-08-11,20.981901168823242,33.23500061035156,33.654998779296875,31.954999923706055,32.0,38406600
2011-08-12,21.19339942932129,33.56999969482422,33.875,33.20000076293945,33.380001068115234,20310400
2011-08-15,21.527990341186523,34.099998474121094,34.209999084472656,33.630001068115234,33.73500061035156,23081600
2011-08-16,21.51852035522461,34.084999084472656,34.2400016784668,33.78499984741211,33.845001220703125,21413800
2011-08-17,21.868900299072266,34.63999938964844,34.67499923706055,34.08000183105469,34.22999954223633,23176000
2011-08-18,21.38910484313965,33.880001068115234,34.470001220703125,33.529998779296875,34.125,39569000
2011-08-19,21.18076515197754,33.54999923706055,34.13999938964844,33.43000030517578,33.76499938964844,30478200
2011-08-22,21.234434127807617,33.6349983215332,34.029998779296875,33.584999084472656,34.005001068115234,19652800
2011-08-23,21.799461364746094,34.529998779296875,34.529998779296875,33.65999984741211,33.73500061035156,23951200
2011-08-24,21.995180130004883,34.84000015258789,34.85499954223633,34.275001525878906,34.415000915527344,19475400
2011-08-25,21.45538902282715,33.98500061035156,34.79999923706055,33.880001068115234,34.79999923706055,25320000
2011-08-26,21.622690200805664,34.25,34.3849983215332,33.349998474121094,33.96500015258789,19849600
2011-08-29,22.01095962524414,34.8650016784668,34.92499923706055,34.435001373291016,34.47999954223633,17660600
2011-08-30,22.052003860473633,34.93000030517578,35.13999938964844,34.7599983215332,34.88999938964844,31678000
2011-08-31,22.23823356628418,35.224998474121094,35.3849983215332,34.83000183105469,34.935001373291016,22322800
2011-09-01,22.23823356628418,35.224998474121094,35.54999923706055,34.88999938964844,35.04499816894531,23530000
2011-09-02,22.01411247253418,34.869998931884766,34.994998931884766,34.75,34.86000061035156,17530000
2011-09-06,21.916255950927734,34.71500015258789,34.77000045776367,33.69499969482422,33.71500015258789,25784600
2011-09-07,22.348712921142578,35.400001525878906,35.42499923706055,34.95500183105469,35.005001068115234,21287400
2011-09-08,22.46550750732422,35.584999084472656,35.8849983215332,35.275001525878906,35.33000183105469,24867600
2011-09-09,21.897314071655273,34.685001373291016,35.32500076293945,34.3650016784668,35.30500030517578,32891200
2011-09-12,21.900476455688477,34.689998626708984,34.77000045776367,34.099998474121094,34.224998474121094,29144200
2011-09-13,21.960857391357422,34.54999923706055,34.665000915527344,34.290000915527344,34.47999954223633,21421800
2011-09-14,22.173791885375977,34.8849983215332,35.25,34.27000045776367,34.66999816894531,22250000
2011-09-15,22.571056365966797,35.5099983215332,35.5099983215332,34.92499923706055,34.95500183105469,21186000
2011-09-16,22.63779640197754,35.6150016784668,35.84000015258789,35.5099983215332,35.689998626708984,34620600
2011-09-19,22.40262222290039,35.244998931884766,35.345001220703125,34.974998474121094,35.03499984741211,28571200
2011-09-20,22.45347785949707,35.32500076293945,35.7400016784668,35.2599983215332,35.39500045776367,18313400
2011-09-21,22.018054962158203,34.63999938964844,35.53499984741211,34.6349983215332,35.42499923706055,23531000
2011-09-22,21.554061889648438,33.90999984741211,34.07500076293945,33.310001373291016,33.685001373291016,36341000
2011-09-23,21.426937103271484,33.709999084472656,33.85499954223633,33.435001373291016,33.68000030517578,24284400
2011-09-26,21.852807998657227,34.380001068115234,34.44499969482422,33.83000183105469,34.005001068115234,24008200
2011-09-27,22.110233306884766,34.78499984741211,35.20500183105469,34.63999938964844,35.060001373291016,22249200
2011-09-28,21.630329132080078,34.029998779296875,35.08000183105469,33.94499969482422,34.90999984741211,19032600
2011-09-29,21.94496726989746,34.525001525878906,34.81999969482422,34.095001220703125,34.45500183105469,21372600
2011-09-30,21.471426010131836,33.779998779296875,34.54999923706055,33.779998779296875,34.224998474121094,25026200
2011-10-03,20.791305541992188,32.709999084472656,33.459999084472656,32.560001373291016,33.29499816894531,38471200
2011-10-04,20.73092269897461,32.6150016784668,32.71500015258789,31.670000076293945,32.41999816894531,30800000
2011-10-05,20.826265335083008,32.76499938964844,32.79999923706055,32.275001525878906,32.73500061035156,23037800
2011-10-06,20.781770706176758,32.69499969482422,33.0,32.224998474121094,32.98500061035156,25205400
2011-10-07,20.94386100769043,32.95000076293945,33.255001068115234,32.69499969482422,33.255001068115234,18857800
2011-10-10,21.261669158935547,33.45000076293945,33.46500015258789,33.005001068115234,33.279998779296875,12354400
2011-10-11,21.229888916015625,33.400001525878906,33.599998474121094,33.29499816894531,33.3650016784668,11161000
2011-10-12,21.446002960205078,33.7400016784668,33.98500061035156,33.39500045776367,33.625,17549600
2011-10-13,21.42057991027832,33.70000076293945,33.790000915527344,33.44499969482422,33.654998779296875,12909400
2011-10-14,21.5635986328125,33.92499923706055,34.099998474121094,33.67499923706055,34.099998474121094,13503000
2011-10-17,21.293458938598633,33.5,33.92499923706055,33.40999984741211,33.90999984741211,20232800
2011-10-18,21.210819244384766,33.369998931884766,33.744998931884766,33.20000076293945,33.619998931884766,23650600
2011-10-19,21.302988052368164,33.51499938964844,33.90999984741211,33.435001373291016,33.494998931884766,15389400
2011-10-20,21.33159065246582,33.560001373291016,33.790000915527344,33.28499984741211,33.744998931884766,13323600
2011-10-21,21.671648025512695,34.095001220703125,34.15999984741211,33.72999954223633,33.970001220703125,23146600
2011-10-24,21.56995391845703,33.935001373291016,34.32500076293945,33.80500030517578,34.20000076293945,13609200
2011-10-25,21.277559280395508,33.474998474121094,33.96500015258789,33.400001525878906,33.95500183105469,14228200
2011-10-26,21.44282341003418,33.73500061035156,33.77000045776367,33.20500183105469,33.64500045776367,16041200
2011-10-27,21.792415618896484,34.28499984741211,34.54499816894531,34.04999923706055,34.46500015258789,26704600
2011-10-28,21.906829833984375,34.46500015258789,34.4900016784668,34.19499969482422,34.2599983215332,17307400
2011-10-31,21.712963104248047,34.15999984741211,34.525001525878906,34.14500045776367,34.32500076293945,18998600
2011-11-01,21.30617332458496,33.52000045776367,33.75,33.38999938964844,33.564998626708984,23682800
2011-11-02,21.538169860839844,33.8849983215332,34.029998779296875,33.67499923706055,33.709999084472656,14538600
2011-11-03,21.817842483520508,34.32500076293945,34.40999984741211,34.005001068115234,34.04999923706055,17363400
2011-11-04,21.541343688964844,33.88999938964844,34.07500076293945,33.64500045776367,33.97999954223633,15177200
2011-11-07,21.678003311157227,34.10499954223633,34.1349983215332,33.63999938964844,33.83000183105469,12513800
2011-11-08,21.817842483520508,34.32500076293945,34.36000061035156,33.900001525878906,34.14500045776367,12063600
2011-11-09,21.302988052368164,33.51499938964844,33.994998931884766,33.43000030517578,33.92499923706055,18243400
2011-11-10,21.41739273071289,33.69499969482422,33.875,33.45500183105469,33.80500030517578,16201600
2011-11-11,21.649412155151367,34.060001373291016,34.30500030517578,33.974998474121094,33.98500061035156,12882400
2011-11-14,21.544523239135742,33.89500045776367,33.98500061035156,33.709999084472656,33.89500045776367,9428600
2011-11-15,21.611265182495117,34.0,34.224998474121094,33.7400016784668,33.88999938964844,12217600
2011-11-16,21.2966251373291,33.505001068115234,33.900001525878906,33.45500183105469,33.834999084472656,17781400
2011-11-17,21.17268180847168,33.310001373291016,33.69499969482422,33.04999923706055,33.470001220703125,17467200
2011-11-18,21.41739273071289,33.69499969482422,33.85499954223633,33.45000076293945,33.60499954223633,18688400
2011-11-21,20.959747314453125,32.974998474121094,33.439998626708984,32.69499969482422,33.345001220703125,18588200
2011-11-22,20.966108322143555,32.98500061035156,33.18000030517578,32.77000045776367,32.80500030517578,11787600
2011-11-23,20.616512298583984,32.435001373291016,32.75,32.400001525878906,32.72999954223633,14089600
2011-11-25,20.575193405151367,32.369998931884766,32.68000030517578,32.369998931884766,32.57500076293945,7572600
2011-11-28,20.71185874938965,32.584999084472656,32.875,32.375,32.630001068115234,21318200
2011-11-29,21.188844680786133,33.095001220703125,33.25,32.505001068115234,32.584999084472656,21656200
2011-11-30,21.52176284790039,33.6150016784668,33.97999954223633,33.36000061035156,33.66999816894531,25300400
2011-12-01,21.393714904785156,33.415000915527344,33.790000915527344,33.34000015258789,33.5,15429000
2011-12-02,21.249662399291992,33.189998626708984,33.775001525878906,33.084999084472656,33.72999954223633,21170400
2011-12-05,21.227249145507812,33.154998779296875,33.595001220703125,32.939998626708984,33.470001220703125,17955200
2011-12-06,21.34569549560547,33.34000015258789,33.5099983215332,33.06999969482422,33.244998931884766,16730800
2011-12-07,21.377704620361328,33.38999938964844,33.53499984741211,33.099998474121094,33.275001525878906,16832800
2011-12-08,21.36170196533203,33.3650016784668,33.619998931884766,33.279998779296875,33.349998474121094,16118200
2011-12-09,21.630611419677734,33.78499984741211,33.875,33.459999084472656,33.55500030517578,18298200
2011-12-12,21.412918090820312,33.44499969482422,33.75,33.15999984741211,33.630001068115234,13380200
2011-12-13,21.28167724609375,33.2400016784668,33.6349983215332,33.14500045776367,33.54499816894531,14276200
2011-12-14,21.21124267578125,33.130001068115234,33.45500183105469,33.03499984741211,33.125,15762200
2011-12-15,21.412918090820312,33.44499969482422,33.69499969482422,33.39500045776367,33.45500183105469,13474600
2011-12-16,21.588991165161133,33.720001220703125,33.86000061035156,33.630001068115234,33.73500061035156,23957200
2011-12-19,21.56658172607422,33.685001373291016,33.935001373291016,33.61000061035156,33.72999954223633,11762000
2011-12-20,21.896305084228516,34.20000076293945,34.31999969482422,33.915000915527344,33.939998626708984,15931000
2011-12-21,22.270849227905273,34.78499984741211,34.900001525878906,34.15999984741211,34.2599983215332,18730400
2011-12-22,22.149198532104492,34.595001220703125,34.79999923706055,34.44499969482422,34.66999816894531,15586800
2011-12-23,22.389293670654297,34.970001220703125,34.98500061035156,34.60499954223633,34.6150016784668,9255200
2011-12-27,22.370084762573242,34.939998626708984,35.099998474121094,34.904998779296875,34.904998779296875,10099800
2011-12-28,22.25164031982422,34.755001068115234,35.025001525878906,34.70000076293945,34.90999984741211,8210000
2011-12-29,22.459728240966797,35.08000183105469,35.095001220703125,34.755001068115234,34.79999923706055,8734000
2011-12-30,22.398900985717773,34.98500061035156,35.14500045776367,34.98500061035156,35.0,7862000
2012-01-03,22.45331382751465,35.06999969482422,35.35499954223633,35.04999923706055,35.07500076293945,15639600
2012-01-04,22.312461853027344,34.849998474121094,35.03499984741211,34.75,34.95500183105469,14239200
2012-01-05,22.20682144165039,34.685001373291016,34.935001373291016,34.67499923706055,34.880001068115234,14287600
2012-01-06,22.06596565246582,34.46500015258789,34.814998626708984,34.310001373291016,34.73500061035156,13646600
2012-01-09,22.06596565246582,34.46500015258789,34.584999084472656,34.400001525878906,34.5,10522600
2012-01-10,22.197219848632812,34.66999816894531,34.7599983215332,34.55500030517578,34.73500061035156,12964400
2012-01-11,21.787460327148438,34.029998779296875,34.3849983215332,33.775001525878906,34.185001373291016,23428800
2012-01-12,21.630611419677734,33.78499984741211,34.25,33.67499923706055,34.209999084472656,15237000
2012-01-13,21.444934844970703,33.494998931884766,33.71500015258789,33.28499984741211,33.66999816894531,19991800
2012-01-17,21.5601863861084,33.67499923706055,33.939998626708984,33.65999984741211,33.869998931884766,15577000
2012-01-18,21.637004852294922,33.79499816894531,33.90999984741211,33.59000015258789,33.72999954223633,13282200
2012-01-19,21.592191696166992,33.724998474121094,33.869998931884766,33.630001068115234,33.82500076293945,13544800
2012-01-20,21.79706382751465,34.04499816894531,34.060001373291016,33.70000076293945,33.77000045776367,19158600
2012-01-23,21.93791389465332,34.26499938964844,34.310001373291016,33.95500183105469,34.0,13803200
2012-01-24,21.736244201660156,33.95000076293945,34.25,33.85499954223633,34.08000183105469,14751200
2012-01-25,21.90591049194336,34.21500015258789,34.25,33.77000045776367,33.95500183105469,14476000
2012-01-26,21.77145767211914,34.005001068115234,34.310001373291016,33.880001068115234,34.310001373291016,14721000
2012-01-27,21.588991165161133,33.720001220703125,34.06999969482422,33.6150016784668,33.95500183105469,16825000
2012-01-30,21.59539222717285,33.72999954223633,33.78499984741211,33.51499938964844,33.64500045776367,10591600
2012-01-31,21.6177978515625,33.76499938964844,33.9900016784668,33.59000015258789,33.9900016784668,13543400
2012-02-01,21.72023582458496,33.92499923706055,34.16999816894531,33.900001525878906,33.939998626708984,14915000
2012-02-02,21.713838577270508,33.915000915527344,34.119998931884766,33.875,34.03499984741211,13150000
2012-02-03,21.79386329650879,34.040000915527344,34.244998931884766,33.91999816894531,34.130001068115234,16555800
2012-02-06,21.777864456176758,34.01499938964844,34.1150016784668,33.849998474121094,33.91999816894531,14586400
2012-02-07,21.944332122802734,34.275001525878906,34.724998474121094,33.814998626708984,34.04499816894531,24269600
2012-02-08,21.8738956451416,34.165000915527344,34.42499923706055,34.099998474121094,34.41999816894531,16428400
2012-02-09,21.758651733398438,33.98500061035156,34.19499969482422,33.8849983215332,34.18000030517578,16311400
2012-02-10,21.749052047729492,33.970001220703125,33.970001220703125,33.709999084472656,33.76499938964844,10994600
2012-02-13,21.909109115600586,34.220001220703125,34.29999923706055,34.04499816894531,34.209999084472656,11091000
2012-02-14,22.056371688842773,34.45000076293945,34.46500015258789,34.04999923706055,34.23500061035156,12596000
2012-02-15,21.896305084228516,34.20000076293945,34.625,34.1150016784668,34.6150016784668,14776800
2012-02-16,22.04356575012207,34.43000030517578,34.494998931884766,34.209999084472656,34.30500030517578,11752000
2012-02-17,22.104381561279297,34.525001525878906,34.584999084472656,34.29999923706055,34.53499984741211,14841800
2012-02-21,22.030752182006836,34.40999984741211,34.525001525878906,34.25,34.439998626708984,13424800
2012-02-22,22.16840934753418,34.625,34.66999816894531,34.29999923706055,34.29999923706055,13766400
2012-02-23,22.145999908447266,34.59000015258789,34.650001525878906,34.459999084472656,34.54499816894531,11120000
2012-02-24,22.0883731842041,34.5,34.75,34.415000915527344,34.67499923706055,12485400
2012-02-27,22.033952713012695,34.415000915527344,34.5,34.2599983215332,34.345001220703125,12086200
2012-02-28,22.040363311767578,34.42499923706055,34.54999923706055,34.400001525878906,34.474998474121094,9049000
2012-02-29,22.36369514465332,34.93000030517578,34.9900016784668,34.45000076293945,34.45000076293945,23464400
2012-03-01,22.280445098876953,34.79999923706055,34.97999954223633,34.69499969482422,34.935001373291016,15294200
2012-03-02,22.145999908447266,34.59000015258789,34.79999923706055,34.48500061035156,34.70500183105469,11995800
2012-03-05,22.162012100219727,34.6150016784668,34.66999816894531,34.5,34.5099983215332,10338600
2012-03-06,22.011547088623047,34.380001068115234,34.54499816894531,34.31999969482422,34.40999984741211,13161200
2012-03-07,22.021156311035156,34.39500045776367,34.470001220703125,34.25,34.375,10933800
2012-03-08,22.1748046875,34.6349983215332,34.75,34.54999923706055,34.59000015258789,33754800
2012-03-09,22.25164031982422,34.755001068115234,34.869998931884766,34.654998779296875,34.71500015258789,36742600
2012-03-12,22.456514358520508,35.07500076293945,35.16999816894531,34.66999816894531,34.7400016784668,18143600
2012-03-13,22.653223037719727,35.125,35.14500045776367,34.755001068115234,34.755001068115234,18068000
2012-03-14,22.643552780151367,35.11000061035156,35.310001373291016,35.04999923706055,35.130001068115234,12918000
2012-03-15,22.67901611328125,35.165000915527344,35.16999816894531,34.88999938964844,35.1349983215332,17991400
2012-03-16,22.62420654296875,35.08000183105469,35.22999954223633,34.939998626708984,35.189998626708984,22898800
2012-03-19,22.701595306396484,35.20000076293945,35.26499938964844,35.0,35.10499954223633,10652400
2012-03-20,22.762855529785156,35.29499816894531,35.3849983215332,34.96500015258789,35.01499938964844,10180400
2012-03-21,22.93377113342285,35.560001373291016,35.70000076293945,35.17499923706055,35.2400016784668,19870800
2012-03-22,23.0305118560791,35.709999084472656,35.790000915527344,35.470001220703125,35.505001068115234,14252800
2012-03-23,23.05307960510254,35.744998931884766,35.79999923706055,35.64500045776367,35.70000076293945,16206600
2012-03-26,23.1852970123291,35.95000076293945,35.95000076293945,35.79499816894531,35.869998931884766,11536400
2012-03-27,23.175615310668945,35.935001373291016,35.9900016784668,35.82500076293945,35.90999984741211,11430400
2012-03-28,23.430360794067383,36.33000183105469,36.40999984741211,35.95000076293945,35.97999954223633,26260600
2012-03-29,23.801204681396484,36.904998779296875,37.19499969482422,36.1349983215332,36.17499923706055,41063600
2012-03-30,23.865699768066406,37.005001068115234,37.06999969482422,36.654998779296875,36.810001373291016,26555800
2012-04-02,23.90761375427246,37.06999969482422,37.099998474121094,36.81999969482422,36.915000915527344,14579000
2012-04-03,23.78507423400879,36.880001068115234,37.040000915527344,36.72999954223633,36.834999084472656,12989200
2012-04-04,23.68834114074707,36.72999954223633,36.79999923706055,36.60499954223633,36.64500045776367,12487400
2012-04-05,23.691566467285156,36.73500061035156,36.7599983215332,36.53499984741211,36.63999938964844,11531400
2012-04-09,23.498079299926758,36.435001373291016,36.55500030517578,36.369998931884766,36.47999954223633,9806800
2012-04-10,23.223979949951172,36.0099983215332,36.310001373291016,35.974998474121094,36.290000915527344,17290600
2012-04-11,23.2562313079834,36.060001373291016,36.23500061035156,35.91999816894531,36.21500015258789,12026600
2012-04-12,23.28848648071289,36.11000061035156,36.130001068115234,35.90999984741211,36.07500076293945,10640600
2012-04-13,23.198196411132812,35.970001220703125,36.29999923706055,35.970001220703125,36.11000061035156,10525600
2012-04-16,23.359420776367188,36.220001220703125,36.39500045776367,36.06999969482422,36.11000061035156,14147600
2012-04-17,23.846349716186523,36.974998474121094,37.2400016784668,36.59000015258789,36.59000015258789,22614400
2012-04-18,23.91728973388672,37.084999084472656,37.17499923706055,36.8650016784668,36.90999984741211,11779800
2012-04-19,23.804424285888672,36.90999984741211,37.16999816894531,36.709999084472656,37.14500045776367,10731200
2012-04-20,23.904380798339844,37.064998626708984,37.17499923706055,36.869998931884766,36.97999954223633,13461000
2012-04-23,23.762502670288086,36.845001220703125,37.03499984741211,36.665000915527344,36.9900016784668,10472200
2012-04-24,23.901165008544922,37.060001373291016,37.17499923706055,36.85499954223633,36.959999084472656,10288000
2012-04-25,24.1623592376709,37.46500015258789,37.525001525878906,37.154998779296875,37.27000045776367,18596000
2012-04-26,24.413883209228516,37.85499954223633,37.98500061035156,37.40999984741211,37.474998474121094,16782000
2012-04-27,24.71054458618164,38.314998626708984,38.90999984741211,37.959999084472656,37.97999954223633,25103000
2012-04-30,24.610593795776367,38.15999984741211,38.45000076293945,37.96500015258789,38.209999084472656,26517600
2012-05-01,24.807300567626953,38.46500015258789,38.5,38.13999938964844,38.27000045776367,13841000
2012-05-02,24.8814640045166,38.58000183105469,38.625,38.31999969482422,38.369998931884766,16558600
2012-05-03,24.97176170349121,38.720001220703125,38.81999969482422,38.599998474121094,38.68000030517578,15612000
2012-05-04,24.829879760742188,38.5,38.79999923706055,38.47999954223633,38.654998779296875,13160800
2012-05-07,24.920154571533203,38.63999938964844,38.724998474121094,38.42499923706055,38.48500061035156,8965400
2012-05-08,24.875015258789062,38.56999969482422,38.63999938964844,38.310001373291016,38.505001068115234,10561600
2012-05-09,24.758922576904297,38.38999938964844,38.595001220703125,38.244998931884766,38.29499816894531,14070800
2012-05-10,24.962081909179688,38.70500183105469,38.849998474121094,38.599998474121094,38.60499954223633,12659200
2012-05-11,24.98143196105957,38.73500061035156,38.869998931884766,38.599998474121094,38.599998474121094,10604000
2012-05-14,24.78794288635254,38.435001373291016,38.625,38.310001373291016,38.560001373291016,15411800
2012-05-15,24.69119644165039,38.28499984741211,38.57500076293945,38.130001068115234,38.279998779296875,16397800
2012-05-16,24.613811492919922,38.165000915527344,38.41999816894531,37.959999084472656,38.33000183105469,17804400
2012-05-17,24.2236328125,37.560001373291016,38.150001525878906,37.494998931884766,38.084999084472656,22310800
2012-05-18,23.878599166870117,37.025001525878906,37.64500045776367,36.73500061035156,37.625,31913000
2012-05-21,24.026931762695312,37.255001068115234,37.29999923706055,37.064998626708984,37.10499954223633,13488800
2012-05-22,23.923738479614258,37.095001220703125,37.290000915527344,36.95500183105469,37.290000915527344,15260600
2012-05-23,24.039819717407227,37.275001525878906,37.28499984741211,36.90999984741211,37.0,18000000
2012-05-24,24.36551856994629,37.779998779296875,37.92499923706055,37.29999923706055,37.39500045776367,20204600
2012-05-25,24.25910186767578,37.6150016784668,37.845001220703125,37.505001068115234,37.810001373291016,8999600
2012-05-29,24.33327293395996,37.72999954223633,37.8650016784668,37.529998779296875,37.8650016784668,10533800
2012-05-30,24.204286575317383,37.529998779296875,37.625,37.40999984741211,37.53499984741211,13884600
2012-05-31,24.097875595092773,37.3650016784668,37.61000061035156,37.33000183105469,37.47999954223633,15147600
2012-06-01,23.56902503967285,36.54499816894531,37.224998474121094,36.505001068115234,36.994998931884766,20843400
2012-06-04,23.74638557434082,36.81999969482422,36.869998931884766,36.279998779296875,36.51499938964844,13397200
2012-06-05,23.61739730834961,36.619998931884766,36.81999969482422,36.525001525878906,36.665000915527344,12275200
2012-06-06,24.05917739868164,37.30500030517578,37.30500030517578,36.650001525878906,36.69499969482422,12496400
2012-06-07,23.9527587890625,37.13999938964844,37.529998779296875,37.099998474121094,37.494998931884766,14342800
2012-06-08,24.262319564819336,37.619998931884766,37.685001373291016,37.07500076293945,37.08000183105469,11594200
2012-06-11,24.075302124023438,37.33000183105469,37.88999938964844,37.310001373291016,37.86000061035156,10657200
2012-06-12,24.249433517456055,37.599998474121094,37.625,37.16999816894531,37.4900016784668,11911200
2012-06-13,24.249435424804688,37.345001220703125,37.564998626708984,37.23500061035156,37.30500030517578,9376200
2012-06-14,24.59033203125,37.869998931884766,38.0,37.349998474121094,37.39500045776367,13945400
2012-06-15,24.703954696655273,38.04499816894531,38.099998474121094,37.709999084472656,38.060001373291016,19748800
2012-06-18,24.668249130249023,37.9900016784668,38.209999084472656,37.8849983215332,37.97999954223633,10457200
2012-06-19,24.59033203125,37.869998931884766,38.125,37.83000183105469,38.125,11115400
2012-06-20,24.531890869140625,37.779998779296875,37.869998931884766,37.41999816894531,37.845001220703125,14706800
2012-06-21,24.24293327331543,37.334999084472656,37.994998931884766,37.310001373291016,37.89500045776367,12804000
2012-06-22,24.330595016479492,37.470001220703125,37.650001525878906,37.43000030517578,37.474998474121094,15252800
2012-06-25,24.275405883789062,37.3849983215332,37.41999816894531,37.084999084472656,37.22999954223633,9734200
2012-06-26,24.376047134399414,37.540000915527344,37.68000030517578,37.099998474121094,37.494998931884766,11859400
2012-06-27,24.785127639770508,38.16999816894531,38.2400016784668,37.619998931884766,37.619998931884766,13644400
2012-06-28,24.859800338745117,38.28499984741211,38.334999084472656,37.845001220703125,38.04999923706055,10891200
2012-06-29,25.385766983032227,39.095001220703125,39.095001220703125,38.540000915527344,38.564998626708984,18519800
2012-07-02,25.622785568237305,39.459999084472656,39.5,39.005001068115234,39.04999923706055,13350200
2012-07-03,25.700693130493164,39.58000183105469,39.68000030517578,39.35499954223633,39.44499969482422,7335000
2012-07-05,25.47017478942871,39.224998474121094,39.56999969482422,39.099998474121094,39.5099983215332,10546400
2012-07-06,25.372779846191406,39.07500076293945,39.14500045776367,38.91999816894531,39.0099983215332,10036000
2012-07-09,25.317588806152344,38.9900016784668,39.10499954223633,38.85499954223633,39.029998779296875,8615600
2012-07-10,25.317588806152344,38.9900016784668,39.27000045776367,38.90999984741211,39.26499938964844,11583400
2012-07-11,25.148757934570312,38.72999954223633,38.974998474121094,38.57500076293945,38.95000076293945,13645600
2012-07-12,24.882524490356445,38.31999969482422,38.6349983215332,38.2599983215332,38.51499938964844,19104000
2012-07-13,25.090309143066406,38.63999938964844,38.79499816894531,38.16999816894531,38.314998626708984,13307400
2012-07-16,24.83058738708496,38.2400016784668,38.70000076293945,38.099998474121094,38.54999923706055,17575600
2012-07-17,25.22344398498535,38.845001220703125,39.33000183105469,38.380001068115234,39.029998779296875,21209600
2012-07-18,25.14226722717285,38.720001220703125,38.84000015258789,38.40999984741211,38.81999969482422,13852000
2012-07-19,25.177982330322266,38.775001525878906,38.79999923706055,38.25,38.7599983215332,18050400
2012-07-20,25.00914764404297,38.51499938964844,38.67499923706055,38.39500045776367,38.6349983215332,16436000
2012-07-23,24.960451126098633,38.439998626708984,38.5,38.185001373291016,38.275001525878906,10655800
2012-07-24,24.889022827148438,38.33000183105469,38.474998474121094,38.04999923706055,38.45000076293945,10445800
2012-07-25,25.00590705871582,38.5099983215332,38.61000061035156,38.3650016784668,38.474998474121094,9020400
2012-07-26,25.600040435791016,39.42499923706055,39.45500183105469,38.849998474121094,38.849998474121094,14144600
2012-07-27,25.976665496826172,40.005001068115234,40.119998931884766,39.45000076293945,39.525001525878906,17825000
2012-07-30,26.337045669555664,40.560001373291016,40.584999084472656,39.78499984741211,39.8849983215332,15947800
2012-07-31,26.2331485748291,40.400001525878906,40.665000915527344,40.19499969482422,40.349998474121094,16333600
2012-08-01,26.30132484436035,40.505001068115234,40.625,40.29499816894531,40.48500061035156,12954600
2012-08-02,25.89223861694336,39.875,40.5,39.7599983215332,40.3650016784668,13393200
2012-08-03,26.24288558959961,40.415000915527344,40.494998931884766,40.005001068115234,40.095001220703125,11834200
2012-08-06,26.18120574951172,40.31999969482422,40.625,40.310001373291016,40.505001068115234,9179400
2012-08-07,25.898738861083984,39.8849983215332,40.4900016784668,39.875,40.41999816894531,12782800
2012-08-08,25.8305606842041,39.779998779296875,40.0,39.68000030517578,39.85499954223633,8790200
2012-08-09,25.726659774780273,39.619998931884766,39.88999938964844,39.415000915527344,39.73500061035156,9583400
2012-08-10,25.580564498901367,39.39500045776367,39.60499954223633,39.30500030517578,39.58000183105469,40577600
2012-08-13,25.518882751464844,39.29999923706055,39.38999938964844,39.04999923706055,39.310001373291016,8898200
2012-08-14,25.570825576782227,39.380001068115234,39.66999816894531,39.25,39.599998474121094,10841200
2012-08-15,25.55134391784668,39.349998474121094,39.54999923706055,39.22999954223633,39.41999816894531,7692500
2012-08-16,25.68121337890625,39.54999923706055,39.630001068115234,39.310001373291016,39.400001525878906,8824100
2012-08-17,25.66822624206543,39.529998779296875,39.72999954223633,39.27000045776367,39.65999984741211,10541000
2012-08-20,25.6292724609375,39.470001220703125,39.59000015258789,39.2599983215332,39.540000915527344,9211800
2012-08-21,25.492897033691406,39.2599983215332,39.689998626708984,39.22999954223633,39.40999984741211,8329000
2012-08-22,25.174728393554688,38.77000045776367,39.25,38.689998626708984,39.13999938964844,13479200
2012-08-23,24.746177673339844,38.11000061035156,38.84000015258789,38.02000045776367,38.810001373291016,14973300
2012-08-24,24.979930877685547,38.470001220703125,38.54999923706055,38.06999969482422,38.06999969482422,9317800
2012-08-27,24.785127639770508,38.16999816894531,38.560001373291016,38.119998931884766,38.560001373291016,9589400
2012-08-28,24.67474937438965,38.0,38.31999969482422,37.77000045776367,38.13999938964844,16148800
2012-08-29,24.3241024017334,37.459999084472656,38.04999923706055,37.380001068115234,38.04999923706055,23435400
2012-08-30,24.116308212280273,37.13999938964844,37.630001068115234,37.130001068115234,37.380001068115234,17041800
2012-08-31,24.28514862060547,37.400001525878906,37.58000183105469,37.150001525878906,37.40999984741211,20710300
2012-09-04,24.207223892211914,37.279998779296875,37.59000015258789,37.220001220703125,37.52000045776367,17293400
2012-09-05,24.356565475463867,37.5099983215332,37.619998931884766,37.11000061035156,37.36000061035156,20839200
2012-09-06,24.772138595581055,38.150001525878906,38.29999923706055,37.70000076293945,37.779998779296875,19851400
2012-09-07,24.609813690185547,37.900001525878906,38.5,37.7400016784668,38.380001068115234,16391700
2012-09-10,24.453968048095703,37.65999984741211,37.97999954223633,37.59000015258789,37.959999084472656,18216900
2012-09-11,24.525402069091797,37.77000045776367,37.83000183105469,37.560001373291016,37.630001068115234,16505000
2012-09-12,24.548280715942383,37.54999923706055,37.83000183105469,37.5099983215332,37.790000915527344,14632200
2012-09-13,25.07127571105957,38.349998474121094,38.4900016784668,37.61000061035156,37.72999954223633,23803400
2012-09-14,24.920915603637695,38.119998931884766,38.54999923706055,38.0099983215332,38.54999923706055,25087400
2012-09-17,25.07127571105957,38.349998474121094,38.380001068115234,38.029998779296875,38.15999984741211,23594400
2012-09-18,25.24778938293457,38.619998931884766,39.0,38.29999923706055,38.380001068115234,24373700
2012-09-19,25.182416915893555,38.52000045776367,38.810001373291016,38.40999984741211,38.65999984741211,26276800
2012-09-20,25.2608585357666,38.63999938964844,38.869998931884766,38.380001068115234,38.38999938964844,26953000
2012-09-21,24.862071990966797,38.029998779296875,38.7400016784668,37.880001068115234,38.72999954223633,98967500
2012-09-24,24.920915603637695,38.119998931884766,38.2400016784668,37.810001373291016,37.810001373291016,21902000
2012-09-25,24.633262634277344,37.68000030517578,38.27000045776367,37.65999984741211,38.209999084472656,20299200
2012-09-26,24.685558319091797,37.7599983215332,38.189998626708984,37.7400016784668,37.779998779296875,16677400
2012-09-27,25.045122146606445,38.310001373291016,38.349998474121094,37.900001525878906,38.060001373291016,15176100
2012-09-28,24.796707153320312,37.93000030517578,38.220001220703125,37.900001525878906,38.16999816894531,22721200
2012-10-01,25.09089469909668,38.380001068115234,38.599998474121094,38.150001525878906,38.15999984741211,16671400
2012-10-02,25.064743041992188,38.34000015258789,38.689998626708984,38.11000061035156,38.560001373291016,10276000
2012-10-03,24.999370574951172,38.2400016784668,38.52000045776367,38.13999938964844,38.31999969482422,13637100
2012-10-04,25.058202743530273,38.33000183105469,38.54999923706055,38.189998626708984,38.459999084472656,9654500
2012-10-05,25.22163963317871,38.58000183105469,38.599998474121094,38.25,38.4900016784668,12287900
2012-10-08,25.22163963317871,38.58000183105469,38.68000030517578,38.439998626708984,38.540000915527344,9434600
2012-10-09,25.20855712890625,38.560001373291016,38.83000183105469,38.459999084472656,38.5,13078700
2012-10-10,24.901309967041016,38.09000015258789,38.72999954223633,38.04999923706055,38.650001525878906,13754500
2012-10-11,24.914379119873047,38.11000061035156,38.279998779296875,38.02000045776367,38.20000076293945,10843800
2012-10-12,24.992822647094727,38.22999954223633,38.38999938964844,38.11000061035156,38.2599983215332,12059700
2012-10-15,24.927452087402344,38.130001068115234,38.25,38.0099983215332,38.09000015258789,13785100
2012-10-16,24.777090072631836,37.900001525878906,38.220001220703125,37.439998626708984,38.18000030517578,25811800
2012-10-17,24.6724853515625,37.7400016784668,38.150001525878906,37.70000076293945,38.060001373291016,15449600
2012-10-18,24.73786163330078,37.84000015258789,38.06999969482422,37.459999084472656,37.7599983215332,23063300
2012-10-19,24.450214385986328,37.400001525878906,37.939998626708984,37.400001525878906,37.93000030517578,19864500
2012-10-22,24.33907699584961,37.22999954223633,37.47999954223633,36.959999084472656,37.369998931884766,13340500
2012-10-23,23.933752059936523,36.61000061035156,36.97999954223633,36.540000915527344,36.959999084472656,13287300
2012-10-24,24.110261917114258,36.880001068115234,37.040000915527344,36.599998474121094,36.599998474121094,13531400
2012-10-25,24.2475528717041,37.09000015258789,37.189998626708984,36.849998474121094,37.0,10457900
2012-10-26,24.21486473083496,37.040000915527344,37.2599983215332,36.779998779296875,37.119998931884766,11896500
2012-10-31,24.306386947631836,37.18000030517578,37.40999984741211,36.91999816894531,37.15999984741211,11643500
2012-11-01,24.404457092285156,37.33000183105469,37.560001373291016,37.150001525878906,37.150001525878906,10622300
2012-11-02,24.241024017333984,37.08000183105469,37.650001525878906,37.0,37.58000183105469,11237500
2012-11-05,24.038349151611328,36.77000045776367,36.9900016784668,36.630001068115234,36.95000076293945,12139600
2012-11-06,24.46329116821289,37.41999816894531,37.47999954223633,36.86000061035156,36.91999816894531,11448400
2012-11-07,24.005664825439453,36.720001220703125,37.38999938964844,36.400001525878906,37.279998779296875,16745000
2012-11-08,23.770315170288086,36.36000061035156,37.11000061035156,36.36000061035156,36.650001525878906,12921700
2012-11-09,23.72455596923828,36.290000915527344,36.52000045776367,36.04999923706055,36.04999923706055,11520300
2012-11-12,23.587261199951172,36.08000183105469,36.290000915527344,35.9900016784668,36.290000915527344,10169700
2012-11-13,23.639564514160156,36.15999984741211,36.560001373291016,35.97999954223633,36.029998779296875,12105200
2012-11-14,23.54150390625,36.0099983215332,36.36000061035156,35.869998931884766,36.189998626708984,13508300
2012-11-15,23.816082000732422,36.43000030517578,36.47999954223633,35.86000061035156,35.900001525878906,17643600
2012-11-16,23.901060104370117,36.560001373291016,36.650001525878906,36.27000045776367,36.4900016784668,15624800
2012-11-19,24.345624923706055,37.2400016784668,37.290000915527344,36.810001373291016,36.849998474121094,14076200
2012-11-20,24.352163314819336,37.25,37.27000045776367,36.849998474121094,37.22999954223633,12278600
2012-11-21,24.443683624267578,37.38999938964844,37.470001220703125,37.220001220703125,37.33000183105469,8631300
2012-11-23,24.796707153320312,37.93000030517578,37.95000076293945,37.4900016784668,37.54999923706055,5365500
2012-11-26,24.424062728881836,37.36000061035156,37.779998779296875,37.22999954223633,37.58000183105469,13217000
2012-11-27,24.46329116821289,37.41999816894531,37.790000915527344,37.34000015258789,37.439998626708984,11873700
2012-11-28,24.723295211791992,37.560001373291016,37.56999969482422,36.79999923706055,37.060001373291016,14846300
2012-11-29,24.9931697845459,37.970001220703125,37.970001220703125,37.5,37.68000030517578,12433700
2012-11-30,24.960256576538086,37.91999816894531,37.97999954223633,37.65999984741211,37.939998626708984,13039500
2012-12-03,24.604812622070312,37.380001068115234,37.939998626708984,37.33000183105469,37.900001525878906,12864900
2012-12-04,24.453414916992188,37.150001525878906,37.4900016784668,37.13999938964844,37.310001373291016,11794200
2012-12-05,24.558738708496094,37.310001373291016,37.5,37.08000183105469,37.20000076293945,14561400
2012-12-06,24.604812622070312,37.380001068115234,37.439998626708984,37.29999923706055,37.34000015258789,8974700
2012-12-07,24.8220272064209,37.709999084472656,37.7400016784668,37.38999938964844,37.439998626708984,10654700
2012-12-10,24.775955200195312,37.63999938964844,37.779998779296875,37.5099983215332,37.70000076293945,8603200
2012-12-11,24.92076301574707,37.86000061035156,37.9900016784668,37.58000183105469,37.630001068115234,10671300
2012-12-12,24.775955200195312,37.63999938964844,37.93000030517578,37.5,37.88999938964844,14681700
2012-12-13,24.74962615966797,37.599998474121094,37.790000915527344,37.529998779296875,37.70000076293945,11442100
2012-12-14,24.789113998413086,37.65999984741211,37.77000045776367,37.5,37.52000045776367,11800900
2012-12-17,24.683801651000977,37.5,37.81999969482422,37.380001068115234,37.790000915527344,17588900
2012-12-18,24.538986206054688,37.279998779296875,37.70000076293945,37.130001068115234,37.529998779296875,17952100
2012-12-19,24.209869384765625,36.779998779296875,37.290000915527344,36.77000045776367,37.25,17991900
2012-12-20,24.387584686279297,37.04999923706055,37.099998474121094,36.650001525878906,36.689998626708984,16182700
2012-12-21,24.28226661682129,36.88999938964844,37.189998626708984,36.529998779296875,37.0,27942400
2012-12-24,24.17696189880371,36.72999954223633,36.79999923706055,36.56999969482422,36.720001220703125,4851800
2012-12-26,23.9729061126709,36.41999816894531,36.79999923706055,36.2400016784668,36.70000076293945,9982100
2012-12-27,23.9729061126709,36.41999816894531,36.54999923706055,36.20000076293945,36.349998474121094,11380600
2012-12-28,23.67670249938965,35.970001220703125,36.41999816894531,35.95000076293945,36.220001220703125,14053400
2012-12-31,23.861011505126953,36.25,36.279998779296875,35.58000183105469,35.880001068115234,15651400
2013-01-02,24.74962615966797,37.599998474121094,37.599998474121094,36.65999984741211,36.9900016784668,21872400
2013-01-03,24.74962615966797,37.599998474121094,37.599998474121094,37.11000061035156,37.45000076293945,16357900
2013-01-04,24.789113998413086,37.65999984741211,37.869998931884766,37.52000045776367,37.650001525878906,15311300
2013-01-07,24.552152633666992,37.29999923706055,37.52000045776367,37.099998474121094,37.52000045776367,14610200
2013-01-08,24.381006240844727,37.040000915527344,37.279998779296875,36.90999984741211,37.189998626708984,14324300
2013-01-09,24.37442970275879,37.029998779296875,37.20000076293945,36.83000183105469,37.20000076293945,10563700
2013-01-10,24.328350067138672,36.959999084472656,37.16999816894531,36.7599983215332,37.119998931884766,15603700
2013-01-11,24.295440673828125,36.90999984741211,36.939998626708984,36.52000045776367,36.84000015258789,15644800
2013-01-14,24.348102569580078,36.9900016784668,37.11000061035156,36.79999923706055,36.95000076293945,11001500
2013-01-15,24.565322875976562,37.31999969482422,37.43000030517578,36.79999923706055,36.9900016784668,12721600
2013-01-16,24.565322875976562,37.31999969482422,37.41999816894531,37.119998931884766,37.209999084472656,9168000
2013-01-17,24.69038200378418,37.5099983215332,37.65999984741211,37.33000183105469,37.43000030517578,12121800
2013-01-18,24.815444946289062,37.70000076293945,37.709999084472656,37.310001373291016,37.4900016784668,14056100
2013-01-22,24.440256118774414,37.130001068115234,37.7400016784668,37.04999923706055,37.7400016784668,21249400
2013-01-23,24.440256118774414,37.130001068115234,37.2599983215332,37.040000915527344,37.08000183105469,13570200
2013-01-24,24.427080154418945,37.11000061035156,37.25,37.0,37.20000076293945,13258900
2013-01-25,24.387584686279297,37.04999923706055,37.25,36.90999984741211,37.18000030517578,14040700
2013-01-28,24.361265182495117,37.0099983215332,37.11000061035156,36.86000061035156,37.06999969482422,13386500
2013-01-29,24.631141662597656,37.41999816894531,37.56999969482422,36.86000061035156,36.880001068115234,17705800
2013-01-30,24.683801651000977,37.5,37.61000061035156,37.31999969482422,37.400001525878906,13219400
2013-01-31,24.51267433166504,37.2400016784668,37.529998779296875,37.11000061035156,37.529998779296875,12969100
2013-02-01,24.710124969482422,37.540000915527344,37.709999084472656,37.369998931884766,37.540000915527344,11932600
2013-02-04,24.585065841674805,37.349998474121094,37.58000183105469,37.29999923706055,37.47999954223633,9456300
2013-02-05,25.105066299438477,38.13999938964844,38.15999984741211,37.560001373291016,37.560001373291016,17897300
2013-02-06,25.216964721679688,38.310001373291016,38.43000030517578,38.0,38.130001068115234,16823700
2013-02-07,25.611900329589844,38.90999984741211,39.060001373291016,38.349998474121094,38.41999816894531,18805300
2013-02-08,25.519756317138672,38.77000045776367,38.939998626708984,38.599998474121094,38.849998474121094,12308000
2013-02-11,25.414443969726562,38.61000061035156,38.83000183105469,38.40999984741211,38.709999084472656,12159900
2013-02-12,24.723295211791992,37.560001373291016,38.15999984741211,37.279998779296875,38.11000061035156,30700500
2013-02-13,24.49290657043457,37.209999084472656,37.939998626708984,37.0099983215332,37.66999816894531,19943800
2013-02-14,24.24936294555664,36.84000015258789,37.5099983215332,36.70000076293945,37.2400016784668,22748600
2013-02-15,24.631141662597656,37.41999816894531,37.41999816894531,36.540000915527344,36.939998626708984,25204300
2013-02-19,24.795692443847656,37.66999816894531,37.77000045776367,37.459999084472656,37.5099983215332,14850600
2013-02-20,24.8351993560791,37.72999954223633,37.880001068115234,37.40999984741211,37.70000076293945,12949300
2013-02-21,24.8220272064209,37.709999084472656,37.790000915527344,37.43000030517578,37.619998931884766,14135100
2013-02-22,25.355201721191406,38.52000045776367,38.52000045776367,37.709999084472656,37.7599983215332,20102800
2013-02-25,24.828611373901367,37.720001220703125,38.720001220703125,37.720001220703125,38.560001373291016,15874600
2013-02-26,25.085323333740234,38.11000061035156,38.189998626708984,37.779998779296875,37.95000076293945,15770000
2013-02-27,25.309120178222656,38.45000076293945,38.540000915527344,37.91999816894531,38.029998779296875,14271100
2013-02-28,25.486854553222656,38.720001220703125,38.970001220703125,38.41999816894531,38.470001220703125,19005500
2013-03-01,25.473684310913086,38.70000076293945,38.790000915527344,38.4900016784668,38.4900016784668,13724500
2013-03-04,25.552677154541016,38.81999969482422,38.81999969482422,38.45000076293945,38.599998474121094,9934300
2013-03-05,25.46052360534668,38.68000030517578,39.0,38.560001373291016,38.97999954223633,13240700
2013-03-06,25.68431282043457,39.02000045776367,39.040000915527344,38.70000076293945,38.79999923706055,11653900
2013-03-07,25.750141143798828,39.119998931884766,39.189998626708984,38.84000015258789,39.040000915527344,15094900
2013-03-08,25.815975189208984,39.220001220703125,39.41999816894531,39.029998779296875,39.16999816894531,11183600
2013-03-11,25.875205993652344,39.310001373291016,39.380001068115234,39.18000030517578,39.20000076293945,9200400
2013-03-12,25.644826889038086,38.959999084472656,39.310001373291016,38.79999923706055,39.279998779296875,11375900
2013-03-13,25.58515739440918,38.59000015258789,38.869998931884766,38.54999923706055,38.81999969482422,14358300
2013-03-14,25.870237350463867,39.02000045776367,39.119998931884766,38.65999984741211,38.81999969482422,14572500
2013-03-15,25.744274139404297,38.83000183105469,38.939998626708984,38.65999984741211,38.81999969482422,20781900
2013-03-18,25.697860717773438,38.7599983215332,38.939998626708984,38.56999969482422,38.61000061035156,11479900
2013-03-19,26.075769424438477,39.33000183105469,39.400001525878906,38.81999969482422,38.91999816894531,15192000
2013-03-20,26.43379020690918,39.869998931884766,39.91999816894531,39.36000061035156,39.400001525878906,19271900
2013-03-21,26.566387176513672,40.06999969482422,40.43000030517578,39.7599983215332,39.849998474121094,23063600
2013-03-22,26.546504974365234,40.040000915527344,40.279998779296875,39.88999938964844,39.97999954223633,16128500
2013-03-25,26.599531173706055,40.119998931884766,40.25,39.959999084472656,40.11000061035156,15718400
2013-03-26,26.977445602416992,40.689998626708984,40.70000076293945,40.130001068115234,40.130001068115234,13666500
2013-03-27,26.66584587097168,40.220001220703125,40.540000915527344,40.060001373291016,40.45000076293945,14559900
2013-03-28,26.811702728271484,40.439998626708984,40.599998474121094,40.02000045776367,40.380001068115234,14227200
2013-04-01,26.81833839416504,40.45000076293945,40.4900016784668,40.16999816894531,40.38999938964844,8200500
2013-04-02,26.997343063354492,40.720001220703125,40.900001525878906,40.41999816894531,40.43000030517578,13359200
2013-04-03,26.632686614990234,40.16999816894531,40.81999969482422,40.08000183105469,40.779998779296875,13639200
2013-04-04,26.878007888793945,40.540000915527344,40.59000015258789,40.20000076293945,40.27000045776367,11435900
2013-04-05,26.573026657104492,40.08000183105469,40.36000061035156,40.0099983215332,40.209999084472656,10729500
2013-04-08,27.090167999267578,40.86000061035156,40.869998931884766,39.77000045776367,40.060001373291016,22757900
2013-04-09,26.99070930480957,40.709999084472656,41.130001068115234,40.5099983215332,40.810001373291016,21056100
2013-04-10,27.229379653930664,41.06999969482422,41.16999816894531,40.709999084472656,40.779998779296875,9703700
2013-04-11,27.302322387695312,41.18000030517578,41.40999984741211,41.060001373291016,41.130001068115234,10962500
2013-04-12,27.236024856567383,41.08000183105469,41.11000061035156,40.68000030517578,40.90999984741211,10394700
2013-04-15,26.579648971557617,40.09000015258789,40.9900016784668,40.04999923706055,40.849998474121094,16050600
2013-04-16,28.09128189086914,42.369998931884766,42.47999954223633,41.25,41.400001525878906,32135700
2013-04-17,28.210641860961914,42.54999923706055,42.70000076293945,42.029998779296875,42.13999938964844,24208000
2013-04-18,27.912281036376953,42.099998474121094,42.650001525878906,42.09000015258789,42.47999954223633,16034200
2013-04-19,28.28356170654297,42.65999984741211,42.77000045776367,42.20000076293945,42.279998779296875,13875800
2013-04-22,28.323347091674805,42.720001220703125,42.849998474121094,42.400001525878906,42.52000045776367,10544100
2013-04-23,28.310070037841797,42.70000076293945,42.959999084472656,42.2599983215332,42.779998779296875,11216200
2013-04-24,27.945432662963867,42.150001525878906,42.900001525878906,42.099998474121094,42.63999938964844,11368200
2013-04-25,28.078022003173828,42.349998474121094,42.540000915527344,42.08000183105469,42.2599983215332,10197100
2013-04-26,27.912281036376953,42.099998474121094,42.43000030517578,42.09000015258789,42.18000030517578,15159800
2013-04-29,28.005111694335938,42.2400016784668,42.290000915527344,41.91999816894531,42.2400016784668,11311100
2013-04-30,28.064769744873047,42.33000183105469,42.38999938964844,41.880001068115234,42.150001525878906,13432200
2013-05-01,27.985200881958008,42.209999084472656,42.560001373291016,42.13999938964844,42.150001525878906,8710600
2013-05-02,27.819461822509766,41.959999084472656,42.15999984741211,41.4900016784668,41.65999984741211,18709600
2013-05-03,28.005111694335938,42.2400016784668,42.41999816894531,41.959999084472656,42.16999816894531,11757800
2013-05-06,27.899017333984375,42.08000183105469,42.290000915527344,41.869998931884766,42.290000915527344,9356100
2013-05-07,28.310070037841797,42.70000076293945,42.709999084472656,42.150001525878906,42.209999084472656,13785300
2013-05-08,28.15095329284668,42.459999084472656,42.68000030517578,42.15999984741211,42.540000915527344,12636300
2013-05-09,27.925539016723633,42.119998931884766,42.560001373291016,42.0,42.5099983215332,10113700
2013-05-10,27.945432662963867,42.150001525878906,42.2400016784668,41.849998474121094,42.11000061035156,9927000
2013-05-13,27.971946716308594,42.189998626708984,42.439998626708984,42.0,42.13999938964844,9291000
2013-05-14,28.190736770629883,42.52000045776367,42.66999816894531,42.0099983215332,42.18000030517578,13023900
2013-05-15,28.455930709838867,42.91999816894531,43.099998474121094,42.38999938964844,42.5,12306200
2013-05-16,28.568649291992188,43.09000015258789,43.43000030517578,42.790000915527344,42.90999984741211,12330000
2013-05-17,28.48909568786621,42.970001220703125,43.130001068115234,42.560001373291016,43.04999923706055,12611200
2013-05-20,28.097915649414062,42.380001068115234,42.95000076293945,42.29999923706055,42.95000076293945,9966000
2013-05-21,28.071401596069336,42.34000015258789,42.560001373291016,42.06999969482422,42.47999954223633,9148800
2013-05-22,28.01172637939453,42.25,42.86000061035156,42.040000915527344,42.279998779296875,13615600
2013-05-23,27.7995662689209,41.93000030517578,42.06999969482422,41.560001373291016,41.93000030517578,10934200
2013-05-24,28.005111694335938,42.2400016784668,42.369998931884766,41.5,41.540000915527344,11542100
2013-05-28,28.210641860961914,42.54999923706055,43.04999923706055,42.400001525878906,42.599998474121094,14412100
2013-05-29,27.44818687438965,41.400001525878906,42.43000030517578,41.310001373291016,42.34000015258789,16986600
2013-05-30,27.030488967895508,40.77000045776367,41.599998474121094,40.75,41.4900016784668,20874500
2013-05-31,26.513355255126953,39.9900016784668,40.77000045776367,39.9900016784668,40.650001525878906,26184400
2013-06-03,27.057003021240234,40.810001373291016,40.84000015258789,39.630001068115234,39.95000076293945,16577200
2013-06-04,27.461437225341797,41.41999816894531,41.720001220703125,40.95000076293945,41.59000015258789,19241000
2013-06-05,26.950927734375,40.650001525878906,41.400001525878906,40.599998474121094,41.400001525878906,16429300
2013-06-06,27.04375648498535,40.790000915527344,40.790000915527344,40.310001373291016,40.54999923706055,11171600
2013-06-07,27.454809188842773,41.40999984741211,41.72999954223633,40.97999954223633,41.20000076293945,14459600
2013-06-10,27.302322387695312,41.18000030517578,41.52000045776367,41.040000915527344,41.5,11247400
2013-06-11,27.04375648498535,40.790000915527344,40.97999954223633,40.400001525878906,40.880001068115234,16491600
2013-06-12,26.963634490966797,40.38999938964844,40.939998626708984,40.279998779296875,40.790000915527344,11611100
2013-06-13,26.976991653442383,40.40999984741211,40.47999954223633,39.68000030517578,40.310001373291016,17861200
2013-06-14,26.93025779724121,40.34000015258789,40.790000915527344,40.2599983215332,40.380001068115234,13635100
2013-06-17,27.15724754333496,40.68000030517578,40.90999984741211,40.400001525878906,40.540000915527344,12409200
2013-06-18,27.324138641357422,40.93000030517578,40.9900016784668,40.56999969482422,40.70000076293945,9893100
2013-06-19,26.976991653442383,40.40999984741211,41.439998626708984,40.40999984741211,41.0099983215332,16936100
2013-06-20,26.122482299804688,39.130001068115234,40.349998474121094,38.970001220703125,40.27000045776367,24899700
2013-06-21,26.54306983947754,39.7599983215332,39.970001220703125,39.29999923706055,39.630001068115234,21938300
2013-06-24,26.389516830444336,39.529998779296875,40.0099983215332,39.130001068115234,39.45000076293945,16433700
2013-06-25,26.516355514526367,39.720001220703125,39.93000030517578,39.439998626708984,39.81999969482422,12942100
2013-06-26,26.923585891723633,40.33000183105469,40.47999954223633,40.060001373291016,40.08000183105469,13855600
2013-06-27,26.87684440612793,40.2599983215332,40.880001068115234,40.2400016784668,40.650001525878906,11459100
2013-06-28,26.77671241760254,40.11000061035156,40.439998626708984,40.099998474121094,40.25,16316000
2013-07-01,27.01036834716797,40.459999084472656,40.91999816894531,40.36000061035156,40.5,10754300
2013-07-02,26.950288772583008,40.369998931884766,40.7400016784668,40.18000030517578,40.470001220703125,12248300
2013-07-03,27.030399322509766,40.4900016784668,40.560001373291016,40.029998779296875,40.2400016784668,5264800
2013-07-05,27.050418853759766,40.52000045776367,40.79999923706055,40.150001525878906,40.720001220703125,10402200
2013-07-08,27.06378173828125,40.540000915527344,40.7599983215332,40.41999816894531,40.650001525878906,9936300
2013-07-09,27.257381439208984,40.83000183105469,41.06999969482422,40.720001220703125,40.86000061035156,8760500
2013-07-10,27.15724754333496,40.68000030517578,40.959999084472656,40.529998779296875,40.91999816894531,9539300
2013-07-11,27.39088249206543,41.029998779296875,41.150001525878906,40.7400016784668,41.0,13489600
2013-07-12,27.39088249206543,41.029998779296875,41.130001068115234,40.72999954223633,41.029998779296875,10686400
2013-07-15,27.37754249572754,41.0099983215332,41.25,40.93000030517578,41.04999923706055,11418400
2013-07-16,26.85682487487793,40.22999954223633,40.5,39.5,39.779998779296875,33575600
2013-07-17,27.264057159423828,40.84000015258789,40.97999954223633,40.310001373291016,40.54999923706055,18513100
2013-07-18,27.2440185546875,40.810001373291016,41.06999969482422,40.7400016784668,40.86000061035156,9708800
2013-07-19,27.430950164794922,41.09000015258789,41.099998474121094,40.790000915527344,40.880001068115234,11401100
2013-07-22,27.264057159423828,40.84000015258789,41.13999938964844,40.7599983215332,41.08000183105469,9425100
2013-07-23,27.344161987304688,40.959999084472656,41.130001068115234,40.790000915527344,40.95000076293945,9400900
2013-07-24,27.277402877807617,40.86000061035156,41.130001068115234,40.75,41.119998931884766,10511000
2013-07-25,27.264057159423828,40.84000015258789,40.880001068115234,40.47999954223633,40.810001373291016,9147300
2013-07-26,27.130529403686523,40.63999938964844,40.650001525878906,40.0099983215332,40.650001525878906,12279600
2013-07-29,26.89020538330078,40.279998779296875,40.68000030517578,40.2599983215332,40.61000061035156,10132000
2013-07-30,26.916906356811523,40.31999969482422,40.72999954223633,40.25,40.41999816894531,10769400
2013-07-31,26.756689071655273,40.08000183105469,40.58000183105469,40.060001373291016,40.40999984741211,13557100
2013-08-01,27.08379554748535,40.56999969482422,40.75,40.400001525878906,40.400001525878906,12001100
2013-08-02,26.85014533996582,40.220001220703125,40.40999984741211,39.90999984741211,40.029998779296875,25516600
2013-08-05,26.896888732910156,40.290000915527344,40.470001220703125,40.18000030517578,40.18000030517578,9933200
2013-08-06,26.950288772583008,40.369998931884766,40.43000030517578,40.060001373291016,40.22999954223633,8645600
2013-08-07,26.80341339111328,40.150001525878906,40.33000183105469,40.060001373291016,40.310001373291016,9301800
2013-08-08,26.836793899536133,40.20000076293945,40.36000061035156,40.02000045776367,40.29999923706055,9481100
2013-08-09,26.810100555419922,40.15999984741211,40.31999969482422,40.04999923706055,40.25,9021600
2013-08-12,26.58979606628418,39.83000183105469,40.099998474121094,39.709999084472656,40.040000915527344,13970000
2013-08-13,26.469627380371094,39.650001525878906,40.04999923706055,39.5,39.93000030517578,13548700
2013-08-14,26.389516830444336,39.529998779296875,39.68000030517578,39.349998474121094,39.59000015258789,13787100
2013-08-15,26.09578514099121,39.09000015258789,39.400001525878906,39.02000045776367,39.29999923706055,14227800
2013-08-16,26.069080352783203,39.04999923706055,39.18000030517578,38.709999084472656,39.029998779296875,20565200
2013-08-19,25.888832092285156,38.779998779296875,39.09000015258789,38.689998626708984,39.04999923706055,11913000
2013-08-20,25.802051544189453,38.650001525878906,39.13999938964844,38.650001525878906,38.849998474121094,10238200
2013-08-21,25.555044174194336,38.279998779296875,38.70000076293945,38.25,38.630001068115234,15799000
2013-08-22,25.575071334838867,38.310001373291016,38.52000045776367,38.099998474121094,38.31999969482422,10307900
2013-08-23,25.71526336669922,38.52000045776367,38.61000061035156,38.369998931884766,38.61000061035156,11302800
2013-08-26,25.448225021362305,38.119998931884766,38.599998474121094,38.11000061035156,38.599998474121094,12740600
2013-08-27,25.468259811401367,38.150001525878906,38.2400016784668,37.79999923706055,37.97999954223633,16742500
2013-08-28,25.601768493652344,38.349998474121094,38.529998779296875,38.04999923706055,38.060001373291016,19245200
2013-08-29,25.43488121032715,38.099998474121094,38.470001220703125,38.099998474121094,38.470001220703125,14215700
2013-08-30,25.48828125,38.18000030517578,38.279998779296875,38.0,38.15999984741211,14296600
2013-09-03,25.30136489868164,37.900001525878906,38.400001525878906,37.79999923706055,38.27000045776367,19068500
2013-09-04,25.728620529174805,38.540000915527344,38.72999954223633,37.810001373291016,37.880001068115234,19138600
2013-09-05,25.528335571289062,38.2400016784668,38.689998626708984,38.060001373291016,38.630001068115234,14290500
2013-09-06,25.601768493652344,38.349998474121094,38.619998931884766,38.099998474121094,38.380001068115234,13976900
2013-09-09,25.71526336669922,38.52000045776367,38.54999923706055,38.27000045776367,38.52000045776367,10605500
2013-09-10,25.788698196411133,38.630001068115234,38.779998779296875,38.5099983215332,38.77000045776367,11757300
2013-09-11,25.888832092285156,38.779998779296875,38.779998779296875,38.529998779296875,38.68000030517578,11996500
2013-09-12,25.84848976135254,38.439998626708984,38.61000061035156,38.279998779296875,38.59000015258789,12114100
2013-09-13,26.016597747802734,38.689998626708984,38.7400016784668,38.41999816894531,38.560001373291016,11623600
2013-09-16,26.13091468811035,38.86000061035156,39.20000076293945,38.7400016784668,39.029998779296875,13351500
2013-09-17,26.08384132385254,38.790000915527344,39.09000015258789,38.790000915527344,38.810001373291016,12881700
2013-09-18,26.621784210205078,39.59000015258789,39.599998474121094,38.58000183105469,38.810001373291016,18030500
2013-09-19,26.433515548706055,39.310001373291016,39.66999816894531,39.150001525878906,39.63999938964844,14251700
2013-09-20,26.494028091430664,39.400001525878906,39.400001525878906,38.779998779296875,39.33000183105469,30675300
2013-09-23,25.97625160217285,38.630001068115234,39.189998626708984,38.439998626708984,39.15999984741211,19016200
2013-09-24,25.90900230407715,38.529998779296875,38.869998931884766,38.52000045776367,38.720001220703125,15083300
2013-09-25,25.774517059326172,38.33000183105469,38.68000030517578,38.29999923706055,38.650001525878906,11446100
2013-09-26,26.050216674804688,38.7400016784668,38.7400016784668,38.38999938964844,38.4900016784668,10941100
2013-09-27,25.82159423828125,38.400001525878906,38.58000183105469,38.150001525878906,38.56999969482422,12609600
2013-09-30,25.4719181060791,37.880001068115234,38.29999923706055,37.75,38.189998626708984,18101500
2013-10-01,25.51898956298828,37.95000076293945,38.09000015258789,37.619998931884766,38.0,13196000
2013-10-02,25.169330596923828,37.43000030517578,37.810001373291016,37.209999084472656,37.810001373291016,25664200
2013-10-03,24.98776626586914,37.15999984741211,37.459999084472656,37.130001068115234,37.459999084472656,14437900
2013-10-04,25.014667510986328,37.20000076293945,37.27000045776367,36.90999984741211,37.25,17217500
2013-10-07,24.913795471191406,37.04999923706055,37.380001068115234,36.83000183105469,37.08000183105469,16708600
2013-10-08,25.068458557128906,37.279998779296875,37.40999984741211,36.900001525878906,37.099998474121094,20471300
2013-10-09,24.933975219726562,37.08000183105469,37.41999816894531,37.0099983215332,37.380001068115234,18998900
2013-10-10,25.404678344726562,37.779998779296875,37.86000061035156,37.45000076293945,37.77000045776367,17174400
2013-10-11,25.397951126098633,37.77000045776367,37.91999816894531,37.52000045776367,37.91999816894531,14266900
2013-10-14,25.492088317871094,37.90999984741211,37.95000076293945,37.5099983215332,37.560001373291016,14202900
2013-10-15,25.32398796081543,37.65999984741211,38.369998931884766,37.599998474121094,38.18000030517578,21676600
2013-10-16,25.5526123046875,38.0,38.2400016784668,37.779998779296875,38.0099983215332,17995100
2013-10-17,25.922460556030273,38.54999923706055,38.560001373291016,38.0099983215332,38.060001373291016,15900200
2013-10-18,26.077112197875977,38.779998779296875,38.779998779296875,38.41999816894531,38.58000183105469,18896600
2013-10-21,26.1040096282959,38.81999969482422,38.95000076293945,38.599998474121094,38.95000076293945,12977500
2013-10-22,26.285573959350586,39.09000015258789,39.25,38.689998626708984,38.86000061035156,17110200
2013-10-23,26.285573959350586,39.09000015258789,39.25,38.79999923706055,39.08000183105469,12591800
2013-10-24,26.090566635131836,38.79999923706055,39.369998931884766,38.7599983215332,39.150001525878906,17143800
2013-10-25,26.24521827697754,39.029998779296875,39.130001068115234,38.630001068115234,38.84000015258789,14383400
2013-10-28,26.635242462158203,39.61000061035156,39.7400016784668,38.9900016784668,39.02000045776367,16552100
2013-10-29,26.762998580932617,39.79999923706055,39.959999084472656,39.349998474121094,39.56999969482422,14199600
2013-10-30,26.641965866088867,39.619998931884766,39.88999938964844,39.5099983215332,39.880001068115234,12360000
2013-10-31,26.60832977294922,39.56999969482422,39.86000061035156,39.5099983215332,39.5099983215332,14853500
2013-11-01,26.635242462158203,39.61000061035156,39.720001220703125,39.33000183105469,39.56999969482422,12430400
2013-11-04,26.567989349365234,39.5099983215332,39.810001373291016,39.29999923706055,39.709999084472656,10252100
2013-11-05,26.561267852783203,39.5,39.63999938964844,39.220001220703125,39.36000061035156,10575000
2013-11-06,26.931114196777344,40.04999923706055,40.220001220703125,39.41999816894531,39.619998931884766,17198000
2013-11-07,26.783170700073242,39.83000183105469,40.25,39.7599983215332,40.08000183105469,16233200
2013-11-08,26.931114196777344,40.04999923706055,40.04999923706055,39.4900016784668,39.7400016784668,11903600
2013-11-11,26.810087203979492,39.869998931884766,40.04999923706055,39.77000045776367,40.0099983215332,9567800
2013-11-12,26.816802978515625,39.880001068115234,39.9900016784668,39.619998931884766,39.90999984741211,10509200
2013-11-13,26.978181838989258,40.119998931884766,40.119998931884766,39.650001525878906,39.81999969482422,11770500
2013-11-14,27.038698196411133,40.209999084472656,40.439998626708984,40.029998779296875,40.09000015258789,10887200
2013-11-15,27.045421600341797,40.220001220703125,40.31999969482422,39.959999084472656,40.15999984741211,12021500
2013-11-18,27.011810302734375,40.16999816894531,40.2400016784668,40.0,40.2400016784668,9553900
2013-11-19,26.991622924804688,40.13999938964844,40.22999954223633,39.91999816894531,40.13999938964844,11014800
2013-11-20,26.937841415405273,40.060001373291016,40.45000076293945,39.939998626708984,40.04999923706055,14422500
2013-11-21,27.186635971069336,40.43000030517578,40.4900016784668,40.099998474121094,40.20000076293945,26364300
2013-11-22,27.186635971069336,40.43000030517578,40.459999084472656,40.09000015258789,40.34000015258789,26396500
2013-11-25,27.146289825439453,40.369998931884766,40.880001068115234,40.33000183105469,40.47999954223633,14059100
2013-11-26,27.06559181213379,40.25,40.599998474121094,40.2400016784668,40.4900016784668,14240400
2013-11-27,27.214567184448242,40.189998626708984,40.380001068115234,39.689998626708984,40.09000015258789,9909100
2013-11-29,27.214567184448242,40.189998626708984,40.47999954223633,40.11000061035156,40.27000045776367,8641100
2013-12-02,27.140085220336914,40.08000183105469,40.20000076293945,39.75,40.099998474121094,16738800
2013-12-03,27.32291603088379,40.349998474121094,40.38999938964844,40.0099983215332,40.04999923706055,16592300
2013-12-04,27.336456298828125,40.369998931884766,40.470001220703125,39.939998626708984,40.20000076293945,13196100
2013-12-05,26.970794677734375,39.83000183105469,40.400001525878906,39.79999923706055,40.279998779296875,18171200
2013-12-06,27.39739990234375,40.459999084472656,40.5,40.04999923706055,40.04999923706055,12557100
2013-12-09,27.35677719116211,40.400001525878906,40.5,40.20000076293945,40.400001525878906,12237100
2013-12-10,26.984342575073242,39.849998474121094,40.290000915527344,39.75,40.2599983215332,15967800
2013-12-11,27.17394256591797,40.130001068115234,40.34000015258789,39.88999938964844,39.95000076293945,14963500
2013-12-12,26.55095863342285,39.209999084472656,40.209999084472656,39.18000030517578,39.9900016784668,19817700
2013-12-13,26.56450653076172,39.22999954223633,39.63999938964844,39.209999084472656,39.470001220703125,14037400
2013-12-16,26.591598510742188,39.27000045776367,39.56999969482422,39.20000076293945,39.459999084472656,14562100
2013-12-17,26.47648048400879,39.099998474121094,39.25,38.869998931884766,39.119998931884766,17655700
2013-12-18,27.099456787109375,40.02000045776367,40.08000183105469,39.0,39.2599983215332,23884500
2013-12-19,26.991111755371094,39.86000061035156,40.099998474121094,39.560001373291016,39.970001220703125,14791800
2013-12-20,27.112993240356445,40.040000915527344,40.189998626708984,39.849998474121094,39.91999816894531,22237200
2013-12-23,27.194255828857422,40.15999984741211,40.2400016784668,39.869998931884766,40.099998474121094,10943200
2013-12-24,27.214567184448242,40.189998626708984,40.310001373291016,40.099998474121094,40.16999816894531,4783800
2013-12-26,27.417715072631836,40.4900016784668,40.540000915527344,40.13999938964844,40.220001220703125,8588300
2013-12-27,27.53282928466797,40.65999984741211,40.790000915527344,40.529998779296875,40.689998626708984,6762200
2013-12-30,27.824007034301758,41.09000015258789,41.13999938964844,40.7599983215332,40.77000045776367,10927500
2013-12-31,27.972976684570312,41.310001373291016,41.38999938964844,40.97999954223633,41.130001068115234,11729200
2014-01-02,27.53282928466797,40.65999984741211,41.22999954223633,40.5099983215332,41.119998931884766,12698600
2014-01-03,27.39739990234375,40.459999084472656,40.72999954223633,40.349998474121094,40.68000030517578,10403400
2014-01-06,27.268735885620117,40.27000045776367,40.59000015258789,40.15999984741211,40.47999954223633,11036300
2014-01-07,27.349994659423828,40.38999938964844,40.720001220703125,40.290000915527344,40.47999954223633,11872300
2014-01-08,27.045289993286133,39.939998626708984,40.439998626708984,39.83000183105469,40.439998626708984,15339600
2014-01-09,26.903076171875,39.72999954223633,40.0,39.52000045776367,39.95000076293945,14070200
2014-01-10,27.17394256591797,40.130001068115234,40.290000915527344,39.900001525878906,39.959999084472656,13290000
2014-01-13,26.76765251159668,39.529998779296875,40.130001068115234,39.5,40.0,14091900
2014-01-14,26.87600326538086,39.689998626708984,39.91999816894531,39.58000183105469,39.63999938964844,12801100
2014-01-15,26.92340660095215,39.7599983215332,39.939998626708984,39.58000183105469,39.83000183105469,12844900
2014-01-16,26.889541625976562,39.709999084472656,39.81999969482422,39.58000183105469,39.779998779296875,11063100
2014-01-17,26.598373413085938,39.279998779296875,39.75,39.279998779296875,39.720001220703125,13992700
2014-01-21,27.0317440032959,39.91999816894531,39.91999816894531,39.529998779296875,39.63999938964844,17579000
2014-01-22,27.01820182800293,39.900001525878906,40.09000015258789,39.75,39.9900016784668,9841700
2014-01-23,26.571285247802734,39.2400016784668,39.63999938964844,39.119998931884766,39.61000061035156,14828100
2014-01-24,26.300424575805664,38.84000015258789,39.25,38.81999969482422,39.08000183105469,16507500
2014-01-27,26.225934982299805,38.72999954223633,38.97999954223633,38.709999084472656,38.81999969482422,14601900
2014-01-28,26.32073402404785,38.869998931884766,39.08000183105469,38.619998931884766,38.77000045776367,8915500
2014-01-29,25.663904190063477,37.900001525878906,38.56999969482422,37.81999969482422,38.56999969482422,23776100
2014-01-30,25.846729278564453,38.16999816894531,38.40999984741211,38.0,38.0,13662000
2014-01-31,25.609731674194336,37.81999969482422,38.15999984741211,37.720001220703125,37.95000076293945,16185000
2014-02-03,25.189903259277344,37.20000076293945,38.02000045776367,37.099998474121094,38.02000045776367,23164900
2014-02-04,25.379505157470703,37.47999954223633,37.54999923706055,37.209999084472656,37.439998626708984,17759700
2014-02-05,25.467531204223633,37.61000061035156,37.720001220703125,37.380001068115234,37.4900016784668,13665200
2014-02-06,25.751930236816406,38.029998779296875,38.939998626708984,37.91999816894531,38.7599983215332,22661500
2014-02-07,25.6977596282959,37.95000076293945,38.349998474121094,37.869998931884766,38.16999816894531,20389000
2014-02-10,26.117597579956055,38.56999969482422,38.619998931884766,37.84000015258789,38.06999969482422,20877200
2014-02-11,26.164987564086914,38.63999938964844,38.779998779296875,38.5099983215332,38.66999816894531,15361300
2014-02-12,26.076961517333984,38.5099983215332,38.91999816894531,38.400001525878906,38.849998474121094,10633400
2014-02-13,26.171762466430664,38.650001525878906,38.7599983215332,38.130001068115234,38.130001068115234,10435600
2014-02-14,26.361364364624023,38.93000030517578,39.02000045776367,38.27000045776367,38.599998474121094,16030100
2014-02-18,25.372726440429688,37.470001220703125,38.11000061035156,37.2599983215332,37.97999954223633,46098500
2014-02-19,25.122175216674805,37.099998474121094,37.599998474121094,37.04999923706055,37.5,26645100
2014-02-20,25.25761604309082,37.29999923706055,37.52000045776367,36.88999938964844,37.060001373291016,22639900
2014-02-21,25.176359176635742,37.18000030517578,37.619998931884766,37.13999938964844,37.59000015258789,19419800
2014-02-24,25.393047332763672,37.5,37.599998474121094,37.220001220703125,37.29999923706055,24223500
2014-02-25,25.575870513916016,37.77000045776367,37.939998626708984,37.5,37.630001068115234,22845500
2014-02-26,25.643587112426758,37.869998931884766,37.939998626708984,37.720001220703125,37.900001525878906,18195100
2014-02-27,25.779020309448242,38.06999969482422,38.11000061035156,37.79999923706055,37.84000015258789,18423400
2014-02-28,25.867048263549805,38.20000076293945,38.38999938964844,38.040000915527344,38.08000183105469,15763200
2014-03-03,25.8128719329834,38.119998931884766,38.15999984741211,37.849998474121094,37.880001068115234,18683400
2014-03-04,25.9415340423584,38.310001373291016,38.38999938964844,38.22999954223633,38.34000015258789,20425200
2014-03-05,25.96861457824707,38.349998474121094,38.45000076293945,38.25,38.41999816894531,14367400
2014-03-06,26.049882888793945,38.470001220703125,38.54999923706055,38.27000045776367,38.400001525878906,14700000
2014-03-07,26.104055404663086,38.54999923706055,38.61000061035156,38.36000061035156,38.560001373291016,17047600
2014-03-10,26.171762466430664,38.650001525878906,38.650001525878906,38.439998626708984,38.54999923706055,14540800
2014-03-11,26.27333641052246,38.79999923706055,38.84000015258789,38.540000915527344,38.84000015258789,13812100
2014-03-12,26.256277084350586,38.470001220703125,38.5,38.209999084472656,38.27000045776367,15673700
2014-03-13,25.915010452270508,37.970001220703125,38.4900016784668,37.91999816894531,38.45000076293945,18302800
2014-03-14,26.051511764526367,38.16999816894531,38.31999969482422,37.880001068115234,37.95000076293945,14687200
2014-03-17,26.119770050048828,38.27000045776367,38.369998931884766,38.04999923706055,38.16999816894531,19203000
2014-03-18,26.208499908447266,38.400001525878906,38.459999084472656,38.13999938964844,38.27000045776367,16880400
2014-03-19,26.031036376953125,38.13999938964844,38.59000015258789,38.099998474121094,38.36000061035156,20882200
2014-03-20,26.24261474609375,38.45000076293945,38.470001220703125,37.95000076293945,38.11000061035156,13228000
2014-03-21,26.235795974731445,38.439998626708984,38.83000183105469,38.279998779296875,38.779998779296875,19189100
2014-03-24,26.208499908447266,38.400001525878906,38.529998779296875,38.209999084472656,38.47999954223633,15693000
2014-03-25,26.35865592956543,38.619998931884766,38.79999923706055,38.459999084472656,38.4900016784668,16898900
2014-03-26,26.351818084716797,38.61000061035156,38.939998626708984,38.61000061035156,38.689998626708984,15835500
2014-03-27,26.495149612426758,38.81999969482422,39.0,38.47999954223633,38.5099983215332,13031500
2014-03-28,26.5838680267334,38.95000076293945,39.029998779296875,38.81999969482422,38.88999938964844,11502100
2014-03-31,26.38595199584961,38.65999984741211,39.029998779296875,38.459999084472656,38.9900016784668,24489800
2014-04-01,26.215322494506836,38.40999984741211,38.88999938964844,38.310001373291016,38.529998779296875,20515700
2014-04-02,26.16071891784668,38.33000183105469,38.540000915527344,38.29999923706055,38.4900016784668,15709100
2014-04-03,25.9832706451416,38.06999969482422,38.4900016784668,38.040000915527344,38.38999938964844,18114000
2014-04-04,26.085643768310547,38.220001220703125,38.47999954223633,38.13999938964844,38.2400016784668,15453600
2014-04-07,26.35865592956543,38.619998931884766,38.88999938964844,38.2599983215332,38.27000045776367,17295700
2014-04-08,26.549745559692383,38.900001525878906,38.900001525878906,38.47999954223633,38.66999816894531,14769900
2014-04-09,26.611167907714844,38.9900016784668,38.9900016784668,38.70000076293945,38.84000015258789,12031400
2014-04-10,26.542936325073242,38.88999938964844,39.400001525878906,38.81999969482422,38.97999954223633,21025700
2014-04-11,26.365478515625,38.630001068115234,39.220001220703125,38.56999969482422,38.83000183105469,18084200
2014-04-14,26.433725357055664,38.72999954223633,38.79999923706055,38.400001525878906,38.709999084472656,19389800
2014-04-15,27.423372268676758,40.18000030517578,40.470001220703125,39.5,39.83000183105469,47529200
2014-04-16,27.703201293945312,40.59000015258789,40.59000015258789,40.119998931884766,40.119998931884766,21919900
2014-04-17,27.79193115234375,40.720001220703125,40.720001220703125,40.25,40.43000030517578,18547100
2014-04-21,27.812402725219727,40.75,40.7599983215332,40.349998474121094,40.470001220703125,12630900
2014-04-22,27.78510284423828,40.709999084472656,40.7599983215332,40.41999816894531,40.58000183105469,17404900
2014-04-23,27.798748016357422,40.72999954223633,40.810001373291016,40.560001373291016,40.70000076293945,12072500
2014-04-24,27.778287887573242,40.70000076293945,40.88999938964844,40.459999084472656,40.70000076293945,11392600
2014-04-25,27.989856719970703,41.0099983215332,41.0099983215332,40.439998626708984,40.459999084472656,16811400
2014-04-28,28.003496170043945,41.029998779296875,41.279998779296875,40.7400016784668,40.81999969482422,20736700
2014-04-29,27.689544677734375,40.56999969482422,41.029998779296875,40.52000045776367,40.970001220703125,18928400
2014-04-30,27.83970069885254,40.790000915527344,40.880001068115234,40.59000015258789,40.689998626708984,12362000
2014-05-01,27.832868576049805,40.779998779296875,40.79999923706055,40.2599983215332,40.790000915527344,15385800
2014-05-02,27.948904037475586,40.95000076293945,40.959999084472656,40.630001068115234,40.790000915527344,14197000
2014-05-05,27.81922149658203,40.7599983215332,40.93000030517578,40.54999923706055,40.650001525878906,10163500
2014-05-06,27.634950637817383,40.4900016784668,40.65999984741211,40.45000076293945,40.52000045776367,9359900
2014-05-07,27.921606063842773,40.90999984741211,40.970001220703125,40.630001068115234,40.70000076293945,11115600
2014-05-08,27.798748016357422,40.72999954223633,40.959999084472656,40.650001525878906,40.849998474121094,8538700
2014-05-09,27.894298553466797,40.869998931884766,40.95000076293945,40.709999084472656,40.779998779296875,8516400
2014-05-12,27.86018180847168,40.81999969482422,40.970001220703125,40.689998626708984,40.880001068115234,8906000
2014-05-13,28.058109283447266,41.11000061035156,41.220001220703125,40.81999969482422,40.83000183105469,11579600
2014-05-14,27.907962799072266,40.88999938964844,41.18000030517578,40.83000183105469,41.02000045776367,10036100
2014-05-15,27.655414581298828,40.52000045776367,40.959999084472656,40.439998626708984,40.619998931884766,12379200
2014-05-16,27.907962799072266,40.88999938964844,40.90999984741211,40.45000076293945,40.52000045776367,13823900
2014-05-19,27.78510284423828,40.709999084472656,40.72999954223633,40.41999816894531,40.599998474121094,7559500
2014-05-20,27.69637680053711,40.58000183105469,40.93000030517578,40.56999969482422,40.79999923706055,9639500
2014-05-21,27.894298553466797,40.869998931884766,40.880001068115234,40.5,40.54999923706055,8607300
2014-05-22,27.69637680053711,40.58000183105469,40.84000015258789,40.529998779296875,40.77000045776367,8430400
2014-05-23,27.69637680053711,40.58000183105469,40.70000076293945,40.529998779296875,40.630001068115234,6255200
2014-05-27,27.826051712036133,40.77000045776367,40.81999969482422,40.47999954223633,40.560001373291016,11282900
2014-05-28,27.69637680053711,40.58000183105469,40.88999938964844,40.529998779296875,40.70000076293945,7536700
2014-05-29,27.7509765625,40.65999984741211,40.869998931884766,40.599998474121094,40.68000030517578,9867100
2014-05-30,27.921606063842773,40.90999984741211,40.91999816894531,40.4900016784668,40.540000915527344,10446100
2014-06-02,27.887479782104492,40.86000061035156,40.88999938964844,40.68000030517578,40.75,7472100
2014-06-03,27.901121139526367,40.880001068115234,41.0,40.709999084472656,40.720001220703125,10493100
2014-06-04,27.83970069885254,40.790000915527344,40.91999816894531,40.709999084472656,40.90999984741211,7864700
2014-06-05,27.907962799072266,40.88999938964844,41.0,40.630001068115234,40.72999954223633,10131700
2014-06-06,27.976219177246094,40.9900016784668,41.060001373291016,40.84000015258789,40.939998626708984,8760600
2014-06-09,27.921606063842773,40.90999984741211,41.09000015258789,40.849998474121094,40.849998474121094,7316400
2014-06-10,28.030805587768555,41.06999969482422,41.150001525878906,40.810001373291016,40.84000015258789,9168600
2014-06-11,27.887479782104492,40.86000061035156,41.060001373291016,40.790000915527344,40.97999954223633,9648600
2014-06-12,27.794645309448242,40.41999816894531,40.68000030517578,40.369998931884766,40.40999984741211,11583600
2014-06-13,27.76026153564453,40.369998931884766,40.529998779296875,40.25,40.38999938964844,9194600
2014-06-16,27.95968246459961,40.65999984741211,40.77000045776367,40.150001525878906,40.189998626708984,12878200
2014-06-17,28.138469696044922,40.91999816894531,41.20000076293945,40.61000061035156,41.18000030517578,26926600
2014-06-18,28.578554153442383,41.560001373291016,41.56999969482422,40.75,40.790000915527344,18518200
2014-06-19,28.736724853515625,41.790000915527344,41.869998931884766,41.529998779296875,41.540000915527344,13275200
2014-06-20,28.667949676513672,41.689998626708984,41.880001068115234,41.529998779296875,41.869998931884766,23402600
2014-06-23,28.695465087890625,41.72999954223633,41.7400016784668,41.33000183105469,41.459999084472656,13099300
2014-06-24,28.77797508239746,41.849998474121094,41.88999938964844,41.470001220703125,41.52000045776367,14962800
2014-06-25,28.853622436523438,41.959999084472656,41.97999954223633,41.459999084472656,41.599998474121094,17621800
2014-06-26,28.90175437927246,42.029998779296875,42.04999923706055,41.779998779296875,41.90999984741211,16903300
2014-06-27,29.011775970458984,42.189998626708984,42.290000915527344,41.90999984741211,41.9900016784668,18674400
2014-06-30,29.128679275512695,42.36000061035156,42.4900016784668,41.81999969482422,41.97999954223633,14058700
2014-07-01,29.080543518066406,42.290000915527344,42.45000076293945,42.150001525878906,42.38999938964844,11497700
2014-07-02,29.080543518066406,42.290000915527344,42.40999984741211,42.150001525878906,42.310001373291016,6707000
2014-07-03,29.039287567138672,42.22999954223633,42.31999969482422,42.0099983215332,42.2599983215332,7537700
2014-07-07,28.977394104003906,42.13999938964844,42.20000076293945,41.93000030517578,41.959999084472656,8991900
2014-07-08,28.839868545532227,41.939998626708984,42.25,41.90999984741211,41.970001220703125,10090500
2014-07-09,28.84675407409668,41.95000076293945,42.15999984741211,41.790000915527344,41.93000030517578,9891600
2014-07-10,29.059906005859375,42.2599983215332,42.290000915527344,41.54999923706055,41.560001373291016,12564500
2014-07-11,28.860502243041992,41.970001220703125,42.25,41.880001068115234,42.119998931884766,9773000
2014-07-14,29.142427444458008,42.380001068115234,42.38999938964844,41.97999954223633,41.9900016784668,11857700
2014-07-15,28.949888229370117,42.099998474121094,42.43000030517578,41.95000076293945,42.40999984741211,10541900
2014-07-16,28.96363639831543,42.119998931884766,42.38999938964844,42.02000045776367,42.2599983215332,10331400
2014-07-17,28.894878387451172,42.02000045776367,42.150001525878906,41.83000183105469,41.93000030517578,9983500
2014-07-18,29.176820755004883,42.43000030517578,42.470001220703125,42.02000045776367,42.13999938964844,19272400
2014-07-21,29.156187057495117,42.400001525878906,42.56999969482422,42.09000015258789,42.119998931884766,17607200
2014-07-22,28.324134826660156,41.189998626708984,41.33000183105469,40.61000061035156,41.099998474121094,24706000
2014-07-23,28.062824249267578,40.810001373291016,41.04999923706055,40.630001068115234,40.97999954223633,17531700
2014-07-24,28.17285919189453,40.970001220703125,41.099998474121094,40.65999984741211,40.970001220703125,14856000
2014-07-25,28.193477630615234,41.0,41.040000915527344,40.810001373291016,40.91999816894531,10809900
2014-07-28,27.973440170288086,40.68000030517578,41.0,40.61000061035156,40.9900016784668,11709100
2014-07-29,27.746509552001953,40.349998474121094,40.779998779296875,40.349998474121094,40.75,10863600
2014-07-30,27.244529724121094,39.619998931884766,40.5,39.61000061035156,40.45000076293945,20346200
2014-07-31,27.01760482788086,39.290000915527344,39.72999954223633,39.25,39.529998779296875,15434700
2014-08-01,27.01760482788086,39.290000915527344,39.4900016784668,39.060001373291016,39.130001068115234,13566700
2014-08-04,27.093252182006836,39.400001525878906,39.459999084472656,39.119998931884766,39.40999984741211,11012900
2014-08-05,26.941965103149414,39.18000030517578,39.529998779296875,39.099998474121094,39.34000015258789,11639200
2014-08-06,27.45082664489746,39.91999816894531,39.959999084472656,39.130001068115234,39.130001068115234,17567500
2014-08-07,27.05886459350586,39.349998474121094,40.0099983215332,39.33000183105469,39.959999084472656,14367400
2014-08-08,27.12761878967285,39.45000076293945,39.58000183105469,39.2599983215332,39.34000015258789,13667000
2014-08-11,27.210134506225586,39.56999969482422,39.869998931884766,39.52000045776367,39.52000045776367,14102600
2014-08-12,27.28579330444336,39.68000030517578,39.84000015258789,39.540000915527344,39.560001373291016,13297500
2014-08-13,27.464584350585938,39.939998626708984,40.099998474121094,39.70000076293945,39.70000076293945,9638900
2014-08-14,27.629615783691406,40.18000030517578,40.189998626708984,39.93000030517578,39.93000030517578,6902000
2014-08-15,28.110958099365234,40.880001068115234,41.150001525878906,40.65999984741211,40.849998474121094,23221600
2014-08-18,28.434154510498047,41.349998474121094,41.41999816894531,40.790000915527344,40.790000915527344,14891500
2014-08-19,28.372268676757812,41.2599983215332,41.47999954223633,41.15999984741211,41.349998474121094,10260400
2014-08-20,28.365385055541992,41.25,41.34000015258789,41.09000015258789,41.150001525878906,6782500
2014-08-21,28.475418090820312,41.40999984741211,41.689998626708984,41.220001220703125,41.290000915527344,11951000
2014-08-22,28.275999069213867,41.119998931884766,41.52000045776367,41.04999923706055,41.290000915527344,11244600
2014-08-25,28.475418090820312,41.40999984741211,41.45000076293945,41.119998931884766,41.31999969482422,10229300
2014-08-26,28.606069564819336,41.599998474121094,41.70000076293945,41.40999984741211,41.40999984741211,8416500
2014-08-27,28.606069564819336,41.599998474121094,41.709999084472656,41.439998626708984,41.529998779296875,7693100
2014-08-28,28.6267032623291,41.630001068115234,41.70000076293945,41.439998626708984,41.5099983215332,9746400
2014-08-29,28.688587188720703,41.720001220703125,41.75,41.470001220703125,41.599998474121094,7666700
2014-09-02,28.63357162475586,41.63999938964844,41.84000015258789,41.310001373291016,41.52000045776367,9798100
2014-09-03,28.72984504699707,41.779998779296875,41.849998474121094,41.65999984741211,41.689998626708984,8635400
2014-09-04,28.791728973388672,41.869998931884766,42.16999816894531,41.72999954223633,41.79999923706055,16785300
2014-09-05,28.771102905273438,41.84000015258789,41.86000061035156,41.61000061035156,41.86000061035156,12768100
2014-09-08,28.72984504699707,41.779998779296875,41.939998626708984,41.630001068115234,41.66999816894531,9097700
2014-09-09,28.839868545532227,41.939998626708984,42.029998779296875,41.75,41.77000045776367,11892500
2014-09-10,28.998014450073242,42.16999816894531,42.189998626708984,41.83000183105469,41.900001525878906,17558000
2014-09-11,29.056907653808594,41.95000076293945,42.060001373291016,41.65999984741211,41.68000030517578,19614000
2014-09-12,28.717496871948242,41.459999084472656,41.91999816894531,41.36000061035156,41.900001525878906,12966800
2014-09-15,28.74519920349121,41.5,41.58000183105469,41.33000183105469,41.45000076293945,12259600
2014-09-16,28.842174530029297,41.63999938964844,41.79999923706055,41.18000030517578,41.290000915527344,15232800
2014-09-17,28.8214054107666,41.61000061035156,41.779998779296875,41.31999969482422,41.77000045776367,16693800
2014-09-18,28.946081161499023,41.790000915527344,41.880001068115234,41.54999923706055,41.75,12586400
2014-09-19,29.12616729736328,42.04999923706055,42.349998474121094,41.75,41.97999954223633,47559700
2014-09-22,29.243911743164062,42.220001220703125,42.25,41.72999954223633,41.849998474121094,11518100
2014-09-23,29.01535415649414,41.88999938964844,42.15999984741211,41.880001068115234,42.0,10251300
2014-09-24,29.27854347229004,42.27000045776367,42.34000015258789,41.849998474121094,41.849998474121094,13540900
2014-09-25,28.939151763916016,41.779998779296875,42.16999816894531,41.77000045776367,42.060001373291016,11076300
2014-09-26,29.230072021484375,42.20000076293945,42.25,41.709999084472656,42.0,9939600
2014-09-29,29.26470375061035,42.25,42.2599983215332,41.880001068115234,41.900001525878906,12441100
2014-09-30,29.548690795898438,42.65999984741211,42.810001373291016,42.08000183105469,42.099998474121094,22613700
2014-10-01,29.60409927368164,42.7400016784668,42.849998474121094,42.369998931884766,42.54999923706055,30409700
2014-10-02,29.548690795898438,42.65999984741211,42.779998779296875,42.41999816894531,42.599998474121094,16643200
2014-10-03,29.784189224243164,43.0,43.06999969482422,42.65999984741211,42.86000061035156,14046300
2014-10-06,30.199785232543945,43.599998474121094,43.68000030517578,42.970001220703125,43.029998779296875,20328100
2014-10-07,30.421438217163086,43.91999816894531,44.13999938964844,43.47999954223633,43.47999954223633,24936600
2014-10-08,30.857805252075195,44.54999923706055,44.560001373291016,43.5099983215332,43.58000183105469,26115600
2014-10-09,30.38680076599121,43.869998931884766,44.75,43.869998931884766,44.439998626708984,25029300
2014-10-10,30.802398681640625,44.470001220703125,44.869998931884766,43.849998474121094,43.880001068115234,25920800
2014-10-13,30.52533531188965,44.06999969482422,44.630001068115234,44.029998779296875,44.279998779296875,20175200
2014-10-14,30.227493286132812,43.63999938964844,44.119998931884766,43.470001220703125,44.040000915527344,21027400
2014-10-15,29.943506240844727,43.22999954223633,43.529998779296875,42.70000076293945,42.70000076293945,22988600
2014-10-16,29.47942352294922,42.560001373291016,42.939998626708984,42.380001068115234,42.650001525878906,22519200
2014-10-17,29.70107650756836,42.880001068115234,43.029998779296875,42.310001373291016,42.689998626708984,23236000
2014-10-20,29.985069274902344,43.290000915527344,43.470001220703125,42.709999084472656,42.75,17647800
2014-10-21,28.177234649658203,40.68000030517578,41.189998626708984,40.2599983215332,40.79999923706055,55953500
2014-10-22,28.13566780090332,40.619998931884766,41.11000061035156,40.099998474121094,40.189998626708984,27728200
2014-10-23,28.301904678344727,40.86000061035156,41.380001068115234,40.7400016784668,40.939998626708984,23346800
2014-10-24,28.419649124145508,41.029998779296875,41.27000045776367,40.91999816894531,40.97999954223633,13396000
2014-10-27,28.23263931274414,40.7599983215332,40.90999984741211,40.560001373291016,40.70000076293945,17222500
2014-10-28,28.094114303588867,40.560001373291016,40.86000061035156,40.5099983215332,40.7599983215332,18658700
2014-10-29,28.371171951293945,40.959999084472656,41.029998779296875,40.52000045776367,40.650001525878906,25761800
2014-10-30,28.675939559936523,41.400001525878906,41.59000015258789,40.83000183105469,41.0,18295600
2014-10-31,29.0084171295166,41.880001068115234,41.88999938964844,41.400001525878906,41.83000183105469,18477700
2014-11-03,28.95992660522461,41.810001373291016,42.279998779296875,41.59000015258789,41.790000915527344,13230600
2014-11-04,28.96686363220215,41.81999969482422,42.04999923706055,41.65999984741211,41.77000045776367,10105300
2014-11-05,29.30626106262207,42.310001373291016,42.540000915527344,41.9900016784668,42.29999923706055,20676800
2014-11-06,29.292402267456055,42.290000915527344,42.619998931884766,42.11000061035156,42.43000030517578,11528800
2014-11-07,29.31317710876465,42.31999969482422,42.459999084472656,42.13999938964844,42.45000076293945,11803800
2014-11-10,29.361671447753906,42.38999938964844,42.56999969482422,42.09000015258789,42.25,9088900
2014-11-11,29.44478988647461,42.5099983215332,42.709999084472656,42.36000061035156,42.380001068115234,8563700
2014-11-12,29.583324432373047,42.709999084472656,42.88999938964844,42.310001373291016,42.5099983215332,12768800
2014-11-13,29.63873291015625,42.790000915527344,43.08000183105469,42.630001068115234,42.650001525878906,12007700
2014-11-14,29.597183227539062,42.72999954223633,42.970001220703125,42.5,42.70000076293945,10939500
2014-11-17,29.728776931762695,42.91999816894531,42.9900016784668,42.72999954223633,42.75,10664000
2014-11-18,30.15130043029785,43.529998779296875,43.86000061035156,42.75,42.95000076293945,26143000
2014-11-19,30.62923240661621,44.220001220703125,44.43000030517578,43.560001373291016,43.66999816894531,25402300
2014-11-20,30.65000343322754,44.25,44.41999816894531,43.849998474121094,43.959999084472656,13465400
2014-11-21,30.82318115234375,44.5,44.7400016784668,44.279998779296875,44.58000183105469,14382700
2014-11-24,30.66387176513672,44.27000045776367,44.779998779296875,44.20000076293945,44.5099983215332,12890800
2014-11-25,30.774690628051758,44.43000030517578,44.59000015258789,44.119998931884766,44.27000045776367,10741700
2014-11-26,30.889766693115234,44.290000915527344,44.369998931884766,43.970001220703125,43.9900016784668,9199200
2014-11-28,31.26637840270996,44.83000183105469,45.0,44.150001525878906,44.150001525878906,10502000
2014-12-01,31.071096420288086,44.54999923706055,44.77000045776367,44.130001068115234,44.18000030517578,10065700
2014-12-02,31.064128875732422,44.540000915527344,44.66999816894531,44.22999954223633,44.369998931884766,9878100
2014-12-03,30.54802131652832,43.79999923706055,44.439998626708984,43.7599983215332,44.41999816894531,15246500
2014-12-04,30.338787078857422,43.5,43.84000015258789,43.369998931884766,43.619998931884766,13779700
2014-12-05,30.359716415405273,43.529998779296875,43.61000061035156,43.20000076293945,43.5,12536900
2014-12-08,30.08770751953125,43.13999938964844,43.630001068115234,43.09000015258789,43.5099983215332,12802300
2014-12-09,29.320512771606445,42.040000915527344,42.529998779296875,41.66999816894531,42.150001525878906,25714600
2014-12-10,29.01363754272461,41.599998474121094,42.2400016784668,41.560001373291016,42.040000915527344,18324100
2014-12-11,28.964818954467773,41.529998779296875,42.0099983215332,41.5,41.619998931884766,16201500
2014-12-12,28.532407760620117,40.90999984741211,41.61000061035156,40.869998931884766,41.38999938964844,18432400
2014-12-15,28.295269012451172,40.56999969482422,41.18000030517578,40.560001373291016,41.130001068115234,23378500
2014-12-16,28.16973304748535,40.38999938964844,41.310001373291016,39.79999923706055,40.20000076293945,23475400
2014-12-17,28.9787654876709,41.54999923706055,41.7599983215332,40.380001068115234,40.439998626708984,20223900
2014-12-18,29.56462287902832,42.38999938964844,42.38999938964844,41.75,41.86000061035156,18030700
2014-12-19,29.257753372192383,41.95000076293945,42.790000915527344,41.88999938964844,42.439998626708984,24009500
2014-12-22,29.536718368530273,42.349998474121094,42.439998626708984,42.09000015258789,42.13999938964844,11190900
2014-12-23,29.969139099121094,42.970001220703125,43.13999938964844,42.470001220703125,42.540000915527344,13411300
2014-12-24,29.948209762573242,42.939998626708984,43.22999954223633,42.91999816894531,43.099998474121094,6405900
2014-12-26,29.96216583251953,42.959999084472656,43.29999923706055,42.93000030517578,42.970001220703125,6466900
2014-12-29,29.892433166503906,42.86000061035156,43.060001373291016,42.4900016784668,42.79999923706055,8694500
2014-12-30,29.822675704956055,42.7599983215332,42.9900016784668,42.650001525878906,42.7400016784668,9222000
2014-12-31,29.4460506439209,42.220001220703125,42.939998626708984,42.220001220703125,42.91999816894531,9369500
2015-01-02,29.390262603759766,42.13999938964844,42.400001525878906,41.79999923706055,42.2599983215332,9921100
2015-01-05,29.390262603759766,42.13999938964844,42.970001220703125,42.08000183105469,42.689998626708984,26292600
2015-01-06,29.61343765258789,42.459999084472656,42.939998626708984,42.2400016784668,42.40999984741211,16897500
2015-01-07,29.98307991027832,42.9900016784668,43.11000061035156,42.58000183105469,42.79999923706055,13412300
2015-01-08,30.34575843811035,43.5099983215332,43.56999969482422,43.099998474121094,43.18000030517578,21743600
2015-01-09,30.010982513427734,43.029998779296875,43.560001373291016,42.95000076293945,43.470001220703125,12733500
2015-01-12,29.738990783691406,42.63999938964844,43.20000076293945,42.459999084472656,43.06999969482422,11415800
2015-01-13,29.73200798034668,42.630001068115234,43.2400016784668,42.45000076293945,42.83000183105469,12529500
2015-01-14,29.683185577392578,42.560001373291016,42.599998474121094,42.06999969482422,42.08000183105469,13447600
2015-01-15,29.55764389038086,42.380001068115234,42.86000061035156,42.16999816894531,42.83000183105469,11193100
2015-01-16,29.66225814819336,42.529998779296875,42.59000015258789,42.2400016784668,42.36000061035156,15114900
2015-01-20,30.10165023803711,43.15999984741211,43.33000183105469,42.61000061035156,42.70000076293945,17047300
2015-01-21,30.24113655090332,43.36000061035156,43.43000030517578,42.7599983215332,42.88999938964844,10720600
2015-01-22,30.534059524536133,43.779998779296875,43.83000183105469,43.06999969482422,43.369998931884766,14709100
2015-01-23,30.206260681152344,43.310001373291016,43.75,43.18000030517578,43.599998474121094,12357700
2015-01-26,29.990070343017578,43.0,43.22999954223633,42.83000183105469,43.18000030517578,11151900
2015-01-27,29.56462287902832,42.38999938964844,42.63999938964844,42.150001525878906,42.540000915527344,15274000
2015-01-28,29.23682975769043,41.91999816894531,42.79999923706055,41.900001525878906,42.59000015258789,14278500
2015-01-29,29.362361907958984,42.099998474121094,42.150001525878906,41.470001220703125,41.77000045776367,13657900
2015-01-30,28.713735580444336,41.16999816894531,41.93000030517578,41.11000061035156,41.83000183105469,19193700
2015-02-02,29.006671905517578,41.59000015258789,41.630001068115234,40.900001525878906,41.209999084472656,15197500
2015-02-03,29.03456687927246,41.630001068115234,41.849998474121094,41.369998931884766,41.75,13193100
2015-02-04,29.06943702697754,41.68000030517578,42.09000015258789,41.619998931884766,41.77000045776367,16400000
2015-02-05,29.146160125732422,41.790000915527344,41.81999969482422,41.5099983215332,41.79999923706055,11078500
2015-02-06,28.90903091430664,41.45000076293945,41.7599983215332,41.31999969482422,41.630001068115234,12366400
2015-02-09,28.755582809448242,41.22999954223633,41.45000076293945,41.040000915527344,41.380001068115234,13371100
2015-02-10,29.571596145629883,42.400001525878906,43.029998779296875,42.20000076293945,42.90999984741211,32184200
2015-02-11,29.550674438476562,42.369998931884766,42.4900016784668,41.70000076293945,42.099998474121094,20496300
2015-02-12,29.41116714477539,42.16999816894531,42.65999984741211,42.06999969482422,42.400001525878906,13818200
2015-02-13,29.285648345947266,41.9900016784668,42.22999954223633,41.7599983215332,42.02000045776367,10792100
2015-02-17,29.16010284423828,41.810001373291016,41.880001068115234,41.63999938964844,41.810001373291016,12804200
2015-02-18,29.10430908203125,41.72999954223633,41.79999923706055,41.470001220703125,41.75,9789800
2015-02-19,29.36934471130371,42.11000061035156,42.2400016784668,41.529998779296875,41.68000030517578,16578300
2015-02-20,29.271699905395508,41.970001220703125,42.11000061035156,41.63999938964844,42.040000915527344,15982400
2015-02-23,29.187997817993164,41.849998474121094,42.16999816894531,41.689998626708984,41.709999084472656,11830300
2015-02-24,29.38329315185547,42.130001068115234,42.33000183105469,41.77000045776367,41.849998474121094,12782700
2015-02-25,29.327491760253906,42.04999923706055,42.2400016784668,41.7400016784668,42.16999816894531,10323300
2015-02-26,29.61343765258789,42.459999084472656,42.54999923706055,41.970001220703125,42.040000915527344,14346500
2015-02-27,30.199289321899414,43.29999923706055,43.65999984741211,42.470001220703125,42.52000045776367,28312800
2015-03-02,30.129562377929688,43.20000076293945,43.29999923706055,43.08000183105469,43.29999923706055,13514600
2015-03-03,29.955188751220703,42.95000076293945,43.15999984741211,42.84000015258789,43.11000061035156,10036300
2015-03-04,29.641345977783203,42.5,42.97999954223633,42.470001220703125,42.91999816894531,16263000
2015-03-05,29.571596145629883,42.400001525878906,42.61000061035156,42.25,42.560001373291016,9223000
2015-03-06,28.95784568786621,41.52000045776367,42.20000076293945,41.33000183105469,42.119998931884766,18180500
2015-03-09,28.867176055908203,41.38999938964844,41.54999923706055,41.31999969482422,41.529998779296875,10123300
2015-03-10,28.378965377807617,40.689998626708984,41.150001525878906,40.68000030517578,41.099998474121094,14599100
2015-03-11,27.967479705810547,40.099998474121094,40.72999954223633,40.08000183105469,40.72999954223633,18549700
2015-03-12,28.530057907104492,40.56999969482422,40.56999969482422,40.02000045776367,40.099998474121094,17728700
2015-03-13,28.065937042236328,39.90999984741211,40.56999969482422,39.61000061035156,40.439998626708984,17438400
2015-03-16,28.333160400390625,40.290000915527344,40.349998474121094,39.9900016784668,40.0,15238800
2015-03-17,28.487873077392578,40.5099983215332,40.72999954223633,40.31999969482422,40.66999816894531,21661800
2015-03-18,28.551166534423828,40.599998474121094,40.790000915527344,39.79999923706055,40.47999954223633,26247500
2015-03-19,28.143287658691406,40.02000045776367,40.52000045776367,39.959999084472656,40.47999954223633,16057600
2015-03-20,28.586318969726562,40.650001525878906,40.65999984741211,40.0099983215332,40.06999969482422,31608500
2015-03-23,28.56522560119629,40.619998931884766,40.939998626708984,40.5,40.63999938964844,17060500
2015-03-24,28.459733963012695,40.470001220703125,40.9900016784668,40.470001220703125,40.90999984741211,13485700
2015-03-25,28.445680618286133,40.45000076293945,40.70000076293945,40.2400016784668,40.59000015258789,22811300
2015-03-26,28.375347137451172,40.349998474121094,40.560001373291016,40.22999954223633,40.34000015258789,17359600
2015-03-27,28.185476303100586,40.08000183105469,40.47999954223633,39.970001220703125,40.47999954223633,14384400
2015-03-30,28.487873077392578,40.5099983215332,40.61000061035156,39.939998626708984,40.11000061035156,12561400
2015-03-31,28.51599884033203,40.54999923706055,40.900001525878906,40.349998474121094,40.5099983215332,16604800
2015-04-01,28.607419967651367,40.68000030517578,40.810001373291016,40.22999954223633,40.790000915527344,14300700
2015-04-02,28.607419967651367,40.68000030517578,40.869998931884766,40.47999954223633,40.72999954223633,14343100
2015-04-06,28.951995849609375,41.16999816894531,41.61000061035156,40.59000015258789,40.77000045776367,19843400
2015-04-07,28.8394775390625,41.0099983215332,41.369998931884766,40.970001220703125,41.04999923706055,9773400
2015-04-08,28.755102157592773,40.88999938964844,41.09000015258789,40.7400016784668,40.97999954223633,8954700
2015-04-09,28.867610931396484,41.04999923706055,41.08000183105469,40.630001068115234,40.79999923706055,12710900
2015-04-10,28.74806022644043,40.880001068115234,41.15999984741211,40.849998474121094,41.09000015258789,8720000
2015-04-13,28.62148666381836,40.70000076293945,40.970001220703125,40.70000076293945,40.970001220703125,9616300
2015-04-14,28.487873077392578,40.5099983215332,40.650001525878906,40.31999969482422,40.59000015258789,11209700
2015-04-15,28.41051483154297,40.400001525878906,40.810001373291016,40.31999969482422,40.59000015258789,11189100
2015-04-16,28.551166534423828,40.599998474121094,40.86000061035156,40.29999923706055,40.40999984741211,13121000
2015-04-17,28.340185165405273,40.29999923706055,40.65999984741211,40.099998474121094,40.470001220703125,15330300
2015-04-20,28.59334945678711,40.65999984741211,40.900001525878906,40.40999984741211,40.41999816894531,13023700
2015-04-21,28.677738189697266,40.779998779296875,40.9900016784668,40.540000915527344,40.66999816894531,19673100
2015-04-22,29.05045509338379,41.310001373291016,41.56999969482422,41.06999969482422,41.560001373291016,26887200
2015-04-23,28.797290802001953,40.95000076293945,41.40999984741211,40.91999816894531,41.22999954223633,17408800
2015-04-24,28.755102157592773,40.88999938964844,41.119998931884766,40.810001373291016,41.040000915527344,11623300
2015-04-27,28.712902069091797,40.83000183105469,41.150001525878906,40.779998779296875,41.0,10044600
2015-04-28,28.67070770263672,40.77000045776367,40.970001220703125,40.599998474121094,40.95000076293945,12174800
2015-04-29,28.473806381225586,40.4900016784668,40.75,40.400001525878906,40.65999984741211,11371400
2015-04-30,28.52303695678711,40.560001373291016,40.58000183105469,40.279998779296875,40.400001525878906,12700800
2015-05-01,28.769163131713867,40.90999984741211,40.93000030517578,40.5,40.58000183105469,10848300
2015-05-04,28.804319381713867,40.959999084472656,41.099998474121094,40.77000045776367,40.880001068115234,10204800
2015-05-05,28.656644821166992,40.75,41.13999938964844,40.68000030517578,41.13999938964844,11721300
2015-05-06,28.59334945678711,40.65999984741211,41.09000015258789,40.38999938964844,41.040000915527344,11906900
2015-05-07,28.62148666381836,40.70000076293945,40.90999984741211,40.5099983215332,40.529998779296875,13834700
2015-05-08,28.818384170532227,40.97999954223633,41.16999816894531,40.849998474121094,41.0,11144400
2015-05-11,28.79026222229004,40.939998626708984,41.38999938964844,40.880001068115234,40.97999954223633,10113500
2015-05-12,28.614444732666016,40.689998626708984,40.959999084472656,40.52000045776367,40.77000045776367,12384500
2015-05-13,28.867610931396484,41.04999923706055,41.36000061035156,40.720001220703125,40.75,13183700
2015-05-14,29.184066772460938,41.5,41.599998474121094,41.2599983215332,41.29999923706055,9961000
2015-05-15,29.198135375976562,41.52000045776367,41.689998626708984,41.43000030517578,41.45000076293945,8479000
2015-05-18,29.05748176574707,41.31999969482422,41.4900016784668,41.25,41.4900016784668,11511700
2015-05-19,29.05045509338379,41.310001373291016,41.38999938964844,41.130001068115234,41.22999954223633,9072000
2015-05-20,29.07857894897461,41.349998474121094,41.59000015258789,41.310001373291016,41.369998931884766,10965200
2015-05-21,28.99418830871582,41.22999954223633,41.31999969482422,41.06999969482422,41.2599983215332,9270900
2015-05-22,28.980140686035156,41.209999084472656,41.2400016784668,41.040000915527344,41.119998931884766,11909500
2015-05-26,28.825428009033203,40.9900016784668,41.18000030517578,40.7400016784668,41.119998931884766,15194300
2015-05-27,28.91683578491211,41.119998931884766,41.20000076293945,40.83000183105469,40.939998626708984,9863100
2015-05-28,28.930891036987305,41.13999938964844,41.29999923706055,40.880001068115234,41.20000076293945,9395200
2015-05-29,28.804319381713867,40.959999084472656,41.18000030517578,40.77000045776367,41.18000030517578,19628600
2015-06-01,28.79026222229004,40.939998626708984,41.40999984741211,40.880001068115234,41.36000061035156,12684100
2015-06-02,28.825428009033203,40.9900016784668,41.15999984741211,40.68000030517578,40.84000015258789,11878600
2015-06-03,28.74103546142578,40.869998931884766,41.209999084472656,40.779998779296875,41.099998474121094,8153800
2015-06-04,28.54412078857422,40.59000015258789,40.97999954223633,40.529998779296875,40.709999084472656,10145800
2015-06-05,28.199541091918945,40.099998474121094,40.52000045776367,40.08000183105469,40.47999954223633,15975600
2015-06-08,28.241748809814453,40.15999984741211,40.2599983215332,40.02000045776367,40.099998474121094,14339300
2015-06-09,28.269865036010742,40.20000076293945,40.41999816894531,40.11000061035156,40.16999816894531,10772700
2015-06-10,28.361289978027344,40.33000183105469,40.540000915527344,40.279998779296875,40.31999969482422,11979900
2015-06-11,28.432186126708984,40.099998474121094,40.25,40.029998779296875,40.11000061035156,11944900
2015-06-12,28.33291244506836,39.959999084472656,40.119998931884766,39.84000015258789,40.040000915527344,15568600
2015-06-15,28.070589065551758,39.59000015258789,39.86000061035156,39.56999969482422,39.83000183105469,11364800
2015-06-16,28.418006896972656,40.08000183105469,40.15999984741211,39.599998474121094,39.630001068115234,12517400
2015-06-17,28.5527286529541,40.27000045776367,40.31999969482422,40.0099983215332,40.08000183105469,13898400
2015-06-18,28.82215690612793,40.650001525878906,40.7400016784668,40.15999984741211,40.15999984741211,16314600
2015-06-19,28.6449031829834,40.400001525878906,40.650001525878906,40.400001525878906,40.59000015258789,23550600
2015-06-22,28.70161247253418,40.47999954223633,40.810001373291016,40.459999084472656,40.5099983215332,8775900
2015-06-23,28.63072395324707,40.380001068115234,40.52000045776367,40.310001373291016,40.43000030517578,11094900
2015-06-24,28.49599838256836,40.189998626708984,40.45000076293945,40.189998626708984,40.369998931884766,10385100
2015-06-25,28.37546730041504,40.02000045776367,40.34000015258789,40.02000045776367,40.279998779296875,10607600
2015-06-26,28.361291885375977,40.0,40.349998474121094,40.0,40.099998474121094,16215600
2015-06-29,27.935869216918945,39.400001525878906,39.97999954223633,39.400001525878906,39.79999923706055,15500800
2015-06-30,27.815336227416992,39.22999954223633,39.61000061035156,39.119998931884766,39.61000061035156,14621300
2015-07-01,28.006759643554688,39.5,39.599998474121094,39.279998779296875,39.380001068115234,11177400
2015-07-02,27.999675750732422,39.4900016784668,39.810001373291016,39.349998474121094,39.630001068115234,8975900
2015-07-06,27.950050354003906,39.41999816894531,39.599998474121094,39.220001220703125,39.31999969482422,10252600
2015-07-07,28.53853988647461,40.25,40.380001068115234,39.400001525878906,39.4900016784668,20335000
2015-07-08,28.262025833129883,39.86000061035156,40.22999954223633,39.84000015258789,39.9900016784668,11383700
2015-07-09,28.3045597076416,39.91999816894531,40.58000183105469,39.900001525878906,40.459999084472656,13392000
2015-07-10,28.637813568115234,40.38999938964844,40.52000045776367,40.15999984741211,40.27000045776367,13360400
2015-07-13,28.829242706298828,40.65999984741211,40.77000045776367,40.4900016784668,40.560001373291016,9854200
2015-07-14,29.190847396850586,41.16999816894531,41.2599983215332,40.84000015258789,40.900001525878906,19531000
2015-07-15,29.16250228881836,41.130001068115234,41.36000061035156,41.099998474121094,41.150001525878906,11252100
2015-07-16,29.410655975341797,41.47999954223633,41.599998474121094,41.349998474121094,41.41999816894531,10483700
2015-07-17,29.247568130493164,41.25,41.31999969482422,41.04999923706055,41.310001373291016,9608300
2015-07-20,29.33974838256836,41.380001068115234,41.540000915527344,41.220001220703125,41.349998474121094,10024200
2015-07-21,29.205036163330078,41.189998626708984,41.52000045776367,41.099998474121094,41.380001068115234,13653800
2015-07-22,28.99941635131836,40.900001525878906,41.59000015258789,40.59000015258789,40.810001373291016,15528600
2015-07-23,28.956880569458008,40.84000015258789,41.02000045776367,40.47999954223633,40.9900016784668,13522200
2015-07-24,28.673267364501953,40.439998626708984,40.83000183105469,40.40999984741211,40.7599983215332,10912500
2015-07-27,28.744155883789062,40.540000915527344,40.58000183105469,40.15999984741211,40.279998779296875,10945700
2015-07-28,28.751253128051758,40.54999923706055,40.72999954223633,40.439998626708984,40.650001525878906,11021800
2015-07-29,28.77960968017578,40.59000015258789,40.709999084472656,40.4900016784668,40.529998779296875,8479900
2015-07-30,28.75835418701172,40.560001373291016,40.75,40.38999938964844,40.54999923706055,9095500
2015-07-31,29.127037048339844,41.08000183105469,41.220001220703125,40.77000045776367,40.880001068115234,15309500
2015-08-03,29.453201293945312,41.540000915527344,41.54999923706055,40.84000015258789,40.849998474121094,14672600
2015-08-04,29.672985076904297,41.849998474121094,41.869998931884766,41.34000015258789,41.5099983215332,17559900
2015-08-05,29.86441993713379,42.119998931884766,42.220001220703125,41.81999969482422,41.91999816894531,15329200
2015-08-06,29.722623825073242,41.91999816894531,42.25,41.86000061035156,42.0,11378900
2015-08-07,29.616273880004883,41.77000045776367,41.970001220703125,41.529998779296875,41.810001373291016,10886700
2015-08-10,29.552461624145508,41.68000030517578,41.9900016784668,41.58000183105469,41.88999938964844,9501900
2015-08-11,29.410655975341797,41.47999954223633,41.56999969482422,41.16999816894531,41.400001525878906,11254900
2015-08-12,29.254669189453125,41.2599983215332,41.2599983215332,40.849998474121094,41.130001068115234,9602200
2015-08-13,29.141212463378906,41.099998474121094,41.380001068115234,41.0099983215332,41.279998779296875,10270900
2015-08-14,29.247568130493164,41.25,41.25,40.959999084472656,41.0099983215332,9904800
2015-08-17,29.3184757232666,41.349998474121094,41.45000076293945,40.970001220703125,41.029998779296875,8272800
2015-08-18,29.283031463623047,41.29999923706055,41.529998779296875,41.189998626708984,41.279998779296875,11199400
2015-08-19,28.914329528808594,40.779998779296875,41.2400016784668,40.779998779296875,41.13999938964844,15796500
2015-08-20,28.751253128051758,40.54999923706055,40.81999969482422,40.41999816894531,40.52000045776367,14218000
2015-08-21,28.028045654296875,39.529998779296875,40.470001220703125,39.5099983215332,40.15999984741211,28036200
2015-08-24,27.212661743164062,38.380001068115234,38.939998626708984,36.560001373291016,37.9900016784668,44065300
2015-08-25,26.936128616333008,37.9900016784668,39.279998779296875,37.93000030517578,39.130001068115234,31363700
2015-08-26,27.4608154296875,38.72999954223633,38.83000183105469,37.88999938964844,38.75,23523300
2015-08-27,27.843690872192383,39.27000045776367,39.380001068115234,38.599998474121094,39.060001373291016,18871600
2015-08-28,27.971317291259766,39.45000076293945,39.470001220703125,39.04999923706055,39.11000061035156,14503900
2015-08-31,27.87913703918457,39.31999969482422,39.45000076293945,39.060001373291016,39.150001525878906,12673300
2015-09-01,27.474994659423828,38.75,39.029998779296875,38.540000915527344,38.66999816894531,23703200
2015-09-02,27.58134651184082,38.900001525878906,39.06999969482422,38.560001373291016,39.029998779296875,14054800
2015-09-03,27.76569175720215,39.15999984741211,39.34000015258789,38.84000015258789,38.900001525878906,13311600
2015-09-04,27.311920166015625,38.52000045776367,38.790000915527344,38.380001068115234,38.68000030517578,15450500
2015-09-08,27.58134651184082,38.900001525878906,39.029998779296875,38.599998474121094,38.869998931884766,15273900
2015-09-09,27.155935287475586,38.29999923706055,39.209999084472656,38.20000076293945,39.119998931884766,13764600
2015-09-10,27.241016387939453,38.41999816894531,38.650001525878906,38.25,38.310001373291016,14952500
2015-09-11,27.269620895385742,38.130001068115234,38.189998626708984,37.84000015258789,38.0099983215332,11802300
2015-09-14,27.248172760009766,38.099998474121094,38.220001220703125,37.849998474121094,38.220001220703125,8950000
2015-09-15,27.53423500061035,38.5,38.630001068115234,37.91999816894531,38.06999969482422,13019800
2015-09-16,27.99909782409668,39.150001525878906,39.189998626708984,38.470001220703125,38.66999816894531,22233400
2015-09-17,28.163589477539062,39.380001068115234,39.61000061035156,39.040000915527344,39.150001525878906,21232500
2015-09-18,27.877517700195312,38.97999954223633,39.29999923706055,38.709999084472656,38.86000061035156,27527300
2015-09-21,28.0277099609375,39.189998626708984,39.310001373291016,38.939998626708984,39.04999923706055,12935800
2015-09-22,27.741640090942383,38.790000915527344,38.9900016784668,38.58000183105469,38.68000030517578,15021300
2015-09-23,27.720182418823242,38.7599983215332,38.880001068115234,38.54999923706055,38.790000915527344,8910800
2015-09-24,27.99909782409668,39.150001525878906,39.20000076293945,38.5099983215332,38.52000045776367,19385700
2015-09-25,28.335235595703125,39.619998931884766,40.08000183105469,39.33000183105469,39.43000030517578,22511300
2015-09-28,28.2708683013916,39.529998779296875,39.81999969482422,39.33000183105469,39.52000045776367,19323100
2015-09-29,28.36384391784668,39.65999984741211,39.709999084472656,39.33000183105469,39.52000045776367,14166900
2015-09-30,28.692813873291016,40.119998931884766,40.22999954223633,39.79999923706055,39.880001068115234,19752600
2015-10-01,28.463966369628906,39.79999923706055,40.470001220703125,39.599998474121094,40.220001220703125,19606600
2015-10-02,28.885921478271484,40.38999938964844,40.38999938964844,39.36000061035156,39.560001373291016,15537300
2015-10-05,29.32931900024414,41.0099983215332,41.04999923706055,40.43000030517578,40.45000076293945,15664000
2015-10-06,29.293567657470703,40.959999084472656,41.34000015258789,40.93000030517578,41.040000915527344,14579400
2015-10-07,29.694067001342773,41.52000045776367,41.61000061035156,41.099998474121094,41.13999938964844,14329700
2015-10-08,30.023046493530273,41.97999954223633,41.9900016784668,41.2599983215332,41.2599983215332,11960200
2015-10-09,30.05165672302246,42.02000045776367,42.119998931884766,41.779998779296875,41.81999969482422,13931200
2015-10-12,30.03734016418457,42.0,42.290000915527344,41.810001373291016,41.83000183105469,12299100
2015-10-13,29.787036895751953,41.650001525878906,41.90999984741211,41.540000915527344,41.79999923706055,12903600
2015-10-14,29.80849838256836,41.68000030517578,41.959999084472656,41.560001373291016,41.560001373291016,14180000
2015-10-15,29.980127334594727,41.91999816894531,42.029998779296875,41.599998474121094,41.869998931884766,11801600
2015-10-16,30.05165672302246,42.02000045776367,42.209999084472656,41.880001068115234,42.15999984741211,20384200
2015-10-19,30.030216217041016,41.9900016784668,42.060001373291016,41.79999923706055,41.900001525878906,15553800
2015-10-20,30.244754791259766,42.290000915527344,42.400001525878906,42.0,42.0,16199300
2015-10-21,30.17323112487793,42.189998626708984,42.52000045776367,41.709999084472656,41.939998626708984,19254900
2015-10-22,30.924165725708008,43.2400016784668,43.849998474121094,42.40999984741211,42.439998626708984,35920200
2015-10-23,30.60234260559082,42.790000915527344,43.310001373291016,42.75,43.310001373291016,18796100
2015-10-26,30.459312438964844,42.59000015258789,42.88999938964844,42.459999084472656,42.7599983215332,14788600
2015-10-27,30.473609924316406,42.61000061035156,42.77000045776367,42.47999954223633,42.5,30166600
2015-10-28,30.559425354003906,42.72999954223633,42.84000015258789,42.209999084472656,42.75,13667300
2015-10-29,30.60234260559082,42.790000915527344,42.900001525878906,42.34000015258789,42.65999984741211,9427400
2015-10-30,30.287660598754883,42.349998474121094,42.86000061035156,42.349998474121094,42.79999923706055,15356200
2015-11-02,30.20899772644043,42.2400016784668,42.36000061035156,41.900001525878906,42.31999969482422,16252200
2015-11-03,30.151775360107422,42.15999984741211,42.31999969482422,41.810001373291016,42.18000030517578,9693100
2015-11-04,30.01589012145996,41.970001220703125,42.38999938964844,41.88999938964844,42.27000045776367,10488500
2015-11-05,30.273361206054688,42.33000183105469,42.349998474121094,41.97999954223633,42.0,9625100
2015-11-06,30.00874137878418,41.959999084472656,42.220001220703125,41.61000061035156,41.970001220703125,11926700
2015-11-09,29.708372116088867,41.540000915527344,41.790000915527344,41.34000015258789,41.70000076293945,10842700
2015-11-10,29.87285804748535,41.77000045776367,41.810001373291016,41.43000030517578,41.439998626708984,8283100
2015-11-11,30.06595802307129,42.040000915527344,42.20000076293945,41.91999816894531,41.939998626708984,9101200
2015-11-12,29.736976623535156,41.58000183105469,42.04999923706055,41.56999969482422,42.0099983215332,10725000
2015-11-13,29.59393882751465,41.380001068115234,41.779998779296875,41.36000061035156,41.459999084472656,11619500
2015-11-16,30.00874137878418,41.959999084472656,42.0,41.38999938964844,41.43000030517578,11244900
2015-11-17,29.801342010498047,41.66999816894531,42.150001525878906,41.5099983215332,41.849998474121094,12739400
2015-11-18,30.23759651184082,42.279998779296875,42.349998474121094,41.68000030517578,41.77000045776367,12966300
2015-11-19,30.831201553344727,43.11000061035156,43.29999923706055,42.31999969482422,42.31999969482422,24090700
2015-11-20,30.34486961364746,42.43000030517578,43.58000183105469,42.400001525878906,43.310001373291016,19780800
2015-11-23,30.72391700744629,42.959999084472656,43.18000030517578,42.529998779296875,42.54999923706055,13338100
2015-11-24,31.009979248046875,43.36000061035156,43.599998474121094,42.65999984741211,42.70000076293945,15767200
2015-11-25,31.009979248046875,43.36000061035156,43.5,43.2400016784668,43.31999969482422,10344900
2015-11-27,31.09646987915039,43.150001525878906,43.2400016784668,42.79999923706055,43.040000915527344,7236700
2015-11-30,30.714506149291992,42.619998931884766,43.150001525878906,42.61000061035156,43.119998931884766,16063000
2015-12-01,30.90909767150879,42.88999938964844,43.099998474121094,42.72999954223633,42.72999954223633,11153000
2015-12-02,30.82261848449707,42.77000045776367,42.93000030517578,42.59000015258789,42.83000183105469,12598500
2015-12-03,30.599199295043945,42.459999084472656,42.88999938964844,42.31999969482422,42.72999954223633,15004400
2015-12-04,31.19736671447754,43.290000915527344,43.47999954223633,42.58000183105469,42.58000183105469,16488000
2015-12-07,31.13249397277832,43.20000076293945,43.439998626708984,43.0,43.310001373291016,12030700
2015-12-08,30.995569229125977,43.0099983215332,43.25,42.79999923706055,43.04999923706055,10736200
2015-12-09,30.743345260620117,42.65999984741211,43.27000045776367,42.5,42.779998779296875,12945500
2015-12-10,30.815401077270508,42.7599983215332,43.06999969482422,42.529998779296875,42.72999954223633,15483300
2015-12-11,30.46227264404297,42.27000045776367,42.83000183105469,42.13999938964844,42.630001068115234,17313400
2015-12-14,30.59202003479004,42.45000076293945,42.7599983215332,41.970001220703125,42.310001373291016,20092900
2015-12-15,31.038814544677734,43.06999969482422,43.2400016784668,42.7599983215332,42.84000015258789,17916400
2015-12-16,31.59372329711914,43.84000015258789,43.90999984741211,43.25,43.25,21868600
2015-12-17,31.34149169921875,43.4900016784668,43.88999938964844,43.41999816894531,43.810001373291016,14697000
2015-12-18,30.628042221069336,42.5,43.41999816894531,42.5,43.36000061035156,24583700
2015-12-21,30.82982635498047,42.779998779296875,42.939998626708984,42.459999084472656,42.81999969482422,10444400
2015-12-22,31.19736671447754,43.290000915527344,43.38999938964844,42.709999084472656,42.86000061035156,12280800
2015-12-23,31.471220016479492,43.66999816894531,43.72999954223633,43.349998474121094,43.38999938964844,9092300
2015-12-24,31.377531051635742,43.540000915527344,43.720001220703125,43.41999816894531,43.4900016784668,3036600
2015-12-28,31.34149169921875,43.4900016784668,43.52000045776367,43.310001373291016,43.439998626708984,6326100
2015-12-29,31.50003433227539,43.709999084472656,43.779998779296875,43.5,43.540000915527344,7739800
2015-12-30,31.399141311645508,43.56999969482422,43.77000045776367,43.45000076293945,43.75,5112500
2015-12-31,30.95953369140625,42.959999084472656,43.34000015258789,42.869998931884766,43.29999923706055,9727900
2016-01-04,30.55597496032715,42.400001525878906,42.5,41.970001220703125,42.34000015258789,16084100
2016-01-05,30.664073944091797,42.54999923706055,42.630001068115234,42.16999816894531,42.310001373291016,15781900
2016-01-06,30.498315811157227,42.31999969482422,42.5099983215332,42.040000915527344,42.20000076293945,16245100
2016-01-07,29.993858337402344,41.619998931884766,42.11000061035156,41.45000076293945,41.650001525878906,20563600
2016-01-08,29.914583206176758,41.5099983215332,42.119998931884766,41.40999984741211,41.650001525878906,14645900
2016-01-11,29.965030670166016,41.58000183105469,41.86000061035156,41.290000915527344,41.58000183105469,15815200
2016-01-12,30.354175567626953,42.119998931884766,42.45000076293945,41.869998931884766,42.29999923706055,21814800
2016-01-13,30.159595489501953,41.849998474121094,42.56999969482422,41.790000915527344,42.16999816894531,16854300
2016-01-14,30.18122673034668,41.880001068115234,42.16999816894531,41.63999938964844,41.9900016784668,16028000
2016-01-15,29.907377243041992,41.5,41.59000015258789,40.93000030517578,40.95000076293945,21153600
2016-01-19,30.210054397583008,41.91999816894531,42.119998931884766,41.650001525878906,41.77000045776367,15462200
2016-01-20,29.820898056030273,41.380001068115234,41.619998931884766,40.75,41.45000076293945,19923500
2016-01-21,29.82809829711914,41.38999938964844,41.5099983215332,41.09000015258789,41.45000076293945,15568900
2016-01-22,30.31095314025879,42.060001373291016,42.2400016784668,41.45000076293945,41.63999938964844,15209200
2016-01-25,30.383010864257812,42.15999984741211,42.5,41.93000030517578,42.2400016784668,12505200
2016-01-26,30.325368881225586,42.08000183105469,42.5,41.93000030517578,42.15999984741211,13018500
2016-01-27,30.332563400268555,42.09000015258789,42.459999084472656,41.810001373291016,42.18000030517578,14167000
2016-01-28,30.678483963012695,42.56999969482422,42.720001220703125,42.060001373291016,42.18000030517578,16622800
2016-01-29,30.930702209472656,42.91999816894531,43.2599983215332,42.650001525878906,42.86000061035156,20457000
2016-02-01,30.988374710083008,43.0,43.150001525878906,42.56999969482422,42.599998474121094,17097800
2016-02-02,30.58479118347168,42.439998626708984,42.790000915527344,42.40999984741211,42.70000076293945,12332900
2016-02-03,30.78659439086914,42.720001220703125,42.939998626708984,42.279998779296875,42.79999923706055,15958300
2016-02-04,30.649662017822266,42.529998779296875,42.88999938964844,42.400001525878906,42.52000045776367,14413700
2016-02-05,30.58479118347168,42.439998626708984,42.9900016784668,42.2599983215332,42.93000030517578,17315700
2016-02-08,30.736141204833984,42.650001525878906,42.70000076293945,41.900001525878906,42.16999816894531,17254400
2016-02-09,31.20455551147461,43.29999923706055,43.4900016784668,42.2599983215332,42.2599983215332,24853800
2016-02-10,30.664073944091797,42.54999923706055,43.38999938964844,42.5099983215332,43.34000015258789,16729600
2016-02-11,30.56318473815918,42.40999984741211,42.61000061035156,41.97999954223633,42.029998779296875,16825300
2016-02-12,31.067642211914062,43.11000061035156,43.13999938964844,42.560001373291016,42.720001220703125,15222400
2016-02-16,31.247798919677734,43.36000061035156,43.459999084472656,43.02000045776367,43.31999969482422,12675900
2016-02-17,31.34149169921875,43.4900016784668,43.619998931884766,43.279998779296875,43.41999816894531,12332500
2016-02-18,31.4279727935791,43.61000061035156,43.72999954223633,43.29999923706055,43.630001068115234,11170300
2016-02-19,31.543275833129883,43.77000045776367,43.77000045776367,43.279998779296875,43.58000183105469,12850000
2016-02-22,31.665782928466797,43.939998626708984,44.15999984741211,43.630001068115234,43.77000045776367,20716100
2016-02-23,31.48563003540039,43.689998626708984,44.04999923706055,43.65999984741211,43.7400016784668,11166400
2016-02-24,31.644166946411133,43.90999984741211,43.939998626708984,43.369998931884766,43.560001373291016,10844200
2016-02-25,31.824344635009766,44.15999984741211,44.18000030517578,43.869998931884766,43.959999084472656,10903300
2016-02-26,31.089252471923828,43.13999938964844,44.060001373291016,43.11000061035156,44.040000915527344,18421000
2016-02-29,31.082054138183594,43.130001068115234,43.61000061035156,42.91999816894531,43.16999816894531,15049800
2016-03-01,31.48563003540039,43.689998626708984,43.689998626708984,43.16999816894531,43.380001068115234,12358300
2016-03-02,31.543275833129883,43.77000045776367,43.77000045776367,43.41999816894531,43.470001220703125,12856300
2016-03-03,31.680198669433594,43.959999084472656,43.97999954223633,43.540000915527344,43.61000061035156,13134800
2016-03-04,31.78830337524414,44.11000061035156,44.150001525878906,43.68000030517578,43.779998779296875,13691500
2016-03-07,31.716228485107422,44.0099983215332,44.13999938964844,43.86000061035156,43.90999984741211,10695300
2016-03-08,31.93963623046875,44.31999969482422,44.470001220703125,43.810001373291016,43.91999816894531,18900200
2016-03-09,32.292755126953125,44.810001373291016,44.83000183105469,44.290000915527344,44.38999938964844,18466600
2016-03-10,32.59545135498047,45.22999954223633,45.2599983215332,44.68000030517578,44.84000015258789,28908600
2016-03-11,32.827850341796875,45.20000076293945,45.25,44.93000030517578,45.0,16129300
2016-03-14,32.89321517944336,45.290000915527344,45.41999816894531,45.040000915527344,45.040000915527344,13206700
2016-03-15,32.85690689086914,45.2400016784668,45.560001373291016,45.06999969482422,45.08000183105469,13686300
2016-03-16,32.718902587890625,45.04999923706055,45.16999816894531,44.54999923706055,45.04999923706055,15386100
2016-03-17,33.24183654785156,45.77000045776367,45.90999984741211,44.970001220703125,45.04999923706055,24080000
2016-03-18,33.11836242675781,45.599998474121094,45.869998931884766,45.38999938964844,45.84000015258789,23853400
2016-03-21,33.16919708251953,45.66999816894531,45.869998931884766,45.36000061035156,45.41999816894531,9740400
2016-03-22,33.04572677612305,45.5,45.72999954223633,45.38999938964844,45.54999923706055,13788300
2016-03-23,33.016685485839844,45.459999084472656,45.709999084472656,45.349998474121094,45.400001525878906,9292100
2016-03-24,33.10382843017578,45.58000183105469,45.599998474121094,45.189998626708984,45.45000076293945,10890200
2016-03-28,33.26362228393555,45.79999923706055,45.93000030517578,45.5099983215332,45.560001373291016,13306600
2016-03-29,33.757484436035156,46.47999954223633,46.5099983215332,45.810001373291016,45.86000061035156,25010400
2016-03-30,33.830108642578125,46.58000183105469,46.72999954223633,46.33000183105469,46.630001068115234,14312200
2016-03-31,33.69212341308594,46.38999938964844,46.880001068115234,46.31999969482422,46.54999923706055,15544500
2016-04-01,34.011688232421875,46.83000183105469,46.869998931884766,46.11000061035156,46.13999938964844,14922900
2016-04-04,34.05525588989258,46.88999938964844,46.93000030517578,46.5,46.84000015258789,10629800
2016-04-05,33.79379653930664,46.529998779296875,46.810001373291016,46.439998626708984,46.619998931884766,10696700
2016-04-06,33.92453384399414,46.709999084472656,46.72999954223633,46.380001068115234,46.56999969482422,9122700
2016-04-07,33.670326232910156,46.36000061035156,46.58000183105469,46.15999984741211,46.5,9292000
2016-04-08,34.040748596191406,46.869998931884766,46.97999954223633,46.439998626708984,46.439998626708984,11959300
2016-04-11,33.72843933105469,46.439998626708984,47.130001068115234,46.40999984741211,46.900001525878906,11880100
2016-04-12,33.88094711303711,46.650001525878906,46.7599983215332,46.349998474121094,46.40999984741211,11219100
2016-04-13,33.43791580200195,46.040000915527344,46.779998779296875,45.81999969482422,46.77000045776367,13234100
2016-04-14,33.285404205322266,45.83000183105469,46.220001220703125,45.75,46.060001373291016,12982200
2016-04-15,33.48149108886719,46.099998474121094,46.15999984741211,45.68000030517578,45.81999969482422,13647800
2016-04-18,33.568660736083984,46.220001220703125,46.279998779296875,45.81999969482422,46.099998474121094,11538100
2016-04-19,33.84463119506836,46.599998474121094,46.619998931884766,46.150001525878906,46.310001373291016,14418300
2016-04-20,32.22502517700195,44.369998931884766,45.380001068115234,44.060001373291016,45.34000015258789,40360300
2016-04-21,31.709381103515625,43.65999984741211,44.279998779296875,42.869998931884766,44.2599983215332,37206900
2016-04-22,32.348506927490234,44.540000915527344,44.65999984741211,43.790000915527344,43.790000915527344,25134200
2016-04-25,32.47196960449219,44.709999084472656,44.720001220703125,44.380001068115234,44.5,11173800
2016-04-26,32.341243743896484,44.529998779296875,44.959999084472656,44.43000030517578,44.91999816894531,13935500
2016-04-27,32.4501953125,44.68000030517578,44.86000061035156,44.25,44.63999938964844,11335500
2016-04-28,32.413875579833984,44.630001068115234,44.900001525878906,44.459999084472656,44.5,10932500
2016-04-29,32.53733825683594,44.79999923706055,44.86000061035156,44.5,44.529998779296875,11716000
2016-05-02,32.668067932128906,44.97999954223633,45.189998626708984,44.56999969482422,44.56999969482422,12577500
2016-05-03,32.566383361816406,44.84000015258789,45.06999969482422,44.650001525878906,44.869998931884766,10420500
2016-05-04,32.668067932128906,44.97999954223633,45.11000061035156,44.5099983215332,44.720001220703125,9350500
2016-05-05,32.726165771484375,45.060001373291016,45.4900016784668,44.869998931884766,44.93000030517578,8801100
2016-05-06,32.91499710083008,45.31999969482422,45.40999984741211,44.91999816894531,45.060001373291016,8564000
2016-05-09,32.85690689086914,45.2400016784668,45.5,45.16999816894531,45.31999969482422,8110600
2016-05-10,33.22731399536133,45.75,45.84000015258789,45.41999816894531,45.439998626708984,8933500
2016-05-11,33.016685485839844,45.459999084472656,45.880001068115234,45.45000076293945,45.72999954223633,8833100
2016-05-12,33.285404205322266,45.83000183105469,45.900001525878906,45.4900016784668,45.54999923706055,10463400
2016-05-13,32.93678665161133,45.349998474121094,45.83000183105469,45.22999954223633,45.75,10341200
2016-05-16,33.13288497924805,45.619998931884766,45.72999954223633,45.13999938964844,45.15999984741211,9413600
2016-05-17,32.50102996826172,44.75,45.560001373291016,44.709999084472656,45.45000076293945,17457000
2016-05-18,32.30491638183594,44.47999954223633,44.83000183105469,44.22999954223633,44.560001373291016,12524300
2016-05-19,32.188720703125,44.31999969482422,44.38999938964844,44.040000915527344,44.25,10659500
2016-05-20,31.92000961303711,43.95000076293945,44.540000915527344,43.939998626708984,44.5099983215332,12914100
2016-05-23,31.934528350830078,43.970001220703125,44.15999984741211,43.939998626708984,44.06999969482422,13554700
2016-05-24,32.22502517700195,44.369998931884766,44.41999816894531,44.0,44.099998474121094,12634200
2016-05-25,32.232295989990234,44.380001068115234,44.630001068115234,44.25,44.5099983215332,9218100
2016-05-26,32.45744323730469,44.689998626708984,44.77000045776367,44.439998626708984,44.529998779296875,8695800
2016-05-27,32.522804260253906,44.779998779296875,44.959999084472656,44.650001525878906,44.709999084472656,7893900
2016-05-31,32.39208221435547,44.599998474121094,44.97999954223633,44.2599983215332,44.97999954223633,18935200
2016-06-01,32.4647102355957,44.70000076293945,44.779998779296875,44.4900016784668,44.599998474121094,8916000
2016-06-02,32.47922897338867,44.720001220703125,44.720001220703125,44.5,44.70000076293945,6693900
2016-06-03,32.71164321899414,45.040000915527344,45.04999923706055,44.68000030517578,44.75,13434900
2016-06-06,32.95132064819336,45.369998931884766,45.47999954223633,45.08000183105469,45.09000015258789,10310600
2016-06-07,32.91499710083008,45.31999969482422,45.47999954223633,45.20000076293945,45.349998474121094,9812600
2016-06-08,33.08205032348633,45.54999923706055,45.65999984741211,45.189998626708984,45.2400016784668,7915400
2016-06-09,33.234554290771484,45.7599983215332,45.79999923706055,45.310001373291016,45.33000183105469,8042900
2016-06-10,33.4015998840332,45.9900016784668,46.0099983215332,45.560001373291016,45.619998931884766,12357000
2016-06-13,33.02104949951172,45.119998931884766,45.66999816894531,45.09000015258789,45.47999954223633,10613500
2016-06-14,32.96249771118164,45.040000915527344,45.130001068115234,44.439998626708984,44.849998474121094,11298200
2016-06-15,32.94054412841797,45.0099983215332,45.34000015258789,44.880001068115234,45.119998931884766,8360400
2016-06-16,33.160091400146484,45.310001373291016,45.34000015258789,44.720001220703125,44.869998931884766,11305400
2016-06-17,32.7795295715332,44.790000915527344,45.220001220703125,44.380001068115234,45.16999816894531,20805400
2016-06-20,32.9185905456543,44.97999954223633,45.310001373291016,44.959999084472656,45.09000015258789,10712400
2016-06-21,33.02836990356445,45.130001068115234,45.279998779296875,45.0,45.15999984741211,7919400
2016-06-22,32.83076858520508,44.86000061035156,45.33000183105469,44.810001373291016,45.25,10738900
2016-06-23,32.991783142089844,45.08000183105469,45.16999816894531,44.84000015258789,45.029998779296875,9655300
2016-06-24,32.150146484375,43.93000030517578,44.560001373291016,43.81999969482422,44.20000076293945,26003700
2016-06-27,32.040374755859375,43.779998779296875,43.88999938964844,43.31999969482422,43.66999816894531,15779500
2016-06-28,32.33311462402344,44.18000030517578,44.189998626708984,43.66999816894531,44.060001373291016,16509800
2016-06-29,32.52338790893555,44.439998626708984,44.709999084472656,44.2400016784668,44.38999938964844,12250900
2016-06-30,33.17473602294922,45.33000183105469,45.33000183105469,44.4900016784668,44.52000045776367,16056500
2016-07-01,33.02104949951172,45.119998931884766,45.40999984741211,45.06999969482422,45.33000183105469,11799700
2016-07-05,33.24791717529297,45.43000030517578,45.66999816894531,45.150001525878906,45.15999984741211,12339100
2016-07-06,33.13082504272461,45.27000045776367,45.54999923706055,44.91999816894531,45.5,10902600
2016-07-07,32.999088287353516,45.09000015258789,45.52000045776367,44.970001220703125,45.41999816894531,9741100
2016-07-08,33.211326599121094,45.380001068115234,45.52000045776367,45.06999969482422,45.29999923706055,11127100
2016-07-11,33.350379943847656,45.56999969482422,45.77000045776367,45.11000061035156,45.349998474121094,10937800
2016-07-12,33.35770034790039,45.58000183105469,45.709999084472656,45.18000030517578,45.63999938964844,9739000
2016-07-13,33.47480010986328,45.7400016784668,45.7599983215332,45.43000030517578,45.61000061035156,8028400
2016-07-14,33.43819808959961,45.689998626708984,45.939998626708984,45.58000183105469,45.72999954223633,7621200
2016-07-15,33.39429473876953,45.630001068115234,45.900001525878906,45.439998626708984,45.880001068115234,10621000
2016-07-18,33.39429473876953,45.630001068115234,45.70000076293945,45.47999954223633,45.689998626708984,7958300
2016-07-19,33.39429473876953,45.630001068115234,45.709999084472656,45.43000030517578,45.459999084472656,7761100
2016-07-20,33.30646896362305,45.5099983215332,45.77000045776367,45.38999938964844,45.75,8478200
2016-07-21,33.26255416870117,45.45000076293945,45.5099983215332,45.2599983215332,45.34000015258789,8045100
2016-07-22,33.54066467285156,45.83000183105469,45.84000015258789,45.459999084472656,45.5,8836100
2016-07-25,33.350379943847656,45.56999969482422,45.83000183105469,45.470001220703125,45.810001373291016,9134300
2016-07-26,32.84539794921875,44.880001068115234,45.650001525878906,44.83000183105469,45.529998779296875,15819900
2016-07-27,31.76226234436035,43.400001525878906,44.060001373291016,43.099998474121094,43.900001525878906,37461100
2016-07-28,31.945220947265625,43.650001525878906,43.689998626708984,43.220001220703125,43.27000045776367,13077800
2016-07-29,31.930587768554688,43.630001068115234,43.75,43.47999954223633,43.720001220703125,16530500
2016-08-01,31.798866271972656,43.45000076293945,43.83000183105469,43.43000030517578,43.689998626708984,12349700
2016-08-02,31.85740852355957,43.529998779296875,43.58000183105469,43.310001373291016,43.349998474121094,12825200
2016-08-03,31.937917709350586,43.63999938964844,43.70000076293945,43.369998931884766,43.65999984741211,12119100
2016-08-04,31.84276008605957,43.5099983215332,43.79999923706055,43.400001525878906,43.560001373291016,11244100
2016-08-05,31.820810317993164,43.47999954223633,43.75,43.40999984741211,43.650001525878906,10398200
2016-08-08,31.791532516479492,43.439998626708984,43.52000045776367,43.220001220703125,43.43000030517578,8680300
2016-08-09,31.81348419189453,43.470001220703125,43.63999938964844,43.380001068115234,43.5,7281300
2016-08-10,31.915966033935547,43.61000061035156,43.689998626708984,43.5,43.63999938964844,8412100
2016-08-11,32.01841354370117,43.75,43.869998931884766,43.619998931884766,43.720001220703125,11303300
2016-08-12,32.22333526611328,44.029998779296875,44.189998626708984,43.790000915527344,43.90999984741211,10928900
2016-08-15,32.37702178955078,44.2400016784668,44.33000183105469,44.0099983215332,44.099998474121094,10390600
2016-08-16,32.07695388793945,43.83000183105469,44.25,43.83000183105469,44.25,9706100
2016-08-17,32.24528121948242,44.060001373291016,44.06999969482422,43.779998779296875,44.0099983215332,11208500
2016-08-18,32.27456283569336,44.099998474121094,44.2599983215332,44.0,44.0099983215332,9144300
2016-08-19,32.14282989501953,43.91999816894531,44.060001373291016,43.7400016784668,44.04999923706055,9385900
2016-08-22,32.0110969543457,43.7400016784668,43.95000076293945,43.72999954223633,43.939998626708984,8687500
2016-08-23,32.09160232543945,43.849998474121094,43.97999954223633,43.7400016784668,43.849998474121094,8421100
2016-08-24,32.09160232543945,43.849998474121094,43.939998626708984,43.65999984741211,43.81999969482422,11508900
2016-08-25,31.959869384765625,43.66999816894531,43.939998626708984,43.630001068115234,43.849998474121094,9815700
2016-08-26,31.703716278076172,43.31999969482422,43.91999816894531,43.310001373291016,43.720001220703125,11824900
2016-08-29,31.864727020263672,43.540000915527344,43.61000061035156,43.33000183105469,43.34000015258789,9544600
2016-08-30,31.64516258239746,43.2400016784668,43.529998779296875,43.119998931884766,43.459999084472656,9720100
2016-08-31,31.78421401977539,43.43000030517578,43.459999084472656,43.08000183105469,43.43000030517578,10217900
2016-09-01,31.725669860839844,43.349998474121094,43.40999984741211,43.20000076293945,43.209999084472656,8457800
2016-09-02,31.952558517456055,43.65999984741211,43.83000183105469,43.470001220703125,43.52000045776367,9026000
2016-09-06,32.047698974609375,43.790000915527344,43.79999923706055,43.400001525878906,43.7400016784668,8600400
2016-09-07,31.937917709350586,43.63999938964844,43.79999923706055,43.529998779296875,43.720001220703125,8656600
2016-09-08,31.930587768554688,43.630001068115234,43.72999954223633,43.45000076293945,43.66999816894531,10020400
2016-09-09,30.93526268005371,42.27000045776367,43.43000030517578,42.27000045776367,43.43000030517578,23624200
2016-09-12,31.608579635620117,43.189998626708984,43.22999954223633,42.34000015258789,42.36000061035156,15932300
2016-09-13,31.195392608642578,42.279998779296875,42.77000045776367,42.209999084472656,42.77000045776367,12962700
2016-09-14,31.06996726989746,42.11000061035156,42.40999984741211,41.9900016784668,42.27000045776367,9823900
2016-09-15,31.25442123413086,42.36000061035156,42.38999938964844,41.880001068115234,42.0099983215332,10158500
2016-09-16,31.092092514038086,42.13999938964844,42.2599983215332,41.970001220703125,42.16999816894531,16354000
2016-09-19,31.062572479248047,42.099998474121094,42.369998931884766,42.08000183105469,42.15999984741211,7659900
2016-09-20,31.239660263061523,42.34000015258789,42.529998779296875,42.2400016784668,42.310001373291016,8407200
2016-09-21,31.379852294921875,42.529998779296875,42.61000061035156,42.099998474121094,42.279998779296875,13654700
2016-09-22,31.697120666503906,42.959999084472656,43.0099983215332,42.689998626708984,42.709999084472656,9288300
2016-09-23,31.53479766845703,42.7400016784668,42.939998626708984,42.650001525878906,42.810001373291016,8852700
2016-09-26,31.025686264038086,42.04999923706055,42.720001220703125,42.0099983215332,42.709999084472656,15036000
2016-09-27,31.424123764038086,42.59000015258789,42.630001068115234,42.0,42.189998626708984,11920400
2016-09-28,31.09947967529297,42.150001525878906,42.7599983215332,42.029998779296875,42.630001068115234,15523800
2016-09-29,31.010936737060547,42.029998779296875,42.38999938964844,41.849998474121094,42.02000045776367,12671700
2016-09-30,31.22490692138672,42.31999969482422,42.5,42.060001373291016,42.209999084472656,14375700
2016-10-03,31.010936737060547,42.029998779296875,42.310001373291016,41.88999938964844,42.310001373291016,11152800
2016-10-04,30.870742797851562,41.84000015258789,42.34000015258789,41.779998779296875,42.34000015258789,13682700
2016-10-05,30.84860610961914,41.810001373291016,42.06999969482422,41.66999816894531,41.93000030517578,9607300
2016-10-06,30.774829864501953,41.709999084472656,41.939998626708984,41.58000183105469,41.68000030517578,9722900
2016-10-07,30.78959083557129,41.72999954223633,41.939998626708984,41.56999969482422,41.83000183105469,8122800
2016-10-10,30.78959083557129,41.72999954223633,41.9900016784668,41.599998474121094,41.91999816894531,8983600
2016-10-11,30.649396896362305,41.540000915527344,41.70000076293945,41.400001525878906,41.65999984741211,12249100
2016-10-12,30.826486587524414,41.779998779296875,41.84000015258789,41.5,41.630001068115234,12216300
2016-10-13,30.811723709106445,41.7599983215332,41.88999938964844,41.5099983215332,41.650001525878906,17655600
2016-10-14,30.745311737060547,41.66999816894531,41.90999984741211,41.619998931884766,41.849998474121094,9893800
2016-10-17,30.693668365478516,41.599998474121094,41.86000061035156,41.56999969482422,41.72999954223633,10792500
2016-10-18,30.96666145324707,41.970001220703125,42.0,41.72999954223633,41.810001373291016,11297300
2016-10-19,31.025686264038086,42.04999923706055,42.119998931884766,41.810001373291016,41.93000030517578,16367400
2016-10-20,30.937149047851562,41.93000030517578,42.11000061035156,41.88999938964844,41.970001220703125,10620500
2016-10-21,31.0847225189209,42.130001068115234,42.16999816894531,41.68000030517578,41.849998474121094,14401500
2016-10-24,31.401981353759766,42.560001373291016,42.77000045776367,42.25,42.31999969482422,13439200
2016-10-25,31.387226104736328,42.540000915527344,42.880001068115234,42.43000030517578,42.63999938964844,16484700
2016-10-26,31.313426971435547,42.439998626708984,43.029998779296875,42.40999984741211,43.0,16886200
2016-10-27,31.077329635620117,42.119998931884766,42.650001525878906,41.900001525878906,42.630001068115234,14537000
2016-10-28,31.15850067138672,42.22999954223633,42.470001220703125,42.099998474121094,42.2599983215332,13398400
2016-10-31,31.283933639526367,42.400001525878906,42.40999984741211,42.119998931884766,42.119998931884766,13327500
2016-11-01,31.077329635620117,42.119998931884766,42.43000030517578,41.90999984741211,42.400001525878906,12223400
2016-11-02,31.025686264038086,42.04999923706055,42.34000015258789,42.0099983215332,42.099998474121094,12034300
2016-11-03,31.010936737060547,42.029998779296875,42.220001220703125,41.959999084472656,42.220001220703125,11258000
2016-11-04,30.760072708129883,41.689998626708984,42.040000915527344,41.689998626708984,41.849998474121094,14464200
2016-11-07,31.328203201293945,42.459999084472656,42.5,42.040000915527344,42.040000915527344,14038500
2016-11-08,31.638105392456055,42.880001068115234,42.97999954223633,42.369998931884766,42.369998931884766,12036600
2016-11-09,31.187999725341797,42.27000045776367,42.31999969482422,41.70000076293945,41.7599983215332,21351000
2016-11-10,30.206710815429688,40.939998626708984,42.2599983215332,40.849998474121094,41.86000061035156,33245500
2016-11-11,30.273096084594727,41.029998779296875,41.130001068115234,40.630001068115234,40.95000076293945,13421000
2016-11-14,30.376394271850586,41.16999816894531,41.41999816894531,40.849998474121094,41.130001068115234,19514200
2016-11-15,30.575618743896484,41.439998626708984,41.52000045776367,41.16999816894531,41.18000030517578,16554000
2016-11-16,30.442808151245117,41.2599983215332,41.650001525878906,41.15999984741211,41.400001525878906,12681400
2016-11-17,30.339509963989258,41.119998931884766,41.29999923706055,41.0,41.279998779296875,12398800
2016-11-18,30.18456268310547,40.90999984741211,41.20000076293945,40.900001525878906,41.029998779296875,16345300
2016-11-21,30.5165958404541,41.36000061035156,41.36000061035156,40.72999954223633,40.90999984741211,12307000
2016-11-22,30.52397918701172,41.369998931884766,41.70000076293945,41.2400016784668,41.45000076293945,12743500
2016-11-23,30.339509963989258,41.119998931884766,41.310001373291016,41.029998779296875,41.220001220703125,9281300
2016-11-25,30.64202117919922,41.529998779296875,41.58000183105469,41.2400016784668,41.38999938964844,7402300
2016-11-28,30.80434799194336,41.75,41.790000915527344,41.27000045776367,41.5099983215332,19424400
2016-11-29,30.618328094482422,41.150001525878906,41.52000045776367,41.13999938964844,41.52000045776367,11421900
2016-11-30,30.023067474365234,40.349998474121094,41.20000076293945,40.349998474121094,41.0,22410400
2016-12-01,29.889142990112305,40.16999816894531,40.38999938964844,39.880001068115234,40.310001373291016,20409900
2016-12-02,30.0305118560791,40.36000061035156,40.4900016784668,40.189998626708984,40.29999923706055,11176300
2016-12-05,30.22396469116211,40.619998931884766,40.689998626708984,40.310001373291016,40.34000015258789,15977800
2016-12-06,30.186769485473633,40.56999969482422,40.77000045776367,40.41999816894531,40.75,11303500
2016-12-07,30.72249984741211,41.290000915527344,41.290000915527344,40.5099983215332,40.540000915527344,13726500
2016-12-08,30.49183464050293,40.97999954223633,41.209999084472656,40.849998474121094,41.06999969482422,13077100
2016-12-09,31.250782012939453,42.0,42.220001220703125,41.290000915527344,41.5,28125800
2016-12-12,31.176380157470703,41.900001525878906,42.0099983215332,41.720001220703125,42.0,17561900
2016-12-13,31.072206497192383,41.7599983215332,41.959999084472656,41.540000915527344,41.720001220703125,18986000
2016-12-14,30.662982940673828,41.209999084472656,41.9900016784668,41.060001373291016,41.88999938964844,17937900
2016-12-15,30.91594886779785,41.54999923706055,41.810001373291016,41.099998474121094,41.099998474121094,14265300
2016-12-16,31.057327270507812,41.7400016784668,41.7599983215332,41.47999954223633,41.61000061035156,19675200
2016-12-19,31.005237579345703,41.66999816894531,41.79999923706055,41.58000183105469,41.689998626708984,8687300
2016-12-20,30.997802734375,41.65999984741211,41.720001220703125,41.439998626708984,41.70000076293945,10603500
2016-12-21,30.930831909179688,41.56999969482422,41.83000183105469,41.52000045776367,41.599998474121094,9693600
2016-12-22,30.91594886779785,41.54999923706055,41.619998931884766,41.08000183105469,41.56999969482422,11894100
2016-12-23,30.953149795532227,41.599998474121094,41.689998626708984,41.349998474121094,41.619998931884766,6436600
2016-12-27,30.96059799194336,41.61000061035156,41.7599983215332,41.540000915527344,41.560001373291016,6999200
2016-12-28,30.796899795532227,41.38999938964844,41.66999816894531,41.38999938964844,41.4900016784668,8988000
2016-12-29,30.953149795532227,41.599998474121094,41.689998626708984,41.380001068115234,41.380001068115234,6875300
2016-12-30,30.84899139404297,41.459999084472656,41.84000015258789,41.349998474121094,41.689998626708984,11470200
2017-01-03,31.101972579956055,41.79999923706055,41.810001373291016,41.279998779296875,41.5,14711000
2017-01-04,30.990365982055664,41.650001525878906,41.970001220703125,41.59000015258789,41.880001068115234,9959400
2017-01-05,31.064775466918945,41.75,41.86000061035156,41.529998779296875,41.65999984741211,8968300
2017-01-06,31.057327270507812,41.7400016784668,41.810001373291016,41.540000915527344,41.70000076293945,10246600
2017-01-09,30.74481201171875,41.31999969482422,41.58000183105469,41.209999084472656,41.22999954223633,14822500
2017-01-10,30.53647804260254,41.040000915527344,41.439998626708984,40.86000061035156,41.439998626708984,19706800
2017-01-11,30.543912887573242,41.04999923706055,41.119998931884766,40.83000183105469,40.849998474121094,9266200
2017-01-12,30.469518661499023,40.95000076293945,41.040000915527344,40.79999923706055,41.0099983215332,8541200
2017-01-13,30.41742706298828,40.880001068115234,41.040000915527344,40.689998626708984,41.0,8123500
2017-01-17,30.670408248901367,41.220001220703125,41.29999923706055,40.79999923706055,40.84000015258789,12469400
2017-01-18,30.72249984741211,41.290000915527344,41.380001068115234,41.13999938964844,41.25,10390500
2017-01-19,30.610868453979492,41.13999938964844,41.290000915527344,41.029998779296875,41.13999938964844,10987100
2017-01-20,30.74481201171875,41.31999969482422,41.439998626708984,41.130001068115234,41.27000045776367,14695400
2017-01-23,30.826663970947266,41.43000030517578,41.5,41.209999084472656,41.310001373291016,11628900
2017-01-24,31.176380157470703,41.900001525878906,41.970001220703125,41.470001220703125,41.470001220703125,17040100
2017-01-25,31.34005355834961,42.119998931884766,42.25,41.900001525878906,41.939998626708984,12538200
2017-01-26,31.109407424926758,41.810001373291016,42.11000061035156,41.790000915527344,42.029998779296875,8976800
2017-01-27,30.841548919677734,41.45000076293945,41.95000076293945,41.41999816894531,41.90999984741211,12967400
2017-01-30,30.78946876525879,41.380001068115234,41.47999954223633,41.209999084472656,41.29999923706055,11626200
2017-01-31,30.930831909179688,41.56999969482422,41.689998626708984,41.36000061035156,41.38999938964844,12678000
2017-02-01,30.700178146362305,41.2599983215332,41.65999984741211,41.25,41.52000045776367,11136100
2017-02-02,30.80434799194336,41.400001525878906,41.4900016784668,41.25,41.40999984741211,9459700
2017-02-03,30.908510208129883,41.540000915527344,41.790000915527344,41.459999084472656,41.58000183105469,11882400
2017-02-06,30.92339324951172,41.560001373291016,41.66999816894531,41.400001525878906,41.529998779296875,15742800
2017-02-07,31.176380157470703,41.900001525878906,41.97999954223633,41.66999816894531,41.70000076293945,13315200
2017-02-08,31.265674591064453,42.02000045776367,42.150001525878906,41.84000015258789,41.90999984741211,14219700
2017-02-09,30.692724227905273,41.25,42.02000045776367,40.720001220703125,42.02000045776367,27240300
2017-02-10,30.194210052490234,40.58000183105469,41.20000076293945,40.54999923706055,41.02000045776367,28847300
2017-02-13,30.22396469116211,40.619998931884766,40.83000183105469,40.5,40.77000045776367,23617100
2017-02-14,30.157001495361328,40.529998779296875,40.599998474121094,40.220001220703125,40.380001068115234,32177800
2017-02-15,30.090042114257812,40.439998626708984,40.630001068115234,40.400001525878906,40.41999816894531,26600800
2017-02-16,30.655521392822266,41.20000076293945,41.279998779296875,40.5,40.54999923706055,22214800
2017-02-17,30.677852630615234,41.22999954223633,41.36000061035156,41.04999923706055,41.130001068115234,15065100
2017-02-21,30.84899139404297,41.459999084472656,41.5,41.20000076293945,41.20000076293945,17072600
2017-02-22,30.953149795532227,41.599998474121094,41.68000030517578,41.400001525878906,41.5099983215332,11186800
2017-02-23,30.997802734375,41.65999984741211,42.0,41.619998931884766,41.66999816894531,12856800
2017-02-24,31.08709716796875,41.779998779296875,41.90999984741211,41.599998474121094,41.70000076293945,13215300
2017-02-27,31.005237579345703,41.66999816894531,41.75,41.59000015258789,41.75,12186400
2017-02-28,31.22101593017578,41.959999084472656,42.06999969482422,41.63999938964844,41.68000030517578,15946800
2017-03-01,31.369831085205078,42.15999984741211,42.349998474121094,41.880001068115234,42.0099983215332,14662000
2017-03-02,31.600505828857422,42.470001220703125,42.560001373291016,42.06999969482422,42.08000183105469,15507600
2017-03-03,31.607929229736328,42.47999954223633,42.4900016784668,42.25,42.470001220703125,11740000
2017-03-06,31.384721755981445,42.18000030517578,42.43000030517578,42.119998931884766,42.34000015258789,16307800
2017-03-07,31.24335479736328,41.9900016784668,42.2400016784668,41.95000076293945,42.0,11273700
2017-03-08,31.24335479736328,41.9900016784668,42.029998779296875,41.7400016784668,42.0,14636000
2017-03-09,31.273101806640625,42.029998779296875,42.11000061035156,41.91999816894531,42.09000015258789,14496400
2017-03-10,31.46656608581543,42.290000915527344,42.400001525878906,42.150001525878906,42.22999954223633,16369700
2017-03-13,31.549129486083984,42.029998779296875,42.119998931884766,41.84000015258789,41.91999816894531,12831500
2017-03-14,31.504093170166016,41.970001220703125,42.099998474121094,41.83000183105469,41.97999954223633,9844500
2017-03-15,31.616670608520508,42.119998931884766,42.279998779296875,41.970001220703125,41.97999954223633,22757800
2017-03-16,31.714265823364258,42.25,42.38999938964844,41.900001525878906,42.029998779296875,16004200
2017-03-17,31.549129486083984,42.029998779296875,42.349998474121094,42.0099983215332,42.279998779296875,37526500
2017-03-20,31.66173553466797,42.18000030517578,42.34000015258789,42.06999969482422,42.099998474121094,11484200
2017-03-21,31.90193748474121,42.5,42.630001068115234,42.209999084472656,42.310001373291016,17187300
2017-03-22,31.811861038208008,42.380001068115234,42.70000076293945,42.25,42.560001373291016,11605500
2017-03-23,31.654218673706055,42.16999816894531,42.38999938964844,42.060001373291016,42.209999084472656,11503300
2017-03-24,31.616670608520508,42.119998931884766,42.25,41.90999984741211,42.22999954223633,13804400
2017-03-27,31.766809463500977,42.31999969482422,42.34000015258789,42.04999923706055,42.11000061035156,12387400
2017-03-28,31.849382400512695,42.43000030517578,42.560001373291016,42.2400016784668,42.2400016784668,14123800
2017-03-29,31.841880798339844,42.41999816894531,42.529998779296875,42.290000915527344,42.5099983215332,9580100
2017-03-30,31.97698402404785,42.599998474121094,42.619998931884766,42.2599983215332,42.349998474121094,11999900
2017-03-31,31.85688591003418,42.439998626708984,42.650001525878906,42.43000030517578,42.54999923706055,11551800
2017-04-03,31.834373474121094,42.40999984741211,42.630001068115234,42.27000045776367,42.58000183105469,11240000
2017-04-04,32.037044525146484,42.68000030517578,42.689998626708984,42.369998931884766,42.5099983215332,10946200
2017-04-05,31.954484939575195,42.56999969482422,42.86000061035156,42.529998779296875,42.650001525878906,10142800
2017-04-06,32.02952575683594,42.66999816894531,42.7599983215332,42.470001220703125,42.58000183105469,14597800
2017-04-07,31.984506607055664,42.61000061035156,42.7400016784668,42.5099983215332,42.63999938964844,11028800
2017-04-10,32.0445442199707,42.689998626708984,42.79999923706055,42.560001373291016,42.72999954223633,9426900
2017-04-11,32.022037506103516,42.65999984741211,42.75,42.52000045776367,42.68000030517578,8909400
2017-04-12,32.232200622558594,42.939998626708984,42.9900016784668,42.5099983215332,42.540000915527344,13417200
2017-04-13,32.1196174621582,42.790000915527344,43.08000183105469,42.779998779296875,42.869998931884766,9891900
2017-04-17,32.329795837402344,43.06999969482422,43.06999969482422,42.779998779296875,42.790000915527344,11318100
2017-04-18,32.63754653930664,43.47999954223633,43.59000015258789,43.09000015258789,43.11000061035156,13181600
2017-04-19,32.44988250732422,43.22999954223633,43.790000915527344,43.189998626708984,43.7400016784668,13893100
2017-04-20,32.344818115234375,43.09000015258789,43.29999923706055,43.04999923706055,43.20000076293945,10838300
2017-04-21,32.329795837402344,43.06999969482422,43.099998474121094,42.88999938964844,42.97999954223633,13833800
2017-04-24,32.487422943115234,43.279998779296875,43.43000030517578,43.150001525878906,43.2400016784668,16703800
2017-04-25,32.35981750488281,43.11000061035156,43.43000030517578,42.81999969482422,42.849998474121094,18745100
2017-04-26,32.457393646240234,43.2400016784668,43.43000030517578,42.97999954223633,43.060001373291016,13626600
2017-04-27,32.28475570678711,43.0099983215332,43.279998779296875,42.91999816894531,43.16999816894531,10386200
2017-04-28,32.38984680175781,43.150001525878906,43.20000076293945,42.849998474121094,42.959999084472656,10337800
2017-05-01,32.4423828125,43.220001220703125,43.5,43.099998474121094,43.150001525878906,13208200
2017-05-02,32.56999969482422,43.38999938964844,43.439998626708984,43.15999984741211,43.220001220703125,11823900
2017-05-03,32.517452239990234,43.31999969482422,43.4900016784668,43.150001525878906,43.33000183105469,10389000
2017-05-04,32.772674560546875,43.65999984741211,43.810001373291016,43.400001525878906,43.41999816894531,10193100
2017-05-05,32.795188903808594,43.689998626708984,43.84000015258789,43.560001373291016,43.790000915527344,8133000
2017-05-08,32.94530487060547,43.88999938964844,43.90999984741211,43.540000915527344,43.59000015258789,14284300
2017-05-09,32.660072326660156,43.5099983215332,43.88999938964844,43.380001068115234,43.88999938964844,8694400
2017-05-10,32.705116271972656,43.56999969482422,43.619998931884766,43.36000061035156,43.47999954223633,7597700
2017-05-11,32.780174255371094,43.66999816894531,43.68000030517578,43.43000030517578,43.4900016784668,6860100
2017-05-12,32.720123291015625,43.59000015258789,43.68000030517578,43.459999084472656,43.63999938964844,7275800
2017-05-15,32.82521438598633,43.72999954223633,43.7599983215332,43.459999084472656,43.459999084472656,8493000
2017-05-16,32.915283203125,43.849998474121094,44.11000061035156,43.77000045776367,43.869998931884766,10454100
2017-05-17,32.975341796875,43.93000030517578,44.16999816894531,43.709999084472656,43.849998474121094,14538800
2017-05-18,32.877750396728516,43.79999923706055,43.959999084472656,43.63999938964844,43.869998931884766,13832200
2017-05-19,32.95280456542969,43.900001525878906,44.0,43.7599983215332,43.849998474121094,11796800
2017-05-22,33.16300582885742,44.18000030517578,44.220001220703125,43.810001373291016,43.88999938964844,12857900
2017-05-23,33.320640563964844,44.38999938964844,44.599998474121094,44.209999084472656,44.25,11996100
2017-05-24,33.8010368347168,45.029998779296875,45.09000015258789,44.5099983215332,44.5099983215332,12738300
2017-05-25,34.086265563964844,45.40999984741211,45.47999954223633,44.970001220703125,45.0,16704200
2017-05-26,34.07126235961914,45.38999938964844,45.560001373291016,45.33000183105469,45.349998474121094,11341400
2017-05-30,34.101287841796875,45.43000030517578,45.459999084472656,45.11000061035156,45.15999984741211,13093500
2017-05-31,34.131317138671875,45.470001220703125,45.70000076293945,45.369998931884766,45.43000030517578,14148000
2017-06-01,34.37150192260742,45.790000915527344,45.790000915527344,45.22999954223633,45.45000076293945,11049300
2017-06-02,34.44657897949219,45.88999938964844,45.88999938964844,45.61000061035156,45.83000183105469,9923700
2017-06-05,34.52163314819336,45.9900016784668,45.9900016784668,45.689998626708984,45.779998779296875,10015200
2017-06-06,34.514122009277344,45.97999954223633,46.060001373291016,45.779998779296875,45.900001525878906,9836700
2017-06-07,34.16133499145508,45.5099983215332,45.70000076293945,45.349998474121094,45.5,12776300
2017-06-08,33.876102447509766,45.130001068115234,45.5099983215332,45.029998779296875,45.5099983215332,12879000
2017-06-09,34.01871109008789,45.31999969482422,45.349998474121094,44.970001220703125,45.060001373291016,9358800
2017-06-12,34.02621841430664,45.33000183105469,45.47999954223633,45.20000076293945,45.31999969482422,11228500
2017-06-13,34.079200744628906,45.029998779296875,45.11000061035156,44.79999923706055,45.0,10023400
2017-06-14,34.283538818359375,45.29999923706055,45.470001220703125,45.15999984741211,45.18000030517578,11497500
2017-06-15,34.245704650878906,45.25,45.34000015258789,45.040000915527344,45.18000030517578,9908700
2017-06-16,34.29110336303711,45.310001373291016,45.349998474121094,45.0099983215332,45.310001373291016,27025300
2017-06-19,34.344085693359375,45.380001068115234,45.380001068115234,45.099998474121094,45.349998474121094,7624700
2017-06-20,34.51815414428711,45.61000061035156,45.869998931884766,45.31999969482422,45.349998474121094,14920900
2017-06-21,34.222991943359375,45.220001220703125,45.68000030517578,45.16999816894531,45.619998931884766,9515800
2017-06-22,34.10948181152344,45.06999969482422,45.279998779296875,45.029998779296875,45.16999816894531,7446300
2017-06-23,34.245704650878906,45.25,45.380001068115234,45.029998779296875,45.04999923706055,9544800
2017-06-26,34.38192367553711,45.43000030517578,45.5099983215332,45.29999923706055,45.31999969482422,7747100
2017-06-27,34.0943489074707,45.04999923706055,45.400001525878906,45.0,45.34000015258789,11432200
2017-06-28,34.298675537109375,45.31999969482422,45.5,45.22999954223633,45.25,9218800
2017-06-29,33.92782974243164,44.83000183105469,45.2400016784668,44.650001525878906,45.130001068115234,9283500
2017-06-30,33.9429817199707,44.849998474121094,45.119998931884766,44.849998474121094,44.88999938964844,9352800
2017-07-03,33.87486267089844,44.7599983215332,45.27000045776367,44.7599983215332,45.11000061035156,6434500
2017-07-05,33.9202766418457,44.81999969482422,44.9900016784668,44.72999954223633,44.790000915527344,6853600
2017-07-06,33.602413177490234,44.400001525878906,44.849998474121094,44.290000915527344,44.720001220703125,13113000
2017-07-07,33.59484100341797,44.38999938964844,44.52000045776367,44.2400016784668,44.470001220703125,9566000
2017-07-10,33.5872802734375,44.380001068115234,44.58000183105469,44.22999954223633,44.45000076293945,9672000
2017-07-11,33.549434661865234,44.33000183105469,44.47999954223633,44.150001525878906,44.31999969482422,10300700
2017-07-12,33.68565368652344,44.5099983215332,44.77000045776367,44.439998626708984,44.59000015258789,7737400
2017-07-13,33.6251220703125,44.43000030517578,44.529998779296875,44.369998931884766,44.4900016784668,6371900
2017-07-14,33.814308166503906,44.68000030517578,44.720001220703125,44.5,44.52000045776367,8558700
2017-07-17,33.8521614074707,44.72999954223633,44.790000915527344,44.61000061035156,44.65999984741211,7189200
2017-07-18,33.80674362182617,44.66999816894531,44.849998474121094,44.619998931884766,44.779998779296875,9037200
2017-07-19,33.92782974243164,44.83000183105469,44.84000015258789,44.54999923706055,44.66999816894531,6986900
2017-07-20,33.9202766418457,44.81999969482422,44.97999954223633,44.75,44.900001525878906,7430300
2017-07-21,34.079200744628906,45.029998779296875,45.06999969482422,44.66999816894531,44.779998779296875,8545600
2017-07-24,33.93539810180664,44.84000015258789,45.04999923706055,44.83000183105469,45.040000915527344,9103600
2017-07-25,34.23813247680664,45.2400016784668,45.290000915527344,44.939998626708984,45.02000045776367,14096300
2017-07-26,34.616539001464844,45.7400016784668,45.790000915527344,44.310001373291016,44.54999923706055,13608900
2017-07-27,34.904117584228516,46.119998931884766,46.43000030517578,45.70000076293945,45.79999923706055,15195200
2017-07-28,34.82088088989258,46.0099983215332,46.119998931884766,45.72999954223633,46.0,11945300
2017-07-31,34.69220733642578,45.84000015258789,46.08000183105469,45.790000915527344,46.0,13622900
2017-08-01,34.58626174926758,45.70000076293945,46.060001373291016,45.650001525878906,45.970001220703125,10306800
2017-08-02,34.503013610839844,45.59000015258789,46.0,45.380001068115234,45.599998474121094,10187900
2017-08-03,34.56355285644531,45.66999816894531,45.95000076293945,45.630001068115234,45.650001525878906,14261400
2017-08-04,34.43490219116211,45.5,45.7599983215332,45.470001220703125,45.66999816894531,9523600
2017-08-07,34.54085922241211,45.63999938964844,45.7599983215332,45.5,45.52000045776367,6226300
2017-08-08,34.51057815551758,45.599998474121094,45.81999969482422,45.54999923706055,45.63999938964844,5747900
2017-08-09,34.503013610839844,45.59000015258789,45.65999984741211,45.33000183105469,45.560001373291016,9635300
2017-08-10,34.616539001464844,45.7400016784668,45.84000015258789,45.459999084472656,45.560001373291016,8901600
2017-08-11,34.503013610839844,45.59000015258789,45.900001525878906,45.56999969482422,45.86000061035156,8357600
2017-08-14,34.66194152832031,45.79999923706055,45.939998626708984,45.619998931884766,45.66999816894531,8421200
2017-08-15,34.95709228515625,46.189998626708984,46.25,45.79999923706055,45.79999923706055,9638100
2017-08-16,34.96467971801758,46.20000076293945,46.34000015258789,46.119998931884766,46.150001525878906,8087300
2017-08-17,34.70734405517578,45.86000061035156,46.33000183105469,45.849998474121094,46.119998931884766,8477000
2017-08-18,34.56355285644531,45.66999816894531,45.900001525878906,45.630001068115234,45.79999923706055,10879800
2017-08-21,34.57112503051758,45.68000030517578,45.79999923706055,45.560001373291016,45.66999816894531,9429700
2017-08-22,34.51057815551758,45.599998474121094,45.75,45.540000915527344,45.70000076293945,10536700
2017-08-23,34.465171813964844,45.540000915527344,45.65999984741211,45.439998626708984,45.630001068115234,6528400
2017-08-24,34.36679458618164,45.40999984741211,45.61000061035156,45.310001373291016,45.540000915527344,7534400
2017-08-25,34.48786926269531,45.56999969482422,45.7599983215332,45.560001373291016,45.599998474121094,8807100
2017-08-28,34.37436294555664,45.41999816894531,45.689998626708984,45.380001068115234,45.630001068115234,8024000
2017-08-29,34.39706039428711,45.45000076293945,45.56999969482422,45.25,45.400001525878906,7762200
2017-08-30,34.35165023803711,45.38999938964844,45.540000915527344,45.290000915527344,45.36000061035156,7134900
2017-08-31,34.472747802734375,45.54999923706055,45.650001525878906,45.34000015258789,45.400001525878906,14264600
2017-09-01,34.64680099487305,45.779998779296875,45.79999923706055,45.540000915527344,45.63999938964844,7391200
2017-09-05,34.75275802612305,45.91999816894531,45.93000030517578,45.650001525878906,45.75,9916700
2017-09-06,34.78303146362305,45.959999084472656,46.040000915527344,45.790000915527344,45.97999954223633,9238900
2017-09-07,35.02521896362305,46.279998779296875,46.31999969482422,45.959999084472656,46.0099983215332,9418400
2017-09-08,35.04035186767578,46.29999923706055,46.369998931884766,46.02000045776367,46.189998626708984,10534900
2017-09-11,35.206851959228516,46.52000045776367,46.59000015258789,46.220001220703125,46.349998474121094,10430300
2017-09-12,35.358211517333984,46.720001220703125,46.75,46.45000076293945,46.5,8567600
2017-09-13,35.471736907958984,46.869998931884766,46.97999954223633,46.650001525878906,46.68000030517578,10218000
2017-09-14,35.174217224121094,46.11000061035156,46.470001220703125,45.939998626708984,46.400001525878906,13768800
2017-09-15,35.227630615234375,46.18000030517578,46.36000061035156,46.0,46.29999923706055,16141400
2017-09-18,35.174217224121094,46.11000061035156,46.2400016784668,45.90999984741211,46.150001525878906,8535300
2017-09-19,35.0750617980957,45.97999954223633,46.189998626708984,45.88999938964844,46.13999938964844,7297900
2017-09-20,34.922481536865234,45.779998779296875,46.150001525878906,45.54999923706055,45.7599983215332,11026600
2017-09-21,34.632625579833984,45.400001525878906,45.790000915527344,45.36000061035156,45.709999084472656,7555300
2017-09-22,34.70126724243164,45.4900016784668,45.630001068115234,45.369998931884766,45.45000076293945,8024800
2017-09-25,34.85382843017578,45.689998626708984,45.7599983215332,45.349998474121094,45.5,9215300
2017-09-26,34.762298583984375,45.56999969482422,45.869998931884766,45.560001373291016,45.689998626708984,6480100
2017-09-27,34.052852630615234,44.63999938964844,45.5,44.380001068115234,45.470001220703125,14816200
2017-09-28,34.258827209472656,44.90999984741211,45.0,44.650001525878906,44.66999816894531,8789500
2017-09-29,34.33510971069336,45.0099983215332,45.11000061035156,44.790000915527344,44.86000061035156,10082200
2017-10-02,34.17491912841797,44.79999923706055,45.27000045776367,44.75,45.04999923706055,10707800
2017-10-03,34.47242736816406,45.189998626708984,45.2599983215332,44.7599983215332,44.86000061035156,12038100
2017-10-04,34.70890426635742,45.5,45.560001373291016,44.939998626708984,45.11000061035156,14060300
2017-10-05,34.72415542602539,45.52000045776367,45.75,45.5,45.5099983215332,10215300
2017-10-06,34.70126724243164,45.4900016784668,45.52000045776367,45.279998779296875,45.38999938964844,5437900
2017-10-09,34.64024353027344,45.40999984741211,45.650001525878906,45.34000015258789,45.54999923706055,5268300
2017-10-10,34.99114990234375,45.869998931884766,45.900001525878906,45.529998779296875,45.599998474121094,6310400
2017-10-11,35.166603088378906,46.099998474121094,46.099998474121094,45.869998931884766,45.880001068115234,6638200
2017-10-12,35.174217224121094,46.11000061035156,46.13999938964844,45.939998626708984,45.97999954223633,7710200
2017-10-13,35.227630615234375,46.18000030517578,46.380001068115234,46.150001525878906,46.25,7126000
2017-10-16,35.563270568847656,46.619998931884766,46.75,46.099998474121094,46.119998931884766,12708600
2017-10-17,35.486995697021484,46.52000045776367,46.630001068115234,46.310001373291016,46.529998779296875,7699400
2017-10-18,35.39545822143555,46.400001525878906,46.540000915527344,46.2400016784668,46.40999984741211,6272200
2017-10-19,35.54038619995117,46.59000015258789,46.790000915527344,46.31999969482422,46.369998931884766,7515500
2017-10-20,35.380191802978516,46.380001068115234,46.59000015258789,46.279998779296875,46.58000183105469,9646800
2017-10-23,35.33442306518555,46.31999969482422,46.650001525878906,46.22999954223633,46.380001068115234,7153600
2017-10-24,35.227630615234375,46.18000030517578,46.290000915527344,45.95000076293945,46.2599983215332,9539500
2017-10-25,35.12845993041992,46.04999923706055,46.7599983215332,45.93000030517578,46.369998931884766,11994200
2017-10-26,35.2657585144043,46.22999954223633,46.75,46.220001220703125,46.31999969482422,10569100
2017-10-27,35.143699645996094,46.06999969482422,46.33000183105469,45.90999984741211,46.130001068115234,9988000
2017-10-30,34.98351287841797,45.86000061035156,46.06999969482422,45.81999969482422,46.0,7201900
2017-10-31,35.0750617980957,45.97999954223633,46.16999816894531,45.84000015258789,45.91999816894531,6560500
2017-11-01,34.93775177001953,45.79999923706055,46.09000015258789,45.630001068115234,45.75,7067600
2017-11-02,34.998775482177734,45.880001068115234,45.95000076293945,45.75,45.810001373291016,8317800
2017-11-03,35.067440032958984,45.970001220703125,46.15999984741211,45.91999816894531,45.970001220703125,4730400
2017-11-06,34.686012268066406,45.470001220703125,45.91999816894531,45.41999816894531,45.90999984741211,7451300
2017-11-07,35.044551849365234,45.939998626708984,45.95000076293945,45.310001373291016,45.40999984741211,9868000
2017-11-08,35.227630615234375,46.18000030517578,46.189998626708984,45.869998931884766,45.97999954223633,7586900
2017-11-09,35.2657585144043,46.22999954223633,46.38999938964844,46.02000045776367,46.119998931884766,6532400
2017-11-10,35.50224685668945,46.540000915527344,46.63999938964844,46.13999938964844,46.20000076293945,8022900
2017-11-13,35.639564514160156,46.720001220703125,46.81999969482422,46.540000915527344,46.599998474121094,7653600
2017-11-14,36.18115997314453,47.43000030517578,47.47999954223633,46.619998931884766,46.709999084472656,17200700
2017-11-15,35.70820617675781,46.810001373291016,47.459999084472656,46.779998779296875,47.31999969482422,12419100
2017-11-16,35.5098762512207,46.54999923706055,46.97999954223633,46.5099983215332,46.95000076293945,12506400
2017-11-17,34.86909866333008,45.709999084472656,46.380001068115234,45.25,46.34000015258789,19720700
2017-11-20,34.67837905883789,45.459999084472656,45.880001068115234,45.41999816894531,45.650001525878906,19160900
2017-11-21,34.922481536865234,45.779998779296875,45.95000076293945,45.540000915527344,45.560001373291016,10280800
2017-11-22,34.968265533447266,45.84000015258789,45.93000030517578,45.540000915527344,45.88999938964844,8434400
2017-11-24,34.998775482177734,45.880001068115234,46.04999923706055,45.86000061035156,45.88999938964844,2996300
2017-11-27,35.0140266418457,45.900001525878906,45.9900016784668,45.810001373291016,45.880001068115234,5649200
2017-11-28,34.96063232421875,45.83000183105469,46.150001525878906,45.779998779296875,45.9900016784668,8432800
2017-11-29,34.70890426635742,45.5,45.81999969482422,45.209999084472656,45.77000045776367,16502100
2017-11-30,35.20111083984375,45.77000045776367,45.84000015258789,45.029998779296875,45.13999938964844,17147600
2017-12-01,35.35493469238281,45.970001220703125,46.02000045776367,45.209999084472656,45.79999923706055,12468800
2017-12-04,35.554901123046875,46.22999954223633,46.380001068115234,45.77000045776367,45.9900016784668,17523600
2017-12-05,35.57795715332031,46.2599983215332,46.439998626708984,46.060001373291016,46.25,13670800
2017-12-06,35.72410202026367,46.45000076293945,46.47999954223633,46.2599983215332,46.36000061035156,8154000
2017-12-07,35.208805084228516,45.779998779296875,46.31999969482422,45.720001220703125,46.290000915527344,9106500
2017-12-08,34.84733200073242,45.310001373291016,45.72999954223633,45.04999923706055,45.70000076293945,13238600
2017-12-11,34.86271286010742,45.33000183105469,45.40999984741211,44.91999816894531,45.310001373291016,9698700
2017-12-12,34.83195114135742,45.290000915527344,45.52000045776367,45.060001373291016,45.25,13999300
2017-12-13,35.30110168457031,45.900001525878906,46.04999923706055,45.400001525878906,45.45000076293945,12418700
2017-12-14,35.40108108520508,46.029998779296875,46.16999816894531,45.79999923706055,45.810001373291016,9029000
2017-12-15,35.52413558959961,46.189998626708984,46.41999816894531,46.040000915527344,46.290000915527344,21181600
2017-12-18,35.32417297363281,45.93000030517578,46.380001068115234,45.90999984741211,46.20000076293945,10156800
2017-12-19,35.477996826171875,46.130001068115234,46.380001068115234,45.90999984741211,46.040000915527344,8253200
2017-12-20,35.43954849243164,46.08000183105469,46.29999923706055,45.959999084472656,46.209999084472656,7311000
2017-12-21,35.070369720458984,45.599998474121094,46.220001220703125,45.560001373291016,46.13999938964844,9657100
2017-12-22,35.06267547607422,45.59000015258789,45.72999954223633,45.54999923706055,45.689998626708984,5406300
2017-12-26,35.23188018798828,45.810001373291016,45.86000061035156,45.61000061035156,45.70000076293945,6100400
2017-12-27,35.32417297363281,45.93000030517578,45.939998626708984,45.720001220703125,45.900001525878906,5660600
2017-12-28,35.162654876708984,45.720001220703125,45.9900016784668,45.63999938964844,45.90999984741211,6538900
2017-12-29,35.28571319580078,45.880001068115234,46.18000030517578,45.689998626708984,45.70000076293945,8371500
2018-01-02,35.02421951293945,45.540000915527344,45.939998626708984,45.5099983215332,45.90999984741211,10872200
2018-01-03,34.94731521606445,45.439998626708984,45.689998626708984,45.34000015258789,45.4900016784668,12635600
2018-01-04,35.43954849243164,46.08000183105469,46.220001220703125,45.45000076293945,45.560001373291016,12709400
2018-01-05,35.431846618652344,46.06999969482422,46.20000076293945,45.790000915527344,46.02000045776367,13113100
2018-01-08,35.37800598144531,46.0,46.099998474121094,45.880001068115234,45.95000076293945,7068600
2018-01-09,35.554901123046875,46.22999954223633,46.36000061035156,45.939998626708984,46.0,9962400
2018-01-10,35.431846618652344,46.06999969482422,46.2599983215332,45.93000030517578,46.22999954223633,10700700
2018-01-11,35.40876770019531,46.040000915527344,46.22999954223633,45.86000061035156,46.22999954223633,7583200
2018-01-12,35.493370056152344,46.150001525878906,46.38999938964844,46.029998779296875,46.279998779296875,14570100
2018-01-16,35.78561782836914,46.529998779296875,46.619998931884766,46.13999938964844,46.150001525878906,16459300
2018-01-17,36.008663177490234,46.81999969482422,47.0,46.54999923706055,46.58000183105469,12143100
2018-01-18,36.054805755615234,46.880001068115234,47.06999969482422,46.61000061035156,46.75,11952900
2018-01-19,36.270137786865234,47.15999984741211,47.25,46.869998931884766,46.9900016784668,16187400
2018-01-22,36.43935775756836,47.380001068115234,47.5,47.09000015258789,47.13999938964844,9577400
2018-01-23,36.49318313598633,47.45000076293945,47.70000076293945,47.130001068115234,47.209999084472656,11463700
2018-01-24,36.785430908203125,47.83000183105469,47.95000076293945,47.47999954223633,47.529998779296875,15964500
2018-01-25,36.79312515258789,47.84000015258789,48.0,47.70000076293945,47.70000076293945,11755000
2018-01-26,37.323787689208984,48.529998779296875,48.619998931884766,47.7400016784668,47.779998779296875,16671200
2018-01-29,36.685455322265625,47.70000076293945,48.459999084472656,47.58000183105469,48.209999084472656,11662600
2018-01-30,36.46240997314453,47.40999984741211,48.15999984741211,47.400001525878906,47.72999954223633,12404800
2018-01-31,36.60086441040039,47.59000015258789,47.900001525878906,47.369998931884766,47.45000076293945,10960100
2018-02-01,36.49318313598633,47.45000076293945,47.72999954223633,47.11000061035156,47.40999984741211,10279400
2018-02-02,35.93943786621094,46.72999954223633,47.40999984741211,46.630001068115234,47.349998474121094,12912300
2018-02-05,34.524322509765625,44.88999938964844,46.91999816894531,44.40999984741211,46.650001525878906,23261500
2018-02-06,34.3551139831543,44.66999816894531,44.7400016784668,43.439998626708984,43.869998931884766,25184300
2018-02-07,34.270511627197266,44.560001373291016,45.5,44.279998779296875,44.58000183105469,18041600
2018-02-08,33.14765930175781,43.099998474121094,44.619998931884766,43.06999969482422,44.619998931884766,23295300
2018-02-09,33.17072677612305,43.130001068115234,43.459999084472656,42.189998626708984,43.36000061035156,22853100
2018-02-12,33.81676483154297,43.970001220703125,44.22999954223633,43.369998931884766,43.560001373291016,14689000
2018-02-13,33.98595428466797,44.189998626708984,44.40999984741211,43.689998626708984,43.91999816894531,13163200
2018-02-14,33.916744232177734,44.099998474121094,44.189998626708984,43.630001068115234,44.02000045776367,13457900
2018-02-15,34.43972396850586,44.779998779296875,44.83000183105469,44.119998931884766,44.25,13467300
2018-02-16,34.593536376953125,44.97999954223633,45.63999938964844,44.720001220703125,45.56999969482422,17202300
2018-02-20,33.8321418762207,43.9900016784668,44.83000183105469,43.939998626708984,44.75,14137300
2018-02-21,33.332237243652344,43.34000015258789,44.2599983215332,43.33000183105469,44.11000061035156,12792900
2018-02-22,33.47067642211914,43.52000045776367,43.81999969482422,43.220001220703125,43.43000030517578,12377800
2018-02-23,33.87059020996094,44.040000915527344,44.060001373291016,43.41999816894531,43.58000183105469,8277200
2018-02-26,33.8629035949707,44.029998779296875,44.38999938964844,43.810001373291016,44.22999954223633,12713300
2018-02-27,33.54758071899414,43.619998931884766,44.310001373291016,43.619998931884766,44.150001525878906,12774400
2018-02-28,33.23994064331055,43.220001220703125,43.90999984741211,43.220001220703125,43.83000183105469,11929400
2018-03-01,33.40144729614258,43.43000030517578,43.63999938964844,42.81999969482422,43.099998474121094,17746800
2018-03-02,33.624481201171875,43.720001220703125,43.79999923706055,43.2400016784668,43.25,14050100
2018-03-05,33.75522994995117,43.88999938964844,43.939998626708984,43.5,43.56999969482422,11992700
2018-03-06,33.78600311279297,43.93000030517578,44.04999923706055,43.59000015258789,43.95000076293945,10010500
2018-03-07,33.70138168334961,43.81999969482422,43.91999816894531,43.470001220703125,43.59000015258789,10881700
2018-03-08,34.1859130859375,44.45000076293945,44.459999084472656,43.79999923706055,43.900001525878906,12361100
2018-03-09,34.470489501953125,44.81999969482422,44.81999969482422,44.38999938964844,44.56999969482422,9778600
2018-03-12,34.24745559692383,44.529998779296875,45.09000015258789,44.33000183105469,44.95000076293945,11857700
2018-03-13,34.278202056884766,44.56999969482422,44.83000183105469,44.400001525878906,44.66999816894531,11342100
2018-03-14,33.967857360839844,43.779998779296875,44.43000030517578,43.72999954223633,44.380001068115234,15321200
2018-03-15,33.882503509521484,43.66999816894531,44.0,43.54999923706055,43.880001068115234,12456700
2018-03-16,33.71957778930664,43.459999084472656,44.02000045776367,43.45000076293945,43.70000076293945,26603300
2018-03-19,33.56440353393555,43.2599983215332,43.709999084472656,43.18000030517578,43.459999084472656,12380300
2018-03-20,33.486812591552734,43.15999984741211,43.47999954223633,43.0099983215332,43.31999969482422,13559800
2018-03-21,33.362674713134766,43.0,43.45000076293945,42.790000915527344,43.130001068115234,13054000
2018-03-22,33.17646789550781,42.7599983215332,43.369998931884766,42.70000076293945,42.880001068115234,12274100
2018-03-23,32.84283447265625,42.33000183105469,43.15999984741211,42.290000915527344,42.81999969482422,13475200
2018-03-26,33.12215805053711,42.689998626708984,42.810001373291016,42.25,42.61000061035156,11276100
2018-03-27,33.2773323059082,42.88999938964844,43.310001373291016,42.529998779296875,42.70000076293945,11627000
2018-03-28,33.61095428466797,43.31999969482422,43.70000076293945,43.0,43.0,16277400
2018-03-29,33.6962890625,43.43000030517578,43.91999816894531,43.290000915527344,43.540000915527344,10450500
2018-04-02,33.10662841796875,42.66999816894531,43.5,42.470001220703125,43.439998626708984,14207900
2018-04-03,33.65750503540039,43.380001068115234,43.540000915527344,42.84000015258789,42.97999954223633,15484600
2018-04-04,34.32476806640625,44.2400016784668,44.400001525878906,43.11000061035156,43.13999938964844,13563300
2018-04-05,34.44889450073242,44.400001525878906,44.61000061035156,43.939998626708984,44.279998779296875,11707800
2018-04-06,34.07647705078125,43.91999816894531,44.52000045776367,43.709999084472656,44.279998779296875,11495100
2018-04-09,34.006649017333984,43.83000183105469,44.310001373291016,43.779998779296875,44.029998779296875,11913400
2018-04-10,34.130802154541016,43.9900016784668,44.18000030517578,43.720001220703125,44.06999969482422,10379500
2018-04-11,34.130802154541016,43.9900016784668,44.13999938964844,43.7599983215332,43.810001373291016,8424300
2018-04-12,34.16182327270508,44.029998779296875,44.40999984741211,43.95000076293945,44.08000183105469,8476400
2018-04-13,34.53425598144531,44.5099983215332,44.689998626708984,44.13999938964844,44.189998626708984,10774200
2018-04-16,34.6661376953125,44.68000030517578,44.88999938964844,44.400001525878906,44.650001525878906,8962100
2018-04-17,34.821327209472656,44.880001068115234,45.029998779296875,44.650001525878906,44.95000076293945,8406400
2018-04-18,34.53425598144531,44.5099983215332,44.970001220703125,44.33000183105469,44.900001525878906,7429000
2018-04-19,34.37907791137695,44.310001373291016,44.470001220703125,44.02000045776367,44.34000015258789,10370400
2018-04-20,33.936832427978516,43.7400016784668,44.40999984741211,43.58000183105469,44.310001373291016,14690700
2018-04-23,34.1230354309082,43.97999954223633,43.9900016784668,43.560001373291016,43.7400016784668,11878500
2018-04-24,33.41699981689453,43.06999969482422,44.099998474121094,42.72999954223633,43.97999954223633,18523900
2018-04-25,32.920433044433594,42.43000030517578,42.88999938964844,41.90999984741211,42.7400016784668,20774700
2018-04-26,33.1687126159668,42.75,43.099998474121094,42.2599983215332,42.400001525878906,13561000
2018-04-27,33.60319900512695,43.310001373291016,43.34000015258789,42.709999084472656,42.72999954223633,9777900
2018-04-30,33.52560806274414,43.209999084472656,43.689998626708984,42.970001220703125,43.5,16037700
2018-05-01,33.04457092285156,42.59000015258789,42.9900016784668,42.18000030517578,42.959999084472656,11514200
2018-05-02,32.63335418701172,42.060001373291016,42.59000015258789,41.939998626708984,42.400001525878906,13736400
2018-05-03,32.5014533996582,41.88999938964844,42.400001525878906,41.52000045776367,42.220001220703125,18352200
2018-05-04,32.866111755371094,42.36000061035156,42.5,41.77000045776367,41.790000915527344,10946200
2018-05-07,32.69541549682617,42.13999938964844,42.4900016784668,41.959999084472656,42.34000015258789,9336000
2018-05-08,32.43938446044922,41.810001373291016,42.09000015258789,41.689998626708984,41.970001220703125,15062200
2018-05-09,32.41611099243164,41.779998779296875,42.22999954223633,41.66999816894531,41.970001220703125,9295200
2018-05-10,32.726470947265625,42.18000030517578,42.36000061035156,41.939998626708984,41.9900016784668,7924200
2018-05-11,32.69541549682617,42.13999938964844,42.470001220703125,42.040000915527344,42.2400016784668,6331900
2018-05-14,32.61783218383789,42.040000915527344,42.31999969482422,41.900001525878906,42.25,10715500
2018-05-15,32.36956024169922,41.720001220703125,41.91999816894531,41.45000076293945,41.779998779296875,16449700
2018-05-16,32.2376594543457,41.54999923706055,41.939998626708984,41.540000915527344,41.7400016784668,11590500
2018-05-17,32.8195686340332,42.29999923706055,42.349998474121094,41.869998931884766,42.0099983215332,14857400
2018-05-18,32.726470947265625,42.18000030517578,42.380001068115234,42.08000183105469,42.29999923706055,11950200
2018-05-21,32.904911041259766,42.40999984741211,42.52000045776367,42.27000045776367,42.310001373291016,9110200
2018-05-22,32.78076934814453,42.25,42.599998474121094,42.209999084472656,42.5,8222900
2018-05-23,32.89714431762695,42.400001525878906,42.45000076293945,41.93000030517578,42.25,8971400
2018-05-24,32.835079193115234,42.31999969482422,42.470001220703125,42.189998626708984,42.400001525878906,9269600
2018-05-25,32.89714431762695,42.400001525878906,42.58000183105469,42.20000076293945,42.34000015258789,8806500
2018-05-29,33.11439895629883,42.68000030517578,42.849998474121094,42.099998474121094,42.119998931884766,14826900
2018-05-30,33.46354675292969,43.130001068115234,43.279998779296875,42.70000076293945,42.77000045776367,10114200
2018-05-31,33.362674713134766,43.0,43.209999084472656,42.68000030517578,43.20000076293945,15571300
2018-06-01,33.455787658691406,43.119998931884766,43.31999969482422,43.040000915527344,43.099998474121094,10664700
2018-06-04,33.74285888671875,43.4900016784668,43.59000015258789,43.290000915527344,43.36000061035156,11727600
2018-06-05,33.44802474975586,43.11000061035156,43.540000915527344,43.099998474121094,43.5,9975900
2018-06-06,33.71957778930664,43.459999084472656,43.459999084472656,43.040000915527344,43.060001373291016,9202900
2018-06-07,33.70405960083008,43.439998626708984,43.72999954223633,43.33000183105469,43.33000183105469,11948100
2018-06-08,34.09975814819336,43.95000076293945,44.0,43.560001373291016,43.56999969482422,12078800
2018-06-11,34.239410400390625,44.130001068115234,44.25,43.88999938964844,43.95000076293945,7526100
2018-06-12,34.45664596557617,44.40999984741211,44.41999816894531,44.08000183105469,44.130001068115234,8243300
2018-06-13,34.27820587158203,44.18000030517578,44.52000045776367,44.150001525878906,44.349998474121094,16745000
2018-06-14,34.11383056640625,43.58000183105469,43.849998474121094,43.52000045776367,43.75,12696200
2018-06-15,34.536529541015625,44.119998931884766,44.150001525878906,43.45000076293945,43.560001373291016,21562500
2018-06-18,34.09033203125,43.54999923706055,43.959999084472656,43.400001525878906,43.880001068115234,12161900
2018-06-19,34.12947463989258,43.599998474121094,43.75,43.20000076293945,43.29999923706055,12936400
2018-06-20,33.86332321166992,43.2599983215332,43.779998779296875,43.22999954223633,43.619998931884766,10893700
2018-06-21,33.730262756347656,43.09000015258789,43.29999923706055,42.959999084472656,43.27000045776367,10465200
2018-06-22,33.855506896972656,43.25,43.40999984741211,43.08000183105469,43.150001525878906,14924400
2018-06-25,34.11383056640625,43.58000183105469,43.75,43.15999984741211,43.15999984741211,12092400
2018-06-26,33.918128967285156,43.33000183105469,43.84000015258789,43.279998779296875,43.560001373291016,13974700
2018-06-27,33.714603424072266,43.06999969482422,43.61000061035156,42.9900016784668,43.33000183105469,15332600
2018-06-28,34.02772521972656,43.470001220703125,43.68000030517578,43.16999816894531,43.2400016784668,12668900
2018-06-29,34.333011627197266,43.86000061035156,44.099998474121094,43.310001373291016,43.56999969482422,11485600
2018-07-02,34.24690246582031,43.75,44.15999984741211,43.58000183105469,43.779998779296875,9232500
2018-07-03,34.43476486206055,43.9900016784668,44.33000183105469,43.9900016784668,44.060001373291016,8214300
2018-07-05,34.95923614501953,44.65999984741211,44.66999816894531,44.130001068115234,44.15999984741211,11653000
2018-07-06,34.943572998046875,44.63999938964844,44.939998626708984,44.58000183105469,44.66999816894531,8733900
2018-07-09,34.755714416503906,44.400001525878906,44.72999954223633,44.34000015258789,44.540000915527344,7373100
2018-07-10,35.201900482177734,44.970001220703125,45.0,44.5,44.5099983215332,10606100
2018-07-11,35.06100082397461,44.790000915527344,45.0,44.63999938964844,44.9900016784668,7715600
2018-07-12,34.96706008911133,44.66999816894531,44.959999084472656,44.4900016784668,44.83000183105469,6331600
2018-07-13,35.02186584472656,44.7400016784668,44.779998779296875,44.470001220703125,44.70000076293945,5585900
2018-07-16,35.01401901245117,44.72999954223633,44.79999923706055,44.529998779296875,44.72999954223633,5831400
2018-07-17,35.421085357666016,45.25,45.38999938964844,44.68000030517578,44.75,11592200
2018-07-18,35.31932067871094,45.119998931884766,45.290000915527344,44.84000015258789,45.189998626708984,7351600
2018-07-19,35.31148147583008,45.11000061035156,45.43000030517578,44.91999816894531,44.9900016784668,10097500
2018-07-20,35.44456100463867,45.279998779296875,45.279998779296875,44.900001525878906,45.02000045776367,8588400
2018-07-23,35.18623352050781,44.95000076293945,45.36000061035156,44.77000045776367,45.279998779296875,9055700
2018-07-24,35.428897857666016,45.2599983215332,45.27000045776367,44.61000061035156,44.779998779296875,13786100
2018-07-25,36.07862091064453,46.09000015258789,46.58000183105469,45.75,46.0,21330600
2018-07-26,36.19603729248047,46.2400016784668,46.59000015258789,46.20000076293945,46.36000061035156,12673100
2018-07-27,36.172550201416016,46.209999084472656,46.5,46.060001373291016,46.31999969482422,10516900
2018-07-30,36.18820571899414,46.22999954223633,46.439998626708984,46.04999923706055,46.099998474121094,8967900
2018-07-31,36.50132751464844,46.630001068115234,46.66999816894531,46.310001373291016,46.400001525878906,12438800
2018-08-01,36.31344223022461,46.38999938964844,46.4900016784668,46.16999816894531,46.45000076293945,9904100
2018-08-02,36.14906692504883,46.18000030517578,46.630001068115234,46.18000030517578,46.47999954223633,12009700
2018-08-03,36.493492126464844,46.619998931884766,46.7599983215332,46.13999938964844,46.22999954223633,11462800
2018-08-06,36.5169792175293,46.650001525878906,46.869998931884766,46.54999923706055,46.599998474121094,10056100
2018-08-07,36.3995475769043,46.5,46.61000061035156,46.130001068115234,46.52000045776367,8632900
2018-08-08,36.125587463378906,46.150001525878906,46.560001373291016,46.119998931884766,46.4900016784668,6810000
2018-08-09,36.28213119506836,46.349998474121094,46.41999816894531,46.08000183105469,46.25,8924100
2018-08-10,36.07078552246094,46.08000183105469,46.41999816894531,45.970001220703125,46.209999084472656,7535400
2018-08-13,35.875099182128906,45.83000183105469,46.130001068115234,45.70000076293945,46.04999923706055,8143400
2018-08-14,35.92205810546875,45.88999938964844,46.099998474121094,45.869998931884766,45.90999984741211,6846100
2018-08-15,36.07078552246094,46.08000183105469,46.150001525878906,45.650001525878906,45.77000045776367,9686400
2018-08-16,36.18037414550781,46.220001220703125,46.380001068115234,45.970001220703125,46.11000061035156,10600700
2018-08-17,36.477848052978516,46.599998474121094,46.72999954223633,46.2400016784668,46.290000915527344,8885700
2018-08-20,36.579593658447266,46.72999954223633,46.869998931884766,46.59000015258789,46.68000030517578,6392000
2018-08-21,36.18037414550781,46.220001220703125,46.75,46.209999084472656,46.72999954223633,13986300
2018-08-22,35.9533805847168,45.93000030517578,46.380001068115234,45.91999816894531,46.34000015258789,7159100
2018-08-23,35.7733268737793,45.70000076293945,46.08000183105469,45.689998626708984,45.88999938964844,13144900
2018-08-24,35.71854019165039,45.630001068115234,45.79999923706055,45.58000183105469,45.650001525878906,10952900
2018-08-27,35.76549530029297,45.689998626708984,46.04999923706055,45.560001373291016,46.04999923706055,9581200
2018-08-28,35.5150032043457,45.369998931884766,45.72999954223633,45.279998779296875,45.650001525878906,8476800
2018-08-29,35.48370361328125,45.33000183105469,45.41999816894531,45.220001220703125,45.25,12410900
2018-08-30,35.18623352050781,44.95000076293945,45.31999969482422,44.88999938964844,45.279998779296875,9716500
2018-08-31,34.88877487182617,44.56999969482422,45.06999969482422,44.38999938964844,45.0,19834100
2018-09-04,35.03750228881836,44.7599983215332,44.900001525878906,44.5099983215332,44.599998474121094,11138500
2018-09-05,35.522830963134766,45.380001068115234,45.41999816894531,44.65999984741211,44.65999984741211,10554900
2018-09-06,35.828121185302734,45.77000045776367,46.0,45.29999923706055,45.400001525878906,11439400
2018-09-07,35.78899002075195,45.720001220703125,45.81999969482422,45.279998779296875,45.599998474121094,10208100
2018-09-10,36.055137634277344,46.060001373291016,46.310001373291016,45.79999923706055,45.90999984741211,8568900
2018-09-11,36.02382278442383,46.02000045776367,46.150001525878906,45.880001068115234,46.099998474121094,9278300
2018-09-12,36.19603729248047,46.2400016784668,46.29999923706055,46.02000045776367,46.15999984741211,13216400
2018-09-13,36.18025207519531,45.83000183105469,46.119998931884766,45.709999084472656,46.0099983215332,8294800
2018-09-14,36.306556701660156,45.9900016784668,46.029998779296875,45.61000061035156,45.91999816894531,7612900
2018-09-17,36.567081451416016,46.31999969482422,46.33000183105469,45.90999984741211,46.0,8527300
2018-09-18,36.25919723510742,45.93000030517578,46.529998779296875,45.93000030517578,46.38999938964844,9847400
2018-09-19,36.282875061035156,45.959999084472656,46.11000061035156,45.869998931884766,46.0,7119000
2018-09-20,36.81970977783203,46.63999938964844,46.68000030517578,46.150001525878906,46.220001220703125,9736700
2018-09-21,36.77233123779297,46.58000183105469,46.689998626708984,46.380001068115234,46.63999938964844,19240300
2018-09-24,36.36970520019531,46.06999969482422,46.529998779296875,45.84000015258789,46.4900016784668,10778900
2018-09-25,36.061832427978516,45.68000030517578,46.18000030517578,45.61000061035156,46.060001373291016,7919100
2018-09-26,36.19602966308594,45.849998474121094,46.06999969482422,45.56999969482422,45.77000045776367,10162600
2018-09-27,36.32233810424805,46.0099983215332,46.18000030517578,45.68000030517578,45.72999954223633,10826900
2018-09-28,36.46444320678711,46.189998626708984,46.189998626708984,45.970001220703125,46.0,9071900
2018-10-01,36.49602127075195,46.22999954223633,46.349998474121094,46.04999923706055,46.16999816894531,9364700
2018-10-02,36.717079162597656,46.5099983215332,46.560001373291016,46.060001373291016,46.279998779296875,7462700
2018-10-03,36.211814880371094,45.869998931884766,46.54999923706055,45.79999923706055,46.459999084472656,10542300
2018-10-04,36.19602966308594,45.849998474121094,45.900001525878906,45.43000030517578,45.65999984741211,9582300
2018-10-05,36.21971893310547,45.880001068115234,46.15999984741211,45.689998626708984,45.939998626708984,8734100
2018-10-08,36.69337844848633,46.47999954223633,46.58000183105469,45.970001220703125,45.9900016784668,9808100
2018-10-09,36.6223258972168,46.38999938964844,46.54999923706055,46.220001220703125,46.380001068115234,10824500
2018-10-10,36.061832427978516,45.68000030517578,46.70000076293945,45.66999816894531,46.29999923706055,13917000
2018-10-11,35.24080276489258,44.63999938964844,45.970001220703125,44.5,45.79999923706055,17677900
2018-10-12,35.27237319946289,44.68000030517578,44.880001068115234,44.25,44.47999954223633,12420100
2018-10-15,35.45396423339844,44.90999984741211,45.27000045776367,44.59000015258789,44.63999938964844,11608500
2018-10-16,35.911834716796875,45.4900016784668,45.599998474121094,44.86000061035156,45.02000045776367,10442500
2018-10-17,36.20393371582031,45.86000061035156,45.9900016784668,45.36000061035156,45.40999984741211,11055800
2018-10-18,36.006568908691406,45.61000061035156,46.08000183105469,45.459999084472656,45.900001525878906,12716900
2018-10-19,36.574974060058594,46.33000183105469,46.4900016784668,45.83000183105469,45.83000183105469,13989200
2018-10-22,36.290775299072266,45.970001220703125,46.459999084472656,45.810001373291016,46.369998931884766,14283600
2018-10-23,36.59864807128906,46.36000061035156,46.459999084472656,45.45000076293945,45.619998931884766,17483900
2018-10-24,36.8907356262207,46.72999954223633,47.38999938964844,46.2400016784668,46.33000183105469,21626000
2018-10-25,36.717079162597656,46.5099983215332,46.7400016784668,46.119998931884766,46.650001525878906,14220200
2018-10-26,36.25130081176758,45.91999816894531,46.47999954223633,45.43000030517578,46.369998931884766,21458000
2018-10-29,36.67759704589844,46.459999084472656,46.560001373291016,46.04999923706055,46.150001525878906,20932200
2018-10-30,37.60124206542969,47.630001068115234,47.7400016784668,46.040000915527344,46.619998931884766,20895400
2018-10-31,37.79861831665039,47.880001068115234,48.08000183105469,47.220001220703125,47.5,25309400
2018-11-01,37.68808364868164,47.7400016784668,48.150001525878906,47.29999923706055,47.810001373291016,16494500
2018-11-02,37.89334487915039,48.0,48.0,47.439998626708984,47.81999969482422,17584900
2018-11-05,38.43804931640625,48.689998626708984,48.779998779296875,47.91999816894531,48.0,16543500
2018-11-06,38.769622802734375,49.11000061035156,49.130001068115234,48.599998474121094,48.650001525878906,14373400
2018-11-07,38.97488021850586,49.369998931884766,49.54999923706055,49.029998779296875,49.38999938964844,12239700
2018-11-08,38.94330596923828,49.33000183105469,49.369998931884766,49.099998474121094,49.119998931884766,9762800
2018-11-09,39.219600677490234,49.68000030517578,49.88999938964844,49.36000061035156,49.38999938964844,12398100
2018-11-12,39.369606018066406,49.869998931884766,50.2400016784668,49.540000915527344,49.61000061035156,13918300
2018-11-13,39.3617057800293,49.86000061035156,50.0,49.58000183105469,49.810001373291016,13872900
2018-11-14,39.28276062011719,49.7599983215332,49.939998626708984,49.59000015258789,49.849998474121094,12106800
2018-11-15,39.26698303222656,49.7400016784668,49.75,49.27000045776367,49.65999984741211,12080100
2018-11-16,39.6064453125,50.16999816894531,50.25,49.630001068115234,49.65999984741211,13405800
2018-11-19,39.87485122680664,50.5099983215332,50.7599983215332,50.25,50.310001373291016,13575800
2018-11-20,38.9827766418457,49.380001068115234,50.84000015258789,49.209999084472656,50.81999969482422,16255300
2018-11-21,38.469635009765625,48.72999954223633,49.439998626708984,48.59000015258789,49.22999954223633,13559200
2018-11-23,38.698577880859375,49.02000045776367,49.22999954223633,48.54999923706055,48.75,4792500
2018-11-26,38.58015441894531,48.869998931884766,49.22999954223633,48.66999816894531,49.0099983215332,9341900
2018-11-27,38.97488021850586,49.369998931884766,49.40999984741211,48.72999954223633,48.880001068115234,9180700
2018-11-28,39.2432861328125,49.709999084472656,49.720001220703125,49.209999084472656,49.209999084472656,11368700
2018-11-29,38.97275924682617,48.97999954223633,49.43000030517578,48.970001220703125,49.279998779296875,11564300
2018-11-30,40.102630615234375,50.400001525878906,50.4900016784668,48.9900016784668,49.0,25538200
2018-12-03,39.537696838378906,49.689998626708984,49.959999084472656,48.88999938964844,49.869998931884766,14877200
2018-12-04,39.450172424316406,49.58000183105469,50.5099983215332,49.5,49.970001220703125,19059900
2018-12-06,39.29103088378906,49.380001068115234,49.630001068115234,48.65999984741211,49.5099983215332,17674900
2018-12-07,39.06028747558594,49.09000015258789,49.68000030517578,48.880001068115234,49.56999969482422,15565700
2018-12-10,39.17964553833008,49.2400016784668,49.45000076293945,48.470001220703125,49.45000076293945,12331100
2018-12-11,39.41835403442383,49.540000915527344,50.0099983215332,49.18000030517578,49.59000015258789,18083600
2018-12-12,39.163734436035156,49.220001220703125,50.02000045776367,49.189998626708984,49.95000076293945,12316900
2018-12-13,39.362640380859375,49.470001220703125,49.61000061035156,48.56999969482422,48.720001220703125,13766200
2018-12-14,39.25920867919922,49.34000015258789,49.52000045776367,49.02000045776367,49.22999954223633,13835900
2018-12-17,38.45556640625,48.33000183105469,49.529998779296875,48.02000045776367,49.34000015258789,18482700
2018-12-18,38.44760513305664,48.31999969482422,48.83000183105469,47.849998474121094,48.61000061035156,14765700
2018-12-19,38.113407135009766,47.900001525878906,48.7599983215332,47.619998931884766,48.2400016784668,17903800
2018-12-20,37.826961517333984,47.540000915527344,48.130001068115234,47.099998474121094,47.810001373291016,21130000
2018-12-21,37.85084533691406,47.56999969482422,48.75,47.22999954223633,47.2599983215332,32477700
2018-12-24,36.56978225708008,45.959999084472656,47.869998931884766,45.83000183105469,47.619998931884766,10733700
2018-12-26,37.34955978393555,46.939998626708984,46.959999084472656,45.65999984741211,45.880001068115234,14342600
2018-12-27,37.81901550292969,47.529998779296875,47.54999923706055,46.029998779296875,46.7400016784668,16966500
2018-12-28,37.556434631347656,47.20000076293945,48.0099983215332,47.029998779296875,47.88999938964844,13218200
2018-12-31,37.675785064697266,47.349998474121094,47.540000915527344,46.959999084472656,47.4900016784668,10576300
2019-01-02,37.34159469604492,46.93000030517578,47.220001220703125,46.560001373291016,46.939998626708984,11603700
2019-01-03,37.11085891723633,46.63999938964844,47.369998931884766,46.529998779296875,46.81999969482422,14714400
2019-01-04,37.85084533691406,47.56999969482422,47.56999969482422,46.63999938964844,46.75,13013700
2019-01-07,37.357513427734375,46.95000076293945,47.75,46.900001525878906,47.56999969482422,13135500
2019-01-08,37.77922821044922,47.47999954223633,47.56999969482422,47.040000915527344,47.25,15420700
2019-01-09,37.0551643371582,46.56999969482422,47.279998779296875,46.43000030517578,47.08000183105469,18032500
2019-01-10,37.4529914855957,47.06999969482422,47.09000015258789,46.34000015258789,46.65999984741211,15976600
2019-01-11,37.6678352355957,47.34000015258789,47.36000061035156,46.970001220703125,47.290000915527344,11088600
2019-01-14,37.51665496826172,47.150001525878906,47.400001525878906,46.9900016784668,47.25,11514300
2019-01-15,37.85084533691406,47.56999969482422,47.599998474121094,46.810001373291016,46.88999938964844,11342900
2019-01-16,37.333641052246094,46.91999816894531,47.470001220703125,46.86000061035156,47.400001525878906,16907800
2019-01-17,37.445045471191406,47.060001373291016,47.13999938964844,46.880001068115234,46.91999816894531,12044600
2019-01-18,37.882667541503906,47.61000061035156,47.689998626708984,47.119998931884766,47.25,12760700
2019-01-22,37.97018814086914,47.720001220703125,47.790000915527344,47.209999084472656,47.70000076293945,11700400
2019-01-23,38.407833099365234,48.27000045776367,48.290000915527344,47.650001525878906,47.81999969482422,12058300
2019-01-24,37.946319580078125,47.689998626708984,48.11000061035156,47.380001068115234,48.11000061035156,10272000
2019-01-25,37.691707611083984,47.369998931884766,48.029998779296875,47.2400016784668,47.880001068115234,12066500
2019-01-28,37.532562255859375,47.16999816894531,47.29999923706055,46.939998626708984,47.220001220703125,9966900
2019-01-29,37.715572357177734,47.400001525878906,47.630001068115234,47.130001068115234,47.20000076293945,11998600
2019-01-30,38.081581115722656,47.86000061035156,47.88999938964844,47.189998626708984,47.25,12952500
2019-01-31,38.29642868041992,48.130001068115234,48.779998779296875,47.470001220703125,47.849998474121094,32181500
2019-02-01,38.749969482421875,48.70000076293945,48.779998779296875,48.400001525878906,48.47999954223633,19130100
2019-02-04,39.187591552734375,49.25,49.45000076293945,48.540000915527344,48.70000076293945,15105700
2019-02-05,39.195552825927734,49.2599983215332,49.470001220703125,49.099998474121094,49.33000183105469,12651900
2019-02-06,39.195552825927734,49.2599983215332,49.36000061035156,49.02000045776367,49.209999084472656,8689100
2019-02-07,39.32286071777344,49.41999816894531,49.459999084472656,49.0,49.16999816894531,10047800
2019-02-08,39.38652420043945,49.5,49.5,49.11000061035156,49.369998931884766,9813300
2019-02-11,39.474037170410156,49.61000061035156,49.880001068115234,49.47999954223633,49.56999969482422,9369300
2019-02-12,39.513824462890625,49.65999984741211,49.79999923706055,49.459999084472656,49.689998626708984,10983300
2019-02-13,39.61725997924805,49.790000915527344,49.939998626708984,49.560001373291016,49.61000061035156,12748800
2019-02-14,36.27537536621094,45.59000015258789,46.959999084472656,45.5,46.70000076293945,58905400
2019-02-15,35.996891021728516,45.2400016784668,46.2599983215332,45.20000076293945,45.900001525878906,35701600
2019-02-19,35.6706428527832,44.83000183105469,45.59000015258789,44.77000045776367,45.31999969482422,25511300
2019-02-20,35.8854866027832,45.099998474121094,45.2400016784668,44.79999923706055,44.90999984741211,27464000
2019-02-21,36.490211486816406,45.86000061035156,45.90999984741211,44.959999084472656,45.0,23121200
2019-02-22,36.02872085571289,45.279998779296875,45.95000076293945,45.20000076293945,45.7599983215332,24728400
2019-02-25,35.758182525634766,44.939998626708984,45.56999969482422,44.84000015258789,45.439998626708984,23774400
2019-02-26,35.55925750732422,44.689998626708984,45.13999938964844,44.65999984741211,45.099998474121094,20463200
2019-02-27,35.758182525634766,44.939998626708984,45.02000045776367,44.41999816894531,44.599998474121094,17827500
2019-02-28,36.07645797729492,45.34000015258789,45.61000061035156,45.11000061035156,45.119998931884766,22533900
2019-03-01,36.1082763671875,45.380001068115234,45.63999938964844,45.20000076293945,45.470001220703125,16291600
2019-03-04,36.323123931884766,45.650001525878906,45.66999816894531,45.29999923706055,45.529998779296875,15973800
2019-03-05,36.2833251953125,45.599998474121094,45.70000076293945,45.400001525878906,45.650001525878906,13062300
2019-03-06,36.16398239135742,45.45000076293945,45.790000915527344,45.439998626708984,45.66999816894531,14232100
2019-03-07,36.02872085571289,45.279998779296875,45.529998779296875,45.130001068115234,45.4900016784668,12084000
2019-03-08,35.678611755371094,44.84000015258789,45.25,44.61000061035156,45.150001525878906,15579100
2019-03-11,36.744834899902344,46.18000030517578,46.2400016784668,45.099998474121094,45.13999938964844,22126900
2019-03-12,36.641387939453125,46.04999923706055,46.25,45.900001525878906,45.95000076293945,19348500
2019-03-13,36.77666091918945,46.220001220703125,46.34000015258789,45.90999984741211,46.130001068115234,16222500
2019-03-14,36.68034362792969,45.70000076293945,46.11000061035156,45.630001068115234,45.84000015258789,18504100
2019-03-15,36.359283447265625,45.29999923706055,45.900001525878906,45.13999938964844,45.720001220703125,47254500
2019-03-18,36.44758605957031,45.40999984741211,45.68000030517578,45.36000061035156,45.43000030517578,24006400
2019-03-19,36.5679817199707,45.560001373291016,45.689998626708984,45.34000015258789,45.54999923706055,14987000
2019-03-20,36.543888092041016,45.529998779296875,45.900001525878906,45.18000030517578,45.400001525878906,13376100
2019-03-21,36.52783966064453,45.5099983215332,45.7599983215332,45.439998626708984,45.529998779296875,20043000
2019-03-22,36.864959716796875,45.93000030517578,46.11000061035156,45.459999084472656,45.459999084472656,19055900
2019-03-25,36.945213317871094,46.029998779296875,46.20000076293945,45.790000915527344,45.86000061035156,11668200
2019-03-26,37.43482971191406,46.63999938964844,46.790000915527344,46.16999816894531,46.16999816894531,11434900
2019-03-27,37.41073226928711,46.61000061035156,46.90999984741211,46.33000183105469,46.650001525878906,11543600
2019-03-28,37.38666915893555,46.58000183105469,46.91999816894531,46.47999954223633,46.68000030517578,11121100
2019-03-29,37.61139678955078,46.86000061035156,46.90999984741211,46.47999954223633,46.66999816894531,16045600
2019-04-01,37.49903106689453,46.720001220703125,47.16999816894531,46.59000015258789,46.9900016784668,11522700
2019-04-02,37.37863540649414,46.56999969482422,46.93000030517578,46.56999969482422,46.75,8495000
2019-04-03,37.06560516357422,46.18000030517578,46.59000015258789,46.040000915527344,46.41999816894531,12854500
2019-04-04,37.306392669677734,46.47999954223633,46.540000915527344,46.11000061035156,46.34000015258789,7814900
2019-04-05,37.298370361328125,46.470001220703125,46.58000183105469,46.20000076293945,46.4900016784668,7677600
2019-04-08,37.362579345703125,46.54999923706055,46.56999969482422,46.27000045776367,46.540000915527344,9421300
2019-04-09,37.458892822265625,46.66999816894531,46.720001220703125,46.27000045776367,46.45000076293945,8641800
2019-04-10,37.43482971191406,46.63999938964844,47.0,46.560001373291016,46.84000015258789,8059900
2019-04-11,37.490997314453125,46.709999084472656,46.75,46.540000915527344,46.720001220703125,7352400
2019-04-12,37.51508331298828,46.7400016784668,46.93000030517578,46.56999969482422,46.66999816894531,10690000
2019-04-15,37.72377014160156,47.0,47.040000915527344,46.70000076293945,46.880001068115234,10261300
2019-04-16,37.683631896972656,46.95000076293945,47.099998474121094,46.70000076293945,47.04999923706055,10804600
2019-04-17,37.948516845703125,47.279998779296875,47.54999923706055,47.150001525878906,47.20000076293945,11849300
2019-04-18,38.10902786254883,47.47999954223633,47.58000183105469,47.27000045776367,47.33000183105469,12167000
2019-04-22,38.044822692871094,47.400001525878906,47.61000061035156,47.02000045776367,47.400001525878906,9834700
2019-04-23,38.69496154785156,48.209999084472656,48.720001220703125,47.54999923706055,48.09000015258789,25327800
2019-04-24,38.51034927368164,47.97999954223633,48.22999954223633,47.91999816894531,48.029998779296875,15997300
2019-04-25,38.39797592163086,47.84000015258789,47.88999938964844,47.470001220703125,47.7400016784668,11444400
2019-04-26,38.735084533691406,48.2599983215332,48.45000076293945,47.97999954223633,47.9900016784668,10154300
2019-04-29,38.8635139465332,48.41999816894531,48.45000076293945,48.11000061035156,48.16999816894531,9731500
2019-04-30,39.3771858215332,49.060001373291016,49.18000030517578,48.38999938964844,48.529998779296875,17912900
2019-05-01,38.99995422363281,48.59000015258789,49.08000183105469,48.54999923706055,48.95000076293945,10551200
2019-05-02,38.83942413330078,48.38999938964844,48.77000045776367,48.27000045776367,48.529998779296875,8724600
2019-05-03,39.10429763793945,48.720001220703125,48.959999084472656,48.52000045776367,48.599998474121094,7076900
2019-05-06,38.90363693237305,48.470001220703125,48.61000061035156,48.2599983215332,48.33000183105469,8657800
2019-05-07,38.526405334472656,48.0,48.290000915527344,47.77000045776367,48.22999954223633,12487500
2019-05-08,38.4059944152832,47.849998474121094,48.22999954223633,47.81999969482422,48.04999923706055,9281400
2019-05-09,38.044822692871094,47.400001525878906,47.97999954223633,47.06999969482422,47.79999923706055,11450500
2019-05-10,38.67890167236328,48.189998626708984,48.29999923706055,47.400001525878906,47.40999984741211,9653800
2019-05-13,38.5665283203125,48.04999923706055,48.130001068115234,47.72999954223633,47.90999984741211,11911500
2019-05-14,39.080223083496094,48.689998626708984,49.31999969482422,48.349998474121094,48.529998779296875,16844200
2019-05-15,39.4734992980957,49.18000030517578,49.380001068115234,48.599998474121094,48.66999816894531,11422500
2019-05-16,39.7945556640625,49.58000183105469,49.65999984741211,49.209999084472656,49.27000045776367,17771300
2019-05-17,39.489559173583984,49.20000076293945,49.54999923706055,49.16999816894531,49.27000045776367,11257000
2019-05-20,39.2086296081543,48.849998474121094,49.13999938964844,48.7599983215332,49.040000915527344,13850500
2019-05-21,39.00797653198242,48.599998474121094,49.029998779296875,48.45000076293945,49.0,10587400
2019-05-22,39.85075378417969,49.650001525878906,49.709999084472656,48.720001220703125,48.779998779296875,16050400
2019-05-23,40.01127243041992,49.849998474121094,49.900001525878906,49.459999084472656,49.5,12199400
2019-05-24,39.81864929199219,49.61000061035156,49.88999938964844,49.529998779296875,49.81999969482422,6887600
2019-05-28,39.4093017578125,49.099998474121094,49.66999816894531,49.029998779296875,49.599998474121094,18614000
2019-05-29,39.01601791381836,48.61000061035156,49.029998779296875,48.40999984741211,48.7400016784668,12534600
2019-05-30,39.52968978881836,49.25,49.310001373291016,48.66999816894531,48.720001220703125,9087200
2019-05-31,39.43337631225586,49.130001068115234,49.310001373291016,48.779998779296875,49.0,11368600
2019-06-03,40.115604400634766,49.97999954223633,49.97999954223633,49.02000045776367,49.15999984741211,14167200
2019-06-04,40.13166046142578,50.0,50.279998779296875,49.619998931884766,50.0,12010600
2019-06-05,40.75771713256836,50.779998779296875,51.13999938964844,49.689998626708984,50.0099983215332,15837600
2019-06-06,41.25535202026367,51.400001525878906,51.540000915527344,50.59000015258789,50.90999984741211,15190400
2019-06-07,41.32758712768555,51.4900016784668,52.189998626708984,51.45000076293945,51.470001220703125,15293600
2019-06-10,41.239295959472656,51.380001068115234,51.540000915527344,51.09000015258789,51.540000915527344,9737400
2019-06-11,41.19917678833008,51.33000183105469,51.59000015258789,51.18000030517578,51.45000076293945,9915600
2019-06-12,41.44799041748047,51.63999938964844,52.13999938964844,51.470001220703125,51.5,11088100
2019-06-13,41.359012603759766,51.130001068115234,51.70000076293945,50.779998779296875,51.459999084472656,10353600
2019-06-14,41.504608154296875,51.310001373291016,51.529998779296875,51.04999923706055,51.04999923706055,8694300
2019-06-17,41.148685455322266,50.869998931884766,51.47999954223633,50.61000061035156,51.25,12322400
2019-06-18,40.962646484375,50.63999938964844,51.29999923706055,50.529998779296875,51.25,9221100
2019-06-19,41.35092544555664,51.119998931884766,51.2400016784668,50.470001220703125,50.540000915527344,9414100
2019-06-20,41.7877197265625,51.65999984741211,51.790000915527344,51.349998474121094,51.5,10656600
2019-06-21,41.69874572753906,51.54999923706055,51.88999938964844,51.40999984741211,51.529998779296875,21264400
2019-06-24,41.9980354309082,51.91999816894531,52.20000076293945,51.70000076293945,51.7400016784668,10780000
2019-06-25,41.86861038208008,51.7599983215332,52.099998474121094,51.63999938964844,52.0,11519900
2019-06-26,41.35092544555664,51.119998931884766,51.63999938964844,51.09000015258789,51.52000045776367,12405100
2019-06-27,41.31856918334961,51.08000183105469,51.400001525878906,50.970001220703125,51.290000915527344,12374900
2019-06-28,41.18914031982422,50.91999816894531,51.400001525878906,50.52000045776367,51.27000045776367,16339900
2019-07-01,41.73918914794922,51.599998474121094,51.630001068115234,50.779998779296875,51.06999969482422,14976400
2019-07-02,42.046573638916016,51.97999954223633,52.04999923706055,51.54999923706055,51.779998779296875,8569200
2019-07-03,42.143646240234375,52.099998474121094,52.33000183105469,52.0,52.0,7253700
2019-07-05,42.15172576904297,52.11000061035156,52.119998931884766,51.47999954223633,51.88999938964844,8916300
2019-07-08,42.06275177001953,52.0,52.33000183105469,51.88999938964844,52.20000076293945,9495100
2019-07-09,41.7310905456543,51.59000015258789,51.970001220703125,51.43000030517578,51.720001220703125,10584900
2019-07-10,41.917144775390625,51.81999969482422,51.970001220703125,51.65999984741211,51.79999923706055,7620900
2019-07-11,42.09510803222656,52.040000915527344,52.060001373291016,51.65999984741211,51.9900016784668,10376500
2019-07-12,42.15981674194336,52.119998931884766,52.290000915527344,51.90999984741211,52.25,7347400
2019-07-15,42.16790771484375,52.130001068115234,52.290000915527344,51.869998931884766,52.279998779296875,5876100
2019-07-16,42.17599868774414,52.13999938964844,52.470001220703125,51.810001373291016,51.959999084472656,7132500
2019-07-17,42.20834732055664,52.18000030517578,52.2599983215332,52.0099983215332,52.220001220703125,8264200
2019-07-18,42.08700942993164,52.029998779296875,52.16999816894531,51.66999816894531,52.040000915527344,11911800
2019-07-19,41.56931686401367,51.38999938964844,52.150001525878906,51.369998931884766,52.13999938964844,10355500
2019-07-22,41.43181228637695,51.220001220703125,51.52000045776367,51.130001068115234,51.52000045776367,12090700
2019-07-23,43.94747543334961,54.33000183105469,54.63999938964844,52.7599983215332,53.25,33417900
2019-07-24,43.502586364746094,53.779998779296875,54.81999969482422,53.619998931884766,54.119998931884766,15633400
2019-07-25,42.92827224731445,53.06999969482422,53.79999923706055,52.720001220703125,53.630001068115234,19135000
2019-07-26,43.81805419921875,54.16999816894531,54.310001373291016,53.189998626708984,53.34000015258789,11451900
2019-07-29,43.672462463378906,53.9900016784668,54.29999923706055,53.900001525878906,54.16999816894531,12283900
2019-07-30,43.45406723022461,53.720001220703125,54.29999923706055,53.56999969482422,53.959999084472656,8127100
2019-07-31,42.572357177734375,52.630001068115234,53.5099983215332,52.040000915527344,53.5099983215332,16865500
2019-08-01,42.08700942993164,52.029998779296875,53.20000076293945,52.0099983215332,52.779998779296875,19527200
2019-08-02,42.329689025878906,52.33000183105469,52.72999954223633,51.90999984741211,51.90999984741211,13102300
2019-08-05,41.779632568359375,51.650001525878906,52.65999984741211,51.400001525878906,52.38999938964844,19986500
2019-08-06,42.28115463256836,52.27000045776367,52.7599983215332,51.61000061035156,51.869998931884766,19903100
2019-08-07,43.01725387573242,53.18000030517578,53.38999938964844,51.77000045776367,52.27000045776367,17937000
2019-08-08,43.42979431152344,53.689998626708984,53.779998779296875,52.849998474121094,53.209999084472656,10799000
2019-08-09,43.21138381958008,53.41999816894531,53.900001525878906,53.08000183105469,53.790000915527344,9260900
2019-08-12,43.03343963623047,53.20000076293945,53.439998626708984,52.9900016784668,53.279998779296875,6588600
2019-08-13,43.27610778808594,53.5,53.61000061035156,52.869998931884766,52.900001525878906,8581200
2019-08-14,42.863563537597656,52.9900016784668,53.970001220703125,52.970001220703125,53.34000015258789,17088900
2019-08-15,43.575382232666016,53.869998931884766,54.0,53.22999954223633,53.43000030517578,12393200
2019-08-16,44.012203216552734,54.40999984741211,54.4900016784668,53.95000076293945,53.97999954223633,14288700
2019-08-19,44.23868179321289,54.689998626708984,54.779998779296875,54.310001373291016,54.439998626708984,10936200
2019-08-20,43.5834846496582,53.880001068115234,54.68000030517578,53.84000015258789,54.619998931884766,8176700
2019-08-21,43.76143264770508,54.099998474121094,54.40999984741211,53.849998474121094,54.25,10886500
2019-08-22,44.076908111572266,54.4900016784668,54.63999938964844,54.099998474121094,54.119998931884766,7467900
2019-08-23,43.47023391723633,53.7400016784668,54.709999084472656,53.38999938964844,54.41999816894531,14160400
2019-08-26,44.11735916137695,54.540000915527344,54.540000915527344,53.72999954223633,54.0,9226900
2019-08-27,44.26294708251953,54.720001220703125,54.95000076293945,54.40999984741211,54.70000076293945,13537000
2019-08-28,44.578426361083984,55.11000061035156,55.150001525878906,54.41999816894531,54.65999984741211,10046400
2019-08-29,44.5298957824707,55.04999923706055,55.34000015258789,54.599998474121094,55.2599983215332,9262800
2019-08-30,44.52179718017578,55.040000915527344,55.220001220703125,54.810001373291016,55.15999984741211,8746700
2019-09-03,44.732120513916016,55.29999923706055,55.33000183105469,54.869998931884766,54.97999954223633,12991400
2019-09-04,45.11229705810547,55.77000045776367,55.91999816894531,55.29999923706055,55.349998474121094,10718100
2019-09-05,44.586509704589844,55.119998931884766,55.77000045776367,55.029998779296875,55.75,13677000
2019-09-06,44.67548751831055,55.22999954223633,55.439998626708984,54.7599983215332,55.439998626708984,9093500
2019-09-09,44.101165771484375,54.52000045776367,55.08000183105469,54.36000061035156,55.029998779296875,10814900
2019-09-10,44.00411605834961,54.400001525878906,54.439998626708984,53.849998474121094,54.22999954223633,12038200
2019-09-11,44.30340576171875,54.77000045776367,54.79999923706055,53.970001220703125,54.290000915527344,9740400
2019-09-12,44.578426361083984,55.11000061035156,55.310001373291016,54.97999954223633,55.099998474121094,12357900
2019-09-13,44.211761474609375,54.2599983215332,54.790000915527344,54.06999969482422,54.47999954223633,11486100
2019-09-16,43.96730422973633,53.959999084472656,54.34000015258789,53.630001068115234,54.099998474121094,11172000
2019-09-17,44.195472717285156,54.2400016784668,54.70000076293945,53.959999084472656,54.099998474121094,11347400
2019-09-18,44.18731689453125,54.22999954223633,54.290000915527344,53.81999969482422,54.20000076293945,9700400
2019-09-19,44.423606872558594,54.52000045776367,54.599998474121094,54.130001068115234,54.22999954223633,7560300
2019-09-20,43.92658615112305,53.90999984741211,54.689998626708984,53.900001525878906,54.689998626708984,19211500
2019-09-23,44.11398696899414,54.13999938964844,54.36000061035156,53.880001068115234,53.90999984741211,6485300
2019-09-24,44.24436569213867,54.29999923706055,54.61000061035156,54.040000915527344,54.25,10093000
2019-09-25,44.138423919677734,54.16999816894531,54.47999954223633,54.0,54.439998626708984,10248400
2019-09-26,44.31768035888672,54.38999938964844,54.58000183105469,54.130001068115234,54.470001220703125,10031200
2019-09-27,44.252506256103516,54.310001373291016,54.63999938964844,54.0,54.560001373291016,7939900
2019-09-30,44.35841369628906,54.439998626708984,54.68000030517578,54.150001525878906,54.150001525878906,9808700
2019-10-01,44.52953338623047,54.650001525878906,54.779998779296875,54.0099983215332,54.529998779296875,14261500
2019-10-02,43.250282287597656,53.08000183105469,54.439998626708984,52.900001525878906,54.209999084472656,14343600
2019-10-03,43.869537353515625,53.84000015258789,53.97999954223633,52.81999969482422,53.5,13817500
2019-10-04,44.439910888671875,54.540000915527344,54.540000915527344,53.88999938964844,54.0,9295400
2019-10-07,43.89397430419922,53.869998931884766,54.36000061035156,53.77000045776367,54.33000183105469,5964900
2019-10-08,43.65768814086914,53.58000183105469,54.06999969482422,53.45000076293945,53.880001068115234,13301900
2019-10-09,43.861385345458984,53.83000183105469,54.06999969482422,53.540000915527344,54.060001373291016,7135000
2019-10-10,43.72286605834961,53.65999984741211,53.880001068115234,53.36000061035156,53.54999923706055,8942900
2019-10-11,43.42954635620117,53.29999923706055,53.70000076293945,53.20000076293945,53.650001525878906,8981700
2019-10-14,43.42954635620117,53.29999923706055,53.68000030517578,53.220001220703125,53.4900016784668,7306300
2019-10-15,43.600650787353516,53.5099983215332,53.68000030517578,53.27000045776367,53.43000030517578,9564300
2019-10-16,43.584354400634766,53.4900016784668,53.56999969482422,53.130001068115234,53.459999084472656,10454800
2019-10-17,43.82880401611328,53.790000915527344,54.119998931884766,53.58000183105469,53.689998626708984,13190300
2019-10-18,44.63546371459961,54.779998779296875,55.38999938964844,54.45000076293945,55.0,18122400
2019-10-21,44.18731689453125,54.22999954223633,54.560001373291016,53.68000030517578,54.45000076293945,12778900
2019-10-22,43.877685546875,53.849998474121094,54.41999816894531,53.7400016784668,54.22999954223633,9533400
2019-10-23,44.52138900756836,54.63999938964844,54.65999984741211,54.0099983215332,54.060001373291016,8556600
2019-10-24,44.49695587158203,54.61000061035156,54.81999969482422,54.4900016784668,54.56999969482422,11051400
2019-10-25,43.796207427978516,53.75,54.560001373291016,53.66999816894531,54.54999923706055,9782400
2019-10-28,43.649539947509766,53.56999969482422,53.95000076293945,53.369998931884766,53.7400016784668,8866100
2019-10-29,43.519168853759766,53.40999984741211,53.65999984741211,53.2599983215332,53.38999938964844,7999700
2019-10-30,43.951026916503906,53.939998626708984,54.04999923706055,53.15999984741211,53.52000045776367,8620900
2019-10-31,44.350284576416016,54.43000030517578,54.470001220703125,53.849998474121094,53.959999084472656,13982000
2019-11-01,43.91843032836914,53.900001525878906,54.7400016784668,53.849998474121094,54.630001068115234,9889500
2019-11-04,43.29916763305664,53.13999938964844,54.0,52.970001220703125,53.959999084472656,17515100
2019-11-05,42.71250534057617,52.41999816894531,52.88999938964844,52.119998931884766,52.88999938964844,19284000
2019-11-06,43.02213668823242,52.79999923706055,52.79999923706055,52.40999984741211,52.529998779296875,13288900
2019-11-07,42.60657501220703,52.290000915527344,53.0,51.959999084472656,52.880001068115234,11725500
2019-11-08,42.54140090942383,52.209999084472656,52.599998474121094,52.09000015258789,52.459999084472656,7141800
2019-11-11,42.23991012573242,51.84000015258789,52.369998931884766,51.779998779296875,52.33000183105469,8198300
2019-11-12,42.13399124145508,51.709999084472656,51.90999984741211,51.58000183105469,51.90999984741211,12656900
2019-11-13,42.70435333251953,52.40999984741211,52.45000076293945,51.959999084472656,52.18000030517578,12257900
2019-11-14,42.88361740112305,52.630001068115234,52.66999816894531,52.349998474121094,52.529998779296875,8660300
2019-11-15,42.91619873046875,52.66999816894531,52.68000030517578,52.380001068115234,52.63999938964844,8982400
2019-11-18,43.209537506103516,53.029998779296875,53.439998626708984,52.66999816894531,52.68000030517578,13782000
2019-11-19,43.250282287597656,53.08000183105469,53.310001373291016,52.869998931884766,53.150001525878906,12679500
2019-11-20,43.36435317993164,53.220001220703125,53.400001525878906,53.0099983215332,53.099998474121094,11970300
2019-11-21,43.15250778198242,52.959999084472656,53.34000015258789,52.779998779296875,53.11000061035156,7856100
2019-11-22,43.209537506103516,53.029998779296875,53.189998626708984,52.75,52.959999084472656,9113300
2019-11-25,43.36435317993164,53.220001220703125,53.38999938964844,52.77000045776367,53.279998779296875,10963500
2019-11-26,43.91843032836914,53.900001525878906,53.939998626708984,53.220001220703125,53.310001373291016,13219800
2019-11-27,43.95916748046875,53.95000076293945,54.099998474121094,53.599998474121094,53.93000030517578,9595200
2019-11-29,43.83604049682617,53.400001525878906,53.72999954223633,53.220001220703125,53.70000076293945,7222300
2019-12-02,44.123348236083984,53.75,53.75,52.849998474121094,53.31999969482422,13173800
2019-12-03,44.16439437866211,53.79999923706055,53.84000015258789,53.400001525878906,53.709999084472656,14498300
2019-12-04,44.566627502441406,54.290000915527344,54.310001373291016,53.720001220703125,53.79999923706055,13624000
2019-12-05,44.48455047607422,54.189998626708984,54.290000915527344,53.83000183105469,54.209999084472656,14068100
2019-12-06,44.6733512878418,54.41999816894531,54.5,54.16999816894531,54.310001373291016,7843500
2019-12-09,44.38603973388672,54.06999969482422,54.5099983215332,54.02000045776367,54.29999923706055,13887200
2019-12-10,44.13976287841797,53.77000045776367,54.06999969482422,53.72999954223633,54.040000915527344,8993900
2019-12-11,44.28752899169922,53.95000076293945,54.150001525878906,53.65999984741211,53.939998626708984,8879100
2019-12-12,44.44350051879883,54.13999938964844,54.45000076293945,53.939998626708984,54.0099983215332,11233300
2019-12-13,44.6733512878418,54.41999816894531,54.54999923706055,53.84000015258789,53.939998626708984,13072200
2019-12-16,44.6733512878418,54.41999816894531,54.83000183105469,54.369998931884766,54.689998626708984,9538100
2019-12-17,44.6733512878418,54.41999816894531,54.58000183105469,54.290000915527344,54.400001525878906,9230000
2019-12-18,44.25469970703125,53.90999984741211,54.75,53.88999938964844,54.529998779296875,15132100
2019-12-19,44.59126281738281,54.31999969482422,54.34000015258789,53.91999816894531,54.040000915527344,13385900
2019-12-20,45.124839782714844,54.970001220703125,55.20000076293945,54.470001220703125,54.939998626708984,23832800
2019-12-23,45.07558822631836,54.90999984741211,55.2400016784668,54.84000015258789,55.0,9300800
2019-12-24,44.911415100097656,54.709999084472656,55.0,54.63999938964844,54.79999923706055,3359300
2019-12-26,45.165889739990234,55.02000045776367,55.02000045776367,54.790000915527344,54.91999816894531,6228500
2019-12-27,45.4367790222168,55.349998474121094,55.45000076293945,55.0,55.0099983215332,6895500
2019-12-30,45.371116638183594,55.27000045776367,55.38999938964844,55.060001373291016,55.18000030517578,6431700
2019-12-31,45.4367790222168,55.349998474121094,55.380001068115234,54.97999954223633,55.20000076293945,7982600
2020-01-02,45.14126968383789,54.9900016784668,55.43000030517578,54.7599983215332,55.31999969482422,11867700
2020-01-03,44.894989013671875,54.689998626708984,54.9900016784668,54.09000015258789,54.31999969482422,11354500
2020-01-06,44.87857437133789,54.66999816894531,54.90999984741211,54.52000045776367,54.650001525878906,14698300
2020-01-07,44.533790588378906,54.25,54.599998474121094,54.150001525878906,54.45000076293945,9973900
2020-01-08,44.61589050292969,54.349998474121094,54.63999938964844,54.150001525878906,54.27000045776367,10676000
2020-01-09,45.42856979370117,55.34000015258789,55.400001525878906,54.84000015258789,55.0,15398000
2020-01-10,45.58455276489258,55.529998779296875,55.93000030517578,55.45000076293945,55.47999954223633,13040100
2020-01-13,46.077091217041016,56.130001068115234,56.22999954223633,55.41999816894531,55.529998779296875,14302900
2020-01-14,45.970375061035156,56.0,56.290000915527344,55.83000183105469,56.2400016784668,16345300
2020-01-15,46.54499816894531,56.70000076293945,56.97999954223633,56.0,56.0,17735400
2020-01-16,46.64350509643555,56.81999969482422,56.95000076293945,56.61000061035156,56.849998474121094,10234100
2020-01-17,46.74201965332031,56.939998626708984,57.150001525878906,56.79999923706055,56.869998931884766,14264300
2020-01-21,46.930824279785156,57.16999816894531,57.25,56.56999969482422,56.849998474121094,11968900
2020-01-22,47.292022705078125,57.61000061035156,57.63999938964844,57.18000030517578,57.25,12869600
2020-01-23,47.47261428833008,57.83000183105469,57.849998474121094,57.2400016784668,57.380001068115234,12858900
2020-01-24,47.349491119384766,57.68000030517578,57.869998931884766,57.459999084472656,57.849998474121094,8594300
2020-01-27,47.185306549072266,57.47999954223633,57.849998474121094,57.130001068115234,57.209999084472656,14359900
2020-01-28,46.799476623535156,57.0099983215332,57.75,56.970001220703125,57.45000076293945,15240200
2020-01-29,46.799476623535156,57.0099983215332,57.2599983215332,56.65999984741211,57.0,13163600
2020-01-30,48.318153381347656,58.86000061035156,58.97999954223633,57.7599983215332,57.93000030517578,20225600
2020-01-31,47.940528869628906,58.400001525878906,59.08000183105469,58.150001525878906,58.970001220703125,17685200
2020-02-03,48.08829116821289,58.58000183105469,58.970001220703125,58.52000045776367,58.75,12333600
2020-02-04,48.301727294921875,58.84000015258789,59.45000076293945,58.619998931884766,58.75,15417900
2020-02-05,48.309932708740234,58.849998474121094,59.08000183105469,58.540000915527344,58.900001525878906,11414900
2020-02-06,48.424861907958984,58.9900016784668,59.34000015258789,58.84000015258789,58.97999954223633,9347000
2020-02-07,48.58903884887695,59.189998626708984,59.31999969482422,58.849998474121094,58.880001068115234,8757800
2020-02-10,49.048744201660156,59.75,59.84000015258789,59.290000915527344,59.31999969482422,7984900
2020-02-11,48.91740798950195,59.59000015258789,59.79999923706055,59.31999969482422,59.720001220703125,7431200
2020-02-12,48.76963424682617,59.40999984741211,59.77000045776367,59.31999969482422,59.47999954223633,9179100
2020-02-13,48.93382263183594,59.61000061035156,59.84000015258789,59.209999084472656,59.380001068115234,8173200
2020-02-14,49.212928771972656,59.95000076293945,60.06999969482422,59.619998931884766,59.630001068115234,9965500
2020-02-18,48.8681526184082,59.529998779296875,59.93000030517578,59.45000076293945,59.810001373291016,10075700
2020-02-19,49.065162658691406,59.77000045776367,60.0,59.470001220703125,59.5099983215332,6265700
2020-02-20,49.02411651611328,59.720001220703125,59.86000061035156,59.11000061035156,59.68000030517578,7597200
2020-02-21,49.36068344116211,60.130001068115234,60.130001068115234,59.43000030517578,59.5099983215332,10842400
2020-02-24,48.145748138427734,58.650001525878906,59.79999923706055,58.56999969482422,59.11000061035156,14415500
2020-02-25,47.46440505981445,57.81999969482422,59.20000076293945,57.619998931884766,58.70000076293945,15915100
2020-02-26,47.283817291259766,57.599998474121094,58.470001220703125,57.47999954223633,57.97999954223633,15837800
2020-02-27,45.092010498046875,54.93000030517578,57.88999938964844,54.880001068115234,57.150001525878906,23754000
2020-02-28,43.909908294677734,53.4900016784668,53.88999938964844,51.58000183105469,53.83000183105469,40890600
2020-03-02,45.904693603515625,55.91999816894531,55.959999084472656,53.70000076293945,53.93000030517578,25698600
2020-03-03,46.01962661743164,56.060001373291016,57.4900016784668,55.63999938964844,56.7599983215332,27099200
2020-03-04,48.367393493652344,58.91999816894531,59.0,56.40999984741211,56.40999984741211,20526100
2020-03-05,46.57783508300781,56.7400016784668,58.16999816894531,56.189998626708984,57.79999923706055,17948500
2020-03-06,45.3629035949707,55.2599983215332,55.90999984741211,53.97999954223633,54.939998626708984,22353900
2020-03-09,42.57185745239258,51.86000061035156,53.58000183105469,51.47999954223633,52.04999923706055,27898300
2020-03-10,44.04946517944336,53.65999984741211,53.79999923706055,51.16999816894531,53.220001220703125,27457400
2020-03-11,42.85916519165039,52.209999084472656,52.650001525878906,51.13999938964844,52.349998474121094,22653900
2020-03-12,38.713619232177734,47.15999984741211,49.93000030517578,46.689998626708984,48.540000915527344,31913100
2020-03-13,40.13794708251953,48.470001220703125,49.560001373291016,46.61000061035156,49.5099983215332,33697200
2020-03-16,37.47975158691406,45.2599983215332,47.880001068115234,41.16999816894531,42.2400016784668,28682300
2020-03-17,39.06970977783203,47.18000030517578,47.5,45.369998931884766,45.880001068115234,32106700
2020-03-18,37.14022445678711,44.849998474121094,45.150001525878906,41.59000015258789,44.7400016784668,35408300
2020-03-19,34.639381408691406,41.83000183105469,44.65999984741211,41.040000915527344,44.36000061035156,41956900
2020-03-20,31.716184616088867,38.29999923706055,42.06999969482422,37.5099983215332,41.95000076293945,51513500
2020-03-23,31.103397369384766,37.560001373291016,38.88999938964844,36.27000045776367,38.7599983215332,44978500
2020-03-24,32.66850280761719,39.45000076293945,41.400001525878906,38.83000183105469,41.220001220703125,49096200
2020-03-25,34.45718765258789,41.61000061035156,43.45000076293945,39.90999984741211,40.630001068115234,42511700
2020-03-26,36.67649841308594,44.290000915527344,45.27000045776367,42.45000076293945,42.84000015258789,37821700
2020-03-27,35.45090866088867,42.810001373291016,44.029998779296875,42.400001525878906,43.65999984741211,23297900
2020-03-30,37.26445007324219,45.0,45.560001373291016,43.040000915527344,43.040000915527344,23446000
2020-03-31,36.643375396728516,44.25,45.5099983215332,44.060001373291016,45.06999969482422,25373900
2020-04-01,34.879520416259766,42.119998931884766,43.650001525878906,41.79999923706055,42.47999954223633,21936400
2020-04-02,36.39494323730469,43.95000076293945,44.189998626708984,41.86000061035156,42.220001220703125,17621900
2020-04-03,36.29557418823242,43.83000183105469,44.34000015258789,43.310001373291016,43.58000183105469,14207100
2020-04-06,38.64736557006836,46.66999816894531,47.0099983215332,44.689998626708984,45.38999938964844,22850000
2020-04-07,38.5148811340332,46.5099983215332,48.599998474121094,46.47999954223633,48.5,21279600
2020-04-08,39.59968185424805,47.81999969482422,48.09000015258789,46.33000183105469,46.63999938964844,18937100
2020-04-09,40.576847076416016,49.0,49.72999954223633,48.349998474121094,48.439998626708984,19165300
2020-04-13,38.8626823425293,46.93000030517578,48.63999938964844,46.5,48.349998474121094,19586000
2020-04-14,40.51060104370117,48.91999816894531,49.25,46.93000030517578,47.939998626708984,21801900
2020-04-15,39.42578887939453,47.61000061035156,48.400001525878906,47.40999984741211,47.709999084472656,12893200
2020-04-16,39.003456115722656,47.099998474121094,47.849998474121094,46.7599983215332,47.400001525878906,17606800
2020-04-17,39.798431396484375,48.060001373291016,48.29999923706055,47.369998931884766,48.29999923706055,19844600
2020-04-20,38.53144454956055,46.529998779296875,48.0,46.310001373291016,47.790000915527344,18957900
2020-04-21,37.579124450683594,45.380001068115234,46.900001525878906,44.2599983215332,45.880001068115234,26863700
2020-04-22,37.827552795410156,45.68000030517578,46.150001525878906,45.5,46.04999923706055,15811600
2020-04-23,37.32241439819336,45.06999969482422,46.099998474121094,44.970001220703125,45.95000076293945,17668200
2020-04-24,37.62052917480469,45.43000030517578,45.75,45.119998931884766,45.5,15175000
2020-04-27,38.73845672607422,46.779998779296875,46.97999954223633,45.709999084472656,46.0,19175500
2020-04-28,38.70532989501953,46.7400016784668,48.0,46.56999969482422,47.900001525878906,17246700
2020-04-29,39.02001953125,47.119998931884766,47.86000061035156,46.880001068115234,47.27000045776367,15780000
2020-04-30,38.001461029052734,45.88999938964844,47.0,45.70000076293945,47.0,20801100
2020-05-01,37.76130676269531,45.599998474121094,46.38999938964844,45.209999084472656,45.619998931884766,14290400
2020-05-04,37.3803825378418,45.13999938964844,45.47999954223633,44.599998474121094,45.31999969482422,22544200
2020-05-05,37.59568405151367,45.400001525878906,46.099998474121094,45.150001525878906,45.36000061035156,13370500
2020-05-06,37.05741882324219,44.75,45.630001068115234,44.720001220703125,45.400001525878906,11892900
2020-05-07,36.933204650878906,44.599998474121094,45.2400016784668,44.5,45.150001525878906,16466000
2020-05-08,38.18364334106445,46.11000061035156,46.220001220703125,44.880001068115234,45.08000183105469,13985100
2020-05-11,37.71162796020508,45.540000915527344,46.11000061035156,45.52000045776367,45.689998626708984,10874600
2020-05-12,37.11539840698242,44.81999969482422,45.849998474121094,44.79999923706055,45.599998474121094,13424400
2020-05-13,36.38666915893555,43.939998626708984,44.779998779296875,43.52000045776367,44.709999084472656,15854800
2020-05-14,36.18791961669922,43.70000076293945,44.060001373291016,43.22999954223633,43.380001068115234,18000800
2020-05-15,35.823570251464844,43.2599983215332,44.689998626708984,43.20000076293945,43.959999084472656,31579400
2020-05-18,37.23960876464844,44.970001220703125,45.38999938964844,44.130001068115234,44.81999969482422,26118500
2020-05-19,36.883522033691406,44.540000915527344,45.33000183105469,44.25,45.0099983215332,17839900
2020-05-20,38.001461029052734,45.88999938964844,46.16999816894531,45.02000045776367,45.20000076293945,22295900
2020-05-21,37.40522384643555,45.16999816894531,46.09000015258789,45.029998779296875,46.08000183105469,13193500
2020-05-22,37.289283752441406,45.029998779296875,45.310001373291016,44.650001525878906,45.220001220703125,13008400
2020-05-26,38.16707992553711,46.09000015258789,46.93000030517578,45.93000030517578,46.91999816894531,22223100
2020-05-27,38.697059631347656,46.72999954223633,47.09000015258789,46.16999816894531,47.0,18447600
2020-05-28,38.99517059326172,47.09000015258789,47.459999084472656,46.81999969482422,47.29999923706055,16230600
2020-05-29,38.65565490722656,46.68000030517578,47.189998626708984,46.13999938964844,46.68000030517578,51125000
2020-06-01,38.912376403808594,46.9900016784668,47.22999954223633,46.59000015258789,46.65999984741211,17010700
2020-06-02,38.837833404541016,46.900001525878906,47.279998779296875,46.560001373291016,47.15999984741211,15255100
2020-06-03,39.665931701660156,47.900001525878906,48.119998931884766,47.119998931884766,47.27000045776367,15508300
2020-06-04,39.6824951171875,47.91999816894531,48.27000045776367,47.380001068115234,47.939998626708984,13604700
2020-06-05,40.651371002197266,49.09000015258789,49.4900016784668,48.459999084472656,48.540000915527344,20504800
2020-06-08,41.280731201171875,49.849998474121094,49.970001220703125,49.470001220703125,49.540000915527344,19896700
2020-06-09,40.576847076416016,49.0,49.59000015258789,48.68000030517578,49.59000015258789,16713700
2020-06-10,40.26216506958008,48.619998931884766,49.27000045776367,48.56999969482422,49.15999984741211,15716600
2020-06-11,37.71162796020508,45.540000915527344,47.91999816894531,45.459999084472656,47.810001373291016,26070400
2020-06-12,38.104366302490234,45.599998474121094,46.25,45.0099983215332,46.209999084472656,21822700
2020-06-15,38.68930435180664,46.29999923706055,46.45000076293945,44.470001220703125,44.56999969482422,15622300
2020-06-16,39.08203887939453,46.77000045776367,47.689998626708984,46.189998626708984,47.560001373291016,18803500
2020-06-17,38.923282623291016,46.58000183105469,47.060001373291016,46.439998626708984,46.779998779296875,12602800
2020-06-18,39.265892028808594,46.9900016784668,47.040000915527344,46.06999969482422,46.29999923706055,9380800
2020-06-19,38.455326080322266,46.02000045776367,47.790000915527344,46.02000045776367,47.77000045776367,30464600
2020-06-22,38.22135543823242,45.7400016784668,46.150001525878906,45.380001068115234,46.029998779296875,20876200
2020-06-23,38.137786865234375,45.63999938964844,46.290000915527344,45.58000183105469,46.0,14675300
2020-06-24,37.310516357421875,44.650001525878906,45.439998626708984,44.5,45.369998931884766,17631800
2020-06-25,37.54449462890625,44.93000030517578,44.97999954223633,44.029998779296875,44.470001220703125,13829700
2020-06-26,36.408050537109375,43.56999969482422,45.0099983215332,43.5099983215332,44.91999816894531,21955100
2020-06-29,37.06819152832031,44.36000061035156,44.56999969482422,43.54999923706055,44.0,17603900
2020-06-30,37.33559799194336,44.68000030517578,44.83000183105469,44.040000915527344,44.25,23679800
2020-07-01,37.45258712768555,44.81999969482422,45.529998779296875,44.709999084472656,44.93000030517578,14316500
2020-07-02,37.502708435058594,44.880001068115234,45.43000030517578,44.79999923706055,45.290000915527344,15111900
2020-07-06,37.79518127441406,45.22999954223633,45.27000045776367,44.61000061035156,45.13999938964844,15146000
2020-07-07,37.77846908569336,45.209999084472656,45.5,44.79999923706055,45.0,13043600
2020-07-08,37.66147994995117,45.06999969482422,45.18000030517578,44.470001220703125,45.13999938964844,13851200
2020-07-09,36.692176818847656,43.90999984741211,45.04999923706055,43.83000183105469,45.04999923706055,16087100
2020-07-10,37.72834396362305,45.150001525878906,45.25,43.86000061035156,43.880001068115234,15627800
2020-07-13,37.81190490722656,45.25,45.68000030517578,44.959999084472656,45.529998779296875,16705300
2020-07-14,38.32999038696289,45.869998931884766,45.939998626708984,44.66999816894531,44.90999984741211,17080100
2020-07-15,38.772865295410156,46.400001525878906,47.189998626708984,46.20000076293945,46.29999923706055,23738000
2020-07-16,38.56396484375,46.150001525878906,46.689998626708984,45.939998626708984,46.2599983215332,13306100
2020-07-17,39.12382888793945,46.81999969482422,46.90999984741211,46.130001068115234,46.470001220703125,13899800
2020-07-20,38.538883209228516,46.119998931884766,46.83000183105469,45.849998474121094,46.720001220703125,16633200
2020-07-21,39.44136428833008,47.20000076293945,47.9900016784668,46.93000030517578,47.52000045776367,25681500
2020-07-22,40.51095962524414,48.47999954223633,48.52000045776367,47.029998779296875,47.93000030517578,29831200
2020-07-23,40.34383010864258,48.279998779296875,48.56999969482422,48.029998779296875,48.470001220703125,15935000
2020-07-24,40.51932144165039,48.4900016784668,48.79999923706055,48.06999969482422,48.400001525878906,16196800
2020-07-27,40.51095962524414,48.47999954223633,48.5099983215332,48.18000030517578,48.18000030517578,17346500
2020-07-28,40.260276794433594,48.18000030517578,49.279998779296875,48.099998474121094,48.34000015258789,13872700
2020-07-29,40.126564025878906,48.02000045776367,48.5,47.81999969482422,48.13999938964844,13758100
2020-07-30,39.85081481933594,47.689998626708984,48.22999954223633,47.20000076293945,47.66999816894531,17276500
2020-07-31,39.47479248046875,47.2400016784668,47.77000045776367,46.72999954223633,47.439998626708984,14849200
2020-08-03,38.68930435180664,46.29999923706055,47.36000061035156,46.22999954223633,47.13999938964844,14137500
2020-08-04,39.01519012451172,46.689998626708984,46.86000061035156,46.220001220703125,46.290000915527344,11717200
2020-08-05,39.45806884765625,47.220001220703125,47.27000045776367,46.810001373291016,46.900001525878906,10498700
2020-08-06,39.67533493041992,47.47999954223633,47.529998779296875,46.599998474121094,46.65999984741211,10745000
2020-08-07,39.94274139404297,47.79999923706055,48.08000183105469,47.209999084472656,47.470001220703125,11669700
2020-08-10,39.875885009765625,47.720001220703125,48.279998779296875,47.65999984741211,48.060001373291016,11888000
2020-08-11,40.051368713378906,47.93000030517578,48.650001525878906,47.70000076293945,48.459999084472656,16531600
2020-08-12,40.469181060791016,48.43000030517578,48.689998626708984,48.119998931884766,48.29999923706055,9562200
2020-08-13,40.42740249633789,48.380001068115234,48.72999954223633,48.060001373291016,48.2599983215332,9882900
2020-08-14,40.48589324951172,48.45000076293945,48.689998626708984,48.029998779296875,48.34000015258789,10075800
2020-08-17,40.28533935546875,48.209999084472656,48.75,48.20000076293945,48.31999969482422,9102400
2020-08-18,40.460819244384766,48.41999816894531,48.5,47.959999084472656,48.20000076293945,9829000
2020-08-19,39.58341979980469,47.369998931884766,48.380001068115234,47.220001220703125,48.119998931884766,17371000
2020-08-20,39.56669998168945,47.349998474121094,47.599998474121094,47.09000015258789,47.27000045776367,11308700
2020-08-21,39.50821304321289,47.279998779296875,47.5,46.970001220703125,47.34000015258789,14734100
2020-08-24,40.08479309082031,47.970001220703125,47.97999954223633,47.18000030517578,47.43000030517578,9257700
2020-08-25,40.03465270996094,47.90999984741211,48.04999923706055,47.650001525878906,48.0,7827800
2020-08-26,40.243553161621094,48.15999984741211,48.18000030517578,47.470001220703125,47.7599983215332,10124200
2020-08-27,40.30205154418945,48.22999954223633,48.81999969482422,48.20000076293945,48.25,10931600
2020-08-28,41.63904571533203,49.83000183105469,49.849998474121094,48.529998779296875,48.75,16420300
2020-08-31,41.38835525512695,49.529998779296875,50.06999969482422,49.349998474121094,49.79999923706055,18510800
2020-09-01,41.045753479003906,49.119998931884766,49.349998474121094,48.83000183105469,49.310001373291016,12588400
2020-09-02,42.77549362182617,51.189998626708984,51.36000061035156,49.36000061035156,49.36000061035156,26332600
2020-09-03,42.18220520019531,50.47999954223633,52.13999938964844,50.099998474121094,51.400001525878906,22289400
2020-09-04,42.650142669677734,51.040000915527344,51.470001220703125,50.279998779296875,50.939998626708984,21019500
2020-09-08,41.62232971191406,49.810001373291016,51.040000915527344,49.36000061035156,50.93000030517578,17776700
2020-09-09,41.93987274169922,50.189998626708984,50.7599983215332,49.54999923706055,49.599998474121094,15252300
2020-09-10,41.78109359741211,50.0,50.68000030517578,49.95000076293945,50.349998474121094,15439500
2020-09-11,42.6668701171875,51.060001373291016,51.20000076293945,50.099998474121094,50.400001525878906,18272300
2020-09-14,42.7174072265625,50.709999084472656,51.22999954223633,50.56999969482422,50.970001220703125,10911700
2020-09-15,43.003807067871094,51.04999923706055,51.380001068115234,50.84000015258789,51.0,12838400
2020-09-16,42.7848014831543,50.790000915527344,51.45000076293945,50.7400016784668,50.95000076293945,15353900
2020-09-17,42.582618713378906,50.54999923706055,50.630001068115234,49.939998626708984,50.220001220703125,13287100
2020-09-18,42.498382568359375,50.45000076293945,51.15999984741211,50.209999084472656,50.75,23816600
2020-09-21,41.35273742675781,49.09000015258789,50.02000045776367,48.61000061035156,49.75,17514800
2020-09-22,41.832889556884766,49.65999984741211,50.040000915527344,49.06999969482422,49.11000061035156,13034600
2020-09-23,40.61144256591797,48.209999084472656,49.91999816894531,48.16999816894531,49.72999954223633,17121200
2020-09-24,41.02421569824219,48.70000076293945,49.099998474121094,47.560001373291016,48.209999084472656,16788100
2020-09-25,41.04106140136719,48.720001220703125,48.7599983215332,47.97999954223633,48.20000076293945,12603400
2020-09-28,41.51279067993164,49.279998779296875,49.709999084472656,49.13999938964844,49.310001373291016,11215700
2020-09-29,41.209537506103516,48.91999816894531,49.560001373291016,48.90999984741211,49.38999938964844,12426600
2020-09-30,41.58860778808594,49.369998931884766,49.619998931884766,48.88999938964844,49.27000045776367,15755900
2020-10-01,41.428550720214844,49.18000030517578,49.65999984741211,48.59000015258789,49.439998626708984,17577300
2020-10-02,41.58018112182617,49.36000061035156,49.58000183105469,48.54999923706055,48.7599983215332,13610100
2020-10-05,41.5970344543457,49.380001068115234,49.54999923706055,49.119998931884766,49.43000030517578,10628700
2020-10-06,41.22637939453125,48.939998626708984,49.72999954223633,48.83000183105469,49.54999923706055,10077400
2020-10-07,41.748661041259766,49.560001373291016,49.7599983215332,48.95000076293945,49.02000045776367,10135600
2020-10-08,42.506797790527344,50.459999084472656,50.540000915527344,49.540000915527344,49.709999084472656,12143900
2020-10-09,42.801639556884766,50.810001373291016,51.22999954223633,50.599998474121094,50.66999816894531,11407800
2020-10-12,43.037513732910156,51.09000015258789,51.529998779296875,50.83000183105469,50.84000015258789,11386500
2020-10-13,42.30463409423828,50.220001220703125,50.9900016784668,49.900001525878906,50.9900016784668,14365300
2020-10-14,42.22039031982422,50.119998931884766,50.4900016784668,49.650001525878906,50.04999923706055,10582100
2020-10-15,42.11089324951172,49.9900016784668,50.130001068115234,49.29999923706055,49.400001525878906,9961700
2020-10-16,42.14458465576172,50.029998779296875,50.349998474121094,49.869998931884766,49.9900016784668,13569800
2020-10-19,41.799198150634766,49.619998931884766,50.47999954223633,49.459999084472656,50.029998779296875,9930400
2020-10-20,42.32991409301758,50.25,50.619998931884766,49.790000915527344,49.88999938964844,10970700
2020-10-21,42.11089324951172,49.9900016784668,50.43000030517578,49.77000045776367,49.959999084472656,12517400
2020-10-22,42.69213104248047,50.68000030517578,51.20000076293945,50.380001068115234,51.16999816894531,20189200
2020-10-23,42.557350158691406,50.52000045776367,51.18000030517578,50.470001220703125,51.0,13491300
2020-10-26,41.95083236694336,49.79999923706055,50.5099983215332,49.20000076293945,50.34000015258789,14696400
2020-10-27,42.03506851196289,49.900001525878906,50.290000915527344,49.54999923706055,49.810001373291016,13892100
2020-10-28,40.40084457397461,47.959999084472656,49.150001525878906,47.779998779296875,49.0,19886200
2020-10-29,40.451377868652344,48.02000045776367,48.47999954223633,47.29999923706055,47.72999954223633,15369900
2020-10-30,40.485084533691406,48.060001373291016,48.119998931884766,47.369998931884766,47.810001373291016,15804000
2020-11-02,40.956817626953125,48.619998931884766,48.95000076293945,48.2400016784668,48.75,15156100
2020-11-03,41.571754455566406,49.349998474121094,49.959999084472656,49.0,49.220001220703125,15285100
2020-11-04,41.420127868652344,49.16999816894531,50.209999084472656,49.08000183105469,49.43000030517578,12930800
2020-11-05,41.6475715637207,49.439998626708984,50.209999084472656,49.34000015258789,49.7599983215332,12452400
2020-11-06,41.65599822998047,49.45000076293945,49.9900016784668,49.25,49.650001525878906,9294900
2020-11-09,44.28424835205078,52.56999969482422,53.2599983215332,52.06999969482422,52.5,33442000
2020-11-10,45.47201156616211,53.97999954223633,54.279998779296875,52.45000076293945,52.56999969482422,29706700
2020-11-11,45.13505935668945,53.58000183105469,54.29999923706055,53.33000183105469,53.93000030517578,17399900
2020-11-12,44.654884338378906,53.0099983215332,53.209999084472656,52.61000061035156,53.04999923706055,15024400
2020-11-13,45.02553939819336,53.45000076293945,53.5,52.88999938964844,53.25,12447900
2020-11-16,45.36249542236328,53.849998474121094,54.619998931884766,53.279998779296875,54.5,14908200
2020-11-17,45.21929168701172,53.68000030517578,53.75,53.029998779296875,53.65999984741211,14248400
2020-11-18,44.31793975830078,52.61000061035156,54.02000045776367,52.560001373291016,53.75,15278200
2020-11-19,44.755977630615234,53.130001068115234,53.22999954223633,51.95000076293945,52.4900016784668,17189500
2020-11-20,44.36848449707031,52.66999816894531,53.25,52.59000015258789,53.189998626708984,15645600
2020-11-23,44.37690734863281,52.68000030517578,53.16999816894531,52.20000076293945,52.95000076293945,13191900
2020-11-24,44.831790924072266,53.220001220703125,53.59000015258789,53.02000045776367,53.13999938964844,13827600
2020-11-25,44.587501525878906,52.93000030517578,53.279998779296875,52.790000915527344,53.06999969482422,10194800
2020-11-27,44.39375686645508,52.70000076293945,53.189998626708984,52.61000061035156,53.11000061035156,8499300
2020-11-30,43.80794143676758,51.599998474121094,52.189998626708984,51.08000183105469,52.09000015258789,43203600
2020-12-01,44.181495666503906,52.040000915527344,52.33000183105469,51.790000915527344,52.13999938964844,18968800
2020-12-02,44.24093246459961,52.11000061035156,52.130001068115234,51.63999938964844,51.900001525878906,14913100
2020-12-03,44.80976104736328,52.779998779296875,52.939998626708984,51.900001525878906,51.900001525878906,17318900
2020-12-04,45.71818161010742,53.849998474121094,53.869998931884766,52.7599983215332,52.779998779296875,18122400
2020-12-07,44.98805236816406,52.9900016784668,53.779998779296875,52.70000076293945,53.7599983215332,16210900
2020-12-08,45.149356842041016,53.18000030517578,53.47999954223633,52.790000915527344,52.939998626708984,12485800
2020-12-09,45.27670669555664,53.33000183105469,53.599998474121094,53.0,53.369998931884766,11508400
2020-12-10,45.03898620605469,53.04999923706055,53.5099983215332,52.97999954223633,53.400001525878906,12097300
2020-12-11,45.29367446899414,53.349998474121094,53.540000915527344,52.779998779296875,52.79999923706055,10638100
2020-12-14,45.22576141357422,53.27000045776367,53.84000015258789,53.18000030517578,53.650001525878906,22292000
2020-12-15,45.709693908691406,53.84000015258789,54.220001220703125,53.599998474121094,53.790000915527344,16193700
2020-12-16,45.04747772216797,53.060001373291016,53.79999923706055,52.939998626708984,53.599998474121094,15679600
2020-12-17,45.22576141357422,53.27000045776367,53.709999084472656,53.150001525878906,53.29999923706055,12677300
2020-12-18,45.62479782104492,53.7400016784668,53.84000015258789,52.619998931884766,53.08000183105469,35480100
2020-12-21,44.835235595703125,52.810001373291016,53.0,51.97999954223633,52.68000030517578,14926600
2020-12-22,44.79278564453125,52.7599983215332,53.18000030517578,52.38999938964844,52.810001373291016,9689500
2020-12-23,45.064453125,53.08000183105469,53.38999938964844,52.939998626708984,52.95000076293945,7040300
2020-12-24,45.37008285522461,53.439998626708984,53.54999923706055,53.02000045776367,53.02000045776367,3265500
2020-12-28,45.98137283325195,54.15999984741211,54.439998626708984,53.72999954223633,53.849998474121094,9020500
2020-12-29,45.95588684082031,54.130001068115234,54.4900016784668,54.02000045776367,54.45000076293945,8320600
2020-12-30,46.21908187866211,54.439998626708984,54.630001068115234,54.029998779296875,54.04999923706055,8142700
2020-12-31,46.55868148803711,54.84000015258789,54.93000030517578,54.27000045776367,54.45000076293945,8495000
2021-01-04,44.79278564453125,52.7599983215332,54.630001068115234,52.029998779296875,54.27000045776367,25611100
2021-01-05,44.30036163330078,52.18000030517578,52.619998931884766,52.029998779296875,52.33000183105469,20323800
2021-01-06,42.89103698730469,50.52000045776367,52.02000045776367,50.189998626708984,51.970001220703125,38724500
2021-01-07,42.41559600830078,49.959999084472656,50.2599983215332,49.52000045776367,50.09000015258789,53225700
2021-01-08,43.3664665222168,51.08000183105469,51.130001068115234,49.84000015258789,50.029998779296875,29674000
2021-01-11,42.619361877441406,50.20000076293945,50.86000061035156,49.95000076293945,50.619998931884766,19304400
2021-01-12,42.5429573059082,50.11000061035156,50.369998931884766,49.7599983215332,50.040000915527344,18538700
2021-01-13,42.58540725708008,50.15999984741211,50.36000061035156,49.95000076293945,49.97999954223633,18864100
2021-01-14,41.79583740234375,49.22999954223633,50.18000030517578,49.220001220703125,50.15999984741211,34303600
2021-01-15,41.345882415771484,48.70000076293945,49.18000030517578,48.529998779296875,49.15999984741211,24366800
2021-01-19,41.18456268310547,48.5099983215332,49.040000915527344,48.2400016784668,48.7400016784668,29114500
2021-01-20,41.32890319824219,48.68000030517578,48.81999969482422,48.310001373291016,48.540000915527344,23115800
2021-01-21,41.55811309814453,48.95000076293945,49.09000015258789,48.459999084472656,48.779998779296875,19702500
2021-01-22,41.16758346557617,48.4900016784668,48.939998626708984,48.4900016784668,48.810001373291016,15400300
2021-01-25,41.41379165649414,48.779998779296875,48.84000015258789,48.2400016784668,48.41999816894531,16604200
2021-01-26,41.846771240234375,49.290000915527344,49.400001525878906,48.61000061035156,48.90999984741211,12922600
2021-01-27,41.201541900634766,48.529998779296875,49.31999969482422,48.22999954223633,48.88999938964844,21242400
2021-01-28,41.7279167175293,49.150001525878906,49.5,48.61000061035156,48.689998626708984,17498900
2021-01-29,40.878936767578125,48.150001525878906,49.119998931884766,48.11000061035156,49.029998779296875,18670300
2021-02-01,41.15909957885742,48.47999954223633,48.689998626708984,48.18000030517578,48.27000045776367,12183600
2021-02-02,41.56660842895508,48.959999084472656,49.349998474121094,48.630001068115234,48.79999923706055,13319800
2021-02-03,41.40530776977539,48.77000045776367,49.09000015258789,48.66999816894531,48.95000076293945,12274100
2021-02-04,41.60905838012695,49.0099983215332,49.06999969482422,48.650001525878906,48.959999084472656,20597400
2021-02-05,42.15242004394531,49.650001525878906,49.779998779296875,49.27000045776367,49.5,12742000
2021-02-08,42.38164520263672,49.91999816894531,50.16999816894531,49.4900016784668,49.959999084472656,17833200
2021-02-09,42.194862365722656,49.70000076293945,50.02000045776367,49.630001068115234,49.849998474121094,14592900
2021-02-10,42.109962463378906,49.599998474121094,50.58000183105469,49.529998779296875,50.40999984741211,22965400
2021-02-11,42.70425796508789,50.29999923706055,50.59000015258789,49.79999923706055,49.810001373291016,21928600
2021-02-12,43.03535842895508,50.689998626708984,50.849998474121094,50.38999938964844,50.56999969482422,13137100
2021-02-16,42.678794860839844,50.27000045776367,50.720001220703125,50.15999984741211,50.619998931884766,15093400
2021-02-17,42.559932708740234,50.130001068115234,50.4900016784668,49.88999938964844,50.0,12794300
2021-02-18,43.1032829284668,50.77000045776367,50.849998474121094,50.029998779296875,50.15999984741211,12747100
2021-02-19,42.5429573059082,50.11000061035156,50.83000183105469,49.970001220703125,50.790000915527344,15968800
2021-02-22,42.984432220458984,50.630001068115234,50.880001068115234,49.66999816894531,49.849998474121094,14370900
2021-02-23,42.908023834228516,50.540000915527344,51.5099983215332,50.41999816894531,51.0,16222300
2021-02-24,43.05234909057617,50.709999084472656,50.900001525878906,50.130001068115234,50.38999938964844,14442000
2021-02-25,42.593894958496094,50.16999816894531,50.75,49.97999954223633,50.470001220703125,14211100
2021-02-26,41.59208679199219,48.9900016784668,50.209999084472656,48.970001220703125,50.20000076293945,23638400
2021-03-01,42.36467361450195,49.900001525878906,50.439998626708984,49.400001525878906,49.439998626708984,13901200
2021-03-02,42.53446578979492,50.099998474121094,50.560001373291016,49.70000076293945,49.84000015258789,11755100
2021-03-03,42.43257141113281,49.97999954223633,50.560001373291016,49.709999084472656,49.720001220703125,15410700
2021-03-04,42.39862823486328,49.939998626708984,51.09000015258789,49.619998931884766,50.310001373291016,22036400
2021-03-05,43.120262145996094,50.790000915527344,50.95000076293945,49.900001525878906,50.04999923706055,21310800
2021-03-08,43.8419075012207,51.63999938964844,52.4900016784668,51.15999984741211,51.470001220703125,25084900
2021-03-09,43.1796989440918,50.86000061035156,51.880001068115234,50.81999969482422,51.720001220703125,23082700
2021-03-10,43.67210388183594,51.439998626708984,51.630001068115234,50.720001220703125,51.18000030517578,21331600
2021-03-11,43.19667434692383,50.880001068115234,51.43000030517578,50.810001373291016,51.40999984741211,17417700
2021-03-12,43.11107635498047,50.36000061035156,50.68000030517578,50.20000076293945,50.59000015258789,17598600
2021-03-15,43.68463134765625,51.029998779296875,51.119998931884766,50.470001220703125,50.5,13411900
2021-03-16,43.8472785949707,51.220001220703125,51.52000045776367,51.040000915527344,51.20000076293945,14214200
2021-03-17,43.86440658569336,51.2400016784668,51.619998931884766,51.150001525878906,51.25,17502700
2021-03-18,43.29084396362305,50.56999969482422,51.189998626708984,50.4900016784668,51.060001373291016,18007300
2021-03-19,43.49629592895508,50.810001373291016,51.08000183105469,50.16999816894531,50.459999084472656,67845700
2021-03-22,43.65894317626953,51.0,51.08000183105469,50.31999969482422,50.31999969482422,17911400
2021-03-23,43.9928092956543,51.38999938964844,51.650001525878906,50.83000183105469,50.9900016784668,16936700
2021-03-24,44.10409927368164,51.52000045776367,51.88999938964844,51.150001525878906,51.16999816894531,14997400
2021-03-25,44.53211975097656,52.02000045776367,52.060001373291016,51.16999816894531,51.70000076293945,17091900
2021-03-26,45.40530776977539,53.040000915527344,53.11000061035156,51.7599983215332,52.13999938964844,17126700
2021-03-29,46.09870529174805,53.849998474121094,53.939998626708984,52.709999084472656,52.72999954223633,17514100
2021-03-30,45.49946975708008,53.150001525878906,53.790000915527344,52.93000030517578,53.75,14871800
2021-03-31,45.12281036376953,52.709999084472656,53.16999816894531,52.5,53.029998779296875,15826500
2021-04-01,44.95158767700195,52.5099983215332,53.150001525878906,52.459999084472656,52.959999084472656,15834700
2021-04-05,45.20841598510742,52.810001373291016,53.220001220703125,52.290000915527344,52.349998474121094,16368700
2021-04-06,45.533714294433594,53.189998626708984,53.650001525878906,52.900001525878906,53.040000915527344,15614300
2021-04-07,45.610755920410156,53.279998779296875,53.5,53.119998931884766,53.279998779296875,10062700
2021-04-08,45.473793029785156,53.119998931884766,53.380001068115234,52.970001220703125,53.16999816894531,9695600
2021-04-09,45.525146484375,53.18000030517578,53.279998779296875,52.810001373291016,53.16999816894531,10828200
2021-04-12,45.670684814453125,53.349998474121094,53.54999923706055,53.099998474121094,53.33000183105469,8565300
2021-04-13,45.44811248779297,53.09000015258789,53.290000915527344,52.810001373291016,53.040000915527344,11071700
2021-04-14,45.439544677734375,53.08000183105469,53.189998626708984,52.650001525878906,52.97999954223633,9787600
2021-04-15,45.653560638427734,53.33000183105469,53.65999984741211,53.119998931884766,53.130001068115234,13078100
2021-04-16,45.953182220458984,53.68000030517578,53.79999923706055,53.380001068115234,53.7400016784668,17974100
2021-04-19,46.22712707519531,54.0,54.36000061035156,53.29999923706055,54.0,19352900
2021-04-20,46.372650146484375,54.16999816894531,54.59000015258789,53.810001373291016,53.84000015258789,14419200
2021-04-21,46.74931716918945,54.61000061035156,54.7400016784668,54.2400016784668,54.2400016784668,13866500
2021-04-22,46.60378646850586,54.439998626708984,54.869998931884766,54.31999969482422,54.470001220703125,12558900
2021-04-23,46.62947082519531,54.470001220703125,54.59000015258789,54.16999816894531,54.400001525878906,9020500
2021-04-26,45.936058044433594,53.65999984741211,54.5099983215332,53.58000183105469,54.470001220703125,11684600
2021-04-27,45.867576599121094,53.58000183105469,53.70000076293945,53.31999969482422,53.560001373291016,9852400
2021-04-28,45.87613296508789,53.59000015258789,54.04999923706055,53.439998626708984,53.97999954223633,10868100
2021-04-29,46.44969177246094,54.2599983215332,54.36000061035156,53.43000030517578,53.540000915527344,15391000
2021-04-30,46.20998764038086,53.97999954223633,54.27000045776367,53.689998626708984,54.25,14912600
2021-05-03,46.63801956176758,54.47999954223633,54.79999923706055,54.15999984741211,54.27000045776367,10417900
2021-05-04,46.34696578979492,54.13999938964844,54.619998931884766,53.939998626708984,54.56999969482422,14151000
2021-05-05,46.22712707519531,54.0,54.2400016784668,53.709999084472656,54.13999938964844,9665900
2021-05-06,46.68939208984375,54.540000915527344,54.61000061035156,54.04999923706055,54.119998931884766,11572700
2021-05-07,46.66370391845703,54.5099983215332,54.77000045776367,54.15999984741211,54.439998626708984,10637500
2021-05-10,47.00613784790039,54.90999984741211,55.5,54.83000183105469,54.880001068115234,15545800
2021-05-11,46.501060485839844,54.31999969482422,55.13999938964844,54.04999923706055,55.029998779296875,12986700
2021-05-12,46.26136016845703,54.040000915527344,54.560001373291016,53.880001068115234,54.36000061035156,15836500
2021-05-13,46.66370391845703,54.5099983215332,54.779998779296875,53.83000183105469,53.970001220703125,15475800
2021-05-14,46.85204315185547,54.72999954223633,55.099998474121094,54.689998626708984,54.900001525878906,11725300
2021-05-17,46.77498245239258,54.63999938964844,55.02000045776367,54.5,54.84000015258789,12119800
2021-05-18,46.518184661865234,54.34000015258789,54.560001373291016,54.099998474121094,54.38999938964844,13232500
2021-05-19,46.372650146484375,54.16999816894531,54.18000030517578,53.61000061035156,54.119998931884766,15126100
2021-05-20,46.7835578918457,54.650001525878906,54.79999923706055,54.119998931884766,54.119998931884766,10948400
2021-05-21,46.75788116455078,54.619998931884766,55.119998931884766,54.220001220703125,54.79999923706055,16033200
2021-05-24,46.91196823120117,54.79999923706055,54.93000030517578,54.4900016784668,54.630001068115234,10326100
2021-05-25,46.903404235839844,54.790000915527344,54.81999969482422,54.349998474121094,54.81999969482422,11916500
2021-05-26,47.10885238647461,55.029998779296875,55.04999923706055,54.59000015258789,54.97999954223633,16064300
2021-05-27,47.50265121459961,55.4900016784668,55.56999969482422,54.779998779296875,55.209999084472656,59109600
2021-05-28,47.33143615722656,55.290000915527344,55.709999084472656,55.20000076293945,55.349998474121094,17011600
2021-06-01,47.32286834716797,55.279998779296875,55.650001525878906,55.099998474121094,55.34000015258789,13304000
2021-06-02,47.511199951171875,55.5,55.560001373291016,55.2599983215332,55.5,11328500
2021-06-03,47.63105773925781,55.63999938964844,55.7400016784668,55.099998474121094,55.18000030517578,17364300
2021-06-04,48.14468765258789,56.2400016784668,56.47999954223633,55.779998779296875,55.900001525878906,18935100
2021-06-07,47.973487854003906,56.040000915527344,56.34000015258789,55.810001373291016,56.310001373291016,14010800
2021-06-08,47.63962173461914,55.650001525878906,56.25,55.54999923706055,56.25,10968300
2021-06-09,47.49407958984375,55.47999954223633,55.91999816894531,55.47999954223633,55.75,9838800
2021-06-10,47.8621940612793,55.90999984741211,56.119998931884766,55.7599983215332,55.90999984741211,12444400
2021-06-11,48.076210021972656,56.15999984741211,56.209999084472656,55.65999984741211,55.9900016784668,11825800
2021-06-14,47.91232681274414,55.54999923706055,55.709999084472656,55.20000076293945,55.689998626708984,9710800
2021-06-15,47.79158020019531,55.40999984741211,55.790000915527344,55.189998626708984,55.779998779296875,11154200
2021-06-16,47.15332794189453,54.66999816894531,55.459999084472656,54.63999938964844,55.439998626708984,15211700
2021-06-17,47.394832611083984,54.95000076293945,55.150001525878906,54.650001525878906,54.66999816894531,10658400
2021-06-18,46.37706756591797,53.77000045776367,54.619998931884766,53.720001220703125,54.5099983215332,31445600
2021-06-21,46.88594055175781,54.36000061035156,54.43000030517578,54.0,54.220001220703125,14404300
2021-06-22,47.058441162109375,54.560001373291016,54.849998474121094,54.2599983215332,54.34000015258789,13072800
2021-06-23,46.67894744873047,54.119998931884766,54.599998474121094,54.11000061035156,54.560001373291016,12339200
2021-06-24,46.91182327270508,54.38999938964844,54.41999816894531,54.0,54.2599983215332,11488400
2021-06-25,46.85144805908203,54.31999969482422,54.470001220703125,54.0099983215332,54.2400016784668,18880300
2021-06-28,46.79969024658203,54.2599983215332,54.369998931884766,54.0,54.25,10556900
2021-06-29,46.45469665527344,53.86000061035156,54.34000015258789,53.720001220703125,54.130001068115234,12300900
2021-06-30,46.670318603515625,54.11000061035156,54.18000030517578,53.75,53.79999923706055,14614200
2021-07-01,46.54094314575195,53.959999084472656,54.47999954223633,53.86000061035156,54.34000015258789,13214700
2021-07-02,46.73069763183594,54.18000030517578,54.45000076293945,54.0,54.0,10604600
2021-07-06,46.47194290161133,53.880001068115234,54.09000015258789,53.54999923706055,53.9900016784668,15278200
2021-07-07,46.85144805908203,54.31999969482422,54.380001068115234,53.720001220703125,53.720001220703125,14377700
2021-07-08,46.68756103515625,54.130001068115234,54.16999816894531,53.7400016784668,54.0099983215332,11943900
2021-07-09,46.972190856933594,54.459999084472656,54.52000045776367,54.18000030517578,54.25,10847000
2021-07-12,46.989437103271484,54.47999954223633,54.599998474121094,54.27000045776367,54.31999969482422,15107600
2021-07-13,47.4551887512207,55.02000045776367,55.29999923706055,54.75,54.95000076293945,15170800
2021-07-14,48.52470779418945,56.2599983215332,56.349998474121094,54.959999084472656,55.02000045776367,22002700
2021-07-15,48.67996597290039,56.439998626708984,56.470001220703125,55.90999984741211,56.2400016784668,15068200
2021-07-16,48.64546203613281,56.400001525878906,56.68000030517578,56.2599983215332,56.459999084472656,14860500
2021-07-19,48.06757736206055,55.72999954223633,56.349998474121094,55.15999984741211,56.08000183105469,19527000
2021-07-20,48.15382766723633,55.83000183105469,56.33000183105469,55.52000045776367,55.72999954223633,16257900
2021-07-21,48.77484130859375,56.54999923706055,57.560001373291016,56.43000030517578,57.33000183105469,20918200
2021-07-22,48.70584487915039,56.470001220703125,56.7400016784668,56.04999923706055,56.619998931884766,13402700
2021-07-23,49.17158889770508,57.0099983215332,57.33000183105469,56.45000076293945,56.59000015258789,12144000
2021-07-26,49.2147216796875,57.060001373291016,57.119998931884766,56.560001373291016,56.88999938964844,8681100
2021-07-27,49.38721466064453,57.2599983215332,57.540000915527344,56.91999816894531,57.11000061035156,12794400
2021-07-28,48.938724517822266,56.7400016784668,57.15999984741211,56.630001068115234,56.9900016784668,9858000
2021-07-29,49.20608901977539,57.04999923706055,57.25,56.86000061035156,57.06999969482422,9599100
2021-07-30,49.1888427734375,57.029998779296875,57.25,56.900001525878906,57.150001525878906,11727000
2021-08-02,49.05946731567383,56.880001068115234,57.2400016784668,56.709999084472656,57.20000076293945,9778000
2021-08-03,49.093963623046875,56.91999816894531,57.0,56.75,57.0,8825500
2021-08-04,48.38670349121094,56.099998474121094,56.95000076293945,56.0099983215332,56.75,11888400
2021-08-05,48.731712341308594,56.5,56.59000015258789,56.290000915527344,56.439998626708984,9806800
2021-08-06,48.85246276855469,56.63999938964844,56.7400016784668,56.439998626708984,56.599998474121094,10409300
2021-08-09,48.86109161376953,56.650001525878906,56.880001068115234,56.43000030517578,56.79999923706055,8859900
2021-08-10,48.9904670715332,56.79999923706055,57.16999816894531,56.65999984741211,56.84000015258789,10906900
2021-08-11,48.93009567260742,56.72999954223633,57.18000030517578,56.709999084472656,56.88999938964844,8370700
2021-08-12,49.02497100830078,56.84000015258789,56.97999954223633,56.72999954223633,56.72999954223633,6169200
2021-08-13,49.36134338378906,57.22999954223633,57.29999923706055,56.77000045776367,56.810001373291016,7714200
2021-08-16,49.576969146728516,57.47999954223633,57.4900016784668,57.029998779296875,57.20000076293945,7972000
2021-08-17,49.40446853637695,57.279998779296875,57.560001373291016,57.0099983215332,57.459999084472656,10346400
2021-08-18,48.731712341308594,56.5,57.22999954223633,56.41999816894531,57.189998626708984,13873700
2021-08-19,49.04222106933594,56.86000061035156,56.97999954223633,55.95000076293945,56.060001373291016,9223700
2021-08-20,48.85246276855469,56.63999938964844,57.029998779296875,56.58000183105469,56.84000015258789,10543600
2021-08-23,48.67996597290039,56.439998626708984,56.75,56.380001068115234,56.66999816894531,8912800
2021-08-24,48.309085845947266,56.0099983215332,56.63999938964844,55.900001525878906,56.63999938964844,12067200
2021-08-25,48.3608283996582,56.06999969482422,56.16999816894531,55.72999954223633,56.060001373291016,11270700
2021-08-26,47.9036979675293,55.540000915527344,55.97999954223633,55.5099983215332,55.95000076293945,10331500
2021-08-27,47.99858474731445,55.650001525878906,55.790000915527344,55.45000076293945,55.65999984741211,8844100
2021-08-30,48.45570373535156,56.18000030517578,56.20000076293945,55.63999938964844,55.689998626708984,10034700
2021-08-31,48.567840576171875,56.310001373291016,56.52000045776367,56.0,56.15999984741211,14185700
2021-09-01,48.89558410644531,56.689998626708984,56.79999923706055,56.279998779296875,56.380001068115234,9518900
2021-09-02,48.96459197998047,56.77000045776367,57.029998779296875,56.40999984741211,56.77000045776367,11653200
2021-09-03,48.93009567260742,56.72999954223633,56.77000045776367,56.25,56.459999084472656,13220400
2021-09-07,48.01582717895508,55.66999816894531,56.689998626708984,55.5099983215332,56.599998474121094,20035300
2021-09-08,48.662715911865234,56.41999816894531,56.47999954223633,55.61000061035156,55.61000061035156,12040100
2021-09-09,48.17970275878906,55.86000061035156,56.41999816894531,55.79999923706055,56.18000030517578,12545400
2021-09-10,47.964088439941406,55.61000061035156,56.130001068115234,55.52000045776367,56.0099983215332,10573700
2021-09-13,48.3608283996582,56.06999969482422,56.400001525878906,55.7400016784668,55.7400016784668,20274300
2021-09-14,48.395591735839844,55.689998626708984,55.97999954223633,55.54999923706055,55.91999816894531,13918900
2021-09-15,48.56071472167969,55.880001068115234,56.0,55.41999816894531,55.68000030517578,15746000
2021-09-16,48.10012435913086,55.349998474121094,55.9900016784668,54.81999969482422,55.720001220703125,17430400
2021-09-17,47.3093147277832,54.439998626708984,55.189998626708984,54.369998931884766,55.02000045776367,33370200
2021-09-20,46.979087829589844,54.060001373291016,54.400001525878906,53.72999954223633,54.11000061035156,27542500
2021-09-21,46.97041320800781,54.04999923706055,54.81999969482422,53.939998626708984,54.38999938964844,16418200
2021-09-22,47.03992462158203,54.130001068115234,54.560001373291016,54.060001373291016,54.5099983215332,12719700
2021-09-23,46.96171951293945,54.040000915527344,54.619998931884766,54.0,54.2599983215332,13836200
2021-09-24,46.83136749267578,53.88999938964844,54.2400016784668,53.86000061035156,54.0,9682200
2021-09-27,46.58803939819336,53.61000061035156,54.25,53.56999969482422,53.849998474121094,12429500
2021-09-28,45.745094299316406,52.63999938964844,53.459999084472656,52.43000030517578,53.459999084472656,19926100
2021-09-29,46.02317810058594,52.959999084472656,53.15999984741211,52.560001373291016,52.63999938964844,13941500
2021-09-30,45.59735870361328,52.470001220703125,53.33000183105469,52.43000030517578,53.16999816894531,17672000
2021-10-01,46.0753173828125,53.02000045776367,53.20000076293945,52.56999969482422,52.779998779296875,16277400
2021-10-04,46.04924774169922,52.9900016784668,53.529998779296875,52.400001525878906,53.060001373291016,18973400
2021-10-05,46.12746047973633,53.08000183105469,53.470001220703125,52.93000030517578,53.02000045776367,17173100
2021-10-06,46.67494583129883,53.709999084472656,53.77000045776367,52.5099983215332,52.77000045776367,21284500
2021-10-07,46.82267761230469,53.880001068115234,54.279998779296875,53.810001373291016,53.9900016784668,13774400
2021-10-08,47.03124237060547,54.119998931884766,54.38999938964844,53.900001525878906,54.0,13786800
2021-10-11,47.126834869384766,54.22999954223633,54.38999938964844,54.0099983215332,54.209999084472656,12378500
2021-10-12,47.126834869384766,54.22999954223633,54.83000183105469,54.220001220703125,54.41999816894531,19474400
2021-10-13,47.13551712036133,54.2400016784668,54.43000030517578,53.790000915527344,54.16999816894531,12143300
2021-10-14,47.45705032348633,54.61000061035156,54.810001373291016,54.310001373291016,54.38999938964844,13704000
2021-10-15,47.344078063964844,54.47999954223633,54.880001068115234,54.290000915527344,54.63999938964844,17867000
2021-10-18,46.87480926513672,53.939998626708984,54.38999938964844,53.86000061035156,54.349998474121094,15861800
2021-10-19,47.05731201171875,54.150001525878906,54.20000076293945,53.77000045776367,54.040000915527344,11068500
2021-10-20,47.47443771362305,54.630001068115234,54.7599983215332,54.11000061035156,54.18000030517578,12474800
2021-10-21,47.231109619140625,54.349998474121094,54.66999816894531,54.209999084472656,54.599998474121094,14388300
2021-10-22,47.31801223754883,54.45000076293945,54.529998779296875,54.06999969482422,54.38999938964844,12828600
2021-10-25,47.126834869384766,54.22999954223633,54.470001220703125,54.02000045776367,54.380001068115234,11855000
2021-10-26,47.33539581298828,54.470001220703125,54.58000183105469,54.22999954223633,54.31999969482422,12086700
2021-10-27,48.247859954833984,55.52000045776367,56.08000183105469,55.27000045776367,55.970001220703125,24019800
2021-10-28,48.69974899291992,56.040000915527344,56.11000061035156,55.619998931884766,55.75,15928000
2021-10-29,48.98652267456055,56.369998931884766,56.470001220703125,55.779998779296875,55.869998931884766,24463700
2021-11-01,48.812721252441406,56.16999816894531,56.400001525878906,55.900001525878906,56.38999938964844,11651100
2021-11-02,48.75188446044922,56.099998474121094,56.5,55.970001220703125,56.470001220703125,11498900
2021-11-03,48.91700744628906,56.290000915527344,56.33000183105469,55.779998779296875,56.0,10788300
2021-11-04,49.18639373779297,56.599998474121094,56.630001068115234,56.029998779296875,56.11000061035156,10820200
2021-11-05,49.39496612548828,56.84000015258789,57.15999984741211,56.59000015258789,56.84000015258789,12886700
2021-11-08,48.9517707824707,56.33000183105469,56.88999938964844,56.130001068115234,56.75,12828000
2021-11-09,49.09081268310547,56.4900016784668,56.52000045776367,56.09000015258789,56.40999984741211,10155800
2021-11-10,49.29067611694336,56.720001220703125,56.91999816894531,56.290000915527344,56.540000915527344,8813600
2021-11-11,49.308067321777344,56.7400016784668,56.880001068115234,56.56999969482422,56.83000183105469,7257700
2021-11-12,49.19508743286133,56.61000061035156,56.9900016784668,56.54999923706055,56.75,10162500
2021-11-15,49.20378112792969,56.619998931884766,56.68000030517578,56.27000045776367,56.529998779296875,10289200
2021-11-16,48.85618209838867,56.220001220703125,56.939998626708984,56.189998626708984,56.619998931884766,13756500
2021-11-17,48.58677673339844,55.90999984741211,56.04999923706055,55.650001525878906,56.040000915527344,13288700
2021-11-18,48.15226364135742,55.40999984741211,55.93000030517578,55.13999938964844,55.83000183105469,15380100
2021-11-19,47.90895080566406,55.130001068115234,55.4900016784668,54.900001525878906,55.439998626708984,15813700
2021-11-22,48.204410552978516,55.470001220703125,56.02000045776367,55.08000183105469,55.099998474121094,16905600
2021-11-23,48.56071472167969,55.880001068115234,56.11000061035156,55.5,55.65999984741211,13835900
2021-11-24,48.169654846191406,55.43000030517578,55.84000015258789,55.029998779296875,55.709999084472656,12598900
2021-11-26,46.692317962646484,53.72999954223633,54.75,53.58000183105469,54.59000015258789,14754300
2021-11-29,47.43098449707031,54.58000183105469,54.72999954223633,53.93000030517578,54.04999923706055,22712500
2021-11-30,45.93344497680664,52.45000076293945,53.630001068115234,52.439998626708984,53.599998474121094,30485200
2021-12-01,45.80207443237305,52.29999923706055,53.52000045776367,52.279998779296875,52.97999954223633,18719600
2021-12-02,46.476409912109375,53.06999969482422,53.34000015258789,52.5099983215332,52.599998474121094,17074200
2021-12-03,46.88801193237305,53.540000915527344,53.61000061035156,52.97999954223633,53.33000183105469,21064400
2021-12-06,48.087799072265625,54.90999984741211,55.25,54.13999938964844,54.310001373291016,26624100
2021-12-07,48.350521087646484,55.209999084472656,55.41999816894531,54.849998474121094,55.02000045776367,23832700
2021-12-08,48.166622161865234,55.0,55.349998474121094,54.36000061035156,55.119998931884766,18026300
2021-12-09,48.04401397705078,54.86000061035156,55.130001068115234,54.59000015258789,54.75,13846400
2021-12-10,49.2875862121582,56.279998779296875,56.31999969482422,55.06999969482422,55.25,23153600
2021-12-13,50.583709716796875,57.7599983215332,57.93000030517578,56.959999084472656,56.97999954223633,31362800
2021-12-14,50.61874771118164,57.79999923706055,58.16999816894531,57.400001525878906,57.400001525878906,24806600
2021-12-15,50.84644317626953,58.060001373291016,58.25,57.650001525878906,57.93000030517578,24923800
2021-12-16,51.36312484741211,58.650001525878906,58.880001068115234,57.900001525878906,57.97999954223633,24696900
2021-12-17,50.55743408203125,57.72999954223633,58.91999816894531,57.70000076293945,58.4900016784668,51874400
2021-12-20,50.39104461669922,57.540000915527344,57.779998779296875,57.0,57.20000076293945,20879500
2021-12-21,50.59247589111328,57.77000045776367,57.970001220703125,57.529998779296875,57.61000061035156,15864900
2021-12-22,50.95152282714844,58.18000030517578,58.189998626708984,57.4900016784668,57.709999084472656,12447400
2021-12-23,50.9865608215332,58.220001220703125,58.61000061035156,57.939998626708984,58.52000045776367,11027300
2021-12-27,51.36312484741211,58.650001525878906,58.689998626708984,58.0,58.0,9860000
2021-12-28,51.564552307128906,58.880001068115234,58.939998626708984,58.29999923706055,58.400001525878906,8979900
2021-12-29,51.62586212158203,58.95000076293945,59.099998474121094,58.65999984741211,58.95000076293945,9996000
2021-12-30,51.47697830200195,58.779998779296875,59.22999954223633,58.7599983215332,59.060001373291016,7703900
2021-12-31,51.85356140136719,59.209999084472656,59.349998474121094,58.70000076293945,58.75,10021300
2022-01-03,51.932376861572266,59.29999923706055,59.310001373291016,58.380001068115234,58.81999969482422,20187300
2022-01-04,52.79937744140625,60.290000915527344,60.540000915527344,59.59000015258789,59.72999954223633,26141600
2022-01-05,53.237247467041016,60.790000915527344,61.20000076293945,60.04999923706055,60.09000015258789,22507300
2022-01-06,52.957008361816406,60.470001220703125,61.119998931884766,60.439998626708984,60.470001220703125,17902300
2022-01-07,52.83441162109375,60.33000183105469,60.720001220703125,60.060001373291016,60.279998779296875,12307900
2022-01-10,52.92197799682617,60.43000030517578,60.81999969482422,60.18000030517578,60.54999923706055,20954300
2022-01-11,52.93949508666992,60.45000076293945,60.4900016784668,59.84000015258789,60.43000030517578,19369600
2022-01-12,53.018314361572266,60.540000915527344,60.689998626708984,60.189998626708984,60.529998779296875,15753800
2022-01-13,53.333587646484375,60.900001525878906,61.040000915527344,60.38999938964844,60.540000915527344,14318000
2022-01-14,53.7627067565918,61.38999938964844,61.45000076293945,60.36000061035156,60.939998626708984,19729600
2022-01-18,53.333587646484375,60.900001525878906,61.189998626708984,60.45000076293945,61.060001373291016,21976700
2022-01-19,53.42116165161133,61.0,61.18000030517578,60.560001373291016,60.65999984741211,18654700
2022-01-20,53.20221710205078,60.75,61.439998626708984,60.720001220703125,61.0,23002400
2022-01-21,52.93949508666992,60.45000076293945,61.29999923706055,60.400001525878906,61.08000183105469,26643200
2022-01-24,52.5103759765625,59.959999084472656,60.349998474121094,58.56999969482422,59.900001525878906,30185100
2022-01-25,52.38777160644531,59.81999969482422,60.04999923706055,58.689998626708984,59.36000061035156,19027100
2022-01-26,52.195098876953125,59.599998474121094,60.349998474121094,59.209999084472656,59.790000915527344,19190200
2022-01-27,52.238887786865234,59.650001525878906,60.93000030517578,59.5,59.880001068115234,18893800
2022-01-28,53.28104019165039,60.84000015258789,60.88999938964844,58.939998626708984,59.38999938964844,19101500
2022-01-31,53.42991638183594,61.0099983215332,61.13999938964844,60.150001525878906,60.29999923706055,22045300
2022-02-01,53.03582763671875,60.560001373291016,61.13999938964844,60.15999984741211,60.90999984741211,20841700
2022-02-02,53.578792572021484,61.18000030517578,61.27000045776367,60.560001373291016,60.619998931884766,20225600
2022-02-03,53.95537567138672,61.61000061035156,61.779998779296875,60.59000015258789,60.939998626708984,19440500
2022-02-04,53.38613510131836,60.959999084472656,61.68000030517578,60.56999969482422,61.4900016784668,17403700
2022-02-07,53.94661331176758,61.599998474121094,61.720001220703125,60.86000061035156,61.380001068115234,17846400
2022-02-08,54.29692077636719,62.0,62.33000183105469,61.7400016784668,61.83000183105469,18771700
2022-02-09,53.45619201660156,61.040000915527344,62.31999969482422,60.900001525878906,62.16999816894531,23595600
2022-02-10,53.75395202636719,61.380001068115234,62.29999923706055,60.20000076293945,60.36000061035156,23561500
2022-02-11,52.79937744140625,60.290000915527344,61.97999954223633,60.150001525878906,61.77000045776367,22781400
2022-02-14,53.14091491699219,60.68000030517578,60.790000915527344,59.279998779296875,60.15999984741211,23641300
2022-02-15,53.34234619140625,60.90999984741211,61.779998779296875,60.630001068115234,60.959999084472656,13408700
2022-02-16,53.333587646484375,60.900001525878906,61.400001525878906,60.560001373291016,60.86000061035156,15484700
2022-02-17,54.402008056640625,62.119998931884766,62.279998779296875,60.40999984741211,60.54999923706055,21468700
2022-02-18,54.76982498168945,62.540000915527344,62.81999969482422,61.9900016784668,62.119998931884766,21975000
2022-02-22,54.54212951660156,62.279998779296875,62.63999938964844,61.720001220703125,62.43000030517578,21731400
2022-02-23,53.9378547668457,61.59000015258789,62.33000183105469,61.34000015258789,62.2400016784668,19248500
2022-02-24,52.992034912109375,60.5099983215332,60.619998931884766,59.220001220703125,59.970001220703125,27207400
2022-02-25,55.041316986083984,62.849998474121094,62.900001525878906,60.91999816894531,60.939998626708984,21487800
2022-02-28,54.50709915161133,62.2400016784668,62.34000015258789,61.40999984741211,61.650001525878906,25879100
2022-03-01,54.27064514160156,61.970001220703125,62.75,61.5099983215332,62.13999938964844,15871100
2022-03-02,54.67349624633789,62.43000030517578,62.880001068115234,61.779998779296875,62.22999954223633,17319100
2022-03-03,54.70852279663086,62.470001220703125,63.02000045776367,62.290000915527344,62.61000061035156,21262800
2022-03-04,54.79610061645508,62.56999969482422,62.59000015258789,61.20000076293945,61.459999084472656,17163000
2022-03-07,53.49122619628906,61.08000183105469,62.06999969482422,60.720001220703125,62.0099983215332,29151400
2022-03-08,51.37188720703125,58.65999984741211,61.540000915527344,58.59000015258789,61.45000076293945,30242100
2022-03-09,51.634613037109375,58.959999084472656,59.84000015258789,58.65999984741211,59.81999969482422,23022700
2022-03-10,50.68880844116211,57.880001068115234,58.65999984741211,57.5,58.47999954223633,20887300
2022-03-11,50.72382736206055,57.91999816894531,58.849998474121094,57.86000061035156,57.959999084472656,19855600
2022-03-14,51.659236907958984,58.540000915527344,59.040000915527344,57.970001220703125,57.970001220703125,17799400
2022-03-15,52.6122932434082,59.619998931884766,59.88999938964844,58.97999954223633,59.08000183105469,18607200
2022-03-16,52.471099853515625,59.459999084472656,59.939998626708984,58.61000061035156,59.779998779296875,17347300
2022-03-17,53.02705001831055,60.09000015258789,60.13999938964844,59.22999954223633,59.459999084472656,15586200
2022-03-18,53.03587341308594,60.099998474121094,60.29999923706055,59.709999084472656,60.29999923706055,30197800
2022-03-21,53.4594612121582,60.58000183105469,61.099998474121094,60.25,60.5,17440100
2022-03-22,53.65359115600586,60.79999923706055,60.95000076293945,60.060001373291016,60.93000030517578,17559500
2022-03-23,53.30061721801758,60.400001525878906,60.97999954223633,60.0,60.75,15529200
2022-03-24,53.812442779541016,60.97999954223633,61.02000045776367,60.459999084472656,60.63999938964844,13151300
2022-03-25,54.29779052734375,61.529998779296875,61.61000061035156,61.04999923706055,61.119998931884766,12259800
2022-03-28,54.64194869995117,61.91999816894531,61.939998626708984,61.209999084472656,61.529998779296875,11485200
2022-03-29,54.8537483215332,62.15999984741211,62.529998779296875,61.7400016784668,62.209999084472656,14720600
2022-03-30,54.89787292480469,62.209999084472656,62.209999084472656,61.560001373291016,62.0099983215332,13641000
2022-03-31,54.712554931640625,62.0,62.63999938964844,62.0,62.220001220703125,16822900
2022-04-01,55.480289459228516,62.869998931884766,62.95000076293945,62.09000015258789,62.33000183105469,12644900
2022-04-04,55.189083099365234,62.540000915527344,62.790000915527344,61.720001220703125,62.599998474121094,11505800
2022-04-05,55.12730407714844,62.470001220703125,63.2400016784668,62.369998931884766,62.400001525878906,15721200
2022-04-06,55.683265686035156,63.099998474121094,63.2599983215332,62.29999923706055,62.77000045776367,19267400
2022-04-07,55.98328399658203,63.439998626708984,63.66999816894531,62.709999084472656,63.130001068115234,13960800
2022-04-08,56.32745361328125,63.83000183105469,64.04000091552734,63.15999984741211,63.47999954223633,12703500
2022-04-11,56.3098030090332,63.810001373291016,64.30000305175781,63.63999938964844,63.90999984741211,12720100
2022-04-12,56.97164535522461,64.55999755859375,64.80999755859375,63.88999938964844,64.37999725341797,18089900
2022-04-13,57.121665954589844,64.7300033569336,64.87000274658203,64.2300033569336,64.44000244140625,11883000
2022-04-14,57.377586364746094,65.0199966430664,65.56999969482422,64.81999969482422,64.95999908447266,16388400
2022-04-18,56.865760803222656,64.44000244140625,65.18000030517578,64.18000030517578,64.7699966430664,11679400
2022-04-19,57.42170333862305,65.06999969482422,65.25,64.44000244140625,64.5,11993800
2022-04-20,58.20709228515625,65.95999908447266,66.23999786376953,65.4000015258789,65.44000244140625,14827100
2022-04-21,58.42770767211914,66.20999908447266,67.0,65.72000122070312,65.9800033569336,15120400
2022-04-22,57.58053970336914,65.25,66.33999633789062,65.18000030517578,66.08000183105469,14902200
2022-04-25,58.1894416809082,65.94000244140625,67.19999694824219,64.77999877929688,67.0,25082000
2022-04-26,57.40406036376953,65.05000305175781,66.37000274658203,65.04000091552734,65.5199966430664,21982600
2022-04-27,57.85411071777344,65.55999755859375,66.27999877929688,65.0,65.0,16971000
2022-04-28,58.41007614135742,66.19000244140625,66.27999877929688,64.5,64.66000366210938,22010600
2022-04-29,57.01577377319336,64.61000061035156,66.02999877929688,64.48999786376953,65.87000274658203,20137100
2022-05-02,55.98328399658203,63.439998626708984,65.30999755859375,62.58000183105469,65.27999877929688,24970300
2022-05-03,55.665611267089844,63.08000183105469,63.939998626708984,62.66999816894531,63.720001220703125,21686300
2022-05-04,57.38640594482422,65.02999877929688,65.12000274658203,62.939998626708984,63.0,19780200
2022-05-05,56.92752456665039,64.51000213623047,65.02999877929688,64.01000213623047,64.69000244140625,20155200
2022-05-06,57.130489349365234,64.73999786376953,65.30999755859375,64.06999969482422,64.19999694824219,18984000
2022-05-09,57.01577377319336,64.61000061035156,65.36000061035156,64.04000091552734,64.47000122070312,20055300
2022-05-10,56.486297607421875,64.01000213623047,65.31999969482422,63.849998474121094,64.5,21322200
2022-05-11,56.75102615356445,64.30999755859375,65.19999694824219,63.959999084472656,64.33000183105469,19648400
2022-05-12,56.92752456665039,64.51000213623047,64.52999877929688,63.209999084472656,64.16000366210938,22574700
2022-05-13,57.995304107666016,65.72000122070312,65.80000305175781,64.12000274658203,64.80999755859375,16167000
2022-05-16,58.20709228515625,65.95999908447266,66.37999725341797,65.44000244140625,65.44000244140625,13223200
2022-05-17,58.04825210571289,65.77999877929688,66.0999984741211,65.01000213623047,66.0999984741211,21300600
2022-05-18,54.006591796875,61.20000076293945,65.5199966430664,60.959999084472656,65.41999816894531,31437300
2022-05-19,52.94763946533203,60.0,60.959999084472656,59.65999984741211,60.959999084472656,31493900
2022-05-20,53.812442779541016,60.97999954223633,61.2400016784668,59.65999984741211,60.4900016784668,29133800
2022-05-23,55.47146224975586,62.86000061035156,63.099998474121094,61.59000015258789,61.650001525878906,19406900
2022-05-24,56.495113372802734,64.0199966430664,64.19000244140625,62.75,62.880001068115234,16154200
2022-05-25,56.539249420166016,64.06999969482422,64.47000122070312,63.599998474121094,64.0,15360500
2022-05-26,56.74221420288086,64.30000305175781,65.0999984741211,63.959999084472656,64.06999969482422,16159800
2022-05-27,57.07754898071289,64.68000030517578,64.83000183105469,64.13999938964844,64.26000213623047,17709000
2022-05-31,55.93035888671875,63.380001068115234,64.31999969482422,63.04999923706055,64.08000183105469,43159000
2022-06-01,55.65678024291992,63.06999969482422,63.68000030517578,62.130001068115234,63.41999816894531,15408300
2022-06-02,56.239200592041016,63.72999954223633,63.7400016784668,62.11000061035156,63.18000030517578,14586000
2022-06-03,55.568538665771484,62.970001220703125,63.630001068115234,62.810001373291016,63.56999969482422,13539900
2022-06-06,55.480289459228516,62.869998931884766,63.77000045776367,62.65999984741211,63.33000183105469,15112800
2022-06-07,55.81563186645508,63.25,63.369998931884766,62.220001220703125,62.380001068115234,17886300
2022-06-08,55.49793243408203,62.88999938964844,63.209999084472656,62.560001373291016,62.9900016784668,10211500
2022-06-09,54.53605651855469,61.79999923706055,63.349998474121094,61.779998779296875,62.869998931884766,13382200
2022-06-10,54.19190216064453,61.40999984741211,61.88999938964844,60.459999084472656,61.0099983215332,14967600
2022-06-13,54.130126953125,61.34000015258789,62.290000915527344,60.66999816894531,60.75,23064200
2022-06-14,52.64577102661133,59.22999954223633,60.88999938964844,58.65999984741211,60.72999954223633,24620000
2022-06-15,53.0368537902832,59.66999816894531,60.63999938964844,58.970001220703125,60.0,19684700
2022-06-16,52.50355911254883,59.06999969482422,59.52000045776367,58.25,58.63999938964844,15053800
2022-06-17,52.82353591918945,59.43000030517578,60.130001068115234,59.130001068115234,59.70000076293945,34781900
2022-06-21,53.952362060546875,60.70000076293945,60.880001068115234,59.0099983215332,59.4900016784668,17705000
2022-06-22,54.352333068847656,61.150001525878906,61.45000076293945,60.31999969482422,60.599998474121094,15207100
2022-06-23,55.00118637084961,61.880001068115234,61.90999984741211,61.22999954223633,61.29999923706055,17190900
2022-06-24,56.03224182128906,63.040000915527344,63.060001373291016,62.11000061035156,62.11000061035156,18147100
2022-06-27,55.91668701171875,62.90999984741211,63.290000915527344,62.630001068115234,62.97999954223633,12142100
2022-06-28,55.35671615600586,62.279998779296875,63.7599983215332,62.11000061035156,63.08000183105469,13150100
2022-06-29,55.7567024230957,62.72999954223633,63.11000061035156,62.43000030517578,62.540000915527344,11795500
2022-06-30,55.91668701171875,62.90999984741211,63.11000061035156,62.15999984741211,62.31999969482422,15514200
2022-07-01,57.2232780456543,64.37999725341797,64.44999694824219,62.81999969482422,63.119998931884766,15143200
2022-07-05,56.24555206298828,63.279998779296875,64.18000030517578,62.41999816894531,64.18000030517578,15921200
2022-07-06,56.36109924316406,63.40999984741211,64.08999633789062,63.189998626708984,63.599998474121094,13450500
2022-07-07,55.91668701171875,62.90999984741211,63.58000183105469,62.70000076293945,63.2599983215332,14828400
2022-07-08,56.121131896972656,63.13999938964844,63.41999816894531,62.880001068115234,63.029998779296875,11311500
2022-07-11,55.943355560302734,62.939998626708984,63.459999084472656,62.59000015258789,62.9900016784668,12702100
2022-07-12,55.703372955322266,62.66999816894531,63.45000076293945,62.470001220703125,63.0,14731100
2022-07-13,55.44559860229492,62.380001068115234,63.0,61.97999954223633,62.33000183105469,13145300
2022-07-14,55.267822265625,62.18000030517578,62.25,61.29999923706055,61.33000183105469,14433000
2022-07-15,55.552268981933594,62.5,62.970001220703125,62.06999969482422,62.75,21968400
2022-07-18,54.796756744384766,61.650001525878906,62.560001373291016,61.5099983215332,62.52000045776367,10780800
2022-07-19,55.57892608642578,62.529998779296875,62.650001525878906,61.93000030517578,62.09000015258789,10998200
2022-07-20,54.6634407043457,61.5,62.58000183105469,61.150001525878906,62.400001525878906,11010500
2022-07-21,54.53898620605469,61.36000061035156,61.880001068115234,60.790000915527344,61.2599983215332,11959600
2022-07-22,54.74342346191406,61.59000015258789,61.869998931884766,61.31999969482422,61.380001068115234,11644700
2022-07-25,55.2767219543457,62.189998626708984,62.29999923706055,61.310001373291016,61.54999923706055,14941700
2022-07-26,56.1833381652832,63.209999084472656,63.79999923706055,62.529998779296875,62.75,20118000
2022-07-27,56.00557327270508,63.0099983215332,63.189998626708984,61.790000915527344,62.880001068115234,12142900
2022-07-28,56.93885040283203,64.05999755859375,64.25,62.88999938964844,62.91999816894531,10837000
2022-07-29,57.03661346435547,64.16999816894531,64.29000091552734,63.630001068115234,63.709999084472656,13734200
2022-08-01,57.347713470458984,64.5199966430664,65.04000091552734,64.02999877929688,64.08999633789062,12831500
2022-08-02,56.56553649902344,63.63999938964844,64.5999984741211,63.43000030517578,64.58999633789062,15241900
2022-08-03,56.81441116333008,63.91999816894531,64.0999984741211,63.310001373291016,63.54999923706055,11317000
2022-08-04,56.592201232910156,63.66999816894531,63.72999954223633,62.91999816894531,63.63999938964844,11795600
2022-08-05,56.33444595336914,63.380001068115234,63.630001068115234,62.66999816894531,63.630001068115234,10445400
2022-08-08,55.97001647949219,62.970001220703125,63.810001373291016,62.75,63.5,9165200
2022-08-09,56.04112243652344,63.04999923706055,63.310001373291016,62.849998474121094,63.18000030517578,7910900
2022-08-10,56.57442855834961,63.650001525878906,63.790000915527344,63.099998474121094,63.630001068115234,8857300
2022-08-11,56.192222595214844,63.220001220703125,63.9900016784668,63.08000183105469,63.689998626708984,8507800
2022-08-12,56.618865966796875,63.70000076293945,63.7599983215332,63.09000015258789,63.43000030517578,9489300
2022-08-15,57.32992935180664,64.5,64.69000244140625,63.56999969482422,63.63999938964844,9863300
2022-08-16,57.801021575927734,65.02999877929688,65.2300033569336,64.33000183105469,64.56999969482422,9569600
2022-08-17,57.667694091796875,64.87999725341797,65.22000122070312,64.76000213623047,64.83000183105469,8144000
2022-08-18,57.96989059448242,65.22000122070312,65.3499984741211,64.70999908447266,64.95999908447266,6532000
2022-08-19,57.925453186035156,65.16999816894531,65.47000122070312,64.95999908447266,65.20999908447266,8921100
2022-08-22,57.06328582763672,64.19999694824219,64.91999816894531,63.9900016784668,64.83999633789062,9087900
2022-08-23,57.1254997253418,64.2699966430664,64.37000274658203,63.68000030517578,63.81999969482422,8443800
2022-08-24,57.20550537109375,64.36000061035156,64.58000183105469,64.05000305175781,64.23999786376953,6844700
2022-08-25,57.48104476928711,64.66999816894531,64.70999908447266,63.900001525878906,64.36000061035156,7913900
2022-08-26,56.094444274902344,63.11000061035156,64.80000305175781,62.97999954223633,64.7300033569336,10089500
2022-08-29,55.7567024230957,62.72999954223633,63.029998779296875,62.40999984741211,62.689998626708984,9115900
2022-08-30,55.241172790527344,62.150001525878906,62.90999984741211,61.9900016784668,62.90999984741211,8456800
2022-08-31,54.85009002685547,61.709999084472656,62.529998779296875,61.70000076293945,62.380001068115234,14633600
2022-09-01,55.10784149169922,62.0,62.040000915527344,61.290000915527344,61.58000183105469,14939700
2022-09-02,54.352333068847656,61.150001525878906,62.77000045776367,60.900001525878906,62.38999938964844,11809800
2022-09-06,54.37900161743164,61.18000030517578,61.970001220703125,60.9900016784668,61.290000915527344,12181800
2022-09-07,55.38338088989258,62.310001373291016,62.4900016784668,61.31999969482422,61.31999969482422,13290700
2022-09-08,55.21451187133789,62.119998931884766,62.29999923706055,61.34000015258789,62.08000183105469,17193500
2022-09-09,55.39228057861328,62.31999969482422,62.880001068115234,61.86000061035156,62.16999816894531,11855900
2022-09-12,55.552268981933594,62.5,62.810001373291016,62.27000045776367,62.43000030517578,13026900
2022-09-13,53.747928619384766,60.470001220703125,62.220001220703125,60.279998779296875,62.20000076293945,18532800
2022-09-14,54.0323486328125,60.790000915527344,61.08000183105469,60.439998626708984,60.63999938964844,12881600
2022-09-15,53.298194885253906,59.529998779296875,60.400001525878906,59.36000061035156,60.400001525878906,11451900
2022-09-16,53.3071403503418,59.540000915527344,59.79999923706055,59.11000061035156,59.65999984741211,20493500
2022-09-19,53.710044860839844,59.9900016784668,60.099998474121094,59.22999954223633,59.38999938964844,12596200
2022-09-20,53.629459381103516,59.900001525878906,60.029998779296875,59.31999969482422,59.68000030517578,11984600
2022-09-21,53.181800842285156,59.400001525878906,60.70000076293945,59.38999938964844,60.13999938964844,14165300
2022-09-22,53.056453704833984,59.2599983215332,59.72999954223633,59.20000076293945,59.54999923706055,11657600
2022-09-23,52.465545654296875,58.599998474121094,59.099998474121094,58.0,58.959999084472656,14824000
2022-09-26,51.81196975708008,57.869998931884766,58.56999969482422,57.689998626708984,58.4900016784668,18670100
2022-09-27,50.477943420410156,56.380001068115234,58.369998931884766,56.310001373291016,58.08000183105469,23829300
2022-09-28,51.01513671875,56.97999954223633,57.25,55.90999984741211,56.65999984741211,21480100
2022-09-29,50.648048400878906,56.56999969482422,57.290000915527344,56.0,57.09000015258789,14570700
2022-09-30,50.1556396484375,56.02000045776367,57.130001068115234,56.0,56.869998931884766,16124600
2022-10-03,50.719688415527344,56.650001525878906,56.849998474121094,56.060001373291016,56.36000061035156,16277600
2022-10-04,50.83607482910156,56.779998779296875,57.810001373291016,56.459999084472656,56.95000076293945,18861400
2022-10-05,50.35260772705078,56.2400016784668,56.650001525878906,55.5099983215332,56.5,14324900
2022-10-06,49.269264221191406,55.029998779296875,56.099998474121094,54.869998931884766,56.0,17192800
2022-10-07,48.803707122802734,54.5099983215332,55.09000015258789,54.25,54.9900016784668,11479800
2022-10-10,48.696266174316406,54.38999938964844,54.959999084472656,54.02000045776367,54.599998474121094,10239100
2022-10-11,48.77684020996094,54.47999954223633,55.220001220703125,54.2400016784668,54.459999084472656,14303900
2022-10-12,49.36775588989258,55.13999938964844,56.040000915527344,55.040000915527344,55.22999954223633,18377400
2022-10-13,50.02133560180664,55.869998931884766,56.08000183105469,54.2599983215332,54.47999954223633,16220700
2022-10-14,49.22450256347656,54.97999954223633,56.470001220703125,54.939998626708984,56.290000915527344,15997900
2022-10-17,49.86018371582031,55.689998626708984,56.220001220703125,55.56999969482422,55.630001068115234,13721400
2022-10-18,50.531673431396484,56.439998626708984,56.779998779296875,56.099998474121094,56.310001373291016,11823100
2022-10-19,50.10190963745117,55.959999084472656,56.540000915527344,55.72999954223633,56.310001373291016,10182300
2022-10-20,49.31403732299805,55.08000183105469,55.91999816894531,54.959999084472656,55.77000045776367,16905100
2022-10-21,50.10190963745117,55.959999084472656,56.11000061035156,54.9900016784668,55.0,15034100
2022-10-24,51.54337692260742,57.56999969482422,57.72999954223633,56.56999969482422,56.63999938964844,17416700
2022-10-25,52.77891159057617,58.95000076293945,59.11000061035156,57.75,59.040000915527344,28829900
2022-10-26,53.1728515625,59.38999938964844,59.779998779296875,58.86000061035156,59.0099983215332,15831400
2022-10-27,53.298194885253906,59.529998779296875,59.84000015258789,59.380001068115234,59.77000045776367,16026100
2022-10-28,54.39943313598633,60.7599983215332,60.90999984741211,59.470001220703125,59.56999969482422,12888900
2022-10-31,53.584686279296875,59.849998474121094,60.56999969482422,59.66999816894531,60.5099983215332,14016400
2022-11-01,53.39667510986328,59.63999938964844,60.290000915527344,59.369998931884766,60.029998779296875,10659500
2022-11-02,52.65357208251953,58.810001373291016,60.22999954223633,58.77000045776367,59.63999938964844,14549200
2022-11-03,52.626708984375,58.779998779296875,59.0,58.099998474121094,58.11000061035156,9194000
2022-11-04,53.056453704833984,59.2599983215332,59.59000015258789,58.560001373291016,59.29999923706055,9725900
2022-11-07,53.26237869262695,59.4900016784668,59.77000045776367,59.2400016784668,59.2599983215332,8849700
2022-11-08,53.360862731933594,59.599998474121094,59.790000915527344,58.939998626708984,59.75,10081600
2022-11-09,52.61775207519531,58.77000045776367,59.63999938964844,58.75,59.59000015258789,10115200
2022-11-10,54.506874084472656,60.880001068115234,61.040000915527344,59.68000030517578,60.25,16804800
2022-11-11,54.900814056396484,61.31999969482422,61.45000076293945,60.209999084472656,61.369998931884766,18972100
2022-11-14,54.3725700378418,60.72999954223633,61.720001220703125,60.709999084472656,61.31999969482422,16361000
2022-11-15,54.283042907714844,60.630001068115234,61.45000076293945,60.0,61.130001068115234,13295800
2022-11-16,54.184566497802734,60.52000045776367,61.029998779296875,60.290000915527344,60.790000915527344,14199500
2022-11-17,54.35466766357422,60.709999084472656,60.7400016784668,60.130001068115234,60.189998626708984,11212600
2022-11-18,54.739662170410156,61.13999938964844,61.369998931884766,60.79999923706055,60.9900016784668,10415600
2022-11-21,55.58124923706055,62.08000183105469,62.209999084472656,61.20000076293945,61.40999984741211,15399400
2022-11-22,55.82297897338867,62.349998474121094,62.5,62.04999923706055,62.470001220703125,12319600
2022-11-23,56.07368469238281,62.630001068115234,62.790000915527344,62.29999923706055,62.4900016784668,8990400
2022-11-25,56.127384185791016,62.689998626708984,62.810001373291016,62.380001068115234,62.72999954223633,5165500
2022-11-28,56.13634490966797,62.70000076293945,63.099998474121094,62.560001373291016,62.689998626708984,12267500
2022-11-29,55.93937683105469,62.47999954223633,62.56999969482422,61.97999954223633,62.52000045776367,10969600
2022-11-30,57.3549919128418,63.61000061035156,63.68000030517578,61.75,62.0099983215332,30433900
2022-12-01,57.517295837402344,63.790000915527344,64.11000061035156,63.43000030517578,63.61000061035156,12001400
2022-12-02,58.022220611572266,64.3499984741211,64.5199966430664,63.400001525878906,63.61000061035156,13643500
2022-12-05,57.228763580322266,63.470001220703125,63.79999923706055,63.2599983215332,63.40999984741211,9185100
2022-12-06,57.20170593261719,63.439998626708984,63.880001068115234,63.22999954223633,63.52000045776367,10099500
2022-12-07,57.29187774658203,63.540000915527344,63.720001220703125,63.25,63.45000076293945,12307600
2022-12-08,57.53532028198242,63.810001373291016,63.849998474121094,63.349998474121094,63.599998474121094,9946200
2022-12-09,56.93122100830078,63.13999938964844,63.84000015258789,63.09000015258789,63.61000061035156,13914900
2022-12-12,57.679595947265625,63.970001220703125,64.01000213623047,63.0099983215332,63.29999923706055,11647900
2022-12-13,57.697628021240234,63.9900016784668,64.69999694824219,63.79999923706055,64.58999633789062,17521600
2022-12-14,57.697628021240234,63.9900016784668,64.6500015258789,63.56999969482422,64.19000244140625,12826700
2022-12-15,56.904151916503906,63.11000061035156,63.88999938964844,62.4900016784668,63.59000015258789,12212300
2022-12-16,56.579559326171875,62.75,63.13999938964844,62.33000183105469,62.75,33631500
2022-12-19,56.660709381103516,62.84000015258789,63.40999984741211,62.470001220703125,62.83000183105469,10919700
2022-12-20,56.615623474121094,62.790000915527344,63.150001525878906,62.75,62.81999969482422,10286500
2022-12-21,57.52630615234375,63.79999923706055,64.05000305175781,63.06999969482422,63.06999969482422,10411300
2022-12-22,57.11154556274414,63.34000015258789,63.59000015258789,62.650001525878906,63.41999816894531,9666700
2022-12-23,57.544342041015625,63.81999969482422,63.869998931884766,63.20000076293945,63.5,6463300
2022-12-27,57.89598846435547,64.20999908447266,64.29000091552734,63.709999084472656,63.93000030517578,7320700
2022-12-28,57.31892395019531,63.56999969482422,64.6500015258789,63.4900016784668,64.45999908447266,7159400
2022-12-29,57.661563873291016,63.95000076293945,64.1500015258789,63.70000076293945,63.79999923706055,7169300
2022-12-30,57.3549919128418,63.61000061035156,63.91999816894531,63.16999816894531,63.91999816894531,7650200
2023-01-03,56.759891510009766,62.95000076293945,63.560001373291016,62.18000030517578,63.560001373291016,12180500
2023-01-04,56.73283767700195,62.91999816894531,63.33000183105469,62.5099983215332,63.150001525878906,13387900
2023-01-05,56.08363342285156,62.20000076293945,62.79999923706055,62.08000183105469,62.599998474121094,9814700
2023-01-06,57.1656379699707,63.400001525878906,63.66999816894531,62.58000183105469,62.90999984741211,9990000
2023-01-09,56.453330993652344,62.61000061035156,63.720001220703125,62.58000183105469,63.29999923706055,9442600
2023-01-10,56.02052307128906,62.130001068115234,62.72999954223633,61.91999816894531,62.599998474121094,10134600
2023-01-11,55.91233444213867,62.0099983215332,62.560001373291016,61.40999984741211,62.380001068115234,10823000
2023-01-12,55.19099044799805,61.209999084472656,62.18000030517578,60.970001220703125,62.11000061035156,13907300
2023-01-13,55.38935852050781,61.43000030517578,61.459999084472656,60.59000015258789,60.70000076293945,13986400
2023-01-17,55.614776611328125,61.68000030517578,62.380001068115234,61.560001373291016,61.72999954223633,18327800
2023-01-18,53.92866897583008,59.810001373291016,61.59000015258789,59.68000030517578,61.5099983215332,19679400
2023-01-19,53.84751510620117,59.720001220703125,60.63999938964844,59.709999084472656,59.72999954223633,14894500
2023-01-20,54.1721076965332,60.08000183105469,60.09000015258789,59.400001525878906,59.720001220703125,14237700
2023-01-23,54.30735397338867,60.22999954223633,60.56999969482422,60.04999923706055,60.279998779296875,12613400
2023-01-24,54.59589385986328,60.54999923706055,61.849998474121094,59.79999923706055,60.08000183105469,10103300
2023-01-25,54.93852233886719,60.93000030517578,60.939998626708984,59.88999938964844,60.20000076293945,11265800
2023-01-26,54.8303337097168,60.810001373291016,61.099998474121094,60.56999969482422,60.810001373291016,11884800
2023-01-27,54.54179000854492,60.4900016784668,60.959999084472656,60.369998931884766,60.84000015258789,14087000
2023-01-30,54.67704391479492,60.63999938964844,61.16999816894531,60.459999084472656,60.540000915527344,15632000
2023-01-31,55.29018020629883,61.31999969482422,61.34000015258789,60.5099983215332,60.97999954223633,14344400
2023-02-01,55.2991943359375,61.33000183105469,61.58000183105469,60.619998931884766,61.13999938964844,12535400
2023-02-02,54.352447509765625,60.279998779296875,61.02000045776367,59.90999984741211,60.79999923706055,16947200
2023-02-03,53.94669723510742,59.83000183105469,60.41999816894531,59.22999954223633,60.349998474121094,15404400
2023-02-06,54.25326156616211,60.16999816894531,60.34000015258789,59.720001220703125,59.790000915527344,11330900
2023-02-07,54.16309356689453,60.06999969482422,60.2400016784668,59.540000915527344,59.66999816894531,14922700
2023-02-08,53.84751510620117,59.720001220703125,59.91999816894531,59.59000015258789,59.91999816894531,11012000
2023-02-09,53.75734329223633,59.619998931884766,60.31999969482422,59.599998474121094,60.150001525878906,12515300
2023-02-10,53.75734329223633,59.619998931884766,59.900001525878906,58.880001068115234,59.720001220703125,14420700
2023-02-13,54.64097213745117,60.599998474121094,60.7599983215332,59.72999954223633,59.900001525878906,16191800
2023-02-14,53.73029708862305,59.59000015258789,60.900001525878906,59.560001373291016,60.209999084472656,20505700
2023-02-15,53.73029708862305,59.59000015258789,59.93000030517578,59.22999954223633,59.900001525878906,13171400
2023-02-16,53.39667510986328,59.220001220703125,59.81999969482422,58.95000076293945,59.22999954223633,16538300
2023-02-17,54.20818328857422,60.119998931884766,60.22999954223633,59.380001068115234,59.5,16814700
2023-02-21,53.919639587402344,59.79999923706055,60.22999954223633,59.720001220703125,59.9900016784668,14278300
2023-02-22,54.081947326660156,59.97999954223633,60.36000061035156,59.75,59.849998474121094,12409600
2023-02-23,54.181129455566406,60.09000015258789,60.41999816894531,59.810001373291016,60.0099983215332,12222800
2023-02-24,53.95571517944336,59.84000015258789,59.90999984741211,59.38999938964844,59.68000030517578,9736200
2023-02-27,53.937686920166016,59.81999969482422,60.29999923706055,59.7400016784668,60.18000030517578,8849800
2023-02-28,53.65816116333008,59.5099983215332,59.70000076293945,59.13999938964844,59.70000076293945,16082200
2023-03-01,53.072078704833984,58.86000061035156,59.18000030517578,58.369998931884766,59.130001068115234,13275800
2023-03-02,53.84751510620117,59.720001220703125,59.779998779296875,58.79999923706055,58.84000015258789,11758300
2023-03-03,53.59504318237305,59.439998626708984,59.68000030517578,59.209999084472656,59.54999923706055,13101800
2023-03-06,54.42457580566406,60.36000061035156,60.380001068115234,59.220001220703125,59.2599983215332,16282700
2023-03-07,54.10898971557617,60.0099983215332,60.56999969482422,59.75,60.4900016784668,13961200
2023-03-08,54.13604736328125,60.040000915527344,60.33000183105469,59.72999954223633,60.040000915527344,10851600
2023-03-09,53.61307907104492,59.459999084472656,60.540000915527344,59.279998779296875,60.540000915527344,13900900
2023-03-10,53.38766860961914,59.209999084472656,60.13999938964844,58.9900016784668,59.70000076293945,13745800
2023-03-13,53.92866897583008,59.810001373291016,60.869998931884766,59.25,59.290000915527344,21956000
2023-03-14,54.12702941894531,60.029998779296875,60.459999084472656,59.349998474121094,60.0,19496900
2023-03-15,54.487701416015625,60.43000030517578,60.47999954223633,59.2400016784668,59.43000030517578,21089900
2023-03-16,54.787532806396484,60.29999923706055,60.34000015258789,59.70000076293945,60.09000015258789,15658300
2023-03-17,54.53312301635742,60.02000045776367,60.349998474121094,59.63999938964844,60.310001373291016,27351200
2023-03-20,55.060096740722656,60.599998474121094,60.599998474121094,59.970001220703125,60.15999984741211,12904100
2023-03-21,54.805694580078125,60.31999969482422,60.75,59.880001068115234,60.56999969482422,13716500
2023-03-22,54.56037902832031,60.04999923706055,60.869998931884766,60.029998779296875,60.400001525878906,10494200
2023-03-23,54.4422607421875,59.91999816894531,60.38999938964844,59.720001220703125,60.09000015258789,15479000
2023-03-24,55.332679748535156,60.900001525878906,61.02000045776367,59.90999984741211,60.25,12975600
2023-03-27,55.74153518676758,61.349998474121094,61.47999954223633,60.95000076293945,61.13999938964844,12777400
2023-03-28,55.80512619018555,61.41999816894531,61.7400016784668,61.27000045776367,61.38999938964844,10925700
2023-03-29,56.20492172241211,61.86000061035156,61.95000076293945,61.59000015258789,61.720001220703125,9441000
2023-03-30,56.19583511352539,61.849998474121094,62.09000015258789,61.65999984741211,61.880001068115234,9870700
2023-03-31,56.359378814697266,62.029998779296875,62.25,61.869998931884766,62.060001373291016,14440900
2023-04-03,56.69554901123047,62.400001525878906,62.52000045776367,61.86000061035156,62.29999923706055,12300700
2023-04-04,56.522918701171875,62.209999084472656,62.7400016784668,62.08000183105469,62.38999938964844,11433400
2023-04-05,57.05897903442383,62.79999923706055,63.02000045776367,62.5,62.529998779296875,12789600
2023-04-06,57.09532928466797,62.84000015258789,63.040000915527344,62.380001068115234,62.86000061035156,9644200
2023-04-10,56.95903778076172,62.689998626708984,62.689998626708984,62.02000045776367,62.4900016784668,7952600
2023-04-11,56.85909652709961,62.58000183105469,62.709999084472656,62.400001525878906,62.650001525878906,9913000
2023-04-12,56.95903778076172,62.689998626708984,63.029998779296875,62.310001373291016,62.47999954223633,9593700
2023-04-13,57.376983642578125,63.150001525878906,63.15999984741211,62.47999954223633,62.7599983215332,9871400
2023-04-14,57.2861328125,63.04999923706055,63.150001525878906,62.779998779296875,63.04999923706055,8946000
2023-04-17,57.65864181518555,63.459999084472656,63.529998779296875,63.13999938964844,63.31999969482422,9452400
2023-04-18,57.74951171875,63.560001373291016,63.599998474121094,63.189998626708984,63.5099983215332,9035700
2023-04-19,57.85853576660156,63.68000030517578,63.83000183105469,63.43000030517578,63.72999954223633,9769500
2023-04-20,58.112945556640625,63.959999084472656,64.0,63.439998626708984,63.630001068115234,10706400
2023-04-21,58.19470977783203,64.05000305175781,64.2699966430664,63.79999923706055,64.0,12931100
2023-04-24,58.103851318359375,63.95000076293945,64.98999786376953,63.619998931884766,64.75,15532300
2023-04-25,58.01299285888672,63.849998474121094,64.16999816894531,63.630001068115234,64.16999816894531,12818900
2023-04-26,57.74041748046875,63.54999923706055,63.77000045776367,63.38999938964844,63.560001373291016,13179600
2023-04-27,57.85853576660156,63.68000030517578,63.7599983215332,63.11000061035156,63.529998779296875,13795800
2023-04-28,58.28556823730469,64.1500015258789,64.16000366210938,63.47999954223633,63.61000061035156,13687600
2023-05-01,58.42185974121094,64.30000305175781,64.69000244140625,64.05999755859375,64.1500015258789,9091500
2023-05-02,58.15837478637695,64.01000213623047,64.13999938964844,63.27000045776367,64.13999938964844,10948400
2023-05-03,57.83127975463867,63.650001525878906,64.18000030517578,63.58000183105469,64.0199966430664,11084600
2023-05-04,57.89487838745117,63.720001220703125,63.93000030517578,63.5099983215332,63.7400016784668,11938300
2023-05-05,58.167449951171875,64.0199966430664,64.20999908447266,63.630001068115234,63.63999938964844,9039000
2023-05-08,58.07658386230469,63.91999816894531,64.05999755859375,63.61000061035156,63.810001373291016,7240700
2023-05-09,57.59504699707031,63.38999938964844,63.75,63.279998779296875,63.63999938964844,9067700
2023-05-10,57.69499206542969,63.5,63.63999938964844,62.9900016784668,63.31999969482422,10134000
2023-05-11,58.02207946777344,63.86000061035156,63.93000030517578,63.0099983215332,63.58000183105469,9581500
2023-05-12,58.24922180175781,64.11000061035156,64.19000244140625,63.70000076293945,63.86000061035156,8740800
2023-05-15,58.094764709472656,63.939998626708984,64.25,63.709999084472656,64.22000122070312,8150000
2023-05-16,57.440589904785156,63.220001220703125,63.900001525878906,63.15999984741211,63.900001525878906,9129600
2023-05-17,57.376983642578125,63.150001525878906,63.41999816894531,62.72999954223633,63.400001525878906,11583000
2023-05-18,57.05897903442383,62.79999923706055,63.040000915527344,62.56999969482422,63.0099983215332,13595100
2023-05-19,57.08624267578125,62.83000183105469,63.099998474121094,62.61000061035156,63.040000915527344,14251400
2023-05-22,55.88691329956055,61.5099983215332,62.869998931884766,61.439998626708984,62.790000915527344,15055400
2023-05-23,55.786964416503906,61.400001525878906,61.66999816894531,61.16999816894531,61.5099983215332,13932700
2023-05-24,55.31449890136719,60.880001068115234,61.43000030517578,60.720001220703125,61.380001068115234,11090100
2023-05-25,54.88746643066406,60.40999984741211,60.72999954223633,60.150001525878906,60.470001220703125,14463600
2023-05-26,54.75118637084961,60.2599983215332,60.63999938964844,60.11000061035156,60.45000076293945,12570300
2023-05-30,54.315059661865234,59.779998779296875,60.20000076293945,59.52000045776367,60.09000015258789,15634200
2023-05-31,54.206031799316406,59.65999984741211,60.279998779296875,59.369998931884766,59.91999816894531,59432200
2023-06-01,54.51495361328125,60.0,60.16999816894531,59.77000045776367,59.939998626708984,13402700
2023-06-02,55.56890106201172,61.15999984741211,61.31999969482422,60.08000183105469,60.27000045776367,15259800
2023-06-05,55.196388244628906,60.75,61.439998626708984,60.54999923706055,61.0,12915600
2023-06-06,54.796607971191406,60.310001373291016,60.9900016784668,60.119998931884766,60.95000076293945,10943500
2023-06-07,54.714839935302734,60.220001220703125,60.36000061035156,59.81999969482422,60.0099983215332,16817900
2023-06-08,54.85112762451172,60.369998931884766,60.40999984741211,59.97999954223633,60.130001068115234,15585900
2023-06-09,54.94198989868164,60.470001220703125,60.66999816894531,60.16999816894531,60.27000045776367,12581500
2023-06-12,54.70575714111328,60.209999084472656,60.650001525878906,60.02000045776367,60.59000015258789,14208900
2023-06-13,54.92381286621094,60.45000076293945,60.66999816894531,60.040000915527344,60.209999084472656,13397800
2023-06-14,55.296329498291016,60.86000061035156,61.08000183105469,60.599998474121094,60.72999954223633,14099700
2023-06-15,56.05619430541992,61.22999954223633,61.29999923706055,60.34000015258789,60.61000061035156,15271400
2023-06-16,56.459022521972656,61.66999816894531,62.16999816894531,61.47999954223633,61.599998474121094,26738000
2023-06-20,56.083656311035156,61.2599983215332,61.959999084472656,61.2400016784668,61.59000015258789,13971800
2023-06-21,56.23929977416992,61.43000030517578,61.720001220703125,60.97999954223633,61.310001373291016,13948700
2023-06-22,56.62381362915039,61.849998474121094,62.099998474121094,61.59000015258789,61.810001373291016,15193400
2023-06-23,56.02873229980469,61.20000076293945,61.970001220703125,61.18000030517578,61.939998626708984,25112100
2023-06-26,56.04705047607422,61.220001220703125,61.290000915527344,60.38999938964844,61.209999084472656,12856100
2023-06-27,55.92803192138672,61.09000015258789,61.36000061035156,60.97999954223633,61.220001220703125,9068500
2023-06-28,55.40619659423828,60.52000045776367,61.040000915527344,60.400001525878906,60.880001068115234,11173200
2023-06-29,54.94844055175781,60.02000045776367,60.349998474121094,59.77000045776367,60.220001220703125,17142300
2023-06-30,55.13154602050781,60.220001220703125,60.349998474121094,59.869998931884766,60.0,19739200
2023-07-03,55.461124420166016,60.58000183105469,60.630001068115234,60.029998779296875,60.20000076293945,9694500
2023-07-05,55.87310791015625,61.029998779296875,61.099998474121094,60.15999984741211,60.279998779296875,14716600
2023-07-06,55.44281005859375,60.560001373291016,61.02000045776367,60.5,60.72999954223633,12603900
2023-07-07,54.71041488647461,59.7599983215332,60.5,59.72999954223633,60.310001373291016,14574000
2023-07-10,54.29843521118164,59.310001373291016,60.150001525878906,59.13999938964844,59.970001220703125,15480600
2023-07-11,54.49068832397461,59.52000045776367,59.560001373291016,58.84000015258789,59.459999084472656,15967700
2023-07-12,54.78365707397461,59.84000015258789,60.04999923706055,59.45000076293945,59.75,14241300
2023-07-13,55.25055694580078,60.349998474121094,60.459999084472656,59.97999954223633,60.119998931884766,11269800
2023-07-14,55.754093170166016,60.900001525878906,61.040000915527344,60.09000015258789,60.13999938964844,11634200
2023-07-17,55.671695709228516,60.810001373291016,61.099998474121094,60.4900016784668,60.7599983215332,10014300
2023-07-18,55.451969146728516,60.56999969482422,61.25,60.40999984741211,60.959999084472656,11152900
2023-07-19,56.431549072265625,61.63999938964844,61.790000915527344,60.68000030517578,60.77000045776367,12936000
2023-07-20,57.11818313598633,62.38999938964844,62.40999984741211,61.66999816894531,61.68000030517578,11563000
2023-07-21,57.16395950317383,62.439998626708984,62.68000030517578,62.2400016784668,62.459999084472656,12815100
2023-07-24,57.18226623535156,62.459999084472656,62.810001373291016,62.400001525878906,62.41999816894531,10251100
2023-07-25,56.990020751953125,62.25,62.38999938964844,62.04999923706055,62.29999923706055,13422700
2023-07-26,57.722412109375,63.04999923706055,63.16999816894531,61.38999938964844,61.86000061035156,17145500
2023-07-27,57.16395950317383,62.439998626708984,63.27000045776367,62.380001068115234,63.04999923706055,11517100
2023-07-28,57.2005729675293,62.47999954223633,62.77000045776367,62.220001220703125,62.59000015258789,9721800
2023-07-31,56.69705581665039,61.93000030517578,62.45000076293945,61.72999954223633,62.45000076293945,15577900
2023-08-01,56.55057144165039,61.77000045776367,62.36000061035156,61.619998931884766,62.09000015258789,9281600
2023-08-02,56.724510192871094,61.959999084472656,62.59000015258789,61.560001373291016,61.560001373291016,11059400
2023-08-03,56.431549072265625,61.63999938964844,62.119998931884766,61.529998779296875,61.869998931884766,8037400
2023-08-04,55.580135345458984,60.709999084472656,61.88999938964844,60.619998931884766,61.68000030517578,9359300
2023-08-07,56.01958465576172,61.189998626708984,61.33000183105469,60.7400016784668,60.790000915527344,6982600
2023-08-08,55.772396087646484,60.91999816894531,61.349998474121094,60.619998931884766,61.189998626708984,7956100
2023-08-09,55.90056610107422,61.060001373291016,61.630001068115234,60.75,60.90999984741211,7904100
2023-08-10,55.772396087646484,60.91999816894531,61.72999954223633,60.790000915527344,61.349998474121094,7870300
2023-08-11,56.00127029418945,61.16999816894531,61.20000076293945,60.689998626708984,60.84000015258789,8483900
2023-08-14,55.73577117919922,60.880001068115234,61.47999954223633,60.75,61.31999969482422,7176300
2023-08-15,55.36042022705078,60.470001220703125,60.900001525878906,60.369998931884766,60.689998626708984,7187400
2023-08-16,55.36957550048828,60.47999954223633,60.81999969482422,60.400001525878906,60.540000915527344,8372300
2023-08-17,55.488590240478516,60.61000061035156,61.02000045776367,60.45000076293945,60.58000183105469,12873500
2023-08-18,55.79985809326172,60.95000076293945,61.09000015258789,60.369998931884766,60.540000915527344,11083800
2023-08-21,55.32379913330078,60.43000030517578,60.93000030517578,60.31999969482422,60.86000061035156,8648500
2023-08-22,54.98506546020508,60.060001373291016,60.58000183105469,59.97999954223633,60.34000015258789,9411500
2023-08-23,55.17731857299805,60.27000045776367,60.439998626708984,60.15999984741211,60.20000076293945,7749500
2023-08-24,55.03083801269531,60.11000061035156,60.880001068115234,60.09000015258789,60.27000045776367,8955100
2023-08-25,55.28717803955078,60.38999938964844,60.56999969482422,60.0099983215332,60.40999984741211,7629200
2023-08-28,55.44281005859375,60.560001373291016,60.72999954223633,60.369998931884766,60.54999923706055,6254300
2023-08-29,55.38787841796875,60.5,60.630001068115234,60.150001525878906,60.560001373291016,8189600
2023-08-30,55.36042022705078,60.470001220703125,60.7400016784668,60.290000915527344,60.63999938964844,9447900
2023-08-31,54.77449417114258,59.83000183105469,60.470001220703125,59.810001373291016,60.29999923706055,14663500
2023-09-01,54.29843521118164,59.310001373291016,60.130001068115234,59.119998931884766,60.0,11262300
2023-09-05,53.8498420715332,58.81999969482422,59.31999969482422,58.66999816894531,59.25,12474600
2023-09-06,53.81321716308594,58.779998779296875,58.83000183105469,58.41999816894531,58.619998931884766,13923500
2023-09-07,53.4012451171875,58.33000183105469,59.15999984741211,58.29999923706055,58.95000076293945,17628600
2023-09-08,53.4012451171875,58.33000183105469,58.40999984741211,58.0099983215332,58.29999923706055,14312300
2023-09-11,53.9047737121582,58.880001068115234,58.9900016784668,58.22999954223633,58.400001525878906,14767400
2023-09-12,53.373775482177734,58.29999923706055,59.0,58.189998626708984,58.9900016784668,12292700
2023-09-13,53.501949310302734,58.439998626708984,58.68000030517578,58.34000015258789,58.400001525878906,12641400
2023-09-14,53.944881439208984,58.459999084472656,58.59000015258789,58.189998626708984,58.2400016784668,12311600
2023-09-15,53.46503829956055,57.939998626708984,58.63999938964844,57.75,58.40999984741211,55727500
2023-09-18,53.7972297668457,58.29999923706055,58.349998474121094,57.630001068115234,57.97999954223633,13617400
2023-09-19,53.68650436401367,58.18000030517578,58.38999938964844,57.91999816894531,58.2599983215332,11998900
2023-09-20,53.92641830444336,58.439998626708984,58.83000183105469,58.08000183105469,58.29999923706055,14766600
2023-09-21,53.09593200683594,57.540000915527344,58.41999816894531,57.41999816894531,58.369998931884766,15941800
2023-09-22,53.15129470825195,57.599998474121094,57.970001220703125,57.5,57.849998474121094,14644100
2023-09-25,52.5976448059082,57.0,57.4900016784668,56.7400016784668,57.400001525878906,12358800
2023-09-26,52.163936614990234,56.529998779296875,56.900001525878906,56.400001525878906,56.72999954223633,11194700
2023-09-27,51.62873840332031,55.95000076293945,56.529998779296875,55.68000030517578,56.41999816894531,13766300
2023-09-28,51.49954605102539,55.810001373291016,56.31999969482422,55.70000076293945,56.22999954223633,12484800
2023-09-29,51.65641784667969,55.97999954223633,56.27000045776367,55.619998931884766,56.13999938964844,12271600
2023-10-02,51.195037841796875,55.47999954223633,56.0099983215332,55.08000183105469,55.90999984741211,11792500
2023-10-03,50.64137268066406,54.880001068115234,55.43000030517578,54.779998779296875,55.15999984741211,13604200
2023-10-04,50.78901672363281,55.040000915527344,55.279998779296875,54.709999084472656,54.88999938964844,12100500
2023-10-05,48.33446502685547,52.380001068115234,54.95000076293945,52.2400016784668,54.7400016784668,29878100
2023-10-06,49.03575897216797,53.13999938964844,53.290000915527344,51.54999923706055,52.040000915527344,30298900
2023-10-09,48.795841217041016,52.880001068115234,53.150001525878906,52.11000061035156,52.959999084472656,15704700
2023-10-10,49.857025146484375,54.029998779296875,54.33000183105469,53.560001373291016,54.130001068115234,20909700
2023-10-11,49.56174087524414,53.709999084472656,54.279998779296875,53.02000045776367,54.220001220703125,21138900
2023-10-12,48.73125076293945,52.810001373291016,53.83000183105469,52.43000030517578,53.7599983215332,19330400
2023-10-13,48.805076599121094,52.88999938964844,53.41999816894531,52.63999938964844,52.7400016784668,14494600
2023-10-16,49.30337142944336,53.43000030517578,53.560001373291016,52.84000015258789,53.02000045776367,12816800
2023-10-17,49.89393615722656,54.06999969482422,54.099998474121094,53.209999084472656,53.310001373291016,16457200
2023-10-18,49.875484466552734,54.04999923706055,54.529998779296875,53.91999816894531,54.099998474121094,12809500
2023-10-19,50.15230941772461,54.349998474121094,54.7599983215332,53.86000061035156,54.15999984741211,16202200
2023-10-20,50.355323791503906,54.56999969482422,55.02000045776367,54.439998626708984,54.529998779296875,15686400
2023-10-23,49.903167724609375,54.08000183105469,54.88999938964844,54.04999923706055,54.380001068115234,21212700
2023-10-24,51.34268569946289,55.63999938964844,56.16999816894531,55.29999923706055,55.650001525878906,25290800
2023-10-25,51.78560256958008,56.119998931884766,56.220001220703125,55.560001373291016,55.7599983215332,16701000
2023-10-26,51.471866607666016,55.779998779296875,56.630001068115234,55.720001220703125,56.369998931884766,16228400
2023-10-27,50.97357940673828,55.2400016784668,56.13999938964844,55.099998474121094,55.54999923706055,13626500
2023-10-30,51.81328582763672,56.150001525878906,56.279998779296875,55.41999816894531,55.43000030517578,15014300
2023-10-31,52.12702941894531,56.4900016784668,56.720001220703125,56.150001525878906,56.56999969482422,16639400
2023-11-01,52.080894470214844,56.439998626708984,56.880001068115234,56.2599983215332,56.79999923706055,14110800
2023-11-02,52.680686950683594,57.09000015258789,57.150001525878906,56.36000061035156,56.5,13087200
2023-11-03,52.35771942138672,56.7400016784668,57.59000015258789,56.70000076293945,57.400001525878906,13958700
2023-11-06,52.56995391845703,56.970001220703125,57.279998779296875,56.7400016784668,56.779998779296875,12673200
2023-11-07,52.76374053955078,57.18000030517578,57.400001525878906,56.72999954223633,56.91999816894531,10449300
2023-11-08,52.680686950683594,57.09000015258789,57.470001220703125,56.91999816894531,57.31999969482422,13744000
2023-11-09,52.28390121459961,56.65999984741211,57.13999938964844,56.369998931884766,57.029998779296875,12021100
2023-11-10,52.33926773071289,56.720001220703125,56.93000030517578,56.060001373291016,56.869998931884766,11678900
2023-11-13,52.53304672241211,56.93000030517578,57.099998474121094,56.599998474121094,56.619998931884766,12798200
2023-11-14,52.68991470336914,57.099998474121094,57.2400016784668,56.810001373291016,57.02000045776367,12697100
2023-11-15,52.79141616821289,57.209999084472656,57.34000015258789,56.75,57.29999923706055,10201900
2023-11-16,52.736053466796875,57.150001525878906,57.529998779296875,56.810001373291016,57.25,16010400
2023-11-17,52.83755874633789,57.2599983215332,57.34000015258789,56.70000076293945,57.189998626708984,14475800
2023-11-20,52.96675109863281,57.400001525878906,57.58000183105469,56.959999084472656,57.04999923706055,13051000
2023-11-21,53.5480842590332,58.029998779296875,58.040000915527344,57.33000183105469,57.459999084472656,13891600
2023-11-22,53.907958984375,58.41999816894531,58.540000915527344,58.130001068115234,58.2599983215332,11320600
2023-11-24,54.046382904052734,58.56999969482422,58.75,58.34000015258789,58.459999084472656,4816000
2023-11-27,53.944881439208984,58.459999084472656,58.689998626708984,58.27000045776367,58.540000915527344,16246500
2023-11-28,54.05560302734375,58.58000183105469,58.83000183105469,58.36000061035156,58.400001525878906,13739600
2023-11-29,53.73263931274414,58.22999954223633,58.66999816894531,58.099998474121094,58.58000183105469,11263600
2023-11-30,54.35581588745117,58.439998626708984,58.459999084472656,57.599998474121094,57.959999084472656,22727500
2023-12-01,54.54183578491211,58.63999938964844,58.689998626708984,58.2400016784668,58.27000045776367,15371200
2023-12-04,54.47673034667969,58.56999969482422,58.959999084472656,58.439998626708984,58.59000015258789,14942200
2023-12-05,54.5604362487793,58.65999984741211,58.83000183105469,58.41999816894531,58.54999923706055,11891500
2023-12-06,54.50463104248047,58.599998474121094,58.72999954223633,58.209999084472656,58.560001373291016,14868500
2023-12-07,54.634849548339844,58.7400016784668,58.88999938964844,58.38999938964844,58.66999816894531,11587900
2023-12-08,54.51394271850586,58.61000061035156,58.75,58.369998931884766,58.7400016784668,11178700
2023-12-11,54.91389083862305,59.040000915527344,59.09000015258789,58.5,58.83000183105469,14524800
2023-12-12,55.267330169677734,59.41999816894531,59.41999816894531,58.900001525878906,59.20000076293945,12899000
2023-12-13,55.7416877746582,59.93000030517578,60.02000045776367,59.2599983215332,59.45000076293945,16196800
2023-12-14,54.91389083862305,59.040000915527344,60.040000915527344,58.77000045776367,59.970001220703125,22478300
2023-12-15,54.50463104248047,58.599998474121094,59.16999816894531,57.79999923706055,58.83000183105469,65177400
2023-12-18,54.89528274536133,59.02000045776367,59.4900016784668,58.619998931884766,58.79999923706055,16717700
2023-12-19,54.718563079833984,58.83000183105469,59.20000076293945,58.63999938964844,59.0,14612200
2023-12-20,53.583824157714844,57.61000061035156,58.66999816894531,57.56999969482422,58.5,17701000
2023-12-21,53.93726348876953,57.9900016784668,58.06999969482422,57.470001220703125,57.849998474121094,11725100
2023-12-22,54.244197845458984,58.31999969482422,58.459999084472656,58.02000045776367,58.119998931884766,9029400
2023-12-26,54.467430114746094,58.560001373291016,58.709999084472656,58.060001373291016,58.060001373291016,6422500
2023-12-27,54.6069450378418,58.709999084472656,58.77000045776367,58.400001525878906,58.63999938964844,8560100
2023-12-28,54.64414978027344,58.75,58.869998931884766,58.529998779296875,58.650001525878906,8400100
2023-12-29,54.81156921386719,58.93000030517578,58.97999954223633,58.630001068115234,58.7400016784668,9244300
2024-01-02,55.639373779296875,59.81999969482422,59.880001068115234,58.66999816894531,58.79999923706055,16322600
2024-01-03,55.769588470458984,59.959999084472656,60.20000076293945,59.7599983215332,59.93000030517578,14830600
2024-01-04,55.58356475830078,59.7599983215332,60.2599983215332,59.65999984741211,60.04999923706055,12912900
2024-01-05,55.499855041503906,59.66999816894531,59.95000076293945,59.09000015258789,59.79999923706055,10412800
2024-01-08,55.90910720825195,60.11000061035156,60.18000030517578,59.41999816894531,59.68000030517578,11554600
2024-01-09,55.80679702758789,60.0,60.13999938964844,59.619998931884766,59.9900016784668,10493700
2024-01-10,55.992820739746094,60.20000076293945,60.40999984741211,59.97999954223633,60.220001220703125,12258000
2024-01-11,55.63007736206055,59.810001373291016,60.2599983215332,59.689998626708984,60.25,13754200
2024-01-12,56.16953659057617,60.38999938964844,60.459999084472656,59.869998931884766,60.08000183105469,13218000
2024-01-16,55.7974967956543,59.9900016784668,60.43000030517578,59.849998474121094,60.38999938964844,11826900
2024-01-17,55.7974967956543,59.9900016784668,60.209999084472656,59.81999969482422,59.86000061035156,8982100
2024-01-18,55.95561218261719,60.15999984741211,60.22999954223633,59.529998779296875,59.689998626708984,10397700
2024-01-19,55.648685455322266,59.83000183105469,60.279998779296875,59.63999938964844,60.2599983215332,14392600
2024-01-22,55.40684509277344,59.56999969482422,60.06999969482422,59.439998626708984,59.7599983215332,14314300
2024-01-23,55.66727828979492,59.849998474121094,60.0,59.459999084472656,59.529998779296875,14481600
2024-01-24,54.792972564697266,58.90999984741211,59.810001373291016,58.88999938964844,59.79999923706055,16370500
2024-01-25,55.02549743652344,59.15999984741211,59.16999816894531,58.65999984741211,59.0099983215332,14899700
2024-01-26,55.2208137512207,59.369998931884766,59.4900016784668,59.130001068115234,59.25,13025100
2024-01-29,55.5556640625,59.72999954223633,59.790000915527344,59.16999816894531,59.34000015258789,14547100
2024-01-30,55.713783264160156,59.900001525878906,60.02000045776367,59.45000076293945,59.849998474121094,22061500
2024-01-31,55.33243942260742,59.4900016784668,60.45000076293945,59.290000915527344,60.099998474121094,22837000
2024-02-01,56.71830368041992,60.97999954223633,61.0099983215332,59.36000061035156,59.56999969482422,15870900
2024-02-02,56.309059143066406,60.540000915527344,60.869998931884766,60.22999954223633,60.81999969482422,17544900
2024-02-05,55.843997955322266,60.040000915527344,60.380001068115234,59.880001068115234,60.380001068115234,12759600
2024-02-06,55.75098419189453,59.939998626708984,60.04999923706055,59.68000030517578,59.959999084472656,12775200
2024-02-07,55.7974967956543,59.9900016784668,60.209999084472656,59.939998626708984,60.06999969482422,10259900
2024-02-08,55.648685455322266,59.83000183105469,59.970001220703125,59.40999984741211,59.88999938964844,12874800
2024-02-09,55.397544860839844,59.560001373291016,59.58000183105469,59.029998779296875,59.470001220703125,15235300
2024-02-12,55.52775955200195,59.70000076293945,59.7599983215332,58.959999084472656,59.65999984741211,13516800
2024-02-13,55.20222091674805,59.349998474121094,60.65999984741211,58.790000915527344,59.5,24195700
2024-02-14,55.14641189575195,59.290000915527344,59.59000015258789,59.040000915527344,59.16999816894531,15872500
2024-02-15,55.24872970581055,59.400001525878906,59.59000015258789,59.130001068115234,59.41999816894531,13695800
2024-02-16,55.239418029785156,59.38999938964844,59.619998931884766,58.959999084472656,59.349998474121094,13947100
2024-02-20,56.4578742980957,60.70000076293945,60.84000015258789,59.5099983215332,59.599998474121094,18339300
2024-02-21,56.96013641357422,61.2400016784668,61.279998779296875,60.83000183105469,60.9900016784668,14373000
2024-02-22,56.87642288208008,61.150001525878906,61.25,60.5,60.9900016784668,12982800
2024-02-23,56.92292785644531,61.20000076293945,61.619998931884766,61.0,61.09000015258789,13612900
2024-02-26,56.4671745300293,60.709999084472656,61.27000045776367,60.65999984741211,61.2400016784668,10336100
2024-02-27,56.12303161621094,60.34000015258789,60.779998779296875,60.119998931884766,60.540000915527344,9931100
2024-02-28,56.17884063720703,60.400001525878906,60.4900016784668,60.060001373291016,60.369998931884766,8076500
2024-02-29,55.82539749145508,60.02000045776367,60.63999938964844,59.900001525878906,60.349998474121094,18152700
2024-03-01,55.36963653564453,59.529998779296875,59.900001525878906,59.34000015258789,59.900001525878906,10927600
2024-03-04,55.63007736206055,59.810001373291016,59.95000076293945,59.220001220703125,59.22999954223633,10150200
2024-03-05,55.36033248901367,59.52000045776367,60.11000061035156,59.41999816894531,59.90999984741211,12310000
2024-03-06,55.388240814208984,59.54999923706055,60.0,59.380001068115234,59.52000045776367,12378800
2024-03-07,55.28592300415039,59.439998626708984,59.77000045776367,59.2400016784668,59.689998626708984,13686900
2024-03-08,55.36033248901367,59.52000045776367,59.790000915527344,58.970001220703125,59.29999923706055,13239000
2024-03-11,56.030025482177734,60.2400016784668,60.290000915527344,59.58000183105469,59.779998779296875,14114300
2024-03-12,56.2718505859375,60.5,60.75,60.209999084472656,60.31999969482422,12684600
2024-03-13,56.8485221862793,61.119998931884766,61.209999084472656,60.79999923706055,60.880001068115234,13909500
2024-03-14,56.721946716308594,60.5,60.79999923706055,60.400001525878906,60.58000183105469,13996600
2024-03-15,56.14067077636719,59.880001068115234,60.45000076293945,59.63999938964844,60.02000045776367,36849900
2024-03-18,56.37505340576172,60.130001068115234,60.400001525878906,59.79999923706055,59.88999938964844,15856700
2024-03-19,56.468807220458984,60.22999954223633,60.349998474121094,60.060001373291016,60.2400016784668,15030600
2024-03-20,56.956336975097656,60.75,60.810001373291016,60.15999984741211,60.18000030517578,15258800
2024-03-21,56.69382858276367,60.470001220703125,60.9900016784668,60.31999969482422,60.560001373291016,13067100
2024-03-22,56.712581634521484,60.4900016784668,60.790000915527344,60.43000030517578,60.52000045776367,11502800
2024-03-25,56.62820053100586,60.400001525878906,60.709999084472656,60.119998931884766,60.47999954223633,13144700
2024-03-26,56.759456634521484,60.540000915527344,60.709999084472656,60.380001068115234,60.5,13277400
2024-03-27,57.21885299682617,61.029998779296875,61.43000030517578,60.70000076293945,60.790000915527344,12551200
2024-03-28,57.3594856262207,61.18000030517578,61.2599983215332,61.0,61.13999938964844,13683500
2024-04-01,56.890708923339844,60.68000030517578,61.29999923706055,60.630001068115234,61.18000030517578,11668700
2024-04-02,56.3938102722168,60.150001525878906,60.72999954223633,60.11000061035156,60.45000076293945,13017300
2024-04-03,56.09379959106445,59.83000183105469,60.38999938964844,59.779998779296875,60.04999923706055,13672900
2024-04-04,55.59688186645508,59.29999923706055,60.150001525878906,59.16999816894531,60.09000015258789,14320700
2024-04-05,55.79378128051758,59.5099983215332,59.68000030517578,58.90999984741211,59.25,10157800
2024-04-08,55.56875991821289,59.27000045776367,59.470001220703125,59.06999969482422,59.400001525878906,10284500
2024-04-09,55.99066162109375,59.720001220703125,59.7400016784668,59.130001068115234,59.47999954223633,10779100
2024-04-10,55.24061965942383,58.91999816894531,59.38999938964844,58.689998626708984,59.31999969482422,11861900
2024-04-11,55.362491607666016,59.04999923706055,59.369998931884766,58.790000915527344,59.150001525878906,11109000
2024-04-12,54.640586853027344,58.279998779296875,59.0099983215332,58.130001068115234,58.95000076293945,12250900
2024-04-15,54.50931930541992,58.13999938964844,58.810001373291016,58.040000915527344,58.61000061035156,12425000
2024-04-16,54.434326171875,58.060001373291016,58.380001068115234,57.93000030517578,58.25,11236800
2024-04-17,54.85622024536133,58.5099983215332,58.560001373291016,58.099998474121094,58.279998779296875,13805100
2024-04-18,55.23124313354492,58.90999984741211,58.97999954223633,58.540000915527344,58.619998931884766,11125900
2024-04-19,56.41255569458008,60.16999816894531,60.36000061035156,59.0,59.099998474121094,21207900
2024-04-22,56.768829345703125,60.54999923706055,60.630001068115234,59.720001220703125,60.13999938964844,15624500
2024-04-23,56.85321044921875,60.63999938964844,60.68000030517578,60.130001068115234,60.529998779296875,13689100
2024-04-24,57.706382751464844,61.54999923706055,61.650001525878906,59.84000015258789,60.31999969482422,19548300
2024-04-25,57.884517669677734,61.7400016784668,62.59000015258789,61.369998931884766,61.869998931884766,19048500
2024-04-26,57.884517669677734,61.7400016784668,61.93000030517578,61.349998474121094,61.54999923706055,10994300
2024-04-29,58.1657829284668,62.040000915527344,62.04999923706055,61.529998779296875,61.91999816894531,13409300
2024-04-30,57.91264343261719,61.77000045776367,62.83000183105469,61.470001220703125,62.13999938964844,19349200
2024-05-01,58.062660217285156,61.93000030517578,62.56999969482422,61.209999084472656,61.79999923706055,16729800
2024-05-02,58.11890411376953,61.9900016784668,62.400001525878906,61.720001220703125,62.18000030517578,10991300
2024-05-03,58.28766632080078,62.16999816894531,62.33000183105469,61.63999938964844,61.9900016784668,11628700
2024-05-06,58.4564208984375,62.349998474121094,62.380001068115234,61.900001525878906,62.29999923706055,9310700
2024-05-07,58.70956039428711,62.619998931884766,62.81999969482422,62.25,62.7599983215332,9807000
2024-05-08,58.92519760131836,62.849998474121094,62.970001220703125,62.47999954223633,62.849998474121094,10484400
2024-05-09,58.95332717895508,62.880001068115234,63.150001525878906,62.75,62.810001373291016,9113700
2024-05-10,59.30959701538086,63.2599983215332,63.36000061035156,62.790000915527344,62.91999816894531,8371700
2024-05-13,59.609619140625,63.58000183105469,63.619998931884766,63.18000030517578,63.2400016784668,10137600
2024-05-14,59.15958786010742,63.099998474121094,63.7599983215332,62.79999923706055,63.58000183105469,10852200
2024-05-15,59.187713623046875,63.130001068115234,63.38999938964844,63.0,63.060001373291016,9838900
2024-05-16,59.3658561706543,63.31999969482422,63.72999954223633,63.06999969482422,63.2400016784668,10228000
2024-05-17,59.09395980834961,63.029998779296875,63.369998931884766,62.939998626708984,63.34000015258789,11539000
2024-05-20,58.662681579589844,62.56999969482422,63.0099983215332,62.459999084472656,62.93000030517578,11000900
2024-05-21,58.98145294189453,62.90999984741211,62.97999954223633,62.439998626708984,62.81999969482422,9796200
2024-05-22,59.06583023071289,63.0,63.02000045776367,62.65999984741211,62.709999084472656,7419400
2024-05-23,58.2126579284668,62.09000015258789,62.880001068115234,62.04999923706055,62.4900016784668,9834300
2024-05-24,58.1282844543457,62.0,62.41999816894531,61.970001220703125,62.220001220703125,8203100
2024-05-28,57.95951843261719,61.81999969482422,62.130001068115234,61.400001525878906,61.790000915527344,12347000
2024-05-29,57.84701919555664,61.70000076293945,61.880001068115234,61.06999969482422,61.470001220703125,11861800
2024-05-30,58.10014724731445,61.970001220703125,62.08000183105469,61.599998474121094,61.849998474121094,9433800
2024-05-31,59.00020980834961,62.93000030517578,63.029998779296875,61.689998626708984,61.9900016784668,19816600
2024-06-03,59.00020980834961,62.93000030517578,63.09000015258789,62.45000076293945,62.709999084472656,9369000
2024-06-04,59.94712829589844,63.939998626708984,63.970001220703125,62.939998626708984,63.20000076293945,11895600
2024-06-05,59.928375244140625,63.91999816894531,64.06999969482422,63.349998474121094,63.9900016784668,9632500
2024-06-06,60.14402389526367,64.1500015258789,64.36000061035156,63.84000015258789,63.91999816894531,8658500
2024-06-07,59.919010162353516,63.90999984741211,64.22000122070312,63.810001373291016,64.08999633789062,9523100
2024-06-10,59.618988037109375,63.59000015258789,63.9900016784668,63.369998931884766,63.939998626708984,15685300
2024-06-11,59.58148956298828,63.54999923706055,63.650001525878906,63.06999969482422,63.59000015258789,8396000
2024-06-12,58.95332717895508,62.880001068115234,63.689998626708984,62.689998626708984,63.689998626708984,9569600
2024-06-13,59.056461334228516,62.9900016784668,63.040000915527344,62.45000076293945,62.86000061035156,9668900
2024-06-14,59.098968505859375,62.54999923706055,62.689998626708984,62.09000015258789,62.380001068115234,8179200
2024-06-17,59.16511154174805,62.619998931884766,62.900001525878906,62.18000030517578,62.369998931884766,10532700
2024-06-18,59.174564361572266,62.630001068115234,62.81999969482422,62.439998626708984,62.529998779296875,10651700
2024-06-20,58.749385833740234,62.18000030517578,62.7400016784668,61.95000076293945,62.400001525878906,13306300
2024-06-21,59.30683517456055,62.77000045776367,63.099998474121094,62.18000030517578,62.18000030517578,28278100
2024-06-24,60.440635681152344,63.970001220703125,64.05999755859375,62.90999984741211,62.9900016784668,13212500
2024-06-25,60.31780242919922,63.84000015258789,64.06999969482422,63.5099983215332,63.939998626708984,10235300
2024-06-26,60.516212463378906,64.05000305175781,64.11000061035156,63.22999954223633,63.400001525878906,9402500
2024-06-27,60.38393783569336,63.90999984741211,64.2699966430664,63.619998931884766,64.05000305175781,8494100
2024-06-28,60.13828659057617,63.650001525878906,64.05999755859375,63.52000045776367,63.900001525878906,17358800
2024-07-01,59.788700103759766,63.279998779296875,64.30000305175781,63.119998931884766,64.02999877929688,10033400
2024-07-02,59.66586685180664,63.150001525878906,63.380001068115234,62.86000061035156,63.2599983215332,8878200
2024-07-03,59.8359375,63.33000183105469,63.66999816894531,62.93000030517578,63.189998626708984,9154200
2024-07-05,60.24221420288086,63.7599983215332,63.790000915527344,63.0,63.33000183105469,11735500
2024-07-08,59.48635482788086,62.959999084472656,63.59000015258789,62.84000015258789,63.59000015258789,11235100
2024-07-09,59.23124313354492,62.689998626708984,63.22999954223633,62.59000015258789,63.060001373291016,11657500
2024-07-10,59.363525390625,62.83000183105469,62.86000061035156,62.290000915527344,62.720001220703125,11930400
2024-07-11,59.61862564086914,63.099998474121094,63.459999084472656,62.400001525878906,62.63999938964844,11431600
2024-07-12,60.18552780151367,63.70000076293945,64.11000061035156,63.38999938964844,63.459999084472656,9201500
2024-07-15,59.911529541015625,63.40999984741211,63.939998626708984,63.349998474121094,63.790000915527344,8207500
2024-07-16,60.72407150268555,64.2699966430664,64.30999755859375,63.38999938964844,63.43000030517578,9025100
2024-07-17,61.612213134765625,65.20999908447266,65.38999938964844,64.41000366210938,64.47000122070312,12508200
2024-07-18,61.593318939208984,65.19000244140625,65.80999755859375,64.72000122070312,64.80000305175781,11128200
2024-07-19,61.687808990478516,65.29000091552734,65.63999938964844,64.81999969482422,65.63999938964844,13775700
2024-07-22,61.19648742675781,64.7699966430664,65.29000091552734,64.31999969482422,65.25,11794200
2024-07-23,61.37600326538086,64.95999908447266,66.04000091552734,64.8499984741211,65.43000030517578,11810300
2024-07-24,62.179115295410156,65.80999755859375,65.97000122070312,64.83000183105469,65.08999633789062,13244600
2024-07-25,62.424766540527344,66.06999969482422,66.88999938964844,65.86000061035156,66.04000091552734,16328600
2024-07-26,63.350704193115234,67.05000305175781,67.11000061035156,66.01000213623047,66.06999969482422,13530100
2024-07-29,63.14284133911133,66.83000183105469,67.02999877929688,66.38999938964844,66.87999725341797,12140200
2024-07-30,63.94594955444336,67.68000030517578,67.83000183105469,66.36000061035156,66.4800033569336,13258000
2024-07-31,63.05781173706055,66.73999786376953,67.61000061035156,66.61000061035156,67.5,15576800
2024-08-01,64.21048736572266,67.95999908447266,68.11000061035156,66.69999694824219,67.0,16495900
2024-08-02,65.50489807128906,69.33000183105469,69.66999816894531,67.69000244140625,68.52999877929688,22514800
2024-08-05,64.34275817871094,68.0999984741211,69.55000305175781,67.7300033569336,68.98999786376953,25484300
2024-08-06,64.29552459716797,68.05000305175781,68.83999633789062,67.7699966430664,68.1500015258789,12969100
2024-08-07,64.68289947509766,68.45999908447266,69.18000030517578,67.83000183105469,68.05000305175781,13365300
2024-08-08,64.9380111694336,68.7300033569336,68.86000061035156,67.8499984741211,68.0,15240900
2024-08-09,64.89076232910156,68.68000030517578,68.79000091552734,68.25,68.69999694824219,12080400
2024-08-12,64.40890502929688,68.16999816894531,68.54000091552734,67.83000183105469,68.44999694824219,11012300
2024-08-13,64.68289947509766,68.45999908447266,68.61000061035156,68.01000213623047,68.08000183105469,9877600
2024-08-14,64.7962875366211,68.58000183105469,68.88999938964844,68.12999725341797,68.2300033569336,14328000
2024-08-15,64.8624267578125,68.6500015258789,68.91999816894531,68.5,68.62000274658203,11285100
2024-08-16,65.3631820678711,69.18000030517578,69.30000305175781,68.63999938964844,68.83999633789062,12651200
2024-08-19,65.17420959472656,68.9800033569336,69.41999816894531,68.8499984741211,69.3499984741211,9843900
2024-08-20,65.5521469116211,69.37999725341797,69.38999938964844,68.7699966430664,68.98999786376953,11957400
2024-08-21,65.7316665649414,69.56999969482422,70.12999725341797,69.33000183105469,69.4800033569336,8792400
2024-08-22,65.50489807128906,69.33000183105469,69.91999816894531,68.79000091552734,69.91999816894531,12509200
2024-08-23,65.93952941894531,69.79000091552734,69.8499984741211,68.94000244140625,69.4000015258789,11834700
2024-08-26,66.93158721923828,70.83999633789062,70.91999816894531,69.7300033569336,69.83000183105469,12912200
2024-08-27,67.55518341064453,71.5,71.52999877929688,71.05000305175781,71.31999969482422,16988400
2024-08-28,67.79138946533203,71.75,71.80999755859375,71.30000305175781,71.61000061035156,13272600
2024-08-29,68.07484436035156,72.05000305175781,72.22000122070312,71.2300033569336,71.9000015258789,17201700
2024-08-30,68.47166442871094,72.47000122070312,72.56999969482422,71.77999877929688,72.19999694824219,18624200
2024-09-03,68.98187255859375,73.01000213623047,73.29000091552734,72.25,72.44000244140625,14755800
2024-09-04,68.55670166015625,72.55999755859375,73.52999877929688,71.91000366210938,73.30000305175781,18140800
2024-09-05,67.2433853149414,71.16999816894531,72.68000030517578,70.9800033569336,72.62000274658203,23866100
2024-09-06,67.21504211425781,71.13999938964844,71.66999816894531,70.88999938964844,70.98999786376953,17485700
2024-09-09,67.88587188720703,71.8499984741211,72.30999755859375,70.9800033569336,71.2300033569336,12939300
2024-09-10,67.60243225097656,71.55000305175781,72.41999816894531,71.5199966430664,71.97000122070312,10277600
2024-09-11,67.15835571289062,71.08000183105469,71.37000274658203,70.56999969482422,71.36000061035156,11418200
2024-09-12,67.30007934570312,71.2300033569336,71.37999725341797,70.66000366210938,71.0,12337800
2024-09-13,67.93269348144531,71.41000366210938,71.47000122070312,70.4800033569336,70.83999633789062,11073800
2024-09-16,68.58910369873047,72.0999984741211,72.23999786376953,71.62000274658203,71.7699966430664,10786500
2024-09-17,68.30370330810547,71.80000305175781,72.3499984741211,71.72000122070312,71.9000015258789,12974400
2024-09-18,68.25613403320312,71.75,72.37999725341797,71.2699966430664,71.88999938964844,10719700
2024-09-19,67.1811752319336,70.62000274658203,71.94000244140625,70.5999984741211,71.55999755859375,13635600
2024-09-20,68.15149688720703,71.63999938964844,71.80000305175781,70.37999725341797,70.41000366210938,48578500
2024-09-23,68.23712921142578,71.7300033569336,72.19999694824219,71.18000030517578,71.55000305175781,11613000
2024-09-24,67.8565902709961,71.33000183105469,71.81999969482422,70.5999984741211,71.22000122070312,13330600
2024-09-25,67.97074127197266,71.44999694824219,71.91999816894531,71.30999755859375,71.70999908447266,12329100
2024-09-26,67.92317962646484,71.4000015258789,71.61000061035156,70.83999633789062,70.86000061035156,10815200
2024-09-27,68.29418182373047,71.79000091552734,72.19999694824219,71.45999908447266,71.54000091552734,11175700
2024-09-30,68.36078643798828,71.86000061035156,72.19999694824219,71.69000244140625,72.0,18015300
2024-10-01,68.21808624267578,71.70999908447266,72.75,71.62999725341797,72.0999984741211,13294500
2024-10-02,67.55217742919922,71.01000213623047,71.43000030517578,70.41000366210938,71.38999938964844,11155500
2024-10-03,67.0860366821289,70.5199966430664,70.98999786376953,70.19999694824219,70.86000061035156,9374800
2024-10-04,66.7530746459961,70.16999816894531,70.27999877929688,69.72000122070312,69.95999908447266,12684800
2024-10-07,65.6495590209961,69.01000213623047,70.0999984741211,68.87000274658203,70.05000305175781,14512000
2024-10-08,65.81128692626953,69.18000030517578,69.44000244140625,68.86000061035156,69.04000091552734,13549700
2024-10-09,66.18229675292969,69.56999969482422,69.73999786376953,69.06999969482422,69.19000244140625,9037700
2024-10-10,65.87788391113281,69.25,69.91000366210938,68.98999786376953,69.83000183105469,8635200
2024-10-11,66.18229675292969,69.56999969482422,69.58999633789062,69.0,69.45999908447266,8786300
2024-10-14,66.91478729248047,70.33999633789062,70.47000122070312,69.47000122070312,69.56999969482422,7659300
2024-10-15,66.91478729248047,70.33999633789062,71.20999908447266,70.16000366210938,70.45999908447266,10358700
2024-10-16,67.13360595703125,70.56999969482422,70.69999694824219,69.97000122070312,70.08999633789062,7937300
2024-10-17,66.49622344970703,69.9000015258789,70.69000244140625,69.58000183105469,70.62999725341797,14674600
2024-10-18,67.00993347167969,70.44000244140625,70.55000305175781,69.61000061035156,69.87000274658203,15087500
2024-10-21,66.06813049316406,69.44999694824219,70.33000183105469,69.30999755859375,70.0,11981200
2024-10-22,66.06813049316406,69.44999694824219,69.75,68.68000030517578,69.0,18603300
2024-10-23,64.6982650756836,68.01000213623047,68.69999694824219,66.58000183105469,66.98999786376953,24655200
2024-10-24,64.02283477783203,67.30000305175781,68.04000091552734,66.94999694824219,67.6500015258789,17568800
2024-10-25,63.66133499145508,66.91999816894531,67.69999694824219,66.79000091552734,67.06999969482422,11138100
2024-10-28,63.42350387573242,66.66999816894531,67.4000015258789,66.5999984741211,66.95999908447266,10761400
2024-10-29,62.3675537109375,65.55999755859375,66.33999633789062,65.5199966430664,66.29000091552734,16525900
2024-10-30,62.71002960205078,65.91999816894531,66.54000091552734,65.31999969482422,65.51000213623047,14177800
2024-10-31,62.129730224609375,65.30999755859375,65.98999786376953,65.26000213623047,65.80999755859375,13383700
2024-11-01,61.84434127807617,65.01000213623047,65.66000366210938,64.88999938964844,65.47000122070312,12163100
2024-11-04,61.93946838378906,65.11000061035156,65.41999816894531,64.6500015258789,65.08000183105469,10984500
2024-11-05,62.186824798583984,65.37000274658203,65.47000122070312,64.63999938964844,64.63999938964844,8780200
2024-11-06,60.5981330871582,63.70000076293945,64.86000061035156,63.18000030517578,64.41999816894531,22899300
2024-11-07,60.56008529663086,63.65999984741211,64.38999938964844,63.599998474121094,64.29000091552734,14856100
2024-11-08,60.80741882324219,63.91999816894531,64.23999786376953,63.7400016784668,63.90999984741211,14719300
2024-11-11,60.27469253540039,63.36000061035156,64.12000274658203,63.25,63.9900016784668,13980900
2024-11-12,60.12247848510742,63.20000076293945,63.75,63.119998931884766,63.68000030517578,15021000
2024-11-13,59.932220458984375,63.0,63.2599983215332,62.4900016784668,63.04999923706055,13177600
2024-11-14,59.50413131713867,62.54999923706055,63.11000061035156,62.43000030517578,63.11000061035156,15910800
2024-11-15,58.733577728271484,61.7400016784668,62.630001068115234,61.38999938964844,62.4900016784668,26284300
2024-11-18,58.84773635864258,61.86000061035156,62.13999938964844,61.560001373291016,61.849998474121094,16062100
2024-11-19,59.54218673706055,62.59000015258789,62.619998931884766,61.630001068115234,61.900001525878906,16254800
2024-11-20,59.92271041870117,62.9900016784668,63.0099983215332,62.02000045776367,62.70000076293945,18904900
2024-11-21,60.65522003173828,63.7599983215332,63.810001373291016,62.95000076293945,63.150001525878906,17292300
2024-11-22,60.80741882324219,63.91999816894531,64.4800033569336,63.650001525878906,64.23999786376953,19562200
2024-11-25,61.245018005371094,64.37999725341797,64.70999908447266,63.84000015258789,64.31999969482422,36805300
2024-11-26,61.4067497253418,64.55000305175781,64.63999938964844,64.05999755859375,64.30999755859375,14473300
2024-11-27,61.29258728027344,64.43000030517578,65.0999984741211,64.25,64.95999908447266,13263400
2024-11-29,61.4219856262207,64.08000183105469,64.25,63.77000045776367,64.0199966430664,10648400
2024-12-02,61.009830474853516,63.650001525878906,64.19000244140625,63.349998474121094,64.05000305175781,16500100
2024-12-03,60.88521957397461,63.52000045776367,64.08000183105469,63.029998779296875,63.720001220703125,24874500
2024-12-04,59.629554748535156,62.209999084472656,63.349998474121094,61.900001525878906,63.279998779296875,28137700
2024-12-05,60.31010055541992,62.91999816894531,63.119998931884766,62.099998474121094,62.470001220703125,21040400
2024-12-06,59.936279296875,62.529998779296875,63.36000061035156,62.5099983215332,62.83000183105469,15581100
2024-12-09,60.00337600708008,62.599998474121094,62.93000030517578,61.900001525878906,62.689998626708984,22348300
2024-12-10,60.30051803588867,62.90999984741211,63.040000915527344,61.790000915527344,62.70000076293945,14949400
2024-12-11,60.04171371459961,62.63999938964844,63.630001068115234,62.400001525878906,63.0,32819000
2024-12-12,61.19194030761719,63.84000015258789,63.91999816894531,63.220001220703125,63.54999923706055,17542100
2024-12-13,60.50180435180664,63.119998931884766,63.84000015258789,63.11000061035156,63.56999969482422,13429000
2024-12-16,59.955448150634766,62.54999923706055,63.86000061035156,62.349998474121094,63.22999954223633,24559700
2024-12-17,60.77019119262695,63.400001525878906,63.54999923706055,62.31999969482422,62.45000076293945,21902400
2024-12-18,60.24300765991211,62.849998474121094,63.63999938964844,62.790000915527344,62.810001373291016,20946100
2024-12-19,59.85960388183594,62.45000076293945,63.16999816894531,62.400001525878906,62.70000076293945,21300600
2024-12-20,59.955448150634766,62.54999923706055,63.060001373291016,62.279998779296875,62.470001220703125,42458100
2024-12-23,59.792503356933594,62.380001068115234,62.7599983215332,61.529998779296875,62.5,13010800
2024-12-24,60.233421325683594,62.84000015258789,62.84000015258789,62.0099983215332,62.20000076293945,5019100
2024-12-26,59.97462463378906,62.56999969482422,62.7400016784668,62.400001525878906,62.619998931884766,7943800
2024-12-27,59.85960388183594,62.45000076293945,62.95000076293945,62.209999084472656,62.45000076293945,8542800
2024-12-30,59.45701599121094,62.029998779296875,62.34000015258789,61.68000030517578,62.34000015258789,8972200
2024-12-31,59.6774787902832,62.2599983215332,62.43000030517578,61.79999923706055,62.02000045776367,9256700
2025-01-02,59.274898529052734,61.84000015258789,62.75,61.619998931884766,62.349998474121094,12991000
2025-01-03,59.18863296508789,61.75,62.08000183105469,61.619998931884766,61.900001525878906,10403200
2025-01-06,58.28762435913086,60.810001373291016,61.56999969482422,60.65999984741211,61.5,17924200
2025-01-07,58.31637954711914,60.84000015258789,61.720001220703125,60.619998931884766,61.11000061035156,17799600
2025-01-08,59.15028762817383,61.709999084472656,61.77000045776367,60.93000030517578,60.9900016784668,14412400
2025-01-10,58.536842346191406,61.06999969482422,61.650001525878906,60.72999954223633,61.58000183105469,22425000
2025-01-13,59.0927848815918,61.650001525878906,61.849998474121094,60.709999084472656,61.130001068115234,18016200
2025-01-14,59.46660232543945,62.040000915527344,62.06999969482422,61.29999923706055,61.65999984741211,16658300
2025-01-15,59.207801818847656,61.77000045776367,62.619998931884766,61.68000030517578,62.33000183105469,16187200
2025-01-16,59.66789627075195,62.25,62.29999923706055,61.31999969482422,61.41999816894531,12585500
2025-01-17,60.10881042480469,62.709999084472656,62.77000045776367,62.16999816894531,62.310001373291016,17948900
2025-01-21,59.83083724975586,62.41999816894531,63.22999954223633,62.29999923706055,62.900001525878906,19817100
2025-01-22,59.21738815307617,61.779998779296875,62.290000915527344,61.65999984741211,62.119998931884766,18191900
2025-01-23,58.97775650024414,61.529998779296875,61.97999954223633,61.369998931884766,61.79999923706055,16528400
2025-01-24,59.35158157348633,61.91999816894531,62.0099983215332,61.439998626708984,61.720001220703125,19244600
2025-01-27,61.22069549560547,63.869998931884766,64.18000030517578,62.470001220703125,62.869998931884766,20742900
2025-01-28,59.773338317871094,62.36000061035156,64.04000091552734,62.279998779296875,63.5099983215332,14956000
2025-01-29,60.223838806152344,62.83000183105469,63.36000061035156,62.54999923706055,62.560001373291016,11325600
2025-01-30,61.39323425292969,64.05000305175781,64.29000091552734,63.22999954223633,63.849998474121094,13201000
2025-01-31,60.84687423706055,63.47999954223633,63.93000030517578,63.38999938964844,63.70000076293945,12096800
2025-02-03,60.72226333618164,63.349998474121094,63.630001068115234,62.43000030517578,63.18000030517578,12067900
2025-02-04,60.07047653198242,62.66999816894531,63.630001068115234,62.349998474121094,63.61000061035156,15678000
2025-02-05,60.50180435180664,63.119998931884766,63.290000915527344,62.59000015258789,62.720001220703125,10686800
2025-02-06,60.731849670410156,63.36000061035156,63.7400016784668,62.90999984741211,63.619998931884766,13423400
2025-02-07,61.19194030761719,63.84000015258789,63.91999816894531,63.27000045776367,63.43000030517578,13184700
2025-02-10,61.87249755859375,64.55000305175781,64.6500015258789,63.65999984741211,64.0999984741211,16154300
2025-02-11,64.79598236083984,67.5999984741211,67.66999816894531,66.41000366210938,67.5,30589100
2025-02-12,65.85993957519531,68.70999908447266,68.81999969482422,66.87000274658203,66.87000274658203,26033800
2025-02-13,66.61717987060547,69.5,69.61000061035156,68.76000213623047,69.0,24393100
2025-02-14,66.0133056640625,68.87000274658203,70.02999877929688,68.76000213623047,69.36000061035156,20779100
2025-02-18,66.18584442138672,69.05000305175781,69.37000274658203,68.41999816894531,68.55000305175781,15569100
2025-02-19,67.16352081298828,70.06999969482422,70.12999725341797,69.16999816894531,69.20999908447266,16032300
2025-02-20,67.134765625,70.04000091552734,70.06999969482422,69.41999816894531,69.70999908447266,13398000
2025-02-21,68.39042663574219,71.3499984741211,71.5999984741211,70.12999725341797,70.31999969482422,21662300
2025-02-24,67.66194915771484,70.58999633789062,71.7300033569336,70.33000183105469,70.83999633789062,21418400
2025-02-25,68.52461242675781,71.48999786376953,71.7699966430664,70.7300033569336,70.86000061035156,21555600
2025-02-26,67.86324310302734,70.80000305175781,71.27999877929688,70.52999877929688,71.2699966430664,14531200
2025-02-27,67.93035125732422,70.87000274658203,71.54000091552734,70.41999816894531,70.72000122070312,16789500
2025-02-28,68.25623321533203,71.20999908447266,71.56999969482422,70.55999755859375,71.44999694824219,22167400
2025-03-03,69.3201904296875,72.31999969482422,72.36000061035156,69.7300033569336,70.23999786376953,21717600
2025-03-04,67.2785415649414,70.19000244140625,72.6500015258789,69.87999725341797,72.06999969482422,25411900
2025-03-05,67.17311096191406,70.08000183105469,70.73999786376953,69.83999633789062,69.9000015258789,23933600
2025-03-06,67.53734588623047,70.45999908447266,70.52999877929688,69.44999694824219,70.41000366210938,21694000
2025-03-07,68.46710968017578,71.43000030517578,71.81999969482422,69.6500015258789,69.6500015258789,28393300
2025-03-10,68.48628234863281,71.44999694824219,73.22000122070312,71.31999969482422,71.95999908447266,25251200
2025-03-11,68.0932846069336,71.04000091552734,72.04000091552734,70.61000061035156,71.87999725341797,28076400
2025-03-12,67.03893280029297,69.94000244140625,70.7300033569336,69.73999786376953,70.37000274658203,18923300
2025-03-13,66.73218536376953,69.62000274658203,70.25,69.27999877929688,70.25,15746600
2025-03-14,66.78046417236328,69.16000366210938,69.26000213623047,68.37999725341797,68.51000213623047,14205100
2025-03-17,67.70744323730469,70.12000274658203,70.16999816894531,69.08000183105469,69.23999786376953,15634800
2025-03-18,66.9928970336914,69.37999725341797,70.19000244140625,69.30000305175781,70.11000061035156,12657600
2025-03-19,66.89634704589844,69.27999877929688,69.37999725341797,68.54000091552734,68.55000305175781,14780000
2025-03-20,67.31153869628906,69.70999908447266,69.80999755859375,69.08999633789062,69.30999755859375,16295300
2025-03-21,66.30731964111328,68.66999816894531,69.97000122070312,68.18000030517578,69.70999908447266,47479500
2025-03-24,66.57769012451172,68.94999694824219,69.08000183105469,68.33000183105469,68.80000305175781,12575400
2025-03-25,66.44251251220703,68.80999755859375,69.08000183105469,68.5999984741211,68.94999694824219,12513900
2025-03-26,67.61087036132812,70.0199966430664,70.3499984741211,68.9000015258789,68.91999816894531,14478200
2025-03-27,68.30610656738281,70.73999786376953,70.98999786376953,70.06999969482422,70.18000030517578,11663400
2025-03-28,67.94883728027344,70.37000274658203,71.31999969482422,69.52999877929688,70.80999755859375,17412900
2025-03-31,69.15583038330078,71.62000274658203,71.94000244140625,70.48999786376953,70.7300033569336,24016900
2025-04-01,69.39723205566406,71.87000274658203,71.91000366210938,71.19000244140625,71.68000030517578,15309100
2025-04-02,68.87581634521484,71.33000183105469,72.36000061035156,71.05000305175781,71.95999908447266,14606500
2025-04-03,70.66214752197266,73.18000030517578,73.94999694824219,72.31999969482422,72.4800033569336,24959600
2025-04-04,67.52397918701172,69.93000030517578,73.01000213623047,69.79000091552734,72.41999816894531,26517300
2025-04-07,66.01765441894531,68.37000274658203,69.37999725341797,66.05000305175781,66.2300033569336,34258400
2025-04-08,66.06593322753906,68.41999816894531,69.9800033569336,67.76000213623047,68.95999908447266,22774400
2025-04-09,67.54328918457031,69.94999694824219,70.47000122070312,67.27999877929688,67.91999816894531,27918700
2025-04-10,68.3254165649414,70.76000213623047,71.20999908447266,68.9800033569336,70.19000244140625,22450200
2025-04-11,68.97236633300781,71.43000030517578,71.8499984741211,70.54000091552734,70.91000366210938,19988200
2025-04-14,69.95726013183594,72.44999694824219,72.66000366210938,70.93000030517578,71.30000305175781,13930200
2025-04-15,69.3875732421875,71.86000061035156,72.62999725341797,71.72000122070312,72.62000274658203,14965500
2025-04-16,69.2137680053711,71.68000030517578,72.66999816894531,71.38999938964844,72.36000061035156,15276200
2025-04-17,70.48834228515625,73.0,73.43000030517578,71.72000122070312,71.9000015258789,20754500
2025-04-21,70.2662582397461,72.7699966430664,73.47000122070312,71.81999969482422,73.37999725341797,16037200
2025-04-22,71.35738372802734,73.9000015258789,74.37999725341797,72.91999816894531,73.0,15613500
2025-04-23,70.77802276611328,73.30000305175781,73.94999694824219,72.37999725341797,73.29000091552734,16353900
2025-04-24,70.02485656738281,72.5199966430664,73.43000030517578,72.30000305175781,73.0199966430664,16893900
2025-04-25,69.43585205078125,71.91000366210938,72.91999816894531,71.12999725341797,72.6500015258789,16316000
2025-04-28,69.31997680664062,71.79000091552734,72.26000213623047,71.30999755859375,72.08000183105469,15997500
2025-04-29,69.86070251464844,72.3499984741211,72.70999908447266,70.27999877929688,71.19000244140625,16244100
2025-04-30,70.0538330078125,72.55000305175781,73.4800033569336,71.69000244140625,73.3499984741211,21074700
2025-05-01,68.8371810913086,71.29000091552734,72.04000091552734,71.2300033569336,72.0,18034200
2025-05-02,69.18479919433594,71.6500015258789,71.81999969482422,71.0999984741211,71.5,12629600
2025-05-05,69.23307037353516,71.69999694824219,71.80000305175781,71.01000213623047,71.66999816894531,11932700
2025-05-06,69.25239562988281,71.72000122070312,71.9000015258789,71.16000366210938,71.68000030517578,12705500
2025-05-07,69.90898895263672,72.4000015258789,72.69000244140625,71.66999816894531,71.72000122070312,15018200
2025-05-08,68.72130584716797,71.16999816894531,72.47000122070312,71.12999725341797,72.19999694824219,14371100
2025-05-09,68.09367370605469,70.5199966430664,71.1500015258789,70.45999908447266,70.98999786376953,11228900
2025-05-12,67.13773345947266,69.52999877929688,70.33000183105469,68.69999694824219,70.1500015258789,21539000
2025-05-13,66.58735656738281,68.95999908447266,69.69000244140625,68.87000274658203,69.58999633789062,14389100
2025-05-14,66.78046417236328,69.16000366210938,69.33999633789062,68.58000183105469,68.87999725341797,16286800
2025-05-15,69.14617156982422,71.61000061035156,71.7300033569336,69.5999984741211,69.69999694824219,19817100
2025-05-16,69.52275848388672,72.0,72.26000213623047,71.43000030517578,71.86000061035156,18441200
2025-05-19,69.45515441894531,71.93000030517578,72.16999816894531,71.63999938964844,72.02999877929688,13282800
2025-05-20,69.22341918945312,71.69000244140625,72.12999725341797,71.43000030517578,71.80000305175781,12137800
2025-05-21,69.37792205810547,71.8499984741211,72.08000183105469,71.58000183105469,71.69000244140625,12094400
2025-05-22,68.69235229492188,71.13999938964844,71.98999786376953,70.95999908447266,71.83999633789062,11101800
2025-05-23,69.30066680908203,71.7699966430664,71.9800033569336,70.69000244140625,71.54000091552734,12822100
2025-05-27,69.31031799316406,71.77999877929688,72.22000122070312,71.55999755859375,71.73999786376953,10666100
2025-05-28,68.7020034790039,71.1500015258789,71.9000015258789,71.05000305175781,71.69999694824219,8710900
2025-05-29,69.03028869628906,71.48999786376953,71.66000366210938,70.45999908447266,71.0,10291100
2025-05-30,69.61930847167969,72.0999984741211,72.47000122070312,71.61000061035156,71.61000061035156,28019500
2025-06-02,69.52275848388672,72.0,72.04000091552734,71.36000061035156,72.02999877929688,10202700
2025-06-03,68.71166229248047,71.16000366210938,71.77999877929688,70.47000122070312,71.70999908447266,20139800
2025-06-04,68.91443634033203,71.37000274658203,71.8499984741211,70.68000030517578,71.26000213623047,13565900
2025-06-05,68.47026062011719,70.91000366210938,71.45999908447266,70.83000183105469,71.37999725341797,13531400
2025-06-06,68.8951187133789,71.3499984741211,71.4800033569336,70.94000244140625,71.08000183105469,9524000
2025-06-09,69.30066680908203,71.7699966430664,71.83000183105469,71.08999633789062,71.3499984741211,12281300
2025-06-10,69.86070251464844,72.3499984741211,72.69000244140625,71.76000213623047,71.9000015258789,12265000
2025-06-11,69.59034729003906,72.06999969482422,72.36000061035156,71.76000213623047,72.2699966430664,12718500
2025-06-12,69.7544937133789,72.23999786376953,72.4000015258789,71.5999984741211,72.25,12806900
2025-06-13,69.06404113769531,71.0199966430664,71.87999725341797,70.7300033569336,71.7699966430664,17467200
2025-06-16,68.57781982421875,70.5199966430664,71.62000274658203,70.23999786376953,71.19999694824219,15045900
2025-06-17,67.70260620117188,69.62000274658203,70.45999908447266,69.58000183105469,70.37999725341797,15437000
2025-06-18,67.30389404296875,69.20999908447266,70.0,69.08999633789062,70.0,16227600
2025-06-20,66.94408416748047,68.83999633789062,69.55999755859375,68.77999877929688,69.08999633789062,40859400
2025-06-23,67.81930541992188,69.73999786376953,69.80999755859375,68.97000122070312,69.13999938964844,21822800
2025-06-24,68.2763671875,70.20999908447266,70.3499984741211,69.69000244140625,69.94000244140625,15216100
2025-06-25,67.71232604980469,69.62999725341797,70.0199966430664,69.43000030517578,69.93000030517578,12540400
2025-06-26,67.55674743652344,69.47000122070312,69.91999816894531,69.1500015258789,69.69999694824219,14454100
2025-06-27,68.39305877685547,70.33000183105469,70.55999755859375,69.47000122070312,69.58999633789062,23470700
2025-06-30,68.8014907836914,70.75,70.79000091552734,70.08999633789062,70.12999725341797,15429000
2025-07-01,69.69615173339844,71.66999816894531,72.44999694824219,70.9000015258789,70.98999786376953,21729300
2025-07-02,68.95708465576172,70.91000366210938,71.83000183105469,70.73999786376953,71.69000244140625,13050200
2025-07-03,69.38496398925781,71.3499984741211,71.4000015258789,70.44999694824219,71.04000091552734,9440500
2025-07-07,69.05432891845703,71.01000213623047,71.37000274658203,70.80000305175781,71.37000274658203,16984700
2025-07-08,68.30552673339844,70.23999786376953,70.68000030517578,69.87999725341797,70.68000030517578,17115500
2025-07-09,67.56646728515625,69.4800033569336,70.25,68.97000122070312,70.16000366210938,33704100
2025-07-10,67.84848022460938,69.7699966430664,69.8499984741211,69.16000366210938,69.29000091552734,14608400
2025-07-11,67.94572448730469,69.87000274658203,70.16000366210938,69.25,69.56999969482422,12916700
2025-07-14,67.55674743652344,69.47000122070312,70.08000183105469,69.2699966430664,69.80000305175781,13983200
2025-07-15,67.44977569580078,69.36000061035156,69.55000305175781,69.1500015258789,69.51000213623047,12639800
2025-07-16,67.36225128173828,69.2699966430664,69.5,68.79000091552734,69.3499984741211,13178300
2025-07-17,68.64588928222656,70.58999633789062,70.69000244140625,69.51000213623047,69.80999755859375,20464700
2025-07-18,67.92627716064453,69.8499984741211,70.69999694824219,69.83000183105469,70.44000244140625,14928000
2025-07-21,68.14021301269531,70.06999969482422,70.62000274658203,69.93000030517578,70.19000244140625,17811700
2025-07-22,67.74150848388672,69.66000366210938,70.26000213623047,68.69000244140625,69.44999694824219,22339900
2025-07-23,67.2552719116211,69.16000366210938,69.73999786376953,68.5999984741211,69.66000366210938,21030000
2025-07-24,67.19692993164062,69.0999984741211,69.55000305175781,68.98999786376953,69.26000213623047,12511400
2025-07-25,67.26499938964844,69.16999816894531,69.2300033569336,68.75,69.12999725341797,12574800
2025-07-28,66.2147445678711,68.08999633789062,68.9000015258789,68.05999755859375,68.73999786376953,13668800
2025-07-29,67.4692153930664,69.37999725341797,69.41999816894531,68.1500015258789,68.33999633789062,16223400
2025-07-30,66.8565673828125,68.75,69.33000183105469,68.52999877929688,69.11000061035156,10448200
2025-07-31,66.02025604248047,67.88999938964844,68.6500015258789,67.73999786376953,68.1500015258789,17193400
2025-08-01,66.96353912353516,68.86000061035156,69.04000091552734,68.2699966430664,68.5999984741211,16107500
2025-08-04,67.060791015625,68.95999908447266,69.08000183105469,68.30999755859375,68.72000122070312,10701500
2025-08-05,67.1483154296875,69.05000305175781,69.48999786376953,68.75,68.9000015258789,11993400
2025-08-06,67.59564208984375,69.51000213623047,69.80000305175781,68.62999725341797,69.12000274658203,10783000
2025-08-07,68.49031066894531,70.43000030517578,70.72000122070312,69.33000183105469,69.45999908447266,15790800
2025-08-08,68.40277862548828,70.33999633789062,70.87000274658203,70.08000183105469,70.36000061035156,9232700
2025-08-11,68.8014907836914,70.75,70.86000061035156,69.95999908447266,70.30000305175781,10909400
2025-08-12,68.76258850097656,70.70999908447266,71.05999755859375,70.22000122070312,70.81999969482422,11061100
2025-08-13,68.51947021484375,70.45999908447266,70.7699966430664,70.2300033569336,70.69000244140625,10356500
2025-08-14,67.63453674316406,69.55000305175781,70.45999908447266,69.38999938964844,70.37999725341797,10722400
2025-08-15,67.99434661865234,69.91999816894531,70.38999938964844,69.56999969482422,69.73999786376953,12381100
2025-08-18,67.2260971069336,69.12999725341797,70.05000305175781,69.05000305175781,69.9800033569336,14094900
2025-08-19,68.19856262207031,70.12999725341797,70.22000122070312,69.23999786376953,69.30000305175781,13862200
2025-08-20,68.75286865234375,70.69999694824219,71.70999908447266,70.41000366210938,70.73999786376953,17530800
2025-08-21,68.7139663696289,70.66000366210938,70.91000366210938,70.33000183105469,70.5999984741211,8840400
2025-08-22,68.19856262207031,70.12999725341797,71.0199966430664,69.91999816894531,70.95999908447266,12999600
2025-08-25,67.0316162109375,68.93000030517578,70.2300033569336,68.72000122070312,70.11000061035156,13634600
2025-08-26,66.83712005615234,68.7300033569336,69.08000183105469,68.58000183105469,69.04000091552734,17964200
2025-08-27,66.93437194824219,68.83000183105469,68.87000274658203,68.47000122070312,68.81999969482422,11562700
2025-08-28,66.47731018066406,68.36000061035156,68.9000015258789,68.27999877929688,68.87999725341797,16209900
2025-08-29,67.08995819091797,68.98999786376953,69.13999938964844,68.43000030517578,68.66999816894531,14601100
2025-09-02,67.15802764892578,69.05999755859375,69.33999633789062,68.26000213623047,68.95999908447266,24770100
2025-09-03,67.08995819091797,68.98999786376953,69.0999984741211,67.37000274658203,68.66000366210938,33581500
2025-09-04,66.37034606933594,68.25,69.45999908447266,68.11000061035156,69.11000061035156,16736000
2025-09-05,66.08832550048828,67.95999908447266,68.58000183105469,67.87000274658203,68.01000213623047,23978000
2025-09-08,65.57292175292969,67.43000030517578,67.87999725341797,67.16000366210938,67.86000061035156,21671700
2025-09-09,65.99108123779297,67.86000061035156,68.11000061035156,67.27999877929688,67.27999877929688,14120600
2025-09-10,65.95217895507812,67.81999969482422,68.08999633789062,67.20999908447266,67.79000091552734,16041900
2025-09-11,65.75769805908203,67.62000274658203,68.16999816894531,67.58000183105469,67.91999816894531,15128700
2025-09-12,65.16449737548828,67.01000213623047,67.72000122070312,66.94000244140625,67.5999984741211,18712400
2025-09-15,64.88031768798828,66.20999908447266,66.77999877929688,66.0999984741211,66.68000030517578,15986100
2025-09-16,64.90971374511719,66.23999786376953,66.51000213623047,66.05999755859375,66.3499984741211,18555900
2025-09-17,65.69364929199219,67.04000091552734,67.12999725341797,66.41000366210938,66.41000366210938,17372300
2025-09-18,65.12529754638672,66.45999908447266,67.04000091552734,66.3499984741211,66.80000305175781,17722900
2025-09-19,65.09589385986328,66.43000030517578,66.7300033569336,66.05000305175781,66.48999786376953,31192900
2025-09-22,64.88031768798828,66.20999908447266,66.58999633789062,66.08000183105469,66.16000366210938,13298700
2025-09-23,65.37026977539062,66.70999908447266,66.76000213623047,65.9000015258789,66.3499984741211,15072800
2025-09-24,65.11549377441406,66.44999694824219,66.77999877929688,65.95999908447266,66.41000366210938,14759300
2025-09-25,64.65493774414062,65.9800033569336,66.91999816894531,65.94999694824219,66.75,14395000
2025-09-26,64.35115814208984,65.66999816894531,66.33000183105469,65.5,66.06999969482422,17821600
2025-09-29,64.71372985839844,66.04000091552734,66.0999984741211,65.3499984741211,65.66999816894531,14818500
2025-09-30,64.98809814453125,66.31999969482422,66.63999938964844,65.95999908447266,66.06999969482422,13815000
2025-10-01,65.4388656616211,66.77999877929688,66.83000183105469,66.29000091552734,66.51000213623047,14877500
2025-10-02,64.77252197265625,66.0999984741211,66.6500015258789,65.86000061035156,66.52999877929688,14350700
2025-10-03,65.31148529052734,66.6500015258789,66.98999786376953,66.04000091552734,66.0999984741211,12249200
2025-10-06,64.77252197265625,66.0999984741211,66.5,65.83999633789062,66.48999786376953,14333300
2025-10-07,65.44866180419922,66.79000091552734,67.26000213623047,65.87000274658203,66.22000122070312,13328300
2025-10-08,64.79212188720703,66.12000274658203,66.87000274658203,66.05999755859375,66.66999816894531,12606700
2025-10-09,65.03710174560547,66.37000274658203,66.80000305175781,66.12000274658203,66.29000091552734,12705200
2025-10-10,65.69364929199219,67.04000091552734,67.4000015258789,66.37999725341797,66.5199966430664,17991700
2025-10-13,65.45846557617188,66.80000305175781,66.80000305175781,66.0,66.2300033569336,13690000
2025-10-14,66.15421295166016,67.51000213623047,67.56999969482422,66.75,66.87000274658203,14245600
2025-10-15,65.73284149169922,67.08000183105469,67.72000122070312,66.91999816894531,67.2699966430664,11193700
2025-10-16,66.23259735107422,67.58999633789062,68.11000061035156,67.16000366210938,67.18000030517578,15707200
2025-10-17,67.06553649902344,68.44000244140625,68.5,67.80000305175781,68.0,15541800
2025-10-20,67.06553649902344,68.44000244140625,68.63999938964844,67.91999816894531,68.43000030517578,17786800
2025-10-21,69.7896957397461,71.22000122070312,71.38999938964844,70.2300033569336,70.56999969482422,33651300
2025-10-22,69.38793182373047,70.80999755859375,71.62000274658203,70.51000213623047,71.36000061035156,18293000
2025-10-23,68.53541564941406,69.94000244140625,70.93000030517578,69.72000122070312,70.80999755859375,13989400
2025-10-24,68.31002044677734,69.70999908447266,70.05000305175781,69.6500015258789,69.91000366210938,15688200
2025-10-27,68.65299224853516,70.05999755859375,70.12000274658203,69.25,69.77999877929688,13800000
2025-10-28,68.75099182128906,70.16000366210938,70.9000015258789,69.94999694824219,70.05000305175781,12730500
2025-10-29,66.97733306884766,68.3499984741211,70.02999877929688,68.16000366210938,69.91999816894531,19789600
2025-10-30,67.59469604492188,68.9800033569336,69.29000091552734,68.38999938964844,68.44999694824219,14751700
2025-10-31,67.51629638671875,68.9000015258789,69.06999969482422,67.9000015258789,68.55000305175781,16742700
2025-11-03,66.60497283935547,67.97000122070312,68.88999938964844,67.66000366210938,68.80000305175781,15660400
2025-11-04,67.28111267089844,68.66000366210938,68.7300033569336,68.16000366210938,68.47000122070312,12743800
2025-11-05,67.1341323852539,68.51000213623047,68.83000183105469,68.18000030517578,68.66000366210938,12850100
2025-11-06,67.6730728149414,69.05999755859375,69.13999938964844,67.91999816894531,68.30000305175781,15906700
2025-11-07,69.1331558227539,70.55000305175781,70.87000274658203,69.41000366210938,69.80999755859375,25108300
2025-11-10,69.10375213623047,70.5199966430664,70.66000366210938,69.44000244140625,70.01000213623047,15318000
2025-11-11,70.17186737060547,71.61000061035156,71.75,70.66000366210938,70.9800033569336,16160200
2025-11-12,70.07386779785156,71.51000213623047,71.88999938964844,71.33999633789062,71.48999786376953,13612600
2025-11-13,69.64270782470703,71.06999969482422,71.66999816894531,71.0,71.41999816894531,14002800
2025-11-14,69.73091125488281,71.16000366210938,71.63999938964844,70.5999984741211,71.41000366210938,13172000
2025-11-17,69.26054382324219,70.68000030517578,71.52999877929688,70.62000274658203,71.19999694824219,14772300
2025-11-18,69.7896957397461,71.22000122070312,71.33999633789062,70.56999969482422,70.98999786376953,12838900
2025-11-19,69.6819076538086,71.11000061035156,71.44999694824219,70.80999755859375,71.19999694824219,12401500
2025-11-20,69.77989959716797,71.20999908447266,71.4800033569336,70.61000061035156,70.94999694824219,15396500
2025-11-21,71.48495483398438,72.94999694824219,73.19000244140625,71.48999786376953,71.68000030517578,26492500
2025-11-24,71.1321792602539,72.58999633789062,73.16000366210938,71.56999969482422,73.16000366210938,39818600
2025-11-25,71.15178680419922,72.61000061035156,72.93000030517578,72.13999938964844,72.80000305175781,17451200
2025-11-26,71.4163589477539,72.87999725341797,73.08999633789062,72.38999938964844,72.5999984741211,11795100
2025-11-28,71.65155029296875,73.12000274658203,73.2300033569336,72.76000213623047,73.0,7423000
2025-12-01,71.00025177001953,71.94999694824219,72.91000366210938,71.93000030517578,72.5999984741211,14388100
2025-12-02,69.73715209960938,70.66999816894531,71.80000305175781,70.43000030517578,71.80000305175781,19871300
2025-12-03,69.87529754638672,70.80999755859375,71.4000015258789,70.61000061035156,70.87999725341797,17001700
2025-12-04,69.52005004882812,70.44999694824219,71.33999633789062,70.37000274658203,70.83000183105469,17710000
2025-12-05,69.07598876953125,70.0,70.70999908447266,69.87000274658203,70.31999969482422,13978200
2025-12-08,69.32269287109375,70.25,70.37999725341797,69.48999786376953,69.83999633789062,17775100
2025-12-09,69.164794921875,70.08999633789062,70.62999725341797,69.83000183105469,70.37000274658203,13010600
2025-12-10,69.2832260131836,70.20999908447266,70.52999877929688,69.77999877929688,70.38999938964844,29789400
2025-12-11,68.19773864746094,69.11000061035156,70.69000244140625,68.79000091552734,70.55000305175781,23124200
2025-12-12,69.58912658691406,70.5199966430664,70.62000274658203,69.04000091552734,69.11000061035156,18444500
2025-12-15,70.03319549560547,70.97000122070312,71.31999969482422,70.31999969482422,70.43000030517578,18660100
2025-12-16,69.44110870361328,70.37000274658203,71.30000305175781,70.31999969482422,71.30000305175781,17370000
2025-12-17,69.73715209960938,70.66999816894531,70.91999816894531,70.30999755859375,70.56999969482422,13672700
2025-12-18,69.43123626708984,70.36000061035156,70.80000305175781,70.16999816894531,70.2699966430664,15524800
2025-12-19,69.13520050048828,70.05999755859375,70.7699966430664,70.02999877929688,70.05999755859375,36911100
2025-12-22,69.2832260131836,70.20999908447266,70.22000122070312,69.66000366210938,69.93000030517578,12828500
2025-12-23,68.94770812988281,69.87000274658203,70.26000213623047,69.69000244140625,70.19999694824219,9471000
2025-12-24,69.1845474243164,70.11000061035156,70.16000366210938,69.75,69.9000015258789,4515300
2025-12-26,68.94770812988281,69.87000274658203,70.16000366210938,69.7300033569336,69.94999694824219,5711400
2025-12-29,69.23388671875,70.16000366210938,70.41999816894531,69.8499984741211,70.0,9686900
2025-12-30,69.14506530761719,70.06999969482422,70.23999786376953,69.80000305175781,70.0,8610900
