Date,Adj Close,Close,High,Low,Open,Volume
2009-12-01,38.68117904663086,62.90999984741211,63.349998474121094,62.599998474121094,62.61000061035156,9560600
2009-12-02,38.85332489013672,63.189998626708984,63.38999938964844,62.849998474121094,62.93000030517578,9023800
2009-12-03,38.46596908569336,62.560001373291016,63.36000061035156,62.41999816894531,63.09000015258789,9844300
2009-12-04,38.490570068359375,62.599998474121094,63.29999923706055,62.25,63.150001525878906,11300000
2009-12-07,38.410621643066406,62.470001220703125,62.72999954223633,62.040000915527344,62.38999938964844,8948000
2009-12-08,38.04171371459961,61.869998931884766,62.29999923706055,61.599998474121094,62.13999938964844,11168700
2009-12-09,38.26920700073242,62.2400016784668,62.40999984741211,61.70000076293945,61.93000030517578,9118300
2009-12-10,38.26920700073242,62.2400016784668,62.849998474121094,62.08000183105469,62.349998474121094,10030400
2009-12-11,38.330684661865234,62.34000015258789,62.849998474121094,62.209999084472656,62.290000915527344,8932500
2009-12-14,38.74265670776367,63.0099983215332,63.08000183105469,62.38999938964844,62.540000915527344,9535800
2009-12-15,38.19541549682617,62.119998931884766,62.81999969482422,61.88999938964844,62.70000076293945,11430900
2009-12-16,38.220027923583984,62.15999984741211,62.66999816894531,62.119998931884766,62.380001068115234,9871800
2009-12-17,37.86954116821289,61.59000015258789,62.119998931884766,61.540000915527344,62.0,10983600
2009-12-18,37.844947814941406,61.54999923706055,62.0,60.40999984741211,61.97999954223633,22847800
2009-12-21,37.69123458862305,61.29999923706055,61.849998474121094,61.22999954223633,61.650001525878906,9550100
2009-12-22,37.69123458862305,61.29999923706055,61.5,61.02000045776367,61.13999938964844,7178900
2009-12-23,37.697383880615234,61.310001373291016,61.349998474121094,60.7599983215332,61.060001373291016,5630600
2009-12-24,37.678951263427734,61.279998779296875,61.47999954223633,61.04999923706055,61.25,3357000
2009-12-28,37.66047286987305,61.25,61.650001525878906,60.790000915527344,61.52000045776367,6880600
2009-12-29,37.8633918762207,61.58000183105469,61.880001068115234,61.150001525878906,61.15999984741211,7281400
2009-12-30,37.73426818847656,61.369998931884766,61.88999938964844,61.15999984741211,61.380001068115234,5666200
2009-12-31,37.279273986816406,60.630001068115234,61.529998779296875,60.560001373291016,61.52000045776367,5942200
2010-01-04,37.58055114746094,61.119998931884766,61.310001373291016,60.630001068115234,61.11000061035156,9190800
2010-01-05,37.592864990234375,61.13999938964844,61.279998779296875,60.599998474121094,61.130001068115234,8649400
2010-01-06,37.41454315185547,60.849998474121094,60.959999084472656,60.5,60.939998626708984,9908400
2010-01-07,37.21163558959961,60.52000045776367,60.70000076293945,60.2400016784668,60.58000183105469,8972800
2010-01-08,37.16244888305664,60.439998626708984,60.529998779296875,60.060001373291016,60.36000061035156,8464600
2010-01-11,37.0148811340332,60.20000076293945,60.27000045776367,59.0099983215332,60.08000183105469,14774600
2010-01-12,37.43912887573242,60.88999938964844,61.36000061035156,60.5,60.70000076293945,13460700
2010-01-13,37.82649612426758,61.52000045776367,61.790000915527344,60.90999984741211,61.040000915527344,16968100
2010-01-14,37.8633918762207,61.58000183105469,61.7400016784668,61.380001068115234,61.41999816894531,9139500
2010-01-15,37.396095275878906,60.81999969482422,61.86000061035156,60.439998626708984,61.599998474121094,15768300
2010-01-19,37.94948959350586,61.720001220703125,61.83000183105469,60.79999923706055,60.79999923706055,11577700
2010-01-20,37.435462951660156,60.45000076293945,61.040000915527344,60.099998474121094,60.970001220703125,11557800
2010-01-21,37.05772399902344,59.84000015258789,60.93000030517578,59.45000076293945,60.560001373291016,14298400
2010-01-22,37.348785400390625,60.310001373291016,60.689998626708984,59.220001220703125,59.75,17703200
2010-01-25,37.54694747924805,60.630001068115234,60.97999954223633,60.150001525878906,60.83000183105469,11630800
2010-01-26,37.5841178894043,60.689998626708984,60.95000076293945,60.0,60.16999816894531,13079000
2010-01-27,37.65840530395508,60.810001373291016,60.97999954223633,59.95000076293945,60.459999084472656,15228400
2010-01-28,38.19718551635742,61.68000030517578,63.310001373291016,61.58000183105469,61.66999816894531,26930000
2010-01-29,38.11668014526367,61.54999923706055,62.2400016784668,61.470001220703125,61.90999984741211,17067100
2010-02-01,38.38917922973633,61.9900016784668,62.2400016784668,61.5099983215332,61.849998474121094,12908100
2010-02-02,38.95269775390625,62.900001525878906,63.040000915527344,61.65999984741211,61.93000030517578,17680700
2010-02-03,38.797882080078125,62.650001525878906,62.86000061035156,62.36000061035156,62.7400016784668,11083500
2010-02-04,38.0237922668457,61.400001525878906,62.34000015258789,61.310001373291016,62.20000076293945,14306600
2010-02-05,37.96186447143555,61.29999923706055,61.439998626708984,60.43000030517578,61.09000015258789,14844400
2010-02-08,37.782264709472656,61.0099983215332,61.5099983215332,60.810001373291016,61.060001373291016,11431800
2010-02-09,38.24671936035156,61.7599983215332,62.0,61.0099983215332,61.380001068115234,11427100
2010-02-10,38.19099426269531,61.66999816894531,61.849998474121094,61.220001220703125,61.7400016784668,9854600
2010-02-11,38.37057876586914,61.959999084472656,62.15999984741211,61.27000045776367,61.41999816894531,10383400
2010-02-12,38.24671936035156,61.7599983215332,62.130001068115234,61.290000915527344,61.7599983215332,16188300
2010-02-16,38.90935516357422,62.83000183105469,62.869998931884766,62.349998474121094,62.599998474121094,13273100
2010-02-17,38.9217414855957,62.849998474121094,62.970001220703125,62.5099983215332,62.79999923706055,14384400
2010-02-18,39.25614547729492,63.38999938964844,63.5,62.349998474121094,62.72999954223633,17709000
2010-02-19,39.29331588745117,63.45000076293945,63.7400016784668,63.02000045776367,63.27000045776367,10897800
2010-02-22,39.27473831176758,63.41999816894531,63.880001068115234,63.29999923706055,63.689998626708984,9675300
2010-02-23,39.14468002319336,63.209999084472656,63.81999969482422,62.91999816894531,63.22999954223633,11948500
2010-02-24,39.56578826904297,63.88999938964844,63.959999084472656,63.130001068115234,63.220001220703125,12808800
2010-02-25,39.448143005371094,63.70000076293945,63.86000061035156,63.0099983215332,63.22999954223633,10085600
2010-02-26,39.188018798828125,63.279998779296875,63.880001068115234,63.13999938964844,63.75,10640900
2010-03-01,39.330467224121094,63.5099983215332,63.79999923706055,63.150001525878906,63.459999084472656,7748600
2010-03-02,39.45433044433594,63.709999084472656,63.869998931884766,63.34000015258789,63.720001220703125,8004000
2010-03-03,39.3552360534668,63.54999923706055,63.900001525878906,63.43000030517578,63.65999984741211,8608300
2010-03-04,39.4295654296875,63.66999816894531,64.1500015258789,63.40999984741211,63.650001525878906,8600300
2010-03-05,39.44194030761719,63.689998626708984,63.779998779296875,63.04999923706055,63.689998626708984,10101100
2010-03-08,39.132301330566406,63.189998626708984,63.66999816894531,63.029998779296875,63.54999923706055,11293300
2010-03-09,39.200416564941406,63.29999923706055,63.5,63.04999923706055,63.08000183105469,7100900
2010-03-10,39.02082824707031,63.0099983215332,63.290000915527344,62.86000061035156,63.22999954223633,9813200
2010-03-11,39.11990737915039,63.16999816894531,63.18000030517578,62.5099983215332,62.7599983215332,10047900
2010-03-12,39.212806701660156,63.31999969482422,63.54999923706055,63.060001373291016,63.33000183105469,8099000
2010-03-15,39.448143005371094,63.70000076293945,63.70000076293945,63.189998626708984,63.189998626708984,7674900
2010-03-16,39.342838287353516,63.529998779296875,63.900001525878906,63.41999816894531,63.720001220703125,8939300
2010-03-17,39.64011764526367,64.01000213623047,64.02999877929688,63.369998931884766,63.779998779296875,10135400
2010-03-18,39.466712951660156,63.72999954223633,64.12999725341797,63.650001525878906,63.900001525878906,8867400
2010-03-19,39.53483963012695,63.84000015258789,64.0,63.52000045776367,63.84000015258789,17458100
2010-03-22,39.55958938598633,63.880001068115234,64.0999984741211,63.52000045776367,63.52000045776367,9648000
2010-03-23,39.96213150024414,64.52999877929688,64.58000183105469,63.65999984741211,63.93000030517578,11807900
2010-03-24,39.39238739013672,63.61000061035156,64.4000015258789,63.47999954223633,64.33000183105469,11732100
2010-03-25,39.39858627319336,63.619998931884766,64.12000274658203,63.58000183105469,63.939998626708984,8203200
2010-03-26,39.44194030761719,63.689998626708984,63.93000030517578,63.400001525878906,63.68000030517578,10630300
2010-03-29,39.466712951660156,63.72999954223633,64.04000091552734,63.59000015258789,63.72999954223633,8176700
2010-03-30,39.42336654663086,63.65999984741211,63.970001220703125,63.5099983215332,63.72999954223633,6113600
2010-03-31,39.18183898925781,63.27000045776367,63.66999816894531,63.18000030517578,63.529998779296875,8193800
2010-04-01,39.23757553100586,63.36000061035156,63.70000076293945,63.20000076293945,63.470001220703125,10554900
2010-04-05,39.48529052734375,63.7599983215332,63.88999938964844,63.29999923706055,63.38999938964844,8579800
2010-04-06,39.082767486572266,63.11000061035156,63.59000015258789,63.0099983215332,63.58000183105469,11052300
2010-04-07,38.70500564575195,62.5,63.0,62.209999084472656,62.90999984741211,14043500
2010-04-08,38.74216079711914,62.560001373291016,62.849998474121094,62.119998931884766,62.45000076293945,8458800
2010-04-09,38.847434997558594,62.72999954223633,63.0,62.5099983215332,62.56999969482422,9146700
2010-04-12,38.82884979248047,62.70000076293945,62.97999954223633,62.40999984741211,62.45000076293945,9164400
2010-04-13,39.01462936401367,63.0,63.34000015258789,62.58000183105469,62.599998474121094,11229400
2010-04-14,39.132301330566406,63.189998626708984,63.22999954223633,62.709999084472656,62.91999816894531,7685600
2010-04-15,39.01462936401367,63.0,63.13999938964844,62.720001220703125,63.029998779296875,11314800
2010-04-16,38.9217414855957,62.849998474121094,63.4900016784668,62.630001068115234,62.79999923706055,12568700
2010-04-19,39.150882720947266,63.220001220703125,63.25,62.70000076293945,62.81999969482422,9548900
2010-04-20,39.132301330566406,63.189998626708984,63.4900016784668,63.029998779296875,63.470001220703125,11230400
2010-04-21,39.40480041503906,63.630001068115234,63.65999984741211,63.119998931884766,63.209999084472656,9858500
2010-04-22,39.38001251220703,63.59000015258789,63.7400016784668,63.22999954223633,63.5099983215332,8372900
2010-04-23,39.34906005859375,63.540000915527344,63.63999938964844,63.20000076293945,63.47999954223633,8452600
2010-04-26,39.596744537353516,63.939998626708984,64.0,63.400001525878906,63.45000076293945,9262400
2010-04-27,39.082767486572266,63.11000061035156,63.900001525878906,63.040000915527344,63.2400016784668,12849900
2010-04-28,39.420989990234375,63.16999816894531,63.459999084472656,62.40999984741211,62.650001525878906,13090000
2010-04-29,38.81566619873047,62.20000076293945,62.970001220703125,60.83000183105469,62.279998779296875,27302400
2010-04-30,38.79070281982422,62.15999984741211,63.0,62.11000061035156,62.529998779296875,15768900
2010-05-03,39.11520767211914,62.68000030517578,62.84000015258789,61.84000015258789,62.41999816894531,9756600
2010-05-04,38.509883880615234,61.709999084472656,62.529998779296875,61.560001373291016,62.29999923706055,11402600
2010-05-05,38.79070281982422,62.15999984741211,62.56999969482422,61.5,61.619998931884766,11611000
2010-05-06,37.91079330444336,60.75,62.66999816894531,39.369998931884766,61.90999984741211,28560400
2010-05-07,37.636226654052734,60.310001373291016,61.20000076293945,60.0,60.61000061035156,23976600
2010-05-10,38.95296096801758,62.41999816894531,62.70000076293945,61.15999984741211,61.56999969482422,16011300
2010-05-11,38.9217529296875,62.369998931884766,62.970001220703125,61.97999954223633,62.040000915527344,12397400
2010-05-12,39.3273811340332,63.02000045776367,63.130001068115234,62.099998474121094,62.11000061035156,11004800
2010-05-13,39.15888977050781,62.75,63.41999816894531,62.72999954223633,62.90999984741211,11157600
2010-05-14,39.027835845947266,62.540000915527344,63.20000076293945,62.150001525878906,62.7599983215332,14651600
2010-05-17,39.55202865600586,63.380001068115234,63.47999954223633,62.65999984741211,63.0099983215332,14659000
2010-05-18,39.445953369140625,63.209999084472656,63.95000076293945,63.130001068115234,63.400001525878906,15873100
2010-05-19,39.45220184326172,63.220001220703125,63.599998474121094,62.810001373291016,63.099998474121094,15928300
2010-05-20,38.44747543334961,61.61000061035156,62.540000915527344,61.58000183105469,62.470001220703125,23365800
2010-05-21,38.59724807739258,61.849998474121094,61.880001068115234,60.369998931884766,60.400001525878906,23162500
2010-05-24,38.316436767578125,61.400001525878906,61.97999954223633,61.0,61.43000030517578,12718900
2010-05-25,38.0980110168457,61.04999923706055,61.119998931884766,60.04999923706055,60.150001525878906,18250900
2010-05-26,37.717350006103516,60.439998626708984,61.209999084472656,60.33000183105469,60.869998931884766,17432200
2010-05-27,38.03559875488281,60.95000076293945,61.16999816894531,60.61000061035156,60.880001068115234,14963400
2010-05-28,38.12297821044922,61.09000015258789,61.68000030517578,60.849998474121094,60.95000076293945,13952100
2010-06-01,38.16665267944336,61.15999984741211,61.7400016784668,60.52000045776367,60.88999938964844,15341700
2010-06-02,38.52859115600586,61.7400016784668,61.83000183105469,61.040000915527344,61.15999984741211,12985200
2010-06-03,38.566036224365234,61.79999923706055,62.13999938964844,61.70000076293945,61.970001220703125,10739800
2010-06-04,37.941993713378906,60.79999923706055,61.119998931884766,60.56999969482422,61.119998931884766,17909700
2010-06-07,37.82965850830078,60.619998931884766,61.06999969482422,60.59000015258789,60.720001220703125,13182300
2010-06-08,38.77822494506836,62.13999938964844,62.2400016784668,60.4900016784668,60.68000030517578,15336800
2010-06-09,38.36012268066406,61.470001220703125,62.599998474121094,61.27000045776367,62.45000076293945,14211600
2010-06-10,38.63469314575195,61.90999984741211,62.290000915527344,61.66999816894531,61.970001220703125,14756000
2010-06-11,38.07304382324219,61.0099983215332,61.400001525878906,60.380001068115234,61.349998474121094,19772400
2010-06-14,38.22282409667969,61.25,61.720001220703125,61.209999084472656,61.38999938964844,10972800
2010-06-15,38.63469314575195,61.90999984741211,61.93000030517578,61.34000015258789,61.61000061035156,11944100
2010-06-16,38.18538284301758,61.189998626708984,61.7400016784668,60.83000183105469,61.52000045776367,14628800
2010-06-17,38.541080474853516,61.7599983215332,61.81999969482422,60.83000183105469,61.18000030517578,12060100
2010-06-18,38.25402069091797,61.29999923706055,61.939998626708984,61.20000076293945,61.79999923706055,17518700
2010-06-21,38.12919998168945,61.099998474121094,61.790000915527344,60.779998779296875,61.720001220703125,9688200
2010-06-22,37.8920783996582,60.720001220703125,61.650001525878906,60.689998626708984,61.060001373291016,13228700
2010-06-23,38.30393981933594,61.380001068115234,61.56999969482422,60.709999084472656,60.88999938964844,13424400
2010-06-24,37.98568344116211,60.869998931884766,61.380001068115234,60.75,61.06999969482422,12932700
2010-06-25,37.31171417236328,59.790000915527344,60.9900016784668,59.790000915527344,60.88999938964844,44195600
2010-06-28,37.82965850830078,60.619998931884766,60.939998626708984,59.56999969482422,60.0,14115500
2010-06-29,37.642459869384766,60.31999969482422,60.540000915527344,59.75,60.33000183105469,17814300
2010-06-30,37.43028259277344,59.97999954223633,60.540000915527344,59.709999084472656,60.130001068115234,17273600
2010-07-01,37.15570068359375,59.540000915527344,60.290000915527344,59.36000061035156,59.84000015258789,19338700
2010-07-02,37.05585479736328,59.380001068115234,59.88999938964844,59.209999084472656,59.630001068115234,12101900
2010-07-06,37.03089904785156,59.34000015258789,59.93000030517578,58.91999816894531,59.880001068115234,13959000
2010-07-07,37.954490661621094,60.81999969482422,60.90999984741211,59.130001068115234,59.5,15470000
2010-07-08,38.65966033935547,61.95000076293945,61.970001220703125,60.779998779296875,60.84000015258789,14770600
2010-07-09,38.53483581542969,61.75,61.939998626708984,61.36000061035156,61.939998626708984,9626800
2010-07-12,38.747032165527344,62.09000015258789,62.15999984741211,61.34000015258789,61.540000915527344,8324500
2010-07-13,38.93421936035156,62.38999938964844,62.849998474121094,62.16999816894531,62.29999923706055,10497300
2010-07-14,39.102725982666016,62.65999984741211,62.790000915527344,62.0,62.209999084472656,13797100
2010-07-15,39.14641571044922,62.72999954223633,62.88999938964844,62.349998474121094,62.619998931884766,10267200
2010-07-16,38.68462371826172,61.9900016784668,62.66999816894531,61.630001068115234,62.45000076293945,14142400
2010-07-19,38.603485107421875,61.86000061035156,62.290000915527344,61.709999084472656,61.9900016784668,9643600
2010-07-20,38.73453903198242,62.06999969482422,62.119998931884766,61.209999084472656,61.630001068115234,10930100
2010-07-21,38.43389892578125,61.11000061035156,61.81999969482422,60.86000061035156,61.720001220703125,14913600
2010-07-22,38.597415924072266,61.369998931884766,61.91999816894531,61.0099983215332,61.060001373291016,13007300
2010-07-23,38.93705368041992,61.90999984741211,61.959999084472656,61.209999084472656,61.400001525878906,8461600
2010-07-26,39.32070541381836,62.52000045776367,62.58000183105469,61.65999984741211,61.65999984741211,7807300
2010-07-27,39.67291259765625,63.08000183105469,63.36000061035156,62.349998474121094,62.720001220703125,12532500
2010-07-28,39.433902740478516,62.70000076293945,63.130001068115234,62.560001373291016,62.880001068115234,7844500
2010-07-29,38.786094665527344,61.66999816894531,62.380001068115234,61.220001220703125,62.20000076293945,15776400
2010-07-30,38.465354919433594,61.15999984741211,61.529998779296875,60.81999969482422,61.15999984741211,11931700
2010-08-02,39.031402587890625,62.060001373291016,62.09000015258789,61.5099983215332,61.95000076293945,11167800
2010-08-03,37.69805908203125,59.939998626708984,60.20000076293945,59.54999923706055,59.86000061035156,24449800
2010-08-04,37.45278549194336,59.54999923706055,60.56999969482422,59.54999923706055,60.06999969482422,19654100
2010-08-05,37.64774703979492,59.86000061035156,60.20000076293945,59.400001525878906,59.54999923706055,12620400
2010-08-06,37.748374938964844,60.02000045776367,60.040000915527344,59.16999816894531,59.5,12649700
2010-08-09,37.97480010986328,60.380001068115234,60.83000183105469,59.86000061035156,60.38999938964844,11104800
2010-08-10,38.22636032104492,60.779998779296875,61.34000015258789,60.08000183105469,60.099998474121094,13450200
2010-08-11,37.905601501464844,60.27000045776367,60.63999938964844,60.0,60.18000030517578,12946800
2010-08-12,37.72951126098633,59.9900016784668,60.47999954223633,59.380001068115234,59.9900016784668,11580500
2010-08-13,37.62259292602539,59.81999969482422,60.599998474121094,59.689998626708984,59.7400016784668,8805300
2010-08-16,37.59113693237305,59.77000045776367,60.20000076293945,59.31999969482422,59.630001068115234,13138100
2010-08-17,37.918182373046875,60.290000915527344,60.91999816894531,59.93000030517578,60.310001373291016,10878200
2010-08-18,38.207489013671875,60.75,61.060001373291016,60.040000915527344,60.15999984741211,10739300
2010-08-19,37.85529708862305,60.189998626708984,60.630001068115234,59.849998474121094,60.54999923706055,9822700
2010-08-20,37.72322463989258,59.97999954223633,60.16999816894531,59.66999816894531,59.939998626708984,12107000
2010-08-23,37.75465774536133,60.029998779296875,60.38999938964844,59.86000061035156,60.0099983215332,8468500
2010-08-24,37.52195739746094,59.65999984741211,60.02000045776367,59.58000183105469,59.70000076293945,13728400
2010-08-25,37.52825164794922,59.66999816894531,59.900001525878906,59.400001525878906,59.790000915527344,10394900
2010-08-26,37.446495056152344,59.540000915527344,59.90999984741211,59.400001525878906,59.90999984741211,10264400
2010-08-27,37.610023498535156,59.79999923706055,59.91999816894531,59.25,59.709999084472656,10317400
2010-08-30,37.3395881652832,59.369998931884766,59.90999984741211,59.34000015258789,59.709999084472656,7462000
2010-08-31,37.52825164794922,59.66999816894531,59.75,59.25,59.310001373291016,12590100
2010-09-01,37.610023498535156,59.79999923706055,60.04999923706055,59.529998779296875,59.900001525878906,14748800
2010-09-02,37.77981185913086,60.06999969482422,60.29999923706055,59.709999084472656,59.7400016784668,10257800
2010-09-03,37.918182373046875,60.290000915527344,60.5,59.83000183105469,60.2599983215332,8970100
2010-09-07,37.823848724365234,60.13999938964844,60.45000076293945,59.91999816894531,60.0099983215332,7420600
2010-09-08,37.96848678588867,60.369998931884766,60.5,60.150001525878906,60.150001525878906,7719500
2010-09-09,37.918182373046875,60.290000915527344,60.689998626708984,60.209999084472656,60.66999816894531,7937500
2010-09-10,37.98735809326172,60.400001525878906,60.630001068115234,60.279998779296875,60.5099983215332,7379100
2010-09-13,38.03770065307617,60.47999954223633,60.7400016784668,60.220001220703125,60.650001525878906,9808100
2010-09-14,38.138309478759766,60.63999938964844,60.939998626708984,60.31999969482422,60.38999938964844,11011300
2010-09-15,38.43389892578125,61.11000061035156,61.40999984741211,60.529998779296875,60.560001373291016,9189700
2010-09-16,38.43389892578125,61.11000061035156,61.11000061035156,60.65999984741211,60.869998931884766,7647900
2010-09-17,38.34587478637695,60.970001220703125,61.470001220703125,60.810001373291016,61.310001373291016,17798000
2010-09-20,38.63517761230469,61.43000030517578,61.59000015258789,60.90999984741211,61.0099983215332,9053600
2010-09-21,38.6917610168457,61.52000045776367,61.86000061035156,61.22999954223633,61.45000076293945,11303600
2010-09-22,38.86157989501953,61.790000915527344,62.0,61.41999816894531,61.529998779296875,9646300
2010-09-23,38.50309371948242,61.220001220703125,61.58000183105469,61.150001525878906,61.41999816894531,10107400
2010-09-24,38.76723861694336,61.63999938964844,61.810001373291016,61.36000061035156,61.5,10602800
2010-09-27,38.389892578125,61.040000915527344,61.70000076293945,61.02000045776367,61.45000076293945,10284100
2010-09-28,38.12571716308594,60.619998931884766,61.130001068115234,60.349998474121094,61.0099983215332,11367300
2010-09-29,37.89302062988281,60.25,60.619998931884766,60.029998779296875,60.459999084472656,9709400
2010-09-30,37.71692657470703,59.970001220703125,60.650001525878906,59.84000015258789,60.31999969482422,13101700
2010-10-01,37.83641815185547,60.15999984741211,60.369998931884766,59.95000076293945,60.09000015258789,10253300
2010-10-04,37.710636138916016,59.959999084472656,60.349998474121094,59.68000030517578,60.0099983215332,11620700
2010-10-05,38.251522064208984,60.81999969482422,60.90999984741211,59.9900016784668,60.2599983215332,11412700
2010-10-06,38.282958984375,60.869998931884766,60.9900016784668,60.29999923706055,60.75,7229800
2010-10-07,38.23893737792969,60.79999923706055,61.13999938964844,60.75,60.9900016784668,23255800
2010-10-08,38.905616760253906,61.86000061035156,62.0,60.900001525878906,61.0,30692500
2010-10-11,39.08172607421875,62.13999938964844,62.209999084472656,61.86000061035156,61.91999816894531,7425200
2010-10-12,39.0062370300293,62.02000045776367,62.18000030517578,61.560001373291016,62.0099983215332,24975000
2010-10-13,39.389888763427734,62.630001068115234,62.93000030517578,62.08000183105469,62.22999954223633,9906000
2010-10-14,39.49679946899414,62.79999923706055,62.84000015258789,62.52000045776367,62.66999816894531,8771400
2010-10-15,39.471656799316406,62.7599983215332,63.0,62.54999923706055,62.970001220703125,9943500
2010-10-18,39.84272003173828,63.349998474121094,63.52000045776367,62.63999938964844,62.880001068115234,11449200
2010-10-19,39.73579025268555,63.18000030517578,63.560001373291016,62.900001525878906,62.97999954223633,12109100
2010-10-20,40.16167068481445,63.369998931884766,63.619998931884766,62.77000045776367,62.880001068115234,10344900
2010-10-21,40.250423431396484,63.5099983215332,63.97999954223633,62.599998474121094,63.59000015258789,9612900
2010-10-22,40.180686950683594,63.400001525878906,63.70000076293945,63.130001068115234,63.529998779296875,5933400
2010-10-25,40.26942825317383,63.540000915527344,63.810001373291016,63.47999954223633,63.72999954223633,8928400
2010-10-26,39.83845138549805,62.86000061035156,63.439998626708984,62.52000045776367,63.119998931884766,12935900
2010-10-27,39.97789764404297,63.08000183105469,63.349998474121094,62.72999954223633,63.33000183105469,13348100
2010-10-28,40.04759979248047,63.189998626708984,63.560001373291016,63.060001373291016,63.130001068115234,9231200
2010-10-29,40.28843688964844,63.56999969482422,63.849998474121094,63.189998626708984,63.22999954223633,11368300
2010-11-01,40.320133209228516,63.619998931884766,64.13999938964844,63.400001525878906,63.880001068115234,11926700
2010-11-02,40.57361602783203,64.0199966430664,64.27999877929688,63.849998474121094,63.869998931884766,8129000
2010-11-03,40.75741195678711,64.30999755859375,64.36000061035156,63.83000183105469,64.0,8621300
2010-11-04,41.19472885131836,65.0,65.0,64.38999938964844,64.52999877929688,11807500
2010-11-05,41.19472885131836,65.0,65.0,64.62000274658203,64.91000366210938,9747000
2010-11-08,41.03628921508789,64.75,64.91999816894531,64.56999969482422,64.87000274658203,7203100
2010-11-09,41.07430648803711,64.80999755859375,64.94000244140625,64.61000061035156,64.77999877929688,8461200
2010-11-10,40.922203063964844,64.56999969482422,64.80000305175781,64.36000061035156,64.66999816894531,8151400
2010-11-11,40.78911590576172,64.36000061035156,64.58000183105469,64.05999755859375,64.31999969482422,7003900
2010-11-12,40.77009582519531,64.33000183105469,64.5199966430664,64.0199966430664,64.26000213623047,9280400
2010-11-15,40.7447509765625,64.29000091552734,64.91000366210938,64.13999938964844,64.55000305175781,10861200
2010-11-16,40.2123908996582,63.45000076293945,64.37000274658203,63.099998474121094,64.36000061035156,14384500
2010-11-17,40.098323822021484,63.27000045776367,63.5,63.13999938964844,63.38999938964844,7938500
2010-11-18,40.57361602783203,64.0199966430664,64.2699966430664,63.5099983215332,63.59000015258789,11296700
2010-11-19,40.59264373779297,64.05000305175781,64.23999786376953,63.61000061035156,64.2300033569336,9495800
2010-11-22,40.282100677490234,63.560001373291016,63.790000915527344,63.029998779296875,63.58000183105469,9139700
2010-11-23,39.68001937866211,62.61000061035156,63.130001068115234,62.31999969482422,63.06999969482422,10488100
2010-11-24,39.67368698120117,62.599998474121094,62.970001220703125,62.400001525878906,62.959999084472656,8766300
2010-11-26,39.375831604003906,62.130001068115234,62.5,62.029998779296875,62.279998779296875,3916500
2010-11-29,39.375831604003906,62.130001068115234,62.2400016784668,61.66999816894531,62.04999923706055,8433700
2010-11-30,38.70403289794922,61.06999969482422,61.65999984741211,61.02000045776367,61.5099983215332,17675200
2010-12-01,39.38848876953125,62.150001525878906,62.34000015258789,61.5,61.56999969482422,11598600
2010-12-02,39.521583557128906,62.36000061035156,62.4900016784668,61.959999084472656,62.150001525878906,7866500
2010-12-03,39.502567291259766,62.33000183105469,62.5,61.970001220703125,62.45000076293945,8971900
2010-12-06,39.33146286010742,62.060001373291016,62.33000183105469,62.04999923706055,62.25,5849500
2010-12-07,39.38848876953125,62.150001525878906,62.630001068115234,62.0099983215332,62.189998626708984,9882400
2010-12-08,39.69270324707031,62.630001068115234,62.68000030517578,62.279998779296875,62.279998779296875,8344500
2010-12-09,39.84480285644531,62.869998931884766,62.970001220703125,62.529998779296875,62.65999984741211,8541200
2010-12-10,40.05393981933594,63.20000076293945,63.790000915527344,63.060001373291016,63.29999923706055,11510100
2010-12-13,40.04759979248047,63.189998626708984,63.52000045776367,63.150001525878906,63.310001373291016,8783600
2010-12-14,40.27576446533203,63.54999923706055,63.70000076293945,63.20000076293945,63.33000183105469,8626100
2010-12-15,40.332794189453125,63.63999938964844,63.90999984741211,63.560001373291016,63.61000061035156,11074500
2010-12-16,40.877838134765625,64.5,64.75,63.150001525878906,63.86000061035156,14337400
2010-12-17,41.07430648803711,64.80999755859375,65.04000091552734,64.29000091552734,64.54000091552734,23534700
2010-12-20,41.175697326660156,64.97000122070312,65.30999755859375,64.66999816894531,64.86000061035156,10616100
2010-12-21,41.11233139038086,64.87000274658203,65.37999725341797,64.63999938964844,65.22000122070312,8193900
2010-12-22,41.16301727294922,64.94999694824219,64.97000122070312,64.2699966430664,64.27999877929688,7083400
2010-12-23,41.34682846069336,65.23999786376953,65.29000091552734,64.76000213623047,64.76000213623047,5950800
2010-12-27,40.98558044433594,64.66999816894531,65.11000061035156,64.37000274658203,65.04000091552734,7195800
2010-12-28,41.04261779785156,64.76000213623047,64.83000183105469,64.4000015258789,64.80000305175781,4648400
2010-12-29,40.81446075439453,64.4000015258789,64.80000305175781,64.3499984741211,64.72000122070312,4916400
2010-12-30,40.73839569091797,64.27999877929688,64.48999786376953,64.05999755859375,64.4800033569336,3819900
2010-12-31,40.77009582519531,64.33000183105469,64.44999694824219,64.01000213623047,64.08000183105469,5245600
2011-01-03,41.04893493652344,64.7699966430664,64.88999938964844,64.0,64.38999938964844,10004000
2011-01-04,41.16301727294922,64.94999694824219,64.95999908447266,64.3499984741211,64.41000366210938,11333200
2011-01-05,41.06796646118164,64.80000305175781,65.08999633789062,64.63999938964844,64.66999816894531,7459600
2011-01-06,40.998252868652344,64.69000244140625,64.77999877929688,64.30999755859375,64.69000244140625,11585100
2011-01-07,40.877838134765625,64.5,64.87000274658203,64.16999816894531,64.62999725341797,11940000
2011-01-10,40.78911590576172,64.36000061035156,64.52999877929688,64.1500015258789,64.4000015258789,12253700
2011-01-11,40.58632278442383,64.04000091552734,64.5999984741211,63.7400016784668,64.5,9624200
2011-01-12,41.175697326660156,64.97000122070312,65.0,63.400001525878906,64.41000366210938,10150600
2011-01-13,41.49892807006836,65.4800033569336,65.5,64.91000366210938,64.91999816894531,9899100
2011-01-14,41.53061294555664,65.52999877929688,65.66000366210938,65.2699966430664,65.3499984741211,10947000
2011-01-18,41.511592864990234,65.5,65.94000244140625,65.44000244140625,65.6500015258789,12395900
2011-01-19,41.72357940673828,65.3499984741211,65.66999816894531,65.05000305175781,65.11000061035156,11763500
2011-01-20,42.01088333129883,65.80000305175781,65.9000015258789,65.3499984741211,65.44000244140625,12492800
2011-01-21,42.08112335205078,65.91000366210938,65.94999694824219,65.5199966430664,65.9000015258789,9554100
2011-01-24,42.50889587402344,66.58000183105469,66.69999694824219,65.79000091552734,65.9000015258789,10568200
2011-01-25,42.58549880981445,66.69999694824219,66.94999694824219,66.47000122070312,66.56999969482422,11064100
2011-01-26,42.20881271362305,66.11000061035156,66.91999816894531,66.06999969482422,66.88999938964844,9499500
2011-01-27,40.9765739440918,64.18000030517578,64.5,63.13999938964844,64.36000061035156,23967100
2011-01-28,40.98933792114258,64.19999694824219,64.33999633789062,63.84000015258789,63.900001525878906,14927400
2011-01-31,40.30618667602539,63.130001068115234,64.36000061035156,63.0099983215332,64.3499984741211,12568400
2011-02-01,40.172122955322266,62.91999816894531,63.61000061035156,62.720001220703125,63.43000030517578,14623900
2011-02-02,40.089115142822266,62.790000915527344,62.95000076293945,62.29999923706055,62.7599983215332,11626100
2011-02-03,40.159339904785156,62.900001525878906,63.130001068115234,62.650001525878906,62.65999984741211,8546700
2011-02-04,40.61264419555664,63.61000061035156,63.709999084472656,62.77000045776367,62.83000183105469,9827300
2011-02-07,41.212799072265625,64.55000305175781,64.80000305175781,63.79999923706055,63.95000076293945,12847100
2011-02-08,41.270263671875,64.63999938964844,64.75,64.30000305175781,64.38999938964844,8193700
2011-02-09,41.11064910888672,64.38999938964844,64.87999725341797,64.08000183105469,64.63999938964844,11019900
2011-02-10,41.231937408447266,64.58000183105469,64.79000091552734,64.08000183105469,64.62999725341797,10977000
2011-02-11,41.32771682739258,64.7300033569336,64.97000122070312,64.08000183105469,64.08000183105469,8951600
2011-02-14,41.206424713134766,64.54000091552734,64.87000274658203,64.3499984741211,64.80999755859375,7093800
2011-02-15,40.81058120727539,63.91999816894531,64.69999694824219,63.66999816894531,64.69999694824219,11785000
2011-02-16,40.708412170410156,63.7599983215332,64.11000061035156,63.70000076293945,64.0999984741211,9851200
2011-02-17,40.86164093017578,64.0,64.20999908447266,63.45000076293945,63.58000183105469,7364600
2011-02-18,41.053184509277344,64.30000305175781,64.37999725341797,63.93000030517578,64.13999938964844,9093700
2011-02-22,40.90633010864258,64.06999969482422,64.37000274658203,63.619998931884766,63.72999954223633,9437500
2011-02-23,40.957420349121094,64.1500015258789,64.4000015258789,63.900001525878906,64.01000213623047,11711100
2011-02-24,40.255088806152344,63.04999923706055,64.38999938964844,62.83000183105469,64.31999969482422,15218000
2011-02-25,40.12104034423828,62.84000015258789,63.11000061035156,62.529998779296875,62.959999084472656,11370400
2011-02-28,40.255088806152344,63.04999923706055,63.2400016784668,62.619998931884766,62.79999923706055,11558200
2011-03-01,40.05717849731445,62.7400016784668,63.650001525878906,62.650001525878906,63.43000030517578,12134200
2011-03-02,39.846492767333984,62.40999984741211,62.84000015258789,62.31999969482422,62.599998474121094,10020700
2011-03-03,39.93587112426758,62.54999923706055,62.95000076293945,62.11000061035156,62.70000076293945,14193800
2011-03-04,39.603858947753906,62.029998779296875,62.72999954223633,61.560001373291016,62.5099983215332,11875900
2011-03-07,39.399574279785156,61.709999084472656,62.130001068115234,61.470001220703125,62.0,11300700
2011-03-08,39.61664962768555,62.04999923706055,62.25,61.72999954223633,61.75,10944000
2011-03-09,39.584712982177734,62.0,62.29999923706055,61.75,62.09000015258789,8781500
2011-03-10,39.25910949707031,61.4900016784668,61.91999816894531,61.209999084472656,61.720001220703125,12106800
2011-03-11,39.25910949707031,61.4900016784668,61.70000076293945,61.119998931884766,61.20000076293945,9586700
2011-03-14,39.16971969604492,61.349998474121094,61.38999938964844,60.790000915527344,61.040000915527344,9135600
2011-03-15,38.729183197021484,60.65999984741211,60.86000061035156,60.310001373291016,60.619998931884766,13092400
2011-03-16,38.135406494140625,59.72999954223633,60.5099983215332,59.70000076293945,60.47999954223633,16378600
2011-03-17,38.58233642578125,60.43000030517578,60.70000076293945,60.0,60.70000076293945,10646900
2011-03-18,38.69086837768555,60.599998474121094,61.06999969482422,60.119998931884766,60.91999816894531,17016800
2011-03-21,39.13779830932617,61.29999923706055,61.52000045776367,60.79999923706055,60.959999084472656,9602500
2011-03-22,38.901573181152344,60.93000030517578,61.41999816894531,60.880001068115234,61.04999923706055,7772900
2011-03-23,38.88880920410156,60.90999984741211,61.09000015258789,60.540000915527344,60.84000015258789,7998200
2011-03-24,39.035640716552734,61.13999938964844,61.279998779296875,60.75,61.22999954223633,8197900
2011-03-25,38.86963653564453,60.880001068115234,61.380001068115234,60.709999084472656,61.18000030517578,7757900
2011-03-28,38.729183197021484,60.65999984741211,61.34000015258789,60.61000061035156,61.08000183105469,8381500
2011-03-29,39.12502670288086,61.279998779296875,61.41999816894531,60.61000061035156,60.61000061035156,7684300
2011-03-30,39.56557083129883,61.970001220703125,61.970001220703125,61.380001068115234,61.459999084472656,7552100
2011-03-31,39.329345703125,61.599998474121094,62.0,61.59000015258789,61.7599983215332,11569500
2011-04-01,39.63581085205078,62.08000183105469,62.29999923706055,61.7400016784668,61.880001068115234,8243700
2011-04-04,39.7507209777832,62.2599983215332,62.33000183105469,61.93000030517578,62.16999816894531,6438000
2011-04-05,39.3740234375,61.66999816894531,62.2599983215332,61.599998474121094,62.02000045776367,9105800
2011-04-06,39.431495666503906,61.7599983215332,61.939998626708984,61.540000915527344,61.880001068115234,8249600
2011-04-07,39.66773223876953,62.130001068115234,62.150001525878906,61.470001220703125,61.619998931884766,7692800
2011-04-08,39.52088928222656,61.900001525878906,62.22999954223633,61.630001068115234,62.20000076293945,7271400
2011-04-11,39.70602035522461,62.189998626708984,62.5,61.900001525878906,62.02000045776367,7649500
2011-04-12,40.152950286865234,62.88999938964844,62.9900016784668,62.0,62.029998779296875,11415700
2011-04-13,40.216796875,62.9900016784668,63.06999969482422,62.720001220703125,62.84000015258789,10414900
2011-04-14,40.41472625732422,63.29999923706055,63.4900016784668,62.7599983215332,62.7599983215332,10027100
2011-04-15,40.9765739440918,64.18000030517578,64.20999908447266,63.09000015258789,63.459999084472656,12378300
2011-04-18,40.86164093017578,64.0,64.1500015258789,63.560001373291016,63.66999816894531,11323800
2011-04-19,40.772274017333984,63.86000061035156,64.31999969482422,63.560001373291016,64.22000122070312,9284200
2011-04-20,40.68286895751953,63.720001220703125,64.33999633789062,63.560001373291016,64.26000213623047,8844700
2011-04-21,40.39558792114258,63.27000045776367,63.75,63.0,63.61000061035156,10600800
2011-04-25,40.45941162109375,63.369998931884766,63.38999938964844,62.599998474121094,63.08000183105469,7369600
2011-04-26,40.75310516357422,63.83000183105469,64.0,63.279998779296875,63.45000076293945,9500000
2011-04-27,41.213401794433594,64.0199966430664,64.16000366210938,63.560001373291016,63.63999938964844,9896600
2011-04-28,41.52239990234375,64.5,64.58999633789062,62.93000030517578,63.2400016784668,13366000
2011-04-29,41.77989959716797,64.9000015258789,65.0999984741211,64.41000366210938,64.58000183105469,13357700
2011-05-02,41.96015167236328,65.18000030517578,65.44999694824219,65.0,65.23999786376953,8909000
2011-05-03,42.30134582519531,65.70999908447266,65.79000091552734,65.16000366210938,65.26000213623047,9924100
2011-05-04,42.79058837890625,66.47000122070312,66.5,65.58000183105469,65.69999694824219,14236900
2011-05-05,42.41078567504883,65.87999725341797,66.38999938964844,65.62999725341797,66.08000183105469,10812500
2011-05-06,42.018096923828125,65.2699966430664,66.33999633789062,65.04000091552734,66.20999908447266,11125800
2011-05-09,41.93441390991211,65.13999938964844,65.38999938964844,64.86000061035156,64.93000030517578,8698800
2011-05-10,42.314231872558594,65.7300033569336,65.88999938964844,65.25,65.29000091552734,8076200
2011-05-11,42.4365348815918,65.91999816894531,66.12000274658203,65.6500015258789,65.79000091552734,9176300
2011-05-12,43.02880096435547,66.83999633789062,66.98999786376953,65.81999969482422,66.02999877929688,11100000
2011-05-13,43.04167938232422,66.86000061035156,67.30999755859375,66.55000305175781,66.66999816894531,12601200
2011-05-16,43.093170166015625,66.94000244140625,67.30000305175781,66.51000213623047,66.66000366210938,9880600
2011-05-17,43.40217590332031,67.41999816894531,67.72000122070312,66.63999938964844,66.63999938964844,12185600
2011-05-18,43.37642288208008,67.37999725341797,67.5,66.97000122070312,67.4000015258789,8870300
2011-05-19,43.427913665771484,67.45999908447266,67.45999908447266,66.9000015258789,67.29000091552734,7425400
2011-05-20,43.36353302001953,67.36000061035156,67.5999984741211,67.18000030517578,67.41999816894531,9361500
2011-05-23,43.16399002075195,67.05000305175781,67.2300033569336,66.70999908447266,66.87999725341797,9406300
2011-05-24,43.138240814208984,67.01000213623047,67.25,66.80000305175781,66.9800033569336,7105200
2011-05-25,42.732669830322266,66.37999725341797,66.83000183105469,65.9000015258789,66.5999984741211,11639200
2011-05-26,42.6103401184082,66.19000244140625,66.30000305175781,65.76000213623047,66.19000244140625,8946700
2011-05-27,42.616783142089844,66.19999694824219,66.72000122070312,66.01000213623047,66.04000091552734,7973400
2011-05-31,43.13178253173828,67.0,67.0,66.33000183105469,66.33000183105469,10603900
2011-06-01,42.745540618896484,66.4000015258789,66.98999786376953,66.33999633789062,66.95999908447266,9579500
2011-06-02,42.49448013305664,66.01000213623047,66.5,65.66000366210938,66.45999908447266,8540400
2011-06-03,42.12108612060547,65.43000030517578,65.81999969482422,65.25,65.55999755859375,8579100
2011-06-06,42.1661376953125,65.5,65.63999938964844,65.20999908447266,65.36000061035156,7668800
2011-06-07,41.88290786743164,65.05999755859375,65.54000091552734,65.01000213623047,65.45999908447266,8892500
2011-06-08,41.74771499633789,64.8499984741211,65.05000305175781,64.69000244140625,65.04000091552734,11292100
2011-06-09,41.85072326660156,65.01000213623047,65.44999694824219,64.86000061035156,65.02999877929688,10219500
2011-06-10,41.65114212036133,64.69999694824219,65.05000305175781,64.6500015258789,64.91999816894531,10509000
2011-06-13,41.696224212646484,64.7699966430664,65.18000030517578,64.51000213623047,64.6500015258789,8873100
2011-06-14,41.68976974487305,64.76000213623047,65.22000122070312,64.66000366210938,65.02999877929688,7240100
2011-06-15,41.04601287841797,63.7599983215332,64.5199966430664,63.33000183105469,64.51000213623047,11790300
2011-06-16,41.367889404296875,64.26000213623047,64.33000183105469,63.5,63.869998931884766,8894300
2011-06-17,41.64472579956055,64.69000244140625,65.12000274658203,64.52999877929688,64.6500015258789,10057200
2011-06-20,41.90222930908203,65.08999633789062,65.29000091552734,64.51000213623047,64.51000213623047,5911700
2011-06-21,41.34214782714844,64.22000122070312,65.23999786376953,64.16000366210938,65.23999786376953,11024200
2011-06-22,41.23912811279297,64.05999755859375,64.43000030517578,63.869998931884766,64.08000183105469,9107100
2011-06-23,40.8528938293457,63.459999084472656,63.72999954223633,62.79999923706055,63.72999954223633,11693900
2011-06-24,40.29283142089844,62.59000015258789,63.5,62.439998626708984,63.45000076293945,15278300
2011-06-27,40.440887451171875,62.81999969482422,63.25,62.630001068115234,62.7599983215332,6705500
2011-06-28,40.37651062011719,62.720001220703125,63.34000015258789,62.529998779296875,63.11000061035156,8551500
2011-06-29,40.267066955566406,62.54999923706055,62.900001525878906,62.36000061035156,62.869998931884766,11386200
2011-06-30,40.92371368408203,63.56999969482422,63.650001525878906,62.58000183105469,62.72999954223633,11807400
2011-07-01,41.37434387207031,64.2699966430664,64.44000244140625,63.34000015258789,63.470001220703125,9700500
2011-07-05,41.367889404296875,64.26000213623047,64.5,63.95000076293945,64.0999984741211,9224100
2011-07-06,41.65114212036133,64.69999694824219,64.94000244140625,64.33999633789062,64.52999877929688,9334700
2011-07-07,41.812068939208984,64.94999694824219,65.13999938964844,64.72000122070312,64.9800033569336,8973600
2011-07-08,41.79922103881836,64.93000030517578,65.11000061035156,64.52999877929688,65.04000091552734,9227800
2011-07-11,41.664031982421875,64.72000122070312,64.73999786376953,64.26000213623047,64.29000091552734,9206700
2011-07-12,41.54172897338867,64.52999877929688,65.05999755859375,64.38999938964844,64.4800033569336,11583700
2011-07-13,41.612525939941406,64.63999938964844,65.0199966430664,64.48999786376953,64.83999633789062,9154200
2011-07-14,41.5867805480957,64.5999984741211,64.80000305175781,64.36000061035156,64.55000305175781,13269400
2011-07-15,41.73484420776367,64.83000183105469,64.8499984741211,64.33000183105469,64.68000030517578,20588800
2011-07-18,41.554603576660156,64.55000305175781,64.79000091552734,64.27999877929688,64.69000244140625,13343700
2011-07-19,41.59322738647461,64.61000061035156,64.79000091552734,64.31999969482422,64.5999984741211,8393800
2011-07-20,41.6678581237793,64.19999694824219,64.44000244140625,64.04000091552734,64.26000213623047,13089600
2011-07-21,41.856075286865234,64.48999786376953,64.8499984741211,64.23999786376953,64.3499984741211,8564400
2011-07-22,41.7003059387207,64.25,64.73999786376953,64.13999938964844,64.45999908447266,6047200
2011-07-25,41.0902099609375,63.310001373291016,63.97999954223633,63.220001220703125,63.959999084472656,8801200
2011-07-26,40.94741439819336,63.09000015258789,63.70000076293945,63.08000183105469,63.470001220703125,8715200
2011-07-27,40.369789123535156,62.20000076293945,63.119998931884766,62.150001525878906,63.029998779296875,11165200
2011-07-28,40.18804168701172,61.91999816894531,62.43000030517578,61.849998474121094,62.15999984741211,7535600
2011-07-29,39.90898132324219,61.4900016784668,62.18000030517578,61.4900016784668,61.68000030517578,10380300
2011-08-01,39.87003707885742,61.43000030517578,62.310001373291016,61.0,62.15999984741211,10103800
2011-08-02,39.506561279296875,60.869998931884766,61.349998474121094,60.75,61.130001068115234,9609000
2011-08-03,39.41571807861328,60.72999954223633,60.9900016784668,60.4900016784668,60.7599983215332,13107900
2011-08-04,38.66931915283203,59.58000183105469,61.0,59.5,60.369998931884766,17790100
2011-08-05,39.32484817504883,60.59000015258789,61.400001525878906,59.31999969482422,61.060001373291016,23699300
2011-08-08,38.48109436035156,59.290000915527344,61.349998474121094,59.2400016784668,60.119998931884766,30994600
2011-08-09,39.08469772338867,60.220001220703125,60.900001525878906,57.560001373291016,60.52000045776367,31875700
2011-08-10,37.974849700927734,58.5099983215332,60.09000015258789,58.310001373291016,59.970001220703125,23417700
2011-08-11,39.233985900878906,60.45000076293945,61.09000015258789,58.61000061035156,58.720001220703125,18713900
2011-08-12,39.681800842285156,61.13999938964844,61.720001220703125,60.59000015258789,60.779998779296875,13520700
2011-08-15,40.16209030151367,61.880001068115234,61.959999084472656,61.060001373291016,61.869998931884766,12111500
2011-08-16,39.99333572387695,61.619998931884766,61.869998931884766,61.16999816894531,61.470001220703125,9420600
2011-08-17,40.02580261230469,61.66999816894531,62.119998931884766,61.25,61.779998779296875,7973100
2011-08-18,39.50008010864258,60.86000061035156,61.27000045776367,60.04999923706055,60.81999969482422,17846200
2011-08-19,39.56498336791992,60.959999084472656,61.5099983215332,60.22999954223633,60.5099983215332,16297700
2011-08-22,40.0517578125,61.709999084472656,61.90999984741211,61.45000076293945,61.7400016784668,12676600
2011-08-23,40.90200424194336,63.02000045776367,63.220001220703125,61.7599983215332,61.95000076293945,15222400
2011-08-24,41.0902099609375,63.310001373291016,63.380001068115234,62.380001068115234,62.720001220703125,8417200
2011-08-25,40.583984375,62.529998779296875,63.470001220703125,62.20000076293945,63.25,15063000
2011-08-26,40.609928131103516,62.56999969482422,62.650001525878906,61.16999816894531,62.2400016784668,10374200
2011-08-29,40.94741439819336,63.09000015258789,63.290000915527344,62.779998779296875,62.779998779296875,9147700
2011-08-30,41.213523864746094,63.5,63.88999938964844,62.88999938964844,63.09000015258789,9181100
2011-08-31,41.33034896850586,63.68000030517578,63.95000076293945,63.38999938964844,63.459999084472656,8972600
2011-09-01,41.05775833129883,63.2599983215332,64.25,63.189998626708984,63.619998931884766,8871400
2011-09-02,40.596954345703125,62.54999923706055,63.06999969482422,62.40999984741211,62.79999923706055,8817300
2011-09-06,40.486610412597656,62.380001068115234,62.54999923706055,61.099998474121094,61.18000030517578,11458200
2011-09-07,40.70729446411133,62.720001220703125,63.04999923706055,62.619998931884766,62.75,8874900
2011-09-08,40.830596923828125,62.90999984741211,63.83000183105469,62.38999938964844,62.59000015258789,11124300
2011-09-09,40.136146545410156,61.84000015258789,62.5099983215332,61.56999969482422,62.40999984741211,12286400
2011-09-12,40.129642486572266,61.83000183105469,61.91999816894531,61.0,61.25,9865500
2011-09-13,40.2010383605957,61.939998626708984,62.099998474121094,61.16999816894531,61.77000045776367,8329200
2011-09-14,40.460662841796875,62.34000015258789,62.95000076293945,61.529998779296875,62.119998931884766,11547700
2011-09-15,40.74623489379883,62.779998779296875,62.779998779296875,62.099998474121094,62.45000076293945,9161300
2011-09-16,41.75222396850586,64.33000183105469,64.69999694824219,63.0099983215332,63.220001220703125,24690100
2011-09-19,41.41471862792969,63.810001373291016,64.0999984741211,63.52000045776367,63.63999938964844,11022700
2011-09-20,41.58995819091797,64.08000183105469,64.68000030517578,63.47999954223633,63.849998474121094,8215800
2011-09-21,40.90200424194336,63.02000045776367,64.45999908447266,62.959999084472656,64.37000274658203,9649100
2011-09-22,39.701271057128906,61.16999816894531,61.90999984741211,60.29999923706055,61.58000183105469,17381200
2011-09-23,39.75320053100586,61.25,61.27000045776367,60.400001525878906,60.939998626708984,9122500
2011-09-26,40.5904426574707,62.540000915527344,62.790000915527344,61.630001068115234,61.66999816894531,13364100
2011-09-27,41.05775833129883,63.2599983215332,63.97999954223633,62.7599983215332,63.08000183105469,10732400
2011-09-28,40.713768005371094,62.72999954223633,63.880001068115234,62.56999969482422,63.36000061035156,9031800
2011-09-29,41.34333801269531,63.70000076293945,64.05000305175781,62.9900016784668,63.540000915527344,9798600
2011-09-30,41.005836486816406,63.18000030517578,64.4000015258789,63.16999816894531,63.400001525878906,11358100
2011-10-03,40.785179138183594,62.84000015258789,64.22000122070312,62.75,63.689998626708984,12323800
2011-10-04,41.1291618347168,63.369998931884766,63.4900016784668,61.779998779296875,62.29999923706055,12800000
2011-10-05,41.10968017578125,63.34000015258789,63.63999938964844,62.790000915527344,63.25,12023100
2011-10-06,41.28493118286133,63.61000061035156,63.65999984741211,62.630001068115234,63.060001373291016,8691600
2011-10-07,41.4796257019043,63.90999984741211,64.4000015258789,63.650001525878906,63.970001220703125,8902000
2011-10-10,42.057281494140625,64.80000305175781,64.81999969482422,64.12999725341797,64.37000274658203,6663600
2011-10-11,41.90798568725586,64.56999969482422,64.83999633789062,64.23999786376953,64.23999786376953,5705600
2011-10-12,42.11567306518555,64.88999938964844,65.33999633789062,64.54000091552734,64.72000122070312,10206200
2011-10-13,41.95991516113281,64.6500015258789,64.80000305175781,63.970001220703125,64.51000213623047,7305200
2011-10-14,42.11567306518555,64.88999938964844,65.16999816894531,64.37000274658203,65.0,7485100
2011-10-17,41.706783294677734,64.26000213623047,65.44999694824219,64.05999755859375,64.83999633789062,7165000
2011-10-18,42.135162353515625,64.91999816894531,65.58999633789062,64.0999984741211,64.16000366210938,11796600
2011-10-19,42.367435455322266,64.75,65.31999969482422,64.27999877929688,64.33000183105469,9099100
2011-10-20,42.589900970458984,65.08999633789062,65.27999877929688,64.47000122070312,64.9000015258789,7728400
2011-10-21,43.35546875,66.26000213623047,66.30000305175781,65.47000122070312,65.61000061035156,13026800
2011-10-24,42.77312088012695,65.37000274658203,65.88999938964844,65.01000213623047,65.75,9819000
2011-10-25,42.21040344238281,64.51000213623047,65.37000274658203,64.37000274658203,65.08999633789062,8919200
2011-10-26,42.498294830322266,64.94999694824219,65.01000213623047,64.18000030517578,64.9000015258789,9401200
2011-10-27,42.70114517211914,65.26000213623047,65.66999816894531,64.30999755859375,65.37000274658203,16764300
2011-10-28,42.35434341430664,64.7300033569336,65.02999877929688,64.31999969482422,64.83000183105469,10656200
2011-10-31,41.870155334472656,63.9900016784668,64.83000183105469,63.939998626708984,64.55000305175781,9438800
2011-11-01,41.032630920410156,62.709999084472656,63.599998474121094,62.5099983215332,63.369998931884766,13462600
2011-11-02,41.13077926635742,62.86000061035156,63.54999923706055,62.400001525878906,63.400001525878906,8783200
2011-11-03,41.35977554321289,63.209999084472656,63.52000045776367,62.88999938964844,63.310001373291016,8532600
2011-11-04,41.24199295043945,63.029998779296875,63.189998626708984,62.369998931884766,62.88999938964844,7758200
2011-11-07,41.52336883544922,63.459999084472656,63.56999969482422,62.689998626708984,63.029998779296875,6559500
2011-11-08,42.01408767700195,64.20999908447266,64.33999633789062,63.47999954223633,63.47999954223633,7422000
2011-11-09,41.03915786743164,62.720001220703125,63.83000183105469,62.560001373291016,63.79999923706055,9701300
2011-11-10,41.37940979003906,63.2400016784668,63.650001525878906,62.79999923706055,63.5099983215332,6143700
2011-11-11,41.804718017578125,63.88999938964844,64.13999938964844,63.58000183105469,63.75,5731100
2011-11-14,41.255088806152344,63.04999923706055,63.540000915527344,62.93000030517578,63.439998626708984,6832800
2011-11-15,41.58879852294922,63.560001373291016,63.900001525878906,63.099998474121094,63.380001068115234,7673800
2011-11-16,41.40559005737305,63.279998779296875,63.88999938964844,63.02000045776367,63.11000061035156,9228000
2011-11-17,41.1831169128418,62.939998626708984,63.650001525878906,62.540000915527344,63.150001525878906,8525500
2011-11-18,41.37940979003906,63.2400016784668,63.5,63.060001373291016,63.11000061035156,7624000
2011-11-21,40.345584869384766,61.65999984741211,62.970001220703125,61.45000076293945,62.540000915527344,13254400
2011-11-22,40.36520004272461,61.689998626708984,62.25,61.4900016784668,61.52000045776367,8321500
2011-11-23,39.95296859741211,61.060001373291016,61.5099983215332,61.0,61.310001373291016,7488200
2011-11-25,39.91371536254883,61.0,61.790000915527344,61.0,61.20000076293945,4734800
2011-11-28,40.72507858276367,62.2400016784668,62.459999084472656,61.56999969482422,61.650001525878906,7673200
2011-11-29,40.91484451293945,62.529998779296875,62.95000076293945,62.36000061035156,62.47999954223633,6442700
2011-11-30,42.24966049194336,64.56999969482422,64.58999633789062,63.189998626708984,63.22999954223633,15034500
2011-12-01,41.92904281616211,64.08000183105469,64.79000091552734,63.869998931884766,64.58000183105469,9387600
2011-12-02,42.30855178833008,64.66000366210938,64.86000061035156,64.2699966430664,64.68000030517578,9952600
2011-12-05,42.42633819580078,64.83999633789062,64.94000244140625,64.44999694824219,64.88999938964844,9820200
2011-12-06,42.42633819580078,64.83999633789062,65.0,64.48999786376953,64.6500015258789,8315400
2011-12-07,42.681514739990234,65.2300033569336,65.5,64.6500015258789,64.79000091552734,11144700
2011-12-08,42.18423080444336,64.47000122070312,65.0,64.30000305175781,64.87000274658203,8352600
2011-12-09,42.51137924194336,64.97000122070312,65.16999816894531,64.5999984741211,64.66000366210938,7647800
2011-12-12,42.079532623291016,64.30999755859375,64.91999816894531,63.939998626708984,64.58000183105469,8793500
2011-12-13,42.35434341430664,64.7300033569336,65.33000183105469,64.4000015258789,64.54000091552734,11126100
2011-12-14,42.1711540222168,64.44999694824219,64.94999694824219,64.31999969482422,64.47000122070312,10326700
2011-12-15,42.524478912353516,64.98999786376953,65.20999908447266,64.6500015258789,64.83000183105469,9654800
2011-12-16,42.622623443603516,65.13999938964844,65.62999725341797,64.81999969482422,65.43000030517578,18291900
2011-12-19,42.498294830322266,64.94999694824219,65.58999633789062,64.73999786376953,65.3499984741211,8172300
2011-12-20,43.04795837402344,65.79000091552734,65.91000366210938,65.20999908447266,65.23999786376953,9797100
2011-12-21,43.18533706665039,66.0,66.0,65.5,65.5,9479000
2011-12-22,43.309661865234375,66.19000244140625,66.23999786376953,65.79000091552734,65.83999633789062,7666300
2011-12-23,43.62372589111328,66.66999816894531,66.69000244140625,66.01000213623047,66.20999908447266,5209800
2011-12-27,43.7022590637207,66.79000091552734,66.94999694824219,66.06999969482422,66.12999725341797,5604700
2011-12-28,43.53867721557617,66.54000091552734,66.94999694824219,66.44999694824219,66.91000366210938,4152000
2011-12-29,43.82004928588867,66.97000122070312,66.9800033569336,66.6500015258789,66.7300033569336,4425900
2011-12-30,43.649906158447266,66.70999908447266,66.95999908447266,66.58999633789062,66.87999725341797,4062300
2012-01-03,43.72843551635742,66.83000183105469,67.0,66.2699966430664,66.30000305175781,11565900
2012-01-04,43.708805084228516,66.80000305175781,66.87999725341797,66.33999633789062,66.62999725341797,10595400
2012-01-05,43.52558898925781,66.5199966430664,66.6500015258789,66.25,66.44000244140625,10085300
2012-01-06,43.420902252197266,66.36000061035156,66.62999725341797,65.93000030517578,66.51000213623047,8421200
2012-01-09,43.60411834716797,66.63999938964844,66.75,66.22000122070312,66.25,7836100
2012-01-10,43.40126419067383,66.33000183105469,66.87000274658203,66.06999969482422,66.8499984741211,10318900
2012-01-11,42.97595977783203,65.68000030517578,66.30999755859375,65.47000122070312,66.0999984741211,14676800
2012-01-12,43.061012268066406,65.80999755859375,66.0,65.55999755859375,66.0,29758100
2012-01-13,43.061012268066406,65.80999755859375,65.83000183105469,65.37000274658203,65.55999755859375,33539100
2012-01-17,43.35546875,66.26000213623047,66.51000213623047,65.94999694824219,65.95999908447266,35728800
2012-01-18,43.550025939941406,66.02999877929688,66.12999725341797,65.81999969482422,65.9000015258789,10386800
2012-01-19,43.583003997802734,66.08000183105469,66.25,65.41999816894531,65.95999908447266,9346600
2012-01-20,43.68195724487305,66.2300033569336,66.25,65.44999694824219,65.62999725341797,12190100
2012-01-23,42.87070083618164,65.0,65.94000244140625,64.77999877929688,65.91000366210938,14828100
2012-01-24,42.540924072265625,64.5,64.75,64.04000091552734,64.63999938964844,9742400
2012-01-25,42.857505798339844,64.9800033569336,65.1500015258789,64.18000030517578,64.37999725341797,10913100
2012-01-26,42.738792419433594,64.80000305175781,65.37999725341797,64.7300033569336,65.0999984741211,11932100
2012-01-27,42.409019470214844,64.30000305175781,64.97000122070312,63.65999984741211,64.30999755859375,10979900
2012-01-30,41.69011688232422,63.209999084472656,63.79999923706055,63.029998779296875,63.79999923706055,12492000
2012-01-31,41.57797622680664,63.040000915527344,63.54999923706055,62.70000076293945,63.41999816894531,11358600
2012-02-01,41.69011688232422,63.209999084472656,63.70000076293945,63.189998626708984,63.41999816894531,12900500
2012-02-02,41.762657165527344,63.31999969482422,63.630001068115234,63.25,63.349998474121094,12613100
2012-02-03,41.3998908996582,62.77000045776367,63.86000061035156,62.560001373291016,63.36000061035156,17440500
2012-02-06,41.88797378540039,63.5099983215332,63.61000061035156,62.779998779296875,62.86000061035156,9851200
2012-02-07,42.013282775878906,63.70000076293945,63.90999984741211,63.369998931884766,63.560001373291016,8901600
2012-02-08,41.97370910644531,63.63999938964844,63.779998779296875,63.439998626708984,63.720001220703125,8174800
2012-02-09,42.237525939941406,64.04000091552734,64.0999984741211,63.529998779296875,63.84000015258789,9152000
2012-02-10,42.13199996948242,63.880001068115234,63.97999954223633,63.54999923706055,63.599998474121094,8295500
2012-02-13,42.36283493041992,64.2300033569336,64.37999725341797,64.05999755859375,64.1500015258789,6899400
2012-02-14,42.527732849121094,64.4800033569336,64.4800033569336,64.08999633789062,64.0999984741211,6997700
2012-02-15,42.57389831542969,64.55000305175781,64.94000244140625,64.37999725341797,64.81999969482422,11651700
2012-02-16,43.002601623535156,65.19999694824219,65.4000015258789,64.6500015258789,64.77999877929688,10823300
2012-02-17,42.81134033203125,64.91000366210938,65.54000091552734,64.9000015258789,65.48999786376953,10281600
2012-02-21,42.48813247680664,64.41999816894531,65.06999969482422,64.3499984741211,64.98999786376953,10037700
2012-02-22,42.50135040283203,64.44000244140625,64.70999908447266,64.16999816894531,64.23999786376953,7029500
2012-02-23,43.8072624206543,66.41999816894531,66.56999969482422,64.25,64.3499984741211,20163300
2012-02-24,43.99852752685547,66.70999908447266,66.94999694824219,66.5199966430664,66.73999786376953,17777100
2012-02-27,43.99192810058594,66.69999694824219,67.04000091552734,66.12999725341797,66.56999969482422,17903200
2012-02-28,44.447017669677734,67.38999938964844,67.48999786376953,66.54000091552734,66.58999633789062,13468100
2012-02-29,44.598724365234375,67.62000274658203,67.7699966430664,67.30999755859375,67.41000366210938,14742500
2012-03-01,43.96555709838867,66.66000366210938,67.69000244140625,66.45999908447266,67.44000244140625,11967000
2012-03-02,43.97214889526367,66.66999816894531,66.87999725341797,66.4000015258789,66.72000122070312,7022200
2012-03-05,44.15681838989258,66.94999694824219,66.97000122070312,66.45999908447266,66.61000061035156,6933400
2012-03-06,44.08427429199219,66.83999633789062,67.08999633789062,66.19999694824219,66.5,9827000
2012-03-07,43.912784576416016,66.58000183105469,67.06999969482422,66.41999816894531,66.81999969482422,7470800
2012-03-08,44.123844146728516,66.9000015258789,67.05999755859375,66.7699966430664,66.94999694824219,5811500
2012-03-09,44.143619537353516,66.93000030517578,67.05999755859375,66.5999984741211,67.05999755859375,5710200
2012-03-12,44.65806579589844,67.70999908447266,67.77999877929688,66.7300033569336,66.7699966430664,8825500
2012-03-13,44.783390045166016,67.9000015258789,67.9000015258789,67.56999969482422,67.8499984741211,9056700
2012-03-14,44.75041198730469,67.8499984741211,67.94999694824219,67.69000244140625,67.7300033569336,8056200
2012-03-15,44.63829040527344,67.68000030517578,67.79000091552734,67.5,67.69000244140625,8611500
2012-03-16,44.354679107666016,67.25,67.8499984741211,67.12999725341797,67.83000183105469,15713500
2012-03-19,44.32829666137695,67.20999908447266,67.4800033569336,66.95999908447266,67.02999877929688,7038900
2012-03-20,44.32829666137695,67.20999908447266,67.44999694824219,66.9000015258789,66.95999908447266,6139000
2012-03-21,44.32170867919922,67.19999694824219,67.36000061035156,66.86000061035156,67.20999908447266,6120400
2012-03-22,44.53276062011719,67.5199966430664,67.76000213623047,66.94999694824219,67.0,7321000
2012-03-23,44.47340774536133,67.43000030517578,67.54000091552734,67.2699966430664,67.51000213623047,6006400
2012-03-26,44.49319076538086,67.45999908447266,67.83000183105469,67.25,67.54000091552734,7818800
2012-03-27,44.28872299194336,67.1500015258789,67.7300033569336,66.95999908447266,67.51000213623047,7936900
2012-03-28,44.31511688232422,67.19000244140625,67.30999755859375,66.94999694824219,67.12000274658203,7534600
2012-03-29,44.19639587402344,67.01000213623047,67.1500015258789,66.76000213623047,66.9800033569336,6917400
2012-03-30,44.32829666137695,67.20999908447266,67.4800033569336,67.01000213623047,67.1500015258789,8670300
2012-04-02,44.55914306640625,67.55999755859375,67.91999816894531,67.4000015258789,67.43000030517578,8595200
2012-04-03,44.24913787841797,67.08999633789062,67.5999984741211,66.94000244140625,67.43000030517578,6954100
2012-04-04,44.361270904541016,67.26000213623047,67.55999755859375,66.70999908447266,66.70999908447266,8372200
2012-04-05,44.394248962402344,67.30999755859375,67.4800033569336,66.83000183105469,66.91999816894531,7696300
2012-04-09,44.06446075439453,66.80999755859375,67.12999725341797,66.70999908447266,66.72000122070312,6890400
2012-04-10,43.761085510253906,66.3499984741211,66.9000015258789,66.29000091552734,66.73999786376953,9436700
2012-04-11,43.82044982910156,66.44000244140625,66.91999816894531,66.31999969482422,66.73999786376953,7593800
2012-04-12,43.589599609375,66.08999633789062,66.37000274658203,65.94999694824219,66.16999816894531,27847200
2012-04-13,43.40493392944336,65.80999755859375,66.5,65.80000305175781,66.04000091552734,29792000
2012-04-16,44.0446891784668,66.77999877929688,67.0999984741211,65.87999725341797,66.01000213623047,32810100
2012-04-17,44.2029914855957,67.0199966430664,67.19999694824219,66.83000183105469,66.91000366210938,8894700
2012-04-18,44.02491760253906,66.75,67.19999694824219,66.7300033569336,66.93000030517578,6081800
2012-04-19,43.906192779541016,66.56999969482422,66.91000366210938,66.2300033569336,66.87999725341797,7721200
2012-04-20,44.526161193847656,67.51000213623047,67.61000061035156,66.58999633789062,66.70999908447266,11092600
2012-04-23,43.958953857421875,66.6500015258789,67.0,66.37999725341797,66.91000366210938,8420500
2012-04-24,44.18976974487305,67.0,67.0,66.55999755859375,66.83000183105469,6962300
2012-04-25,44.490440368652344,66.88999938964844,66.98999786376953,66.5,66.66999816894531,6994200
2012-04-26,44.477142333984375,66.87000274658203,67.13999938964844,66.62999725341797,66.63999938964844,8415000
2012-04-27,42.86086654663086,64.44000244140625,65.26000213623047,63.95000076293945,65.0999984741211,30719500
2012-04-30,42.328765869140625,63.63999938964844,64.16000366210938,63.290000915527344,63.58000183105469,19195000
2012-05-01,42.2822151184082,63.56999969482422,63.7400016784668,63.290000915527344,63.34000015258789,11899600
2012-05-02,42.55491256713867,63.97999954223633,64.11000061035156,63.400001525878906,63.65999984741211,9689200
2012-05-03,42.907413482666016,64.51000213623047,64.76000213623047,64.16000366210938,64.29000091552734,12079900
2012-05-04,42.75444793701172,64.27999877929688,64.75,64.23999786376953,64.52999877929688,12006500
2012-05-07,42.734500885009766,64.25,64.5,63.36000061035156,63.459999084472656,11124300
2012-05-08,42.67463684082031,64.16000366210938,64.44000244140625,64.11000061035156,64.12999725341797,11481800
2012-05-09,42.34872055053711,63.66999816894531,64.29000091552734,63.56999969482422,63.93000030517578,13842600
2012-05-10,42.66133499145508,64.13999938964844,64.33999633789062,63.83000183105469,64.0,8109500
2012-05-11,42.3553581237793,63.68000030517578,64.1500015258789,63.619998931884766,64.05999755859375,11318000
2012-05-14,42.28885269165039,63.58000183105469,63.7599983215332,63.29999923706055,63.5,9902700
2012-05-15,42.38197708129883,63.720001220703125,64.22000122070312,63.5,63.720001220703125,12824700
2012-05-16,42.7610969543457,64.29000091552734,64.80999755859375,64.0,64.33999633789062,12375000
2012-05-17,42.54159927368164,63.959999084472656,64.4000015258789,63.90999984741211,64.12000274658203,10261800
2012-05-18,42.248958587646484,63.52000045776367,64.25,63.400001525878906,64.19000244140625,11583100
2012-05-21,42.1624870300293,63.38999938964844,63.79999923706055,62.95000076293945,63.65999984741211,9553100
2012-05-22,42.00284957885742,63.150001525878906,63.54999923706055,62.97999954223633,63.43000030517578,7535500
2012-05-23,41.49736022949219,62.38999938964844,63.04999923706055,62.040000915527344,63.0,13765400
2012-05-24,41.6170768737793,62.56999969482422,62.97999954223633,62.22999954223633,62.4900016784668,9178100
2012-05-25,41.56386947631836,62.4900016784668,63.20000076293945,62.400001525878906,62.58000183105469,7377700
2012-05-29,41.869834899902344,62.95000076293945,63.029998779296875,62.619998931884766,62.63999938964844,7401000
2012-05-30,41.45079803466797,62.31999969482422,62.88999938964844,62.2400016784668,62.63999938964844,7493400
2012-05-31,41.430843353271484,62.290000915527344,62.619998931884766,61.97999954223633,62.599998474121094,9268400
2012-06-01,40.938655853271484,61.54999923706055,61.939998626708984,61.20000076293945,61.7599983215332,12728000
2012-06-04,40.8388786315918,61.400001525878906,61.70000076293945,61.099998474121094,61.689998626708984,7768200
2012-06-05,40.68589782714844,61.16999816894531,61.33000183105469,61.02000045776367,61.209999084472656,7855500
2012-06-06,41.10491943359375,61.79999923706055,61.88999938964844,61.15999984741211,61.27000045776367,9622000
2012-06-07,41.74346160888672,62.7599983215332,62.84000015258789,61.720001220703125,62.08000183105469,13904700
2012-06-08,41.7368049621582,62.75,63.189998626708984,62.56999969482422,63.040000915527344,7697800
2012-06-11,41.59712219238281,62.540000915527344,63.060001373291016,62.5,62.9900016784668,6345500
2012-06-12,41.74346160888672,62.7599983215332,62.77000045776367,62.209999084472656,62.5,7814500
2012-06-13,41.6170768737793,62.56999969482422,62.77000045776367,62.27000045776367,62.61000061035156,6838500
2012-06-14,42.02280807495117,63.18000030517578,63.43000030517578,62.70000076293945,62.7599983215332,8389100
2012-06-15,41.82326126098633,62.880001068115234,63.66999816894531,62.52000045776367,63.529998779296875,14126800
2012-06-18,41.430843353271484,62.290000915527344,62.75,61.790000915527344,62.560001373291016,10289300
2012-06-19,41.377628326416016,62.209999084472656,62.75,62.099998474121094,62.40999984741211,12844900
2012-06-20,40.16707992553711,60.38999938964844,60.88999938964844,59.7400016784668,60.88999938964844,39133900
2012-06-21,39.74142074584961,59.75,60.47999954223633,59.75,60.36000061035156,18876100
2012-06-22,39.79463195800781,59.83000183105469,60.29999923706055,59.7599983215332,59.77000045776367,14395600
2012-06-25,39.448753356933594,59.310001373291016,59.93000030517578,59.25,59.540000915527344,11745100
2012-06-26,39.42214584350586,59.27000045776367,59.58000183105469,59.06999969482422,59.45000076293945,8794100
2012-06-27,39.89439392089844,59.97999954223633,60.0,59.150001525878906,59.2400016784668,11454100
2012-06-28,40.1005859375,60.290000915527344,60.290000915527344,59.33000183105469,59.70000076293945,9207600
2012-06-29,40.73910903930664,61.25,61.27000045776367,60.540000915527344,60.650001525878906,13301800
2012-07-02,40.69919204711914,61.189998626708984,61.2599983215332,60.779998779296875,61.040000915527344,8914300
2012-07-03,40.81227111816406,61.36000061035156,61.400001525878906,60.81999969482422,61.130001068115234,4817400
2012-07-05,40.80562210083008,61.349998474121094,61.599998474121094,61.189998626708984,61.439998626708984,35413700
2012-07-06,40.759063720703125,61.279998779296875,61.38999938964844,60.86000061035156,61.220001220703125,36773400
2012-07-09,40.938655853271484,61.54999923706055,61.79999923706055,61.119998931884766,61.119998931884766,33492400
2012-07-10,41.058372497558594,61.72999954223633,61.900001525878906,61.4900016784668,61.709999084472656,8651900
2012-07-11,40.8388786315918,61.400001525878906,61.77000045776367,60.97999954223633,61.77000045776367,9975600
2012-07-12,42.36865997314453,63.70000076293945,64.2699966430664,62.70000076293945,62.84000015258789,37140900
2012-07-13,43.293209075927734,65.08999633789062,65.75,63.77000045776367,63.93000030517578,29170000
2012-07-16,43.10696792602539,64.80999755859375,65.0,64.23999786376953,64.62000274658203,10675900
2012-07-17,43.46613693237305,65.3499984741211,65.4000015258789,64.54000091552734,64.63999938964844,12565600
2012-07-18,43.48759841918945,64.81999969482422,65.13999938964844,64.3499984741211,64.83000183105469,13387400
2012-07-19,43.554683685302734,64.91999816894531,65.06999969482422,64.52999877929688,64.94999694824219,8077600
2012-07-20,43.42723083496094,64.7300033569336,64.91999816894531,64.4000015258789,64.5199966430664,10121500
2012-07-23,43.19911193847656,64.38999938964844,64.72000122070312,64.2300033569336,64.4000015258789,10711100
2012-07-24,42.950897216796875,64.0199966430664,64.56999969482422,63.720001220703125,64.4800033569336,8271700
2012-07-25,42.950897216796875,64.0199966430664,64.30999755859375,63.88999938964844,64.12000274658203,9424700
2012-07-26,43.31317901611328,64.55999755859375,65.0999984741211,64.44000244140625,64.58999633789062,10472200
2012-07-27,43.66875076293945,65.08999633789062,65.2699966430664,64.55999755859375,64.68000030517578,11141800
2012-07-30,43.67544937133789,65.0999984741211,65.29000091552734,64.5,64.88999938964844,8388600
2012-07-31,43.299747467041016,64.54000091552734,64.98999786376953,64.5,64.79000091552734,9327200
2012-08-01,42.94417190551758,64.01000213623047,64.97000122070312,63.900001525878906,64.87000274658203,7782900
2012-08-02,42.60872268676758,63.5099983215332,63.97999954223633,63.2400016784668,63.65999984741211,9462400
2012-08-03,43.94381332397461,65.5,65.9000015258789,64.69999694824219,64.70999908447266,15279100
2012-08-06,44.151790618896484,65.80999755859375,66.23999786376953,65.19999694824219,65.2300033569336,10034400
2012-08-07,44.42686462402344,66.22000122070312,66.44999694824219,65.91000366210938,65.91999816894531,10463300
2012-08-08,44.76232147216797,66.72000122070312,66.80000305175781,65.95999908447266,66.01000213623047,9673200
2012-08-09,44.76901626586914,66.7300033569336,66.93000030517578,66.4000015258789,66.58999633789062,9677800
2012-08-10,44.79582977294922,66.7699966430664,66.7699966430664,66.20999908447266,66.68000030517578,7293600
2012-08-13,44.601287841796875,66.4800033569336,66.75,66.3499984741211,66.55999755859375,6633900
2012-08-14,44.76901626586914,66.7300033569336,66.98999786376953,66.19000244140625,66.52999877929688,8887400
2012-08-15,44.7086296081543,66.63999938964844,66.91999816894531,66.55999755859375,66.86000061035156,9873600
2012-08-16,44.95014190673828,67.0,67.0,66.44999694824219,66.58000183105469,10165100
2012-08-17,44.95014190673828,67.0,67.30000305175781,66.62999725341797,66.87000274658203,9394300
2012-08-20,44.78244400024414,66.75,67.05000305175781,66.55000305175781,66.93000030517578,8938700
2012-08-21,44.79582977294922,66.7699966430664,67.13999938964844,66.68000030517578,66.76000213623047,9145400
2012-08-22,44.84952163696289,66.8499984741211,66.86000061035156,66.51000213623047,66.56999969482422,7749600
2012-08-23,44.7354736328125,66.68000030517578,66.83000183105469,66.58999633789062,66.80000305175781,8006500
2012-08-24,44.96358108520508,67.0199966430664,67.18000030517578,66.33000183105469,66.5999984741211,8580200
2012-08-27,45.02396774291992,67.11000061035156,67.37000274658203,66.86000061035156,66.93000030517578,6419600
2012-08-28,44.943443298339844,66.98999786376953,67.22000122070312,66.8499984741211,66.87000274658203,7605400
2012-08-29,44.862953186035156,66.87000274658203,67.18000030517578,66.80000305175781,66.97000122070312,6752200
2012-08-30,44.869659423828125,66.87999725341797,66.94000244140625,66.62000274658203,66.63999938964844,7285600
2012-08-31,45.077640533447266,67.19000244140625,67.44999694824219,66.88999938964844,67.13999938964844,10088600
2012-09-04,45.2185173034668,67.4000015258789,67.47000122070312,67.01000213623047,67.22000122070312,7628600
2012-09-05,45.14470672607422,67.29000091552734,67.54000091552734,67.20999908447266,67.20999908447266,7741100
2012-09-06,45.78207778930664,68.23999786376953,68.25,67.5999984741211,67.68000030517578,13200500
2012-09-07,45.969913482666016,68.5199966430664,68.5999984741211,67.9800033569336,68.16000366210938,12656300
2012-09-10,45.96321487426758,68.51000213623047,68.58000183105469,68.12000274658203,68.41000366210938,8920600
2012-09-11,45.79548263549805,68.26000213623047,68.6500015258789,68.08000183105469,68.43000030517578,8840900
2012-09-12,45.68815231323242,68.0999984741211,68.58999633789062,68.05000305175781,68.3499984741211,6896000
2012-09-13,46.2315788269043,68.91000366210938,68.9800033569336,67.88999938964844,67.88999938964844,10495400
2012-09-14,46.39930725097656,69.16000366210938,69.22000122070312,68.7699966430664,68.80999755859375,12269800
2012-09-17,46.45967483520508,69.25,69.25,68.86000061035156,68.87999725341797,11274600
2012-09-18,46.43955993652344,69.22000122070312,69.69000244140625,69.11000061035156,69.19000244140625,12833500
2012-09-19,46.46638488769531,69.26000213623047,69.58000183105469,69.0199966430664,69.0999984741211,8682900
2012-09-20,46.66765594482422,69.55999755859375,69.63999938964844,69.11000061035156,69.11000061035156,8652700
2012-09-21,46.57373809814453,69.41999816894531,69.83000183105469,69.37999725341797,69.69999694824219,20290300
2012-09-24,46.80183792114258,69.76000213623047,69.8499984741211,69.23999786376953,69.33999633789062,8361000
2012-09-25,46.68776321411133,69.58999633789062,69.97000122070312,69.54000091552734,69.69999694824219,10026700
2012-09-26,46.49322509765625,69.30000305175781,69.8499984741211,69.30000305175781,69.48999786376953,7698400
2012-09-27,46.49322509765625,69.30000305175781,69.55999755859375,69.05999755859375,69.41000366210938,6773100
2012-09-28,46.533470153808594,69.36000061035156,69.41999816894531,68.63999938964844,69.25,8955100
2012-10-01,46.59385681152344,69.44999694824219,69.7699966430664,69.0999984741211,69.33000183105469,8588600
2012-10-02,46.15107345581055,68.79000091552734,69.72000122070312,68.5199966430664,69.52999877929688,11241400
2012-10-03,46.406009674072266,69.16999816894531,69.54000091552734,68.7300033569336,69.0199966430664,8869500
2012-10-04,46.54689025878906,69.37999725341797,69.77999877929688,69.30999755859375,69.36000061035156,7792700
2012-10-05,46.71463394165039,69.62999725341797,69.8499984741211,69.41000366210938,69.77999877929688,6907800
2012-10-08,46.35903549194336,69.0999984741211,69.4800033569336,68.88999938964844,69.4800033569336,6577000
2012-10-09,46.090675354003906,68.69999694824219,69.27999877929688,68.5199966430664,68.91999816894531,8200100
2012-10-10,45.71498107910156,68.13999938964844,68.94000244140625,67.94999694824219,68.79000091552734,8937500
2012-10-11,45.62104797363281,68.0,68.38999938964844,67.81999969482422,68.33000183105469,6600700
2012-10-12,45.58080291748047,67.94000244140625,68.45999908447266,67.87000274658203,68.2300033569336,6537400
2012-10-15,46.097389221191406,68.70999908447266,68.88999938964844,67.97000122070312,68.2699966430664,8359300
2012-10-16,46.291961669921875,69.0,69.26000213623047,68.79000091552734,68.95999908447266,7702700
2012-10-17,46.99000930786133,69.47000122070312,69.63999938964844,68.51000213623047,68.55000305175781,11061000
2012-10-18,46.99000930786133,69.47000122070312,69.5,69.04000091552734,69.44999694824219,7358100
2012-10-19,46.38124084472656,68.56999969482422,69.48999786376953,68.44999694824219,69.36000061035156,10125600
2012-10-22,46.3338737487793,68.5,68.55000305175781,67.87000274658203,68.3499984741211,7516800
2012-10-23,45.61689758300781,67.44000244140625,68.12999725341797,67.26000213623047,67.9800033569336,8030800
2012-10-24,46.04979705810547,68.08000183105469,68.37000274658203,67.37000274658203,67.37000274658203,10209600
2012-10-25,47.39584732055664,70.06999969482422,70.83000183105469,69.58000183105469,69.75,24479700
2012-10-26,46.96971893310547,69.44000244140625,70.36000061035156,69.38999938964844,69.73999786376953,11945200
2012-10-31,46.834442138671875,69.23999786376953,69.94999694824219,69.01000213623047,69.51000213623047,9095400
2012-11-01,46.841190338134766,69.25,69.51000213623047,69.13999938964844,69.16000366210938,7703800
2012-11-02,46.800601959228516,69.19000244140625,69.7699966430664,69.05999755859375,69.73999786376953,6963100
2012-11-05,46.448883056640625,68.66999816894531,69.22000122070312,68.3499984741211,69.22000122070312,6525700
2012-11-06,46.6247444152832,68.93000030517578,69.0,68.36000061035156,68.5999984741211,6639800
2012-11-07,46.03626251220703,68.05999755859375,68.87000274658203,67.79000091552734,68.81999969482422,8849600
2012-11-08,45.25841522216797,66.91000366210938,68.08999633789062,66.9000015258789,67.9800033569336,7917700
2012-11-09,45.3260498046875,67.01000213623047,67.45999908447266,66.76000213623047,66.83000183105469,8147700
2012-11-12,45.3734016418457,67.08000183105469,67.4000015258789,66.91000366210938,67.1500015258789,4371300
2012-11-13,45.21782302856445,66.8499984741211,67.5999984741211,66.7699966430664,66.7699966430664,6769100
2012-11-14,45.001380920410156,66.52999877929688,67.05999755859375,66.29000091552734,66.88999938964844,9680100
2012-11-15,44.85932159423828,66.31999969482422,67.0,65.83000183105469,66.76000213623047,9290000
2012-11-16,45.197532653808594,66.81999969482422,66.97000122070312,66.13999938964844,66.36000061035156,11354200
2012-11-19,45.94157791137695,67.91999816894531,67.91999816894531,66.86000061035156,66.98999786376953,8741400
2012-11-20,46.19860076904297,68.30000305175781,68.48999786376953,67.76000213623047,67.80999755859375,7611600
2012-11-21,46.3135986328125,68.47000122070312,68.5,67.97000122070312,68.16000366210938,6201400
2012-11-23,47.0711555480957,69.58999633789062,69.61000061035156,68.70999908447266,68.75,4598200
2012-11-26,46.99676513671875,69.4800033569336,69.56999969482422,69.05000305175781,69.13999938964844,7493600
2012-11-27,46.665340423583984,68.98999786376953,69.4800033569336,68.91000366210938,69.19999694824219,8154300
2012-11-28,46.96971893310547,69.44000244140625,69.73999786376953,68.9000015258789,69.0,11255800
2012-11-29,47.010284423828125,69.5,69.80000305175781,69.12999725341797,69.41000366210938,8783800
2012-11-30,47.233516693115234,69.83000183105469,69.88999938964844,69.37000274658203,69.37000274658203,8886800
2012-12-03,47.06441116333008,69.58000183105469,69.93000030517578,69.5,69.83999633789062,7404600
2012-12-04,46.88178634643555,69.30999755859375,69.8499984741211,69.06999969482422,69.5,6634900
2012-12-05,46.949432373046875,69.41000366210938,69.87999725341797,69.08000183105469,69.4800033569336,7623400
2012-12-06,47.31468963623047,69.94999694824219,70.23999786376953,69.44000244140625,69.4800033569336,10686900
2012-12-07,47.54465103149414,70.29000091552734,70.66000366210938,69.8499984741211,69.8499984741211,11590900
2012-12-10,47.497314453125,70.22000122070312,70.41999816894531,70.02999877929688,70.12000274658203,8124100
2012-12-11,47.794944763183594,70.66000366210938,70.97000122070312,70.13999938964844,70.29000091552734,9298000
2012-12-12,47.86256790161133,70.76000213623047,70.98999786376953,70.61000061035156,70.76000213623047,8405900
2012-12-13,47.43642807006836,70.12999725341797,70.63999938964844,69.9000015258789,70.55000305175781,8478200
2012-12-14,47.301151275634766,69.93000030517578,70.47000122070312,69.77999877929688,69.91999816894531,8997600
2012-12-17,47.301151275634766,69.93000030517578,70.1500015258789,69.62000274658203,69.94999694824219,8791500
2012-12-18,47.32820510864258,69.97000122070312,70.27999877929688,69.43000030517578,69.88999938964844,13568900
2012-12-19,46.90207290649414,69.33999633789062,69.98999786376953,68.7699966430664,69.76000213623047,10304800
2012-12-20,47.226741790771484,69.81999969482422,70.25,69.30000305175781,69.30000305175781,10218200
2012-12-21,46.48270034790039,68.72000122070312,69.81999969482422,68.37999725341797,69.43000030517578,17746900
2012-12-24,46.3474235534668,68.5199966430664,68.69000244140625,68.23999786376953,68.66999816894531,3578800
2012-12-26,45.99568176269531,68.0,68.58999633789062,67.69999694824219,68.56999969482422,6937000
2012-12-27,45.97540283203125,67.97000122070312,68.16000366210938,67.41000366210938,67.87999725341797,7648800
2012-12-28,45.420738220214844,67.1500015258789,67.91000366210938,67.05999755859375,67.7300033569336,6463300
2012-12-31,45.921295166015625,67.88999938964844,67.97000122070312,66.83000183105469,67.0,9061900
2013-01-02,46.93590545654297,69.38999938964844,69.38999938964844,68.3499984741211,68.6500015258789,9987000
2013-01-03,46.638282775878906,68.94999694824219,69.5,68.94000244140625,69.44000244140625,7741900
2013-01-04,46.73295974731445,69.08999633789062,69.16999816894531,68.68000030517578,69.01000213623047,5853700
2013-01-07,46.415069580078125,68.62000274658203,68.91999816894531,68.37999725341797,68.91999816894531,5269800
2013-01-08,46.34065628051758,68.51000213623047,68.7300033569336,68.4000015258789,68.5199966430664,7362000
2013-01-09,46.59092330932617,68.87999725341797,69.11000061035156,68.61000061035156,68.7699966430664,5762900
2013-01-10,46.85472106933594,69.2699966430664,69.29000091552734,68.68000030517578,68.9800033569336,12855000
2013-01-11,46.82090759277344,69.22000122070312,69.30000305175781,69.01000213623047,69.30000305175781,12193500
2013-01-14,47.09823989868164,69.62999725341797,69.97000122070312,69.2300033569336,69.30999755859375,11570700
2013-01-15,47.267337799072266,69.87999725341797,69.95999908447266,69.1500015258789,69.16000366210938,7563400
2013-01-16,47.282325744628906,69.33999633789062,69.69999694824219,69.11000061035156,69.41999816894531,7061000
2013-01-17,47.507347106933594,69.66999816894531,69.95999908447266,69.33999633789062,69.55999755859375,6263300
2013-01-18,47.69147872924805,69.94000244140625,70.0,69.66999816894531,69.69000244140625,10610800
2013-01-22,47.698299407958984,69.94999694824219,69.9800033569336,69.75,69.86000061035156,8313600
2013-01-23,48.20288848876953,70.69000244140625,70.69999694824219,69.80000305175781,69.83999633789062,10588600
2013-01-24,48.018775939941406,70.41999816894531,70.8499984741211,70.19999694824219,70.68000030517578,8877200
2013-01-25,49.94852828979492,73.25,73.25,71.75,71.75,28760300
2013-01-28,50.30312728881836,73.7699966430664,74.2300033569336,73.19000244140625,73.7300033569336,14010000
2013-01-29,51.1418342590332,75.0,75.30999755859375,73.5199966430664,73.55000305175781,17576700
2013-01-30,51.19639205932617,75.08000183105469,75.4800033569336,74.66999816894531,74.75,12677800
2013-01-31,51.25094985961914,75.16000366210938,75.26000213623047,74.66999816894531,74.83000183105469,11661500
2013-02-01,51.76918411254883,75.91999816894531,75.97000122070312,75.16999816894531,75.30000305175781,12204000
2013-02-04,51.312320709228516,75.25,75.80000305175781,74.94999694824219,75.69000244140625,11086000
2013-02-05,51.61914825439453,75.69999694824219,76.69000244140625,75.31999969482422,75.44000244140625,14851700
2013-02-06,51.9260139465332,76.1500015258789,76.19000244140625,75.04000091552734,75.31999969482422,17015800
2013-02-07,51.9260139465332,76.1500015258789,76.41999816894531,75.79000091552734,75.9800033569336,9897000
2013-02-08,51.653255462646484,75.75,76.4800033569336,75.55999755859375,76.1500015258789,9130700
2013-02-11,51.69417190551758,75.80999755859375,75.91999816894531,75.12000274658203,75.41000366210938,6928200
2013-02-12,51.81010437011719,75.9800033569336,76.30999755859375,75.80999755859375,75.95999908447266,6281000
2013-02-13,52.205589294433594,76.55999755859375,76.58000183105469,75.9800033569336,76.01000213623047,7113300
2013-02-14,52.355594635009766,76.77999877929688,76.97000122070312,76.25,76.30000305175781,10049400
2013-02-15,52.19192886352539,76.54000091552734,76.95999908447266,76.20999908447266,76.72000122070312,11165600
2013-02-19,52.764747619628906,77.37999725341797,77.7699966430664,76.48999786376953,76.55999755859375,11783500
2013-02-20,52.56017303466797,77.08000183105469,77.5199966430664,76.91999816894531,77.2699966430664,9275400
2013-02-21,52.53291702270508,77.04000091552734,77.19999694824219,75.9000015258789,76.27999877929688,10305200
2013-02-22,52.498817443847656,76.98999786376953,77.19000244140625,76.75,77.05000305175781,8433200
2013-02-25,51.76918411254883,75.91999816894531,77.66999816894531,75.91999816894531,77.06999969482422,9970400
2013-02-26,51.87828063964844,76.08000183105469,76.37999725341797,75.7699966430664,75.98999786376953,8378900
2013-02-27,52.335140228271484,76.75,76.94999694824219,75.69999694824219,75.94999694824219,7567800
2013-02-28,51.94646072387695,76.18000030517578,76.91000366210938,76.16999816894531,76.66000366210938,10466900
2013-03-01,52.1578483581543,76.48999786376953,76.72000122070312,75.55999755859375,75.69999694824219,9599700
2013-03-04,52.287418365478516,76.68000030517578,76.68000030517578,75.97000122070312,76.25,7631000
2013-03-05,52.53972244262695,77.05000305175781,77.38999938964844,76.72000122070312,76.77999877929688,9716200
2013-03-06,52.641990661621094,77.19999694824219,77.44999694824219,76.80999755859375,77.01000213623047,7194700
2013-03-07,52.43742752075195,76.9000015258789,77.48999786376953,76.77999877929688,77.22000122070312,7111400
2013-03-08,52.628379821777344,77.18000030517578,77.19999694824219,76.45999908447266,77.01000213623047,7252800
2013-03-11,52.744285583496094,77.3499984741211,77.38999938964844,76.9000015258789,77.0199966430664,6621000
2013-03-12,52.621551513671875,77.16999816894531,77.44999694824219,77.0,77.19000244140625,7016700
2013-03-13,52.3692512512207,76.80000305175781,77.0999984741211,76.5199966430664,77.06999969482422,6340300
2013-03-14,52.77155303955078,77.38999938964844,77.47000122070312,76.83000183105469,76.87000274658203,8079100
2013-03-15,52.055580139160156,76.33999633789062,77.37999725341797,76.33999633789062,77.08000183105469,15237000
2013-03-18,51.93281936645508,76.16000366210938,76.55000305175781,75.80000305175781,75.9000015258789,7081800
2013-03-19,52.580631256103516,77.11000061035156,77.18000030517578,76.11000061035156,76.13999938964844,9326400
2013-03-20,52.90110778808594,77.58000183105469,77.81999969482422,77.2699966430664,77.29000091552734,8615800
2013-03-21,52.64881896972656,77.20999908447266,77.66999816894531,77.13999938964844,77.41999816894531,6319500
2013-03-22,52.689735412597656,77.2699966430664,77.44999694824219,77.0,77.18000030517578,5868400
2013-03-25,52.287418365478516,76.68000030517578,77.62000274658203,76.44000244140625,77.2699966430664,6843600
2013-03-26,52.778385162353516,77.4000015258789,77.5,76.88999938964844,77.0199966430664,5386000
2013-03-27,52.54652404785156,77.05999755859375,77.11000061035156,76.56999969482422,76.9800033569336,5274600
2013-03-28,52.54652404785156,77.05999755859375,77.16000366210938,76.66000366210938,76.94999694824219,8016700
2013-04-01,52.982933044433594,77.69999694824219,77.8499984741211,76.7300033569336,76.8499984741211,7266000
2013-04-02,53.84212875366211,78.95999908447266,79.1500015258789,77.6500015258789,77.83999633789062,13373600
2013-04-03,53.26934051513672,78.12000274658203,79.08000183105469,77.83999633789062,78.87999725341797,8426700
2013-04-04,53.55573654174805,78.54000091552734,78.9800033569336,78.25,78.31999969482422,8770600
2013-04-05,53.3443603515625,78.2300033569336,78.38999938964844,77.83000183105469,77.87999725341797,6562600
2013-04-08,53.72621536254883,78.79000091552734,78.87999725341797,77.87999725341797,78.12000274658203,6284500
2013-04-09,53.36480712890625,78.26000213623047,78.88999938964844,78.06999969482422,78.81999969482422,6760600
2013-04-10,54.033042907714844,79.23999786376953,79.48999786376953,78.43000030517578,78.48999786376953,7947600
2013-04-11,54.32624435424805,79.66999816894531,80.12999725341797,79.33000183105469,79.37000274658203,11831600
2013-04-12,54.60585021972656,80.08000183105469,80.66000366210938,79.47000122070312,79.51000213623047,9383400
2013-04-15,54.3126106262207,79.6500015258789,80.83999633789062,79.5999984741211,79.79000091552734,10877200
2013-04-16,54.6194953918457,80.0999984741211,80.20999908447266,79.37000274658203,79.83000183105469,9365600
2013-04-17,53.91031265258789,79.05999755859375,80.13999938964844,78.8499984741211,79.9800033569336,10964600
2013-04-18,54.462650299072266,79.87000274658203,80.18000030517578,79.05999755859375,79.08999633789062,10896200
2013-04-19,55.52640151977539,81.43000030517578,81.69999694824219,80.19999694824219,80.37000274658203,13147600
2013-04-22,55.50593185424805,81.4000015258789,81.58999633789062,81.12000274658203,81.30999755859375,7530300
2013-04-23,56.28330993652344,82.54000091552734,82.54000091552734,80.51000213623047,81.45999908447266,12684800
2013-04-24,52.97380447387695,77.12000274658203,79.61000061035156,76.93000030517578,79.48999786376953,25708200
2013-04-25,52.602882385253906,76.58000183105469,77.66999816894531,76.3499984741211,77.66999816894531,14702300
2013-04-26,52.96006393432617,77.0999984741211,77.22000122070312,76.58000183105469,76.72000122070312,8769100
2013-04-29,53.35847473144531,77.68000030517578,77.9800033569336,77.2300033569336,77.55999755859375,6638100
2013-04-30,52.733375549316406,76.7699966430664,77.88999938964844,76.5999984741211,77.86000061035156,9653800
2013-05-01,52.88452911376953,76.98999786376953,77.7699966430664,76.72000122070312,76.83000183105469,8388800
2013-05-02,53.413421630859375,77.76000213623047,78.27999877929688,77.13999938964844,77.38999938964844,7288200
2013-05-03,53.708797454833984,78.19000244140625,78.45999908447266,77.66000366210938,78.0999984741211,7884000
2013-05-06,53.40655517578125,77.75,78.4000015258789,77.5199966430664,78.02999877929688,7204200
2013-05-07,53.537071228027344,77.94000244140625,78.19999694824219,77.2699966430664,77.9800033569336,9574200
2013-05-08,53.88050842285156,78.44000244140625,78.51000213623047,77.2300033569336,77.9000015258789,12067300
2013-05-09,53.72254943847656,78.20999908447266,78.88999938964844,78.0199966430664,78.56999969482422,7189400
2013-05-10,54.10032272338867,78.76000213623047,78.79000091552734,78.2300033569336,78.41000366210938,6162500
2013-05-13,53.98355484008789,78.58999633789062,78.97000122070312,78.41999816894531,78.51000213623047,5420200
2013-05-14,54.58802795410156,79.47000122070312,79.47000122070312,78.73999786376953,78.93000030517578,6867400
2013-05-15,55.419189453125,80.68000030517578,81.0,79.47000122070312,79.47000122070312,11154400
2013-05-16,55.089454650878906,80.19999694824219,80.73999786376953,79.88999938964844,80.48999786376953,8065600
2013-05-17,54.96581268310547,80.0199966430664,80.18000030517578,79.30999755859375,79.91000366210938,8549900
2013-05-20,54.32701873779297,79.08999633789062,79.9800033569336,78.77999877929688,79.9800033569336,7307300
2013-05-21,54.12778854370117,78.80000305175781,79.22000122070312,78.22000122070312,79.16999816894531,7377700
2013-05-22,54.14154052734375,78.81999969482422,79.68000030517578,78.62000274658203,78.83999633789062,8873300
2013-05-23,54.0590934753418,78.69999694824219,79.11000061035156,78.2300033569336,78.2699966430664,7141200
2013-05-24,56.243465423583984,81.87999725341797,82.3499984741211,81.44000244140625,81.87999725341797,25580900
2013-05-28,55.54283142089844,80.86000061035156,82.12999725341797,80.7699966430664,82.05000305175781,14372700
2013-05-29,54.19650650024414,78.9000015258789,80.25,78.87000274658203,80.16000366210938,9992500
2013-05-30,54.32701873779297,79.08999633789062,79.87999725341797,78.9000015258789,78.9000015258789,14761500
2013-05-31,52.726524353027344,76.76000213623047,78.80999755859375,76.75,78.79000091552734,16461900
2013-06-03,53.34473419189453,77.66000366210938,77.69999694824219,76.12000274658203,76.87000274658203,11720600
2013-06-04,53.145530700683594,77.37000274658203,78.47000122070312,76.75,77.70999908447266,11379300
2013-06-05,52.65784454345703,76.66000366210938,77.20999908447266,76.62999725341797,77.08000183105469,8826900
2013-06-06,52.76774215698242,76.81999969482422,76.97000122070312,75.83000183105469,76.55999755859375,11099900
2013-06-07,53.40655517578125,77.75,78.27999877929688,77.2699966430664,77.44000244140625,7839500
2013-06-10,53.62636184692383,78.06999969482422,78.22000122070312,77.26000213623047,77.69000244140625,8966400
2013-06-11,53.66072082519531,78.12000274658203,78.75,77.44999694824219,77.68000030517578,6781200
2013-06-12,53.30352783203125,77.5999984741211,78.88999938964844,77.4800033569336,78.63999938964844,7834200
2013-06-13,53.87363815307617,78.43000030517578,78.69000244140625,77.13999938964844,77.54000091552734,6927700
2013-06-14,53.59890365600586,78.02999877929688,78.79000091552734,77.66999816894531,78.48999786376953,6825900
2013-06-17,54.23772048950195,78.95999908447266,79.47000122070312,78.25,78.26000213623047,7359900
2013-06-18,54.29265213012695,79.04000091552734,79.2300033569336,78.69999694824219,78.94999694824219,6051400
2013-06-19,53.31039047241211,77.61000061035156,79.47000122070312,77.58999633789062,79.05000305175781,7424500
2013-06-20,51.68931198120117,75.25,77.33000183105469,75.0999984741211,77.20999908447266,15555700
2013-06-21,53.186763763427734,77.43000030517578,77.52999877929688,75.69000244140625,76.25,20055700
2013-06-24,52.602882385253906,76.58000183105469,77.43000030517578,75.62999725341797,76.94999694824219,12563300
2013-06-25,52.67844009399414,76.69000244140625,77.23999786376953,76.29000091552734,77.0999984741211,7909400
2013-06-26,53.16615295410156,77.4000015258789,77.58999633789062,77.0199966430664,77.2300033569336,7326500
2013-06-27,53.35159683227539,77.66999816894531,78.37999725341797,77.56999969482422,77.95999908447266,14731500
2013-06-28,52.88452911376953,76.98999786376953,77.94000244140625,76.9000015258789,77.62000274658203,9865300
2013-07-01,53.592018127441406,78.0199966430664,78.44999694824219,77.0,77.0199966430664,6699200
2013-07-02,53.88050842285156,78.44000244140625,78.61000061035156,77.70999908447266,77.94999694824219,10228500
2013-07-03,53.9698371887207,78.56999969482422,78.75,77.43000030517578,78.27999877929688,5339900
2013-07-05,53.81183624267578,78.33999633789062,79.0199966430664,77.77999877929688,78.88999938964844,7264700
2013-07-08,54.10032272338867,78.76000213623047,79.08000183105469,78.5,78.54000091552734,11141400
2013-07-09,54.65669250488281,79.56999969482422,79.9000015258789,79.06999969482422,79.06999969482422,11456200
2013-07-10,54.814701080322266,79.80000305175781,80.0999984741211,79.30000305175781,79.6500015258789,6862800
2013-07-11,55.48099899291992,80.7699966430664,80.98999786376953,80.29000091552734,80.55000305175781,9185400
2013-07-12,56.01676559448242,81.55000305175781,81.63999938964844,80.66999816894531,80.66999816894531,12586300
2013-07-15,55.98930740356445,81.51000213623047,81.58999633789062,80.8499984741211,81.37000274658203,10024700
2013-07-16,55.61837387084961,80.97000122070312,81.37000274658203,80.91000366210938,81.31999969482422,11208600
2013-07-17,55.42599105834961,80.08999633789062,80.8499984741211,80.01000213623047,80.48999786376953,7644300
2013-07-18,55.57132339477539,80.30000305175781,80.75,80.02999877929688,80.02999877929688,5526000
2013-07-19,56.31180953979492,81.37000274658203,81.41000366210938,80.05000305175781,80.36000061035156,7862600
2013-07-22,56.20799255371094,81.22000122070312,81.44999694824219,80.9000015258789,81.2300033569336,4813600
2013-07-23,56.021148681640625,80.94999694824219,81.4000015258789,80.77999877929688,81.22000122070312,4311700
2013-07-24,55.55055618286133,80.2699966430664,81.0,80.12999725341797,80.94999694824219,5606600
2013-07-25,55.6474609375,80.41000366210938,80.56999969482422,79.83999633789062,80.01000213623047,6239900
2013-07-26,55.633602142333984,80.38999938964844,80.41999816894531,79.38999938964844,80.0199966430664,6543500
2013-07-29,55.42599105834961,80.08999633789062,80.44999694824219,80.05000305175781,80.0999984741211,4389400
2013-07-30,55.668216705322266,80.44000244140625,80.9000015258789,80.16000366210938,80.48999786376953,6434100
2013-07-31,55.57132339477539,80.30000305175781,81.41000366210938,80.16000366210938,80.44000244140625,11857000
2013-08-01,56.49866485595703,81.63999938964844,82.2300033569336,81.20999908447266,81.62000274658203,10724800
2013-08-02,56.256446838378906,81.29000091552734,81.5,80.55999755859375,81.41999816894531,6626300
2013-08-05,56.33257293701172,81.4000015258789,81.6500015258789,80.95999908447266,81.05000305175781,4662800
2013-08-06,56.567874908447266,81.73999786376953,81.97000122070312,81.30000305175781,81.30000305175781,6212500
2013-08-07,56.7200927734375,81.95999908447266,82.20999908447266,81.37999725341797,81.41000366210938,5828500
2013-08-08,56.86543655395508,82.16999816894531,82.4000015258789,81.51000213623047,82.11000061035156,6207900
2013-08-09,56.49866485595703,81.63999938964844,82.05999755859375,81.19000244140625,81.91999816894531,6127200
2013-08-12,56.48482894897461,81.62000274658203,81.7300033569336,81.04000091552734,81.2300033569336,4922200
2013-08-13,56.51251220703125,81.66000366210938,81.98999786376953,81.33000183105469,81.77999877929688,4936400
2013-08-14,56.228763580322266,81.25,81.77999877929688,81.19000244140625,81.66999816894531,5167500
2013-08-15,55.695884704589844,80.4800033569336,81.08000183105469,80.16999816894531,80.95999908447266,7415300
2013-08-16,55.29451370239258,79.9000015258789,80.4800033569336,79.05999755859375,80.2699966430664,9451600
2013-08-19,55.07994842529297,79.58999633789062,80.08999633789062,79.41999816894531,79.63999938964844,5959400
2013-08-20,55.03843688964844,79.52999877929688,80.0999984741211,79.27999877929688,79.72000122070312,5172500
2013-08-21,54.93464660644531,79.37999725341797,80.12000274658203,79.05000305175781,79.5,7390900
2013-08-22,55.20454025268555,79.7699966430664,80.05000305175781,78.87000274658203,79.30000305175781,6274400
2013-08-23,55.37062454223633,80.01000213623047,80.06999969482422,79.58999633789062,79.87000274658203,5219600
2013-08-26,54.35332107543945,78.54000091552734,79.9800033569336,78.52999877929688,79.91999816894531,6385400
2013-08-27,53.958831787109375,77.97000122070312,78.36000061035156,77.33000183105469,77.87000274658203,7052200
2013-08-28,53.18374252319336,76.8499984741211,77.86000061035156,76.8499984741211,77.86000061035156,9008500
2013-08-29,53.50209045410156,77.30999755859375,77.83999633789062,76.41999816894531,76.76000213623047,5961000
2013-08-30,53.90351104736328,77.88999938964844,78.06999969482422,73.61000061035156,77.52999877929688,9039100
2013-09-03,53.80659866333008,77.75,78.41999816894531,77.44000244140625,78.2699966430664,6743800
2013-09-04,53.62666702270508,77.48999786376953,77.75,77.12000274658203,77.5199966430664,6031300
2013-09-05,53.38445281982422,77.13999938964844,77.62999725341797,76.83000183105469,77.58000183105469,7163200
2013-09-06,53.3913688659668,77.1500015258789,77.61000061035156,76.4000015258789,77.12000274658203,6977400
2013-09-09,54.09035110473633,78.16000366210938,78.19999694824219,77.37000274658203,77.37000274658203,6089300
2013-09-10,53.94501876831055,77.94999694824219,78.63999938964844,77.77999877929688,78.5,6650200
2013-09-11,54.166465759277344,78.2699966430664,78.2699966430664,77.25,77.26000213623047,7049800
2013-09-12,54.15953063964844,78.26000213623047,78.80000305175781,78.16999816894531,78.4000015258789,6944900
2013-09-13,54.70627975463867,79.05000305175781,79.18000030517578,78.41000366210938,78.44000244140625,4894100
2013-09-16,55.47444152832031,80.16000366210938,80.20999908447266,79.70999908447266,79.72000122070312,7512800
2013-09-17,55.24605941772461,79.83000183105469,80.25,79.63999938964844,79.95999908447266,5457700
2013-09-18,55.57132339477539,80.30000305175781,80.4800033569336,78.52999877929688,79.05999755859375,10372100
2013-09-19,55.446739196777344,80.12000274658203,80.52999877929688,79.77999877929688,80.5,8157300
2013-09-20,54.94157791137695,79.38999938964844,80.18000030517578,79.38999938964844,80.08999633789062,11146100
2013-09-23,54.86542510986328,79.27999877929688,79.58000183105469,78.66999816894531,79.19999694824219,6304900
2013-09-24,54.4086799621582,78.62000274658203,79.4800033569336,78.58999633789062,78.97000122070312,7692100
2013-09-25,53.78582763671875,77.72000122070312,79.0,77.70999908447266,78.83999633789062,7589300
2013-09-26,54.014225006103516,78.05000305175781,78.13999938964844,77.62000274658203,77.91000366210938,4632600
2013-09-27,53.432891845703125,77.20999908447266,77.75,76.7699966430664,77.75,6551300
2013-09-30,52.311805725097656,75.58999633789062,77.16000366210938,75.3499984741211,76.80000305175781,15028300
2013-10-01,52.70623779296875,76.16000366210938,76.5,75.44000244140625,75.5199966430664,8076100
2013-10-02,52.54705047607422,75.93000030517578,76.13999938964844,75.41999816894531,75.91000366210938,8522900
2013-10-03,52.484798431396484,75.83999633789062,76.13999938964844,75.19999694824219,75.88999938964844,9251600
2013-10-04,52.60936737060547,76.0199966430664,76.12000274658203,75.51000213623047,75.9800033569336,4984700
2013-10-07,52.353309631347656,75.6500015258789,76.0999984741211,75.4800033569336,75.66000366210938,6373300
2013-10-08,52.82390213012695,76.33000183105469,77.0,76.05000305175781,76.38999938964844,9656600
2013-10-09,53.25295639038086,76.94999694824219,77.16000366210938,76.0999984741211,76.58000183105469,8470700
2013-10-10,53.90351104736328,77.88999938964844,77.91999816894531,77.1500015258789,77.41000366210938,10121900
2013-10-11,54.31178665161133,78.4800033569336,78.48999786376953,77.80999755859375,78.0,6082200
2013-10-14,54.49172592163086,78.73999786376953,78.80000305175781,77.93000030517578,78.01000213623047,6326100
2013-10-15,53.70280456542969,77.5999984741211,78.61000061035156,77.44000244140625,78.37999725341797,11192500
2013-10-16,54.63877868652344,78.33999633789062,78.48999786376953,77.26000213623047,77.3499984741211,6562600
2013-10-17,55.39204025268555,79.41999816894531,79.47000122070312,77.9800033569336,78.19000244140625,8671300
2013-10-18,55.38505172729492,79.41000366210938,79.56999969482422,78.77999877929688,79.38999938964844,7958500
2013-10-21,55.07815933227539,78.97000122070312,79.31999969482422,78.44000244140625,79.2699966430664,6478700
2013-10-22,56.061588287353516,80.37999725341797,80.61000061035156,79.27999877929688,79.30999755859375,9572300
2013-10-23,56.43125915527344,80.91000366210938,81.25,80.25,80.33999633789062,8960700
2013-10-24,56.22199630737305,80.61000061035156,80.94999694824219,80.25,80.7699966430664,7521100
2013-10-25,55.796546936035156,80.0,80.72000122070312,79.51000213623047,80.55000305175781,9606500
2013-10-28,56.703250885009766,81.30000305175781,81.86000061035156,79.94999694824219,80.11000061035156,9820900
2013-10-29,57.51231384277344,82.45999908447266,82.62000274658203,81.0999984741211,81.45999908447266,9482900
2013-10-30,56.856693267822266,81.5199966430664,82.55999755859375,81.2300033569336,82.52999877929688,6490000
2013-10-31,56.31966018676758,80.75,81.5999984741211,80.72000122070312,81.19999694824219,7786800
2013-11-01,56.59864807128906,81.1500015258789,81.33000183105469,80.63999938964844,80.68000030517578,6802300
2013-11-04,56.72417068481445,81.33000183105469,81.7300033569336,80.91000366210938,81.45999908447266,5460100
2013-11-05,56.79391860961914,81.43000030517578,81.73999786376953,80.8499984741211,81.12999725341797,4949300
2013-11-06,57.75641632080078,82.80999755859375,83.0999984741211,81.33000183105469,81.63999938964844,9526400
2013-11-07,57.414676666259766,82.31999969482422,83.0999984741211,82.11000061035156,82.91000366210938,10087700
2013-11-08,57.54718017578125,82.51000213623047,82.56999969482422,81.66999816894531,82.27999877929688,9768400
2013-11-11,57.37282943725586,82.26000213623047,82.68000030517578,82.0199966430664,82.3499984741211,6173600
2013-11-12,57.74942398071289,82.80000305175781,83.04000091552734,82.12000274658203,82.2300033569336,8201700
2013-11-13,58.23765182495117,83.5,83.5,82.45999908447266,82.56999969482422,7581600
2013-11-14,58.8095703125,84.31999969482422,84.45999908447266,83.43000030517578,83.43000030517578,7580500
2013-11-15,59.17224884033203,84.83999633789062,84.91999816894531,84.16000366210938,84.16999816894531,9664700
2013-11-18,58.98393630981445,84.56999969482422,84.94000244140625,84.18000030517578,84.79000091552734,8507300
2013-11-19,58.82353591918945,84.33999633789062,84.58999633789062,84.20999908447266,84.30999755859375,7924200
2013-11-20,59.067649841308594,84.69000244140625,84.9800033569336,84.23999786376953,84.30999755859375,7680900
2013-11-21,59.053688049316406,84.66999816894531,84.88999938964844,84.51000213623047,84.83999633789062,7287700
2013-11-22,59.24899673461914,84.94999694824219,85.0,84.2300033569336,84.52999877929688,7436200
2013-11-25,59.56980895996094,85.41000366210938,85.81999969482422,84.8499984741211,84.95999908447266,9670500
2013-11-26,59.03275680541992,84.63999938964844,85.76000213623047,84.63999938964844,85.19999694824219,7111600
2013-11-27,58.781673431396484,84.27999877929688,84.88999938964844,84.0199966430664,84.87999725341797,4905000
2013-11-29,58.73982238769531,84.22000122070312,85.20999908447266,84.1500015258789,84.7699966430664,4954500
2013-12-02,58.12604522705078,83.33999633789062,84.1500015258789,83.0999984741211,84.04000091552734,7497500
2013-12-03,58.46780014038086,83.83000183105469,84.0,83.2300033569336,83.30000305175781,7533200
2013-12-04,58.13303756713867,83.3499984741211,83.48999786376953,82.58999633789062,83.37999725341797,6807200
2013-12-05,57.6727409362793,82.69000244140625,83.44999694824219,82.30000305175781,83.38999938964844,8186600
2013-12-06,58.94906997680664,84.5199966430664,84.52999877929688,83.16999816894531,83.2300033569336,7189400
2013-12-09,59.130401611328125,84.77999877929688,84.94000244140625,84.33999633789062,84.4800033569336,7395300
2013-12-10,58.342288970947266,83.6500015258789,84.43000030517578,83.43000030517578,84.41000366210938,7373300
2013-12-11,58.60034942626953,84.0199966430664,84.5,83.61000061035156,83.73999786376953,9787900
2013-12-12,57.400733947753906,82.30000305175781,83.87000274658203,81.93000030517578,83.81999969482422,10176300
2013-12-13,57.44954299926758,82.37000274658203,82.45999908447266,81.55999755859375,82.31999969482422,7441600
2013-12-16,56.97526168823242,81.69000244140625,83.06999969482422,81.5999984741211,82.72000122070312,8849700
2013-12-17,56.43125915527344,80.91000366210938,81.8499984741211,80.69000244140625,81.79000091552734,11416400
2013-12-18,57.456485748291016,82.37999725341797,82.41999816894531,80.4800033569336,81.20999908447266,12036100
2013-12-19,57.121734619140625,81.9000015258789,82.29000091552734,81.51000213623047,81.9800033569336,6442600
2013-12-20,57.07987594604492,81.83999633789062,82.54000091552734,81.81999969482422,81.9800033569336,13206100
2013-12-23,56.710205078125,81.30999755859375,82.13999938964844,81.01000213623047,82.13999938964844,8653600
2013-12-24,56.710205078125,81.30999755859375,81.61000061035156,81.25,81.33000183105469,2899100
2013-12-26,57.02408981323242,81.76000213623047,81.88999938964844,81.29000091552734,81.48999786376953,5347000
2013-12-27,57.198448181152344,82.01000213623047,82.4800033569336,81.86000061035156,82.08999633789062,4006000
2013-12-30,57.191471099853516,82.0,82.05000305175781,81.56999969482422,82.0,4145600
2013-12-31,56.77995681762695,81.41000366210938,82.0,81.08999633789062,81.83000183105469,5765300
2014-01-02,56.17318344116211,80.54000091552734,81.36000061035156,80.31999969482422,81.33000183105469,6981700
2014-01-03,56.11040496826172,80.44999694824219,80.8499984741211,80.19000244140625,80.76000213623047,6925600
2014-01-06,56.24293518066406,80.63999938964844,80.9800033569336,80.30000305175781,80.61000061035156,7208200
2014-01-07,56.786949157714844,81.41999816894531,81.58000183105469,80.62000274658203,80.70999908447266,7158200
2014-01-08,55.96394729614258,80.23999786376953,81.1500015258789,80.05000305175781,80.97000122070312,13458800
2014-01-09,56.08949279785156,80.41999816894531,80.80000305175781,80.02999877929688,80.54000091552734,10833900
2014-01-10,56.00577163696289,80.30000305175781,80.88999938964844,80.19999694824219,80.58999633789062,8448300
2014-01-13,55.80354309082031,80.01000213623047,80.5,79.69000244140625,80.01000213623047,9360800
2014-01-14,56.403350830078125,80.87000274658203,80.91999816894531,80.0199966430664,80.05999755859375,8737100
2014-01-15,56.347557067871094,80.79000091552734,81.18000030517578,80.25,80.69999694824219,8221900
2014-01-16,56.18711471557617,80.55999755859375,80.83000183105469,80.26000213623047,80.6500015258789,11673300
2014-01-17,55.7128791809082,79.87999725341797,80.63999938964844,79.80000305175781,80.41999816894531,13629800
2014-01-21,55.922096252441406,80.18000030517578,80.72000122070312,79.54000091552734,80.58999633789062,13216400
2014-01-22,55.677555084228516,79.2300033569336,79.87999725341797,79.05000305175781,79.56999969482422,8455600
2014-01-23,54.981842041015625,78.23999786376953,78.97000122070312,78.12000274658203,78.70999908447266,12667700
2014-01-24,55.64242172241211,79.18000030517578,81.69999694824219,78.77999877929688,79.33000183105469,20163200
2014-01-27,55.14347457885742,78.47000122070312,79.30000305175781,78.41999816894531,79.23999786376953,10395400
2014-01-28,55.593223571777344,79.11000061035156,79.5199966430664,78.43000030517578,78.66999816894531,10060800
2014-01-29,54.56020736694336,77.63999938964844,78.80000305175781,77.37999725341797,78.80000305175781,13443100
2014-01-30,54.019100189208984,76.87000274658203,78.05000305175781,76.7699966430664,78.05000305175781,9450500
2014-01-31,53.843421936035156,76.62000274658203,77.19000244140625,75.26000213623047,76.02999877929688,12988800
2014-02-03,53.19690704345703,75.69999694824219,76.76000213623047,75.5999984741211,76.69000244140625,14292700
2014-02-04,53.4709587097168,76.08999633789062,76.38999938964844,75.4000015258789,76.0,12055400
2014-02-05,53.72393798828125,76.44999694824219,76.80000305175781,75.66999816894531,75.94000244140625,9734100
2014-02-06,54.0401725769043,76.9000015258789,76.98999786376953,76.4800033569336,76.52999877929688,7819700
2014-02-07,54.32829284667969,77.30999755859375,77.38999938964844,76.75,76.98999786376953,7259200
2014-02-10,54.83428192138672,78.02999877929688,78.08999633789062,77.19000244140625,77.43000030517578,8959700
2014-02-11,55.403499603271484,78.83999633789062,79.11000061035156,77.63999938964844,78.0999984741211,10500800
2014-02-12,54.45479202270508,77.48999786376953,78.52999877929688,77.05999755859375,78.12999725341797,11019700
2014-02-13,54.672630310058594,77.80000305175781,77.91999816894531,77.0,77.08999633789062,7420600
2014-02-14,55.79701232910156,79.4000015258789,79.75,77.25,77.69000244140625,10791900
2014-02-18,54.7921028137207,77.97000122070312,79.62999725341797,77.55999755859375,79.4800033569336,15750700
2014-02-19,54.91156768798828,78.13999938964844,78.95999908447266,77.55000305175781,77.63999938964844,8740000
2014-02-20,54.75696563720703,77.91999816894531,78.44000244140625,77.5,77.95999908447266,8275200
2014-02-21,54.7921028137207,77.97000122070312,78.88999938964844,77.91000366210938,78.05000305175781,8089200
2014-02-24,54.71480941772461,77.86000061035156,78.7699966430664,77.61000061035156,78.02999877929688,7838700
2014-02-25,54.89753341674805,78.12000274658203,78.30999755859375,77.4000015258789,77.7300033569336,8177500
2014-02-26,54.71480941772461,77.86000061035156,78.7699966430664,77.81999969482422,78.2300033569336,7764700
2014-02-27,54.94669723510742,78.19000244140625,78.2300033569336,77.55999755859375,77.7699966430664,6549800
2014-02-28,55.27699661254883,78.66000366210938,78.91000366210938,78.01000213623047,78.23999786376953,8489600
2014-03-03,54.44775390625,77.4800033569336,78.41000366210938,77.3499984741211,78.26000213623047,8598600
2014-03-04,55.129417419433594,78.44999694824219,78.72000122070312,77.9000015258789,78.08999633789062,8306900
2014-03-05,54.68670654296875,77.81999969482422,78.41000366210938,77.55000305175781,78.31999969482422,8542300
2014-03-06,54.8553466796875,78.05999755859375,78.44000244140625,77.83999633789062,78.04000091552734,6475600
2014-03-07,55.080238342285156,78.37999725341797,78.5999984741211,78.11000061035156,78.41000366210938,5865400
2014-03-10,55.185646057128906,78.52999877929688,78.56999969482422,78.19999694824219,78.29000091552734,5229900
2014-03-11,55.48078918457031,78.94999694824219,79.38999938964844,78.56999969482422,78.58999633789062,6595800
2014-03-12,55.68456268310547,79.23999786376953,79.44999694824219,78.62000274658203,78.66000366210938,7469300
2014-03-13,55.64942932128906,79.19000244140625,79.76000213623047,79.19000244140625,79.31999969482422,9676600
2014-03-14,55.50185012817383,78.9800033569336,79.2300033569336,78.66999816894531,79.0999984741211,14850700
2014-03-17,56.1062126159668,79.83999633789062,79.94999694824219,79.0199966430664,79.0199966430664,8452100
2014-03-18,56.057044982910156,79.7699966430664,80.08000183105469,79.51000213623047,79.83999633789062,7703200
2014-03-19,55.36131286621094,78.77999877929688,79.91000366210938,78.51000213623047,79.68000030517578,8607200
2014-03-20,55.03806686401367,78.31999969482422,78.93000030517578,78.1500015258789,78.69999694824219,8659500
2014-03-21,54.728878021240234,77.87999725341797,79.75,77.87999725341797,79.04000091552734,21244400
2014-03-24,55.72674560546875,79.30000305175781,79.83000183105469,78.47000122070312,78.5,11221600
2014-03-25,56.08514404296875,79.80999755859375,79.98999786376953,79.44000244140625,79.5199966430664,8892500
2014-03-26,55.8672981262207,79.5,80.18000030517578,79.33000183105469,80.02999877929688,8269800
2014-03-27,55.972679138183594,79.6500015258789,80.43000030517578,79.37999725341797,79.55000305175781,8134100
2014-03-28,56.05001449584961,79.76000213623047,80.31999969482422,79.5199966430664,79.94000244140625,6413500
2014-03-31,56.640296936035156,80.5999984741211,80.83000183105469,79.55000305175781,80.0,8492800
2014-04-01,56.457557678222656,80.33999633789062,80.83999633789062,80.20999908447266,80.5999984741211,8222300
2014-04-02,56.310028076171875,80.12999725341797,80.33000183105469,79.80000305175781,80.19000244140625,6741800
2014-04-03,56.2889404296875,80.0999984741211,80.58000183105469,79.93000030517578,80.27999877929688,5646000
2014-04-04,56.057044982910156,79.7699966430664,80.55999755859375,79.75,80.47000122070312,8649600
2014-04-07,56.5629997253418,80.48999786376953,81.06999969482422,79.93000030517578,80.0199966430664,13229000
2014-04-08,57.16733932495117,81.3499984741211,81.37999725341797,80.0199966430664,80.51000213623047,11880700
2014-04-09,57.265716552734375,81.48999786376953,82.23999786376953,81.31999969482422,81.80000305175781,11550700
2014-04-10,56.98463439941406,81.08999633789062,82.12999725341797,80.88999938964844,81.58000183105469,12194300
2014-04-11,56.75273132324219,80.76000213623047,81.66000366210938,80.5,80.9800033569336,11831400
2014-04-14,56.78786849975586,80.80999755859375,81.19999694824219,80.51000213623047,81.0,7105600
2014-04-15,56.808963775634766,80.83999633789062,81.08999633789062,80.5199966430664,80.79000091552734,9000800
2014-04-16,57.378143310546875,81.6500015258789,81.87999725341797,81.02999877929688,81.27999877929688,8300700
2014-04-17,57.45547103881836,81.76000213623047,81.88999938964844,81.33999633789062,81.47000122070312,8374700
2014-04-21,57.314918518066406,81.55999755859375,81.80999755859375,81.29000091552734,81.80999755859375,6391000
2014-04-22,57.097076416015625,81.25,81.66999816894531,81.1500015258789,81.54000091552734,9259100
2014-04-23,56.922821044921875,80.36000061035156,80.72000122070312,79.37999725341797,80.72000122070312,9577500
2014-04-24,57.482418060302734,81.1500015258789,81.37999725341797,80.01000213623047,80.26000213623047,9523200
2014-04-25,57.66658020019531,81.41000366210938,81.58000183105469,80.97000122070312,81.19999694824219,7497400
2014-04-28,58.750362396240234,82.94000244140625,82.9800033569336,81.51000213623047,81.54000091552734,11595100
2014-04-29,58.39617156982422,82.44000244140625,82.94999694824219,82.36000061035156,82.75,7214300
2014-04-30,58.47410583496094,82.55000305175781,82.75,82.23999786376953,82.38999938964844,6243300
2014-05-01,58.32534408569336,82.33999633789062,82.47000122070312,81.76000213623047,82.38999938964844,5305000
2014-05-02,58.02782440185547,81.91999816894531,82.5999984741211,81.75,82.22000122070312,6629200
2014-05-05,57.87199020385742,81.69999694824219,81.87999725341797,81.47000122070312,81.63999938964844,4563600
2014-05-06,57.46825408935547,81.12999725341797,81.76000213623047,81.12000274658203,81.76000213623047,4591300
2014-05-07,58.14824676513672,82.08999633789062,82.13999938964844,81.41999816894531,81.44999694824219,6639500
2014-05-08,58.197837829589844,82.16000366210938,82.31999969482422,81.81999969482422,82.05999755859375,4631200
2014-05-09,58.360755920410156,82.38999938964844,82.80000305175781,82.13999938964844,82.19999694824219,7303500
2014-05-12,57.89324188232422,81.7300033569336,82.70999908447266,81.70999908447266,82.61000061035156,7859000
2014-05-13,57.808265686035156,81.61000061035156,81.9800033569336,81.41999816894531,81.94000244140625,6540200
2014-05-14,57.4965705871582,81.16999816894531,81.91000366210938,81.12000274658203,81.73999786376953,6867200
2014-05-15,57.04323196411133,80.52999877929688,81.37000274658203,80.44000244140625,81.25,9402100
2014-05-16,56.90155792236328,80.33000183105469,80.76000213623047,80.0,80.62999725341797,11558900
2014-05-19,56.61824035644531,79.93000030517578,80.05000305175781,79.54000091552734,80.01000213623047,6068100
2014-05-20,56.830745697021484,80.2300033569336,80.58000183105469,79.97000122070312,80.0199966430664,7057200
2014-05-21,57.014915466308594,80.48999786376953,80.66999816894531,80.0199966430664,80.33999633789062,6339800
2014-05-22,57.128238677978516,80.6500015258789,80.66999816894531,80.05000305175781,80.37000274658203,5561100
2014-05-23,57.036163330078125,80.5199966430664,80.8499984741211,80.4000015258789,80.51000213623047,4472600
2014-05-27,56.7244758605957,80.08000183105469,80.58000183105469,80.05000305175781,80.55000305175781,7003800
2014-05-28,56.73866271972656,80.0999984741211,80.27999877929688,80.0199966430664,80.02999877929688,4201400
2014-05-29,56.95115661621094,80.4000015258789,80.4000015258789,80.08000183105469,80.0999984741211,3886800
2014-05-30,57.22740936279297,80.79000091552734,80.8499984741211,80.16999816894531,80.25,7433000
2014-06-02,56.922821044921875,80.36000061035156,80.66999816894531,80.29000091552734,80.66000366210938,4331700
2014-06-03,56.61824035644531,79.93000030517578,80.30000305175781,79.5999984741211,80.04000091552734,6970600
2014-06-04,56.56865310668945,79.86000061035156,80.22000122070312,79.63999938964844,80.0,5427700
2014-06-05,56.7457275390625,80.11000061035156,80.30999755859375,79.97000122070312,80.11000061035156,5787700
2014-06-06,56.68906784057617,80.02999877929688,80.23999786376953,79.81999969482422,80.08999633789062,5520500
2014-06-09,56.73155975341797,80.08999633789062,80.23999786376953,79.8499984741211,79.91000366210938,6352500
2014-06-10,56.774085998535156,80.1500015258789,80.30000305175781,80.0,80.02999877929688,5658400
2014-06-11,56.710304260253906,80.05999755859375,80.30000305175781,79.87999725341797,80.05000305175781,7453700
2014-06-12,56.49781799316406,79.76000213623047,80.02999877929688,79.69000244140625,79.81999969482422,6526800
2014-06-13,56.412811279296875,79.63999938964844,79.94000244140625,79.5,79.7300033569336,5214000
2014-06-16,56.448219299316406,79.69000244140625,79.94000244140625,79.11000061035156,79.5199966430664,5334600
2014-06-17,56.37028884887695,79.58000183105469,79.79000091552734,79.3499984741211,79.61000061035156,5337300
2014-06-18,56.51906204223633,79.79000091552734,79.94000244140625,79.12999725341797,79.44000244140625,9614200
2014-06-19,56.83781814575195,80.23999786376953,80.56999969482422,79.80000305175781,79.8499984741211,12485100
2014-06-20,56.61824035644531,79.93000030517578,80.5,79.83000183105469,80.44000244140625,11659900
2014-06-23,56.32780838012695,79.5199966430664,80.05999755859375,79.36000061035156,80.05999755859375,6938900
2014-06-24,55.966556549072266,79.01000213623047,79.44000244140625,78.91999816894531,79.41999816894531,8157300
2014-06-25,56.186134338378906,79.31999969482422,79.36000061035156,78.6500015258789,79.04000091552734,12569300
2014-06-26,55.69032287597656,78.62000274658203,79.29000091552734,78.58999633789062,79.23999786376953,7258800
2014-06-27,55.97361373901367,79.0199966430664,79.19000244140625,78.5199966430664,78.5999984741211,8974900
2014-06-30,55.669044494628906,78.58999633789062,79.45999908447266,78.43000030517578,79.01000213623047,10297700
2014-07-01,56.157814025878906,79.27999877929688,79.41000366210938,78.51000213623047,78.87000274658203,8421200
2014-07-02,56.35612869262695,79.55999755859375,79.86000061035156,79.44000244140625,79.55999755859375,6276600
2014-07-03,56.6536750793457,79.9800033569336,80.13999938964844,79.63999938964844,79.93000030517578,5501100
2014-07-07,56.80238723754883,80.19000244140625,80.19999694824219,79.66000366210938,79.75,6673600
2014-07-08,57.06447982788086,80.55999755859375,80.8499984741211,79.91000366210938,80.02999877929688,9150200
2014-07-09,57.85076141357422,81.66999816894531,81.80000305175781,80.5,80.66000366210938,12113100
2014-07-10,57.808265686035156,81.61000061035156,81.91000366210938,81.19000244140625,81.2699966430664,8786500
2014-07-11,57.48948669433594,81.16000366210938,81.56999969482422,81.0,81.05999755859375,7519300
2014-07-14,57.60281753540039,81.31999969482422,81.73999786376953,81.30000305175781,81.36000061035156,6802000
2014-07-15,57.56033706665039,81.26000213623047,81.5199966430664,81.08999633789062,81.51000213623047,9637600
2014-07-16,57.79167938232422,80.94000244140625,81.19999694824219,80.75,80.9000015258789,8940500
2014-07-17,57.40610885620117,80.4000015258789,81.22000122070312,80.38999938964844,80.98999786376953,5844700
2014-07-18,57.513221740722656,80.55000305175781,80.75,80.16000366210938,80.55000305175781,6502400
2014-07-21,57.32041549682617,80.27999877929688,80.4000015258789,79.94999694824219,80.33000183105469,4434300
2014-07-22,57.19190979003906,80.0999984741211,80.58000183105469,79.7699966430664,80.29000091552734,6073200
2014-07-23,57.11336135864258,79.98999786376953,80.5,79.81999969482422,80.33000183105469,5891200
2014-07-24,57.3061637878418,80.26000213623047,80.31999969482422,79.8499984741211,80.12000274658203,6273100
2014-07-25,56.80632781982422,79.55999755859375,80.16000366210938,79.37000274658203,80.0199966430664,6293400
2014-07-28,56.592140197753906,79.26000213623047,79.62000274658203,78.8499984741211,79.41000366210938,6757300
2014-07-29,56.1566047668457,78.6500015258789,79.5,78.6500015258789,79.08999633789062,6419600
2014-07-30,55.806739807128906,78.16000366210938,79.01000213623047,78.13999938964844,78.69999694824219,8296500
2014-07-31,55.20696258544922,77.31999969482422,78.01000213623047,77.29000091552734,77.76000213623047,11235600
2014-08-01,56.8705940246582,79.6500015258789,80.66999816894531,78.83000183105469,79.25,18110700
2014-08-04,56.563560485839844,79.22000122070312,79.45999908447266,78.66000366210938,79.45999908447266,12075300
2014-08-05,56.6992301940918,79.41000366210938,79.73999786376953,78.9800033569336,78.98999786376953,7995900
2014-08-06,57.89875793457031,81.08999633789062,81.30000305175781,79.2699966430664,79.4000015258789,12839000
2014-08-07,57.22043991088867,80.13999938964844,81.18000030517578,80.01000213623047,81.0199966430664,7904000
2014-08-08,57.79880142211914,80.94999694824219,81.02999877929688,80.04000091552734,80.05000305175781,6215600
2014-08-11,58.1772346496582,81.4800033569336,81.87000274658203,81.02999877929688,81.2300033569336,8188000
2014-08-12,58.134403228759766,81.41999816894531,81.86000061035156,81.20999908447266,81.5,6591200
2014-08-13,58.1772346496582,81.4800033569336,81.80000305175781,81.11000061035156,81.63999938964844,5472200
2014-08-14,58.51279830932617,81.94999694824219,82.04000091552734,81.44000244140625,81.58999633789062,5930700
2014-08-15,58.39141845703125,81.77999877929688,82.2300033569336,81.18000030517578,82.2300033569336,7418400
2014-08-18,58.86266326904297,82.44000244140625,82.8499984741211,81.80999755859375,81.98999786376953,8450500
2014-08-19,59.04118728637695,82.69000244140625,82.87000274658203,82.12000274658203,82.3499984741211,6867700
2014-08-20,59.126853942871094,82.80999755859375,82.94000244140625,82.45999908447266,82.45999908447266,4581800
2014-08-21,59.46245193481445,83.27999877929688,83.47000122070312,82.69000244140625,82.80000305175781,7099800
2014-08-22,59.540977478027344,83.38999938964844,83.66000366210938,83.13999938964844,83.16000366210938,6978500
2014-08-25,59.648101806640625,83.54000091552734,83.81999969482422,83.30999755859375,83.73999786376953,5586800
2014-08-26,59.53382110595703,83.37999725341797,83.83000183105469,83.33000183105469,83.61000061035156,5188400
2014-08-27,59.483856201171875,83.30999755859375,83.5999984741211,83.16000366210938,83.43000030517578,4248300
2014-08-28,59.28395080566406,83.02999877929688,83.22000122070312,82.76000213623047,83.0199966430664,4278700
2014-08-29,59.34105682373047,83.11000061035156,83.12999725341797,82.5999984741211,83.08999633789062,4901300
2014-09-02,59.24824142456055,82.9800033569336,83.48999786376953,82.70999908447266,83.20999908447266,5528900
2014-09-03,59.191104888916016,82.9000015258789,83.4800033569336,82.7699966430664,83.26000213623047,5851800
2014-09-04,59.76231002807617,83.69999694824219,83.75,82.77999877929688,82.91999816894531,7444200
2014-09-05,59.812294006347656,83.7699966430664,83.80000305175781,83.06999969482422,83.44000244140625,5888900
2014-09-08,59.49102020263672,83.31999969482422,83.5999984741211,83.12999725341797,83.56999969482422,4899600
2014-09-09,59.255393981933594,82.98999786376953,83.29000091552734,82.83000183105469,83.05000305175781,5202900
2014-09-10,59.7194938659668,83.63999938964844,83.95999908447266,83.1500015258789,83.19999694824219,6715300
2014-09-11,59.61240005493164,83.48999786376953,83.75,83.37000274658203,83.61000061035156,6341600
2014-09-12,59.44818115234375,83.26000213623047,83.37999725341797,82.86000061035156,83.20999908447266,6358500
2014-09-15,59.883705139160156,83.87000274658203,84.25,83.13999938964844,83.18000030517578,7004700
2014-09-16,60.03365707397461,84.08000183105469,84.44999694824219,83.55999755859375,83.58000183105469,7143800
2014-09-17,60.09076690673828,84.16000366210938,84.5,83.93000030517578,84.0199966430664,8273800
2014-09-18,60.11219787597656,84.19000244140625,84.44000244140625,84.06999969482422,84.18000030517578,5309200
2014-09-19,60.312103271484375,84.47000122070312,84.7699966430664,84.18000030517578,84.5199966430664,11377700
2014-09-22,60.554874420166016,84.80999755859375,84.94999694824219,84.48999786376953,84.63999938964844,8397100
2014-09-23,60.290679931640625,84.44000244140625,84.91999816894531,84.44000244140625,84.6500015258789,7723500
2014-09-24,60.86189651489258,85.23999786376953,85.4000015258789,84.33000183105469,84.33000183105469,11694700
2014-09-25,60.212162017822266,84.33000183105469,85.12999725341797,84.33000183105469,85.0199966430664,8212300
2014-09-26,60.39064407348633,84.58000183105469,84.73999786376953,83.86000061035156,84.54000091552734,5478000
2014-09-29,60.290679931640625,84.44000244140625,84.47000122070312,83.66000366210938,84.11000061035156,6360000
2014-09-30,59.7908821105957,83.73999786376953,84.36000061035156,83.68000030517578,84.33999633789062,8074700
2014-10-01,59.36249923706055,83.13999938964844,84.04000091552734,83.02999877929688,84.0199966430664,9024700
2014-10-02,59.298213958740234,83.05000305175781,83.97000122070312,82.94999694824219,83.0999984741211,8858400
2014-10-03,59.826602935791016,83.79000091552734,83.94999694824219,82.87999725341797,83.44000244140625,6701500
2014-10-06,59.66950988769531,83.56999969482422,83.94000244140625,83.19000244140625,83.56999969482422,5656500
2014-10-07,59.37676239013672,83.16000366210938,83.91999816894531,83.12000274658203,83.37999725341797,7378200
2014-10-08,60.105072021484375,84.18000030517578,84.27999877929688,83.20999908447266,83.33999633789062,8107100
2014-10-09,59.73375701904297,83.66000366210938,84.87999725341797,83.52999877929688,84.20999908447266,7765700
2014-10-10,60.469207763671875,84.69000244140625,85.27999877929688,83.91000366210938,83.94999694824219,13732400
2014-10-13,59.52671432495117,83.37000274658203,84.47000122070312,83.30999755859375,84.30999755859375,10066100
2014-10-14,59.65522384643555,83.55000305175781,83.91000366210938,83.02999877929688,83.91000366210938,8210300
2014-10-15,59.226810455322266,82.94999694824219,83.58000183105469,81.76000213623047,82.58999633789062,13283200
2014-10-16,58.7198486328125,82.23999786376953,82.80000305175781,81.56999969482422,81.6500015258789,11310200
2014-10-17,59.45530319213867,83.2699966430664,83.4800033569336,82.02999877929688,82.94999694824219,11786600
2014-10-20,60.105072021484375,84.18000030517578,84.33000183105469,82.83000183105469,83.25,8558100
2014-10-21,60.41206741333008,84.61000061035156,84.63999938964844,83.66000366210938,84.47000122070312,12389600
2014-10-22,60.60200881958008,84.2300033569336,84.58999633789062,83.91999816894531,84.05999755859375,9747600
2014-10-23,59.882537841796875,83.2300033569336,84.33000183105469,82.30000305175781,84.26000213623047,14292100
2014-10-24,61.2711181640625,85.16000366210938,85.97000122070312,84.91000366210938,85.0999984741211,13465600
2014-10-27,61.83951187133789,85.94999694824219,86.4800033569336,84.83000183105469,84.95999908447266,10316600
2014-10-28,62.21365737915039,86.47000122070312,86.6500015258789,86.16999816894531,86.19999694824219,9437700
2014-10-29,62.26401901245117,86.54000091552734,86.66999816894531,85.91000366210938,86.66999816894531,6880600
2014-10-30,62.551815032958984,86.94000244140625,87.0,85.66999816894531,86.16000366210938,5560300
2014-10-31,62.78923797607422,87.2699966430664,87.36000061035156,86.70999908447266,87.08000183105469,9359800
2014-11-03,62.868404388427734,87.37999725341797,87.38999938964844,86.19999694824219,86.66000366210938,7789500
2014-11-04,63.77491760253906,88.63999938964844,88.87000274658203,87.44000244140625,87.48999786376953,10594800
2014-11-05,64.0339584350586,89.0,89.48999786376953,88.36000061035156,88.73999786376953,8462000
2014-11-06,63.96198654174805,88.9000015258789,89.19999694824219,88.56999969482422,89.08000183105469,6628900
2014-11-07,64.12747192382812,89.12999725341797,89.19999694824219,88.25,88.73999786376953,5975700
2014-11-10,64.35770416259766,89.44999694824219,89.5,88.26000213623047,88.91999816894531,5927100
2014-11-11,64.51598358154297,89.66999816894531,89.79000091552734,89.16999816894531,89.37999725341797,6343900
2014-11-12,64.3792953491211,89.4800033569336,89.87999725341797,89.41999816894531,89.5999984741211,6298700
2014-11-13,63.74614715576172,88.5999984741211,89.83999633789062,88.45999908447266,88.94000244140625,10191600
2014-11-14,63.39361572265625,88.11000061035156,88.88999938964844,87.93000030517578,88.69999694824219,7559400
2014-11-17,63.199363708496094,87.83999633789062,88.18000030517578,87.37000274658203,88.0,9475800
2014-11-18,63.27845764160156,87.94999694824219,88.18000030517578,87.48999786376953,88.0199966430664,6419400
2014-11-19,63.839691162109375,88.7300033569336,88.87000274658203,87.93000030517578,88.23999786376953,6570400
2014-11-20,63.65261459350586,88.47000122070312,88.80000305175781,88.33000183105469,88.33000183105469,5527600
2014-11-21,63.74614715576172,88.5999984741211,89.43000030517578,88.45999908447266,89.26000213623047,8984100
2014-11-24,63.39361572265625,88.11000061035156,88.88999938964844,87.86000061035156,88.87999725341797,5569200
2014-11-25,63.890052795410156,88.80000305175781,88.81999969482422,88.08000183105469,88.36000061035156,6439700
2014-11-26,63.94760513305664,88.87999725341797,88.87999725341797,88.44999694824219,88.83000183105469,4420000
2014-11-28,65.06282043457031,90.43000030517578,90.55999755859375,88.97000122070312,89.08999633789062,7661800
2014-12-01,64.81098937988281,90.08000183105469,90.66999816894531,89.5199966430664,90.16999816894531,6745100
2014-12-02,65.52327728271484,91.06999969482422,91.16999816894531,90.12000274658203,90.44000244140625,7432900
2014-12-03,64.75342559814453,90.0,90.97000122070312,89.63999938964844,90.83999633789062,6465600
2014-12-04,65.17072296142578,90.58000183105469,90.94000244140625,90.0999984741211,90.5,6406700
2014-12-05,65.02684020996094,90.37999725341797,90.41999816894531,89.20999908447266,90.31999969482422,6383400
2014-12-08,65.30020141601562,90.76000213623047,91.0,90.31999969482422,90.33999633789062,4721900
2014-12-09,65.26428985595703,90.70999908447266,90.77999877929688,89.87000274658203,90.47000122070312,5704000
2014-12-10,64.75342559814453,90.0,91.0999984741211,89.95999908447266,90.94999694824219,6293300
2014-12-11,65.04841613769531,90.41000366210938,91.27999877929688,89.9800033569336,90.0,6468700
2014-12-12,64.42967987060547,89.55000305175781,90.97000122070312,89.52999877929688,90.01000213623047,6574600
2014-12-15,64.1778335571289,89.19999694824219,90.5999984741211,89.02999877929688,89.69999694824219,6511900
2014-12-16,64.29295349121094,89.36000061035156,90.95999908447266,88.37999725341797,89.13999938964844,8773800
2014-12-17,65.257080078125,90.69999694824219,91.16000366210938,89.4000015258789,89.55999755859375,7412700
2014-12-18,66.1924057006836,92.0,92.0,90.55000305175781,91.01000213623047,8724500
2014-12-19,66.22837829589844,92.05000305175781,92.7300033569336,91.76000213623047,92.1500015258789,14037800
2014-12-22,66.62409210205078,92.5999984741211,92.7300033569336,92.0,92.0999984741211,7157100
2014-12-23,67.12054443359375,93.29000091552734,93.4800033569336,92.69999694824219,92.73999786376953,5610600
2014-12-24,67.01262664794922,93.13999938964844,93.88999938964844,93.13999938964844,93.5,2403000
2014-12-26,67.24285125732422,93.45999908447266,93.80999755859375,93.05999755859375,93.1500015258789,3148700
2014-12-29,66.65287017822266,92.63999938964844,93.43000030517578,92.5,93.12000274658203,4657700
2014-12-30,66.48019409179688,92.4000015258789,92.81999969482422,92.0999984741211,92.25,4730000
2014-12-31,65.53766632080078,91.08999633789062,92.55000305175781,91.02999877929688,92.04000091552734,5712100
2015-01-02,65.07001495361328,90.44000244140625,91.0,89.91999816894531,90.83999633789062,7251400
2015-01-05,64.7606430053711,90.01000213623047,91.0,89.8499984741211,90.2300033569336,8626100
2015-01-06,64.46564483642578,89.5999984741211,90.55999755859375,89.26000213623047,90.30999755859375,7791200
2015-01-07,64.80380249023438,90.06999969482422,90.37000274658203,89.55999755859375,89.94000244140625,5986600
2015-01-08,65.54484558105469,91.0999984741211,91.2300033569336,90.12999725341797,90.4800033569336,6823300
2015-01-09,64.93327331542969,90.25,91.18000030517578,90.12000274658203,91.18000030517578,4872800
2015-01-12,64.6958999633789,89.91999816894531,90.62000274658203,89.51000213623047,90.4800033569336,5250900
2015-01-13,64.96928405761719,90.30000305175781,91.5,89.7699966430664,90.77999877929688,6727100
2015-01-14,64.74623107910156,89.98999786376953,90.16000366210938,89.43000030517578,89.7300033569336,6418200
2015-01-15,64.65269470214844,89.86000061035156,90.5,89.33999633789062,90.48999786376953,6768200
2015-01-16,65.65277099609375,91.25,91.33999633789062,89.87000274658203,89.94999694824219,8815700
2015-01-20,65.60962677001953,91.19000244140625,91.79000091552734,90.5,91.25,9869900
2015-01-21,65.74295043945312,90.7300033569336,91.19000244140625,89.62999725341797,90.4000015258789,6974500
2015-01-22,66.3878402709961,91.62000274658203,91.69000244140625,89.87000274658203,91.04000091552734,7211200
2015-01-23,65.2719497680664,90.08000183105469,91.19000244140625,89.94999694824219,91.16999816894531,6745700
2015-01-26,64.90965270996094,89.58000183105469,89.94999694824219,88.73999786376953,89.94999694824219,9371700
2015-01-27,62.670623779296875,86.48999786376953,87.20999908447266,86.0199966430664,87.0999984741211,14417400
2015-01-28,61.69967269897461,85.1500015258789,86.91000366210938,85.01000213623047,86.62999725341797,14033400
2015-01-29,62.07645797729492,85.66999816894531,86.11000061035156,85.1500015258789,85.77999877929688,12054500
2015-01-30,61.076507568359375,84.29000091552734,85.22000122070312,84.25,85.08999633789062,14685300
2015-02-02,61.677940368652344,85.12000274658203,85.13999938964844,83.68000030517578,84.58000183105469,10278700
2015-02-03,62.27935791015625,85.94999694824219,86.0,85.12000274658203,85.94999694824219,10747900
2015-02-04,62.163421630859375,85.79000091552734,86.4800033569336,85.55000305175781,85.88999938964844,9212800
2015-02-05,62.82280731201172,86.69999694824219,86.77999877929688,86.0999984741211,86.23999786376953,6531300
2015-02-06,62.032989501953125,85.61000061035156,86.61000061035156,85.1500015258789,86.55999755859375,8429800
2015-02-09,61.62721633911133,85.05000305175781,85.43000030517578,84.58999633789062,85.30999755859375,8811500
2015-02-10,61.87358093261719,85.38999938964844,85.56999969482422,84.81999969482422,85.33000183105469,7059300
2015-02-11,62.05472946166992,85.63999938964844,86.19999694824219,85.1500015258789,85.94999694824219,7184600
2015-02-12,62.33731460571289,86.02999877929688,86.1500015258789,85.41000366210938,86.05999755859375,6074600
2015-02-13,62.243106842041016,85.9000015258789,86.1500015258789,85.5,86.02999877929688,6272000
2015-02-17,61.946044921875,85.48999786376953,86.05999755859375,85.0,86.05999755859375,10310400
2015-02-18,62.50398635864258,86.26000213623047,86.38999938964844,85.5199966430664,85.76000213623047,8132300
2015-02-19,61.74312973022461,85.20999908447266,86.30000305175781,85.05000305175781,86.11000061035156,7271600
2015-02-20,61.496761322021484,84.87000274658203,85.05000305175781,84.19000244140625,84.94999694824219,9581300
2015-02-23,61.87358093261719,85.38999938964844,85.5,84.6500015258789,84.95999908447266,7919200
2015-02-24,61.95328140258789,85.5,85.73999786376953,85.01000213623047,85.51000213623047,6502200
2015-02-25,61.924278259277344,85.45999908447266,85.80000305175781,85.23999786376953,85.69999694824219,5975800
2015-02-26,61.71416473388672,85.16999816894531,85.76000213623047,84.88999938964844,85.41999816894531,7964500
2015-02-27,61.685176849365234,85.12999725341797,85.37999725341797,84.56999969482422,85.0199966430664,7685000
2015-03-02,61.8880729675293,85.41000366210938,85.41000366210938,84.83999633789062,85.12999725341797,7235200
2015-03-03,61.70691680908203,85.16000366210938,85.44000244140625,84.54000091552734,85.3499984741211,6095600
2015-03-04,61.1200065612793,84.3499984741211,85.23999786376953,84.20999908447266,85.04000091552734,7370000
2015-03-05,61.322879791259766,84.62999725341797,84.76000213623047,84.08999633789062,84.62000274658203,5914200
2015-03-06,59.89540100097656,82.66000366210938,84.37000274658203,82.37000274658203,84.33999633789062,11338700
2015-03-09,60.207000732421875,83.08999633789062,83.20999908447266,82.68000030517578,82.79000091552734,7326700
2015-03-10,59.08388137817383,81.54000091552734,82.87999725341797,81.54000091552734,82.47000122070312,9681400
2015-03-11,58.97517013549805,81.38999938964844,81.77999877929688,80.80999755859375,81.52999877929688,10066600
2015-03-12,59.48238754272461,82.08999633789062,82.12000274658203,81.51000213623047,81.58999633789062,6951100
2015-03-13,59.29400634765625,81.83000183105469,82.27999877929688,81.1500015258789,81.9800033569336,7492500
2015-03-16,60.54756164550781,83.55999755859375,83.94999694824219,81.98999786376953,82.08000183105469,15618300
2015-03-17,60.03308868408203,82.8499984741211,83.37000274658203,82.43000030517578,83.36000061035156,7509300
2015-03-18,60.685245513916016,83.75,84.05000305175781,82.0199966430664,82.86000061035156,12607900
2015-03-19,60.41712188720703,83.37999725341797,83.75,83.12000274658203,83.45999908447266,9257500
2015-03-20,61.40258026123047,84.73999786376953,84.79000091552734,83.7699966430664,83.98999786376953,22580300
2015-03-23,61.48956298828125,84.86000061035156,85.05000305175781,84.36000061035156,84.37000274658203,9891100
2015-03-24,60.808406829833984,83.91999816894531,85.11000061035156,83.87000274658203,84.88999938964844,7478800
2015-03-25,60.1490364074707,83.01000213623047,84.37000274658203,82.86000061035156,84.37000274658203,8482200
2015-03-26,59.525882720947266,82.1500015258789,82.61000061035156,81.94999694824219,82.58000183105469,7311600
2015-03-27,59.64181900024414,82.30999755859375,82.54000091552734,81.98999786376953,82.08000183105469,6440600
2015-03-30,59.93889236450195,82.72000122070312,82.94999694824219,82.1500015258789,82.62999725341797,6416800
2015-03-31,59.37371063232422,81.94000244140625,82.93000030517578,81.94000244140625,82.76000213623047,8649700
2015-04-01,59.64907455444336,82.31999969482422,82.44999694824219,81.44999694824219,82.44000244140625,7395300
2015-04-02,59.72877502441406,82.43000030517578,82.58999633789062,81.91999816894531,82.16999816894531,6169800
2015-04-06,60.1707649230957,83.04000091552734,83.2300033569336,81.51000213623047,81.91999816894531,6856300
2015-04-07,59.69978332519531,82.38999938964844,83.29000091552734,82.33000183105469,82.93000030517578,6329900
2015-04-08,59.97512435913086,82.7699966430664,83.18000030517578,82.2699966430664,82.30000305175781,6523400
2015-04-09,60.062076568603516,82.88999938964844,82.94999694824219,82.01000213623047,82.62999725341797,6185000
2015-04-10,60.3953971862793,83.3499984741211,83.62999725341797,82.72000122070312,82.80000305175781,7001700
2015-04-13,60.4533576965332,83.43000030517578,83.94999694824219,82.94000244140625,83.0,8290500
2015-04-14,60.576541900634766,83.5999984741211,83.87999725341797,83.05000305175781,83.38999938964844,6792600
2015-04-15,60.511329650878906,83.51000213623047,84.19999694824219,83.4800033569336,83.8499984741211,7006400
2015-04-16,60.504093170166016,83.5,84.06999969482422,83.3499984741211,83.55999755859375,7615900
2015-04-17,59.80121994018555,82.52999877929688,83.22000122070312,82.02999877929688,83.0,9533800
2015-04-20,60.0475959777832,82.87000274658203,83.9800033569336,82.80000305175781,83.08999633789062,7416000
2015-04-21,60.19976043701172,83.08000183105469,83.80000305175781,82.9000015258789,83.38999938964844,7696400
2015-04-22,60.207000732421875,83.08999633789062,83.33999633789062,82.5999984741211,83.22000122070312,6753100
2015-04-23,59.128135681152344,80.94999694824219,82.0999984741211,80.9000015258789,81.41999816894531,14569500
2015-04-24,59.1646614074707,81.0,81.52999877929688,80.9000015258789,81.04000091552734,8785500
2015-04-27,58.87249755859375,80.5999984741211,81.19999694824219,80.47000122070312,80.91000366210938,9192300
2015-04-28,58.74102020263672,80.41999816894531,80.81999969482422,80.19000244140625,80.7300033569336,8395500
2015-04-29,58.32469177246094,79.8499984741211,80.30999755859375,79.72000122070312,80.0,11858500
2015-04-30,58.07632827758789,79.51000213623047,80.1500015258789,79.06999969482422,79.94999694824219,9409300
2015-05-01,58.64606857299805,80.29000091552734,80.31999969482422,79.62999725341797,79.76000213623047,8193000
2015-05-04,58.68990707397461,80.3499984741211,80.97000122070312,80.30000305175781,80.4800033569336,7203800
2015-05-05,58.4853630065918,80.06999969482422,80.6500015258789,79.77999877929688,80.5,6589400
2015-05-06,58.72643280029297,80.4000015258789,80.58000183105469,79.5199966430664,80.33999633789062,7335700
2015-05-07,58.5803337097168,80.19999694824219,80.55000305175781,80.0,80.37000274658203,7224300
2015-05-08,59.13546371459961,80.95999908447266,81.20999908447266,80.81999969482422,80.88999938964844,6929400
2015-05-11,58.63145446777344,80.2699966430664,80.98999786376953,80.26000213623047,80.94999694824219,5237800
2015-05-12,58.39771270751953,79.94999694824219,80.29000091552734,79.36000061035156,80.02999877929688,6305800
2015-05-13,58.215118408203125,79.69999694824219,80.58999633789062,79.55000305175781,80.16000366210938,6459900
2015-05-14,58.850608825683594,80.56999969482422,80.69000244140625,80.08999633789062,80.11000061035156,5634200
2015-05-15,59.201202392578125,81.05000305175781,81.12000274658203,80.7300033569336,80.83000183105469,7454800
2015-05-18,58.97475814819336,80.73999786376953,81.12999725341797,80.5,80.97000122070312,5590800
2015-05-19,59.04051971435547,80.83000183105469,80.94999694824219,80.33000183105469,80.75,5729500
2015-05-20,58.784847259521484,80.4800033569336,81.0,80.44999694824219,80.93000030517578,5487000
2015-05-21,58.73373031616211,80.41000366210938,80.58000183105469,79.83999633789062,80.16999816894531,6054700
2015-05-22,58.39771270751953,79.94999694824219,80.4000015258789,79.91999816894531,80.23999786376953,6003600
2015-05-26,57.80607986450195,79.13999938964844,80.06999969482422,78.94000244140625,79.97000122070312,6698300
2015-05-27,57.98868179321289,79.38999938964844,79.94000244140625,79.08999633789062,79.22000122070312,8094600
2015-05-28,57.94486618041992,79.33000183105469,79.44999694824219,79.0199966430664,79.43000030517578,5803400
2015-05-29,57.258262634277344,78.38999938964844,79.23999786376953,78.19000244140625,79.18000030517578,12551700
2015-06-01,57.594242095947266,78.8499984741211,79.06999969482422,78.2699966430664,78.6500015258789,7588000
2015-06-02,57.36783218383789,78.54000091552734,78.72000122070312,78.16999816894531,78.45999908447266,7380800
2015-06-03,57.38241958618164,78.55999755859375,78.93000030517578,78.2699966430664,78.91000366210938,5985800
2015-06-04,57.082950592041016,78.1500015258789,78.83999633789062,78.05999755859375,78.41000366210938,7714600
2015-06-05,56.557064056396484,77.43000030517578,78.12000274658203,77.37000274658203,78.04000091552734,9439700
2015-06-08,56.761558532714844,77.70999908447266,77.9800033569336,77.0999984741211,77.4800033569336,10916200
2015-06-09,57.630775451660156,78.9000015258789,79.33000183105469,77.81999969482422,77.97000122070312,11528900
2015-06-10,58.09825134277344,79.54000091552734,79.79000091552734,79.01000213623047,79.2300033569336,9483500
2015-06-11,58.00326919555664,79.41000366210938,79.93000030517578,79.23999786376953,79.93000030517578,7633300
2015-06-12,57.60884094238281,78.87000274658203,79.31999969482422,78.56999969482422,79.16999816894531,6508600
2015-06-15,57.06105041503906,78.12000274658203,78.45999908447266,77.93000030517578,78.33000183105469,7527900
2015-06-16,57.77686309814453,79.0999984741211,79.5999984741211,78.54000091552734,79.5999984741211,8285700
2015-06-17,58.49269485473633,80.08000183105469,80.19000244140625,79.16000366210938,79.19999694824219,9305800
2015-06-18,59.033206939697266,80.81999969482422,81.22000122070312,80.30000305175781,80.33000183105469,10712500
2015-06-19,58.82867431640625,80.54000091552734,81.19999694824219,80.4800033569336,80.70999908447266,15598800
2015-06-22,58.762943267822266,80.44999694824219,81.18000030517578,80.33000183105469,80.91999816894531,6907900
2015-06-23,58.280853271484375,79.79000091552734,80.44999694824219,79.62000274658203,80.33000183105469,7190600
2015-06-24,58.07632827758789,79.51000213623047,79.8499984741211,79.5,79.80000305175781,8843700
2015-06-25,57.98868179321289,79.38999938964844,79.9000015258789,79.38999938964844,79.70999908447266,5855700
2015-06-26,57.95215606689453,79.33999633789062,79.73999786376953,79.27999877929688,79.54000091552734,7703200
2015-06-29,57.2071418762207,78.31999969482422,79.37000274658203,78.26000213623047,78.94999694824219,7966200
2015-06-30,57.14868927001953,78.23999786376953,79.01000213623047,78.12999725341797,78.91999816894531,8451400
2015-07-01,58.22974395751953,79.72000122070312,79.7699966430664,78.12000274658203,78.38999938964844,8868000
2015-07-02,58.38312530517578,79.93000030517578,80.3499984741211,79.7699966430664,80.01000213623047,6602500
2015-07-06,58.470760345458984,80.05000305175781,80.22000122070312,79.5,79.61000061035156,6601200
2015-07-07,59.690589904785156,81.72000122070312,81.83000183105469,80.05999755859375,80.05999755859375,11690400
2015-07-08,59.157371520996094,80.98999786376953,81.69000244140625,80.88999938964844,81.20999908447266,6724700
2015-07-09,58.91633605957031,80.66000366210938,82.0,80.5199966430664,81.75,10419800
2015-07-10,59.128135681152344,80.94999694824219,81.36000061035156,80.76000213623047,81.2300033569336,6892500
2015-07-13,59.829383850097656,81.91000366210938,82.04000091552734,81.33999633789062,81.5199966430664,7332900
2015-07-14,59.92433547973633,82.04000091552734,82.45999908447266,81.9800033569336,82.04000091552734,6119500
2015-07-15,60.004676818847656,82.1500015258789,82.31999969482422,81.83999633789062,81.91000366210938,6673700
2015-07-16,60.114253997802734,82.30000305175781,82.55000305175781,82.0999984741211,82.44999694824219,6623400
2015-07-17,60.07040786743164,82.23999786376953,82.37999725341797,81.5999984741211,81.88999938964844,5827300
2015-07-20,60.03389358520508,82.19000244140625,82.3499984741211,82.0,82.08999633789062,5012900
2015-07-21,59.62480926513672,81.62999725341797,82.12999725341797,81.37000274658203,82.01000213623047,7512400
2015-07-22,59.52398681640625,80.83000183105469,81.30000305175781,80.66999816894531,81.02999877929688,6106400
2015-07-23,59.42822265625,80.69999694824219,80.88999938964844,80.13999938964844,80.83000183105469,5380900
2015-07-24,59.12629699707031,80.29000091552734,80.7300033569336,80.2300033569336,80.51000213623047,5660800
2015-07-27,58.89065170288086,79.97000122070312,80.06999969482422,79.43000030517578,79.83000183105469,8613600
2015-07-28,59.08210754394531,80.2300033569336,80.66000366210938,79.91000366210938,80.13999938964844,8649900
2015-07-29,59.36930847167969,80.62000274658203,80.98999786376953,80.16000366210938,80.26000213623047,8921500
2015-07-30,56.99071502685547,77.38999938964844,79.4800033569336,77.1500015258789,79.4000015258789,22067800
2015-07-31,56.48258590698242,76.69999694824219,77.73999786376953,76.66000366210938,77.62999725341797,11877200
2015-08-03,56.26164627075195,76.4000015258789,77.08999633789062,76.01000213623047,76.51000213623047,9511300
2015-08-04,55.90083694458008,75.91000366210938,76.33999633789062,75.75,76.02999877929688,13369100
2015-08-05,55.79772186279297,75.7699966430664,76.54000091552734,75.75,76.05000305175781,10895400
2015-08-06,55.775638580322266,75.73999786376953,76.01000213623047,75.25,76.01000213623047,9353300
2015-08-07,55.58416748046875,75.4800033569336,75.72000122070312,75.33999633789062,75.58999633789062,10045400
2015-08-10,56.246925354003906,76.37999725341797,76.5,75.80000305175781,75.94999694824219,9165900
2015-08-11,56.129112243652344,76.22000122070312,76.44999694824219,75.80999755859375,76.04000091552734,7491900
2015-08-12,56.25430679321289,76.38999938964844,76.43000030517578,75.33999633789062,75.88999938964844,10397700
2015-08-13,55.80508804321289,75.77999877929688,76.51000213623047,75.62999725341797,76.48999786376953,5948000
2015-08-14,55.687278747558594,75.62000274658203,75.80999755859375,75.37999725341797,75.73999786376953,5586900
2015-08-17,55.620994567871094,75.52999877929688,75.80999755859375,74.75,75.80999755859375,8683900
2015-08-18,55.32644271850586,75.12999725341797,75.80000305175781,75.0,75.58000183105469,7445900
2015-08-19,54.5826530456543,74.12000274658203,74.93000030517578,74.0199966430664,74.93000030517578,9865300
2015-08-20,54.42801284790039,73.91000366210938,74.72000122070312,73.45999908447266,73.75,10696500
2015-08-21,52.90363693237305,71.83999633789062,73.9000015258789,71.83000183105469,73.55000305175781,15763900
2015-08-24,50.915348052978516,69.13999938964844,71.06999969482422,65.0199966430664,68.56999969482422,23696300
2015-08-25,50.385128021240234,68.41999816894531,72.2300033569336,68.30000305175781,72.18000030517578,21476900
2015-08-26,52.21141052246094,70.9000015258789,71.0,68.94999694824219,69.9000015258789,17464700
2015-08-27,52.63853073120117,71.4800033569336,71.75,70.0199966430664,71.4000015258789,13434000
2015-08-28,52.43970489501953,71.20999908447266,71.2699966430664,70.58999633789062,71.16999816894531,10020000
2015-08-31,52.04204559326172,70.66999816894531,71.0,70.30000305175781,71.0,9520900
2015-09-01,50.73860549926758,68.9000015258789,69.87999725341797,68.5199966430664,69.37000274658203,15437700
2015-09-02,51.40871810913086,69.80999755859375,69.8499984741211,69.22000122070312,69.6500015258789,8903700
2015-09-03,51.49709701538086,69.93000030517578,70.45999908447266,69.69999694824219,70.18000030517578,8468300
2015-09-04,50.63549041748047,68.76000213623047,69.27999877929688,68.5,69.27999877929688,11497500
2015-09-08,51.53392791748047,69.9800033569336,70.44000244140625,69.55999755859375,70.30999755859375,9182300
2015-09-09,50.42930603027344,68.4800033569336,70.54000091552734,68.37000274658203,70.44000244140625,11070600
2015-09-10,50.31148147583008,68.31999969482422,68.94999694824219,67.75,68.12000274658203,12591100
2015-09-11,50.385128021240234,68.41999816894531,68.51000213623047,67.7300033569336,68.05999755859375,11291400
2015-09-14,50.1200065612793,68.05999755859375,68.30000305175781,67.33000183105469,68.2300033569336,9712800
2015-09-15,51.14362716674805,69.44999694824219,69.73999786376953,67.9000015258789,68.0199966430664,11043700
2015-09-16,51.62229537963867,70.0999984741211,70.36000061035156,69.69999694824219,70.12000274658203,8704200
2015-09-17,51.72538757324219,70.23999786376953,71.2699966430664,69.86000061035156,70.0,11029600
2015-09-18,51.50446701049805,69.94000244140625,70.77999877929688,69.37000274658203,69.44000244140625,18210200
2015-09-21,52.02730178833008,70.6500015258789,70.87999725341797,70.01000213623047,70.1500015258789,7742800
2015-09-22,51.688568115234375,70.19000244140625,70.6500015258789,69.9800033569336,70.05999755859375,10207800
2015-09-23,51.740116119384766,70.26000213623047,70.48999786376953,69.95999908447266,70.18000030517578,6294200
2015-09-24,52.550174713134766,71.36000061035156,71.58000183105469,69.73999786376953,69.81999969482422,13423500
2015-09-25,53.51485824584961,72.66999816894531,73.37999725341797,71.94999694824219,72.38999938964844,15080700
2015-09-28,52.85211181640625,71.7699966430664,72.66999816894531,71.75,72.30999755859375,9207300
2015-09-29,53.227657318115234,72.27999877929688,72.41000366210938,71.3499984741211,71.7699966430664,9033300
2015-09-30,52.977291107177734,71.94000244140625,73.05999755859375,71.55000305175781,72.86000061035156,11041900
2015-10-01,52.98463439941406,71.94999694824219,72.18000030517578,71.4000015258789,71.76000213623047,8547600
2015-10-02,53.33075714111328,72.41999816894531,72.41999816894531,71.29000091552734,71.36000061035156,9085600
2015-10-05,53.91989517211914,73.22000122070312,73.43000030517578,72.5,72.97000122070312,9187700
2015-10-06,54.05244827270508,73.4000015258789,73.77999877929688,72.58999633789062,73.33999633789062,8851500
2015-10-07,54.28807830810547,73.72000122070312,73.87000274658203,73.31999969482422,73.72000122070312,8013200
2015-10-08,54.788848876953125,74.4000015258789,74.44000244140625,73.48999786376953,73.68000030517578,6856600
2015-10-09,54.847755432128906,74.4800033569336,74.91000366210938,74.31999969482422,74.58999633789062,6880100
2015-10-12,54.737281799316406,74.33000183105469,74.76000213623047,73.91000366210938,74.69000244140625,6255900
2015-10-13,54.575279235839844,74.11000061035156,74.27999877929688,73.66000366210938,74.23999786376953,8390200
2015-10-14,54.648929595947266,74.20999908447266,74.61000061035156,73.9000015258789,74.20999908447266,8479200
2015-10-15,54.69310760498047,74.2699966430664,74.83999633789062,74.02999877929688,74.63999938964844,8607400
2015-10-16,55.15706253051758,74.9000015258789,75.04000091552734,74.33999633789062,74.72000122070312,9578900
2015-10-19,55.34852600097656,75.16000366210938,75.19000244140625,74.52999877929688,74.6500015258789,7292200
2015-10-20,54.810935974121094,74.43000030517578,75.05000305175781,74.16000366210938,74.87000274658203,8531900
2015-10-21,54.67942428588867,73.58999633789062,74.54000091552734,73.5,73.75,8302100
2015-10-22,55.61564636230469,74.8499984741211,75.61000061035156,73.61000061035156,73.86000061035156,14080900
2015-10-23,57.23544692993164,77.02999877929688,78.44999694824219,76.30999755859375,76.76000213623047,16451200
2015-10-26,57.57721710205078,77.48999786376953,77.9000015258789,77.0,77.0,11464700
2015-10-27,57.42861557006836,77.29000091552734,77.36000061035156,76.80999755859375,77.12000274658203,9423400
2015-10-28,56.84905242919922,76.51000213623047,77.54000091552734,75.69000244140625,77.38999938964844,10178400
2015-10-29,57.227989196777344,77.0199966430664,77.19000244140625,76.23999786376953,76.75,8230700
2015-10-30,56.752464294433594,76.37999725341797,77.13999938964844,76.37999725341797,76.9800033569336,9547700
2015-11-02,56.915931701660156,76.5999984741211,76.7699966430664,76.05000305175781,76.56999969482422,7152900
2015-11-03,57.250301361083984,77.05000305175781,77.41999816894531,75.95999908447266,76.30000305175781,8013200
2015-11-04,57.25773239135742,77.05999755859375,77.13999938964844,76.51000213623047,77.02999877929688,6375400
2015-11-05,56.759891510009766,76.38999938964844,77.26000213623047,75.95999908447266,77.08999633789062,6860900
2015-11-06,56.15061950683594,75.56999969482422,76.0,74.69000244140625,75.87999725341797,9483500
2015-11-09,56.02431106567383,75.4000015258789,75.62999725341797,74.93000030517578,75.19000244140625,8607200
2015-11-10,56.29920959472656,75.7699966430664,76.23999786376953,75.2300033569336,75.37999725341797,6551000
2015-11-11,56.44039535522461,75.95999908447266,76.43000030517578,75.91999816894531,76.0199966430664,5295900
2015-11-12,55.4744758605957,74.66000366210938,76.01000213623047,74.66000366210938,75.66999816894531,7678600
2015-11-13,54.9543342590332,73.95999908447266,74.9800033569336,73.94999694824219,74.63999938964844,8468800
2015-11-16,55.95000076293945,75.30000305175781,75.33000183105469,74.01000213623047,74.25,7410600
2015-11-17,55.77909469604492,75.06999969482422,76.01000213623047,74.87000274658203,75.33000183105469,8761800
2015-11-18,56.39582061767578,75.9000015258789,75.95999908447266,74.80999755859375,74.9800033569336,6447100
2015-11-19,56.63359451293945,76.22000122070312,76.95999908447266,76.0199966430664,76.13999938964844,7899500
2015-11-20,56.33637237548828,75.81999969482422,76.86000061035156,75.68000030517578,76.55000305175781,9533200
2015-11-23,56.447845458984375,75.97000122070312,76.05999755859375,75.4000015258789,75.81999969482422,9421300
2015-11-24,56.804473876953125,76.44999694824219,76.69000244140625,75.61000061035156,75.62000274658203,7086800
2015-11-25,56.39582061767578,75.9000015258789,76.73999786376953,75.87999725341797,76.52999877929688,4266500
2015-11-27,56.2472038269043,75.69999694824219,76.37000274658203,75.5,75.88999938964844,2390100
2015-11-30,55.608192443847656,74.83999633789062,75.80999755859375,74.83999633789062,75.58000183105469,8935700
2015-12-01,56.42555236816406,75.94000244140625,76.22000122070312,74.87000274658203,74.87000274658203,8391700
2015-12-02,56.314090728759766,75.79000091552734,76.45999908447266,75.6500015258789,75.7300033569336,8104200
2015-12-03,56.27692794799805,75.73999786376953,76.19999694824219,75.16999816894531,75.83000183105469,11177800
2015-12-04,57.82986068725586,77.83000183105469,77.9000015258789,75.91999816894531,75.9800033569336,11961000
2015-12-07,58.23109436035156,78.37000274658203,78.5,77.54000091552734,77.54000091552734,9460000
2015-12-08,57.77040481567383,77.75,78.5,77.3499984741211,77.68000030517578,8312700
2015-12-09,57.73324966430664,77.69999694824219,78.98999786376953,77.44000244140625,77.5999984741211,10081900
2015-12-10,57.80012512207031,77.79000091552734,78.54000091552734,77.56999969482422,77.91000366210938,8984200
2015-12-11,57.7927131652832,77.77999877929688,78.33000183105469,77.11000061035156,77.51000213623047,12280500
2015-12-14,58.17166519165039,78.29000091552734,78.52999877929688,77.44000244140625,77.62999725341797,12179000
2015-12-15,59.2044563293457,79.68000030517578,80.0,78.4800033569336,78.70999908447266,14113400
2015-12-16,60.17784118652344,80.98999786376953,81.2300033569336,79.80000305175781,79.9800033569336,14102600
2015-12-17,59.65771484375,80.29000091552734,81.02999877929688,80.19999694824219,80.9800033569336,9864200
2015-12-18,58.05277633666992,78.12999725341797,80.12000274658203,78.12999725341797,79.94999694824219,21342100
2015-12-21,58.66204833984375,78.94999694824219,78.9800033569336,78.1500015258789,78.62999725341797,9105800
2015-12-22,59.144996643066406,79.5999984741211,79.75,78.87999725341797,79.16000366210938,9872200
2015-12-23,59.38277053833008,79.91999816894531,80.43000030517578,79.5,79.94999694824219,8254600
2015-12-24,59.286197662353516,79.79000091552734,80.1500015258789,79.5999984741211,79.66000366210938,2498000
2015-12-28,59.38277053833008,79.91999816894531,79.97000122070312,79.47000122070312,79.73999786376953,4150000
2015-12-29,59.709716796875,80.36000061035156,80.61000061035156,79.8499984741211,80.22000122070312,4406100
2015-12-30,59.49424362182617,80.06999969482422,80.5,80.0,80.45999908447266,3793200
2015-12-31,59.003849029541016,79.41000366210938,80.04000091552734,79.30999755859375,79.91000366210938,5077700
2016-01-04,58.23109436035156,78.37000274658203,78.5,77.54000091552734,78.36000061035156,11529800
2016-01-05,58.41685485839844,78.62000274658203,78.95999908447266,78.20999908447266,78.44000244140625,8133700
2016-01-06,57.852134704589844,77.86000061035156,78.29000091552734,77.12000274658203,77.66999816894531,9551000
2016-01-07,57.34688949584961,77.18000030517578,77.5999984741211,76.06999969482422,76.8499984741211,11973900
2016-01-08,56.447845458984375,75.97000122070312,77.4800033569336,75.66999816894531,77.36000061035156,9676400
2016-01-11,56.96796417236328,76.66999816894531,77.04000091552734,75.5999984741211,76.16999816894531,10209200
2016-01-12,56.84905242919922,76.51000213623047,77.0199966430664,75.75,77.0,8774700
2016-01-13,56.35865020751953,75.8499984741211,76.98999786376953,75.79000091552734,76.97000122070312,9310100
2016-01-14,56.581573486328125,76.1500015258789,76.94999694824219,75.87999725341797,76.0999984741211,12835100
2016-01-15,55.71224594116211,74.9800033569336,75.68000030517578,74.47000122070312,74.5,17023900
2016-01-19,57.01253128051758,76.7300033569336,76.91000366210938,75.72000122070312,75.80000305175781,13457300
2016-01-20,56.83489990234375,75.83000183105469,76.08999633789062,74.45999908447266,75.29000091552734,17795000
2016-01-21,57.501949310302734,76.72000122070312,77.18000030517578,75.41000366210938,76.0199966430664,12712900
2016-01-22,57.98163604736328,77.36000061035156,77.97000122070312,76.55000305175781,77.4000015258789,9465800
2016-01-25,57.599388122558594,76.8499984741211,77.36000061035156,76.55999755859375,77.19999694824219,9870400
2016-01-26,59.06840896606445,78.80999755859375,79.58000183105469,77.54000091552734,78.0,16374800
2016-01-27,59.06093215942383,78.80000305175781,79.8499984741211,78.1500015258789,78.52999877929688,10816100
2016-01-28,59.825439453125,79.81999969482422,80.0,78.61000061035156,79.4000015258789,9895100
2016-01-29,61.22699737548828,81.69000244140625,82.0,79.83000183105469,79.9800033569336,19895000
2016-02-01,60.79978561401367,81.12000274658203,81.4000015258789,80.52999877929688,81.20999908447266,9657200
2016-02-02,60.12522506713867,80.22000122070312,80.54000091552734,79.80999755859375,80.08999633789062,9116400
2016-02-03,60.784786224365234,81.0999984741211,81.23999786376953,80.0199966430664,80.4800033569336,10149600
2016-02-04,60.48497772216797,80.69999694824219,81.0999984741211,80.33000183105469,80.8499984741211,8295100
2016-02-05,60.859745025634766,81.19999694824219,81.19999694824219,80.56999969482422,80.58000183105469,9957600
2016-02-08,61.92404556274414,82.62000274658203,82.72000122070312,80.29000091552734,80.29000091552734,16530200
2016-02-09,61.93902587890625,82.63999938964844,83.0,81.0199966430664,81.83000183105469,14308900
2016-02-10,61.174530029296875,81.62000274658203,83.0,81.45999908447266,82.91000366210938,10585400
2016-02-11,59.88539505004883,79.9000015258789,80.98999786376953,79.62999725341797,80.38999938964844,12343900
2016-02-12,60.70233917236328,80.98999786376953,81.0199966430664,79.79000091552734,80.36000061035156,9306100
2016-02-16,61.06209945678711,81.47000122070312,81.98999786376953,80.83999633789062,81.98999786376953,9352600
2016-02-17,61.79661178588867,82.44999694824219,82.83000183105469,81.51000213623047,81.6500015258789,10892900
2016-02-18,61.44437026977539,81.9800033569336,82.31999969482422,81.20999908447266,82.2300033569336,7702600
2016-02-19,61.30196762084961,81.79000091552734,82.26000213623047,81.4000015258789,81.95999908447266,7709600
2016-02-22,61.5567512512207,82.12999725341797,82.66999816894531,81.70999908447266,81.79000091552734,6916500
2016-02-23,61.316932678222656,81.80999755859375,82.45999908447266,81.61000061035156,82.0,5840600
2016-02-24,61.12954330444336,81.55999755859375,81.63999938964844,80.66000366210938,81.26000213623047,6759800
2016-02-25,61.71417999267578,82.33999633789062,82.33999633789062,81.47000122070312,81.69999694824219,6789700
2016-02-26,60.784786224365234,81.0999984741211,82.6500015258789,80.94999694824219,82.5199966430664,9281100
2016-02-29,60.17769241333008,80.29000091552734,81.3499984741211,80.20999908447266,81.0999984741211,11065300
2016-03-01,60.882225036621094,81.2300033569336,81.36000061035156,80.52999877929688,80.54000091552734,9483900
2016-03-02,61.87156295776367,82.55000305175781,82.66000366210938,80.8499984741211,81.58000183105469,12096600
2016-03-03,62.088932037353516,82.83999633789062,82.93000030517578,82.18000030517578,82.54000091552734,8747100
2016-03-04,62.576087951660156,83.48999786376953,83.73999786376953,82.26000213623047,82.62000274658203,9406700
2016-03-07,62.28376007080078,83.0999984741211,83.69999694824219,83.0,83.18000030517578,6792400
2016-03-08,62.2537956237793,83.05999755859375,83.75,82.66999816894531,82.97000122070312,7788400
2016-03-09,62.17886734008789,82.95999908447266,83.69000244140625,82.68000030517578,83.30000305175781,8954800
2016-03-10,61.669193267822266,82.27999877929688,83.2300033569336,81.75,83.12999725341797,10385600
2016-03-11,61.271968841552734,81.75,82.80000305175781,81.44000244140625,82.75,11109500
2016-03-14,60.83725357055664,81.16999816894531,81.8499984741211,80.68000030517578,81.56999969482422,12389300
2016-03-15,60.94217300415039,81.30999755859375,81.45999908447266,80.76000213623047,81.0,9297800
2016-03-16,60.96464538574219,81.33999633789062,81.80000305175781,80.4800033569336,81.30999755859375,9490300
2016-03-17,62.021453857421875,82.75,83.2300033569336,81.27999877929688,81.29000091552734,12061500
2016-03-18,62.3212890625,83.1500015258789,83.5,82.44000244140625,82.86000061035156,33635200
2016-03-21,62.44869613647461,83.31999969482422,83.87000274658203,82.91000366210938,83.12000274658203,8625600
2016-03-22,62.01395034790039,82.73999786376953,83.31999969482422,82.48999786376953,83.27999877929688,7205900
2016-03-23,62.07392883300781,82.81999969482422,83.48999786376953,82.58000183105469,82.72000122070312,5594600
2016-03-24,62.126407623291016,82.88999938964844,83.12000274658203,82.43000030517578,82.45999908447266,6645700
2016-03-28,61.92404556274414,82.62000274658203,83.44999694824219,82.5199966430664,82.98999786376953,4988500
2016-03-29,62.0589599609375,82.80000305175781,83.08999633789062,82.16000366210938,82.66000366210938,6731400
2016-03-30,61.968990325927734,82.68000030517578,83.36000061035156,82.6500015258789,83.08999633789062,6925400
2016-03-31,61.691680908203125,82.30999755859375,83.0,82.1500015258789,82.75,6819200
2016-04-01,62.60607147216797,83.52999877929688,83.62000274658203,81.93000030517578,82.0,8028600
2016-04-04,62.36622619628906,83.20999908447266,83.6500015258789,83.02999877929688,83.6500015258789,5593400
2016-04-05,62.32876205444336,83.16000366210938,83.55999755859375,82.98999786376953,83.16000366210938,5259100
2016-04-06,62.81592559814453,83.80999755859375,83.83999633789062,83.08000183105469,83.13999938964844,6292100
2016-04-07,62.38871765136719,83.23999786376953,83.68000030517578,82.87000274658203,83.23999786376953,6655900
2016-04-08,62.35873794555664,83.19999694824219,83.44999694824219,82.7699966430664,83.44000244140625,5453000
2016-04-11,62.00648880004883,82.7300033569336,83.33999633789062,82.66000366210938,83.02999877929688,7081500
2016-04-12,62.0814323425293,82.83000183105469,83.20999908447266,82.44999694824219,82.70999908447266,7081600
2016-04-13,61.80412673950195,82.45999908447266,83.43000030517578,81.83999633789062,83.05000305175781,11738600
2016-04-14,61.970359802246094,82.01000213623047,82.37000274658203,81.54000091552734,81.94999694824219,6904400
2016-04-15,62.18949890136719,82.30000305175781,82.43000030517578,81.8499984741211,82.05000305175781,7299300
2016-04-18,62.5899772644043,82.83000183105469,82.98999786376953,82.0199966430664,82.30000305175781,5628000
2016-04-19,62.930030822753906,83.27999877929688,83.69999694824219,82.8499984741211,82.91000366210938,6606100
2016-04-20,61.622764587402344,81.55000305175781,83.33999633789062,81.4800033569336,83.29000091552734,9124200
2016-04-21,61.05602264404297,80.80000305175781,81.30999755859375,80.55000305175781,81.04000091552734,8802100
2016-04-22,61.16936492919922,80.94999694824219,80.94999694824219,79.91000366210938,80.4000015258789,8027700
2016-04-25,61.51695251464844,81.41000366210938,81.4800033569336,80.41999816894531,80.91999816894531,7672800
2016-04-26,60.1114616394043,79.55000305175781,81.5,79.20999908447266,81.5,13742300
2016-04-27,60.36836624145508,79.88999938964844,80.1500015258789,79.0999984741211,79.47000122070312,7689700
2016-04-28,60.270118713378906,79.76000213623047,80.2699966430664,79.38999938964844,79.4800033569336,7615900
2016-04-29,60.54217529296875,80.12000274658203,80.1500015258789,79.37000274658203,79.66999816894531,9391000
2016-05-02,61.18449020385742,80.97000122070312,81.30000305175781,80.0199966430664,80.0199966430664,7862600
2016-05-03,61.28273010253906,81.0999984741211,81.69999694824219,80.69000244140625,80.80000305175781,7617500
2016-05-04,61.6605224609375,81.5999984741211,81.7699966430664,80.87000274658203,80.87000274658203,7365900
2016-05-05,61.433837890625,81.30000305175781,82.08999633789062,80.91999816894531,81.5999984741211,6399500
2016-05-06,62.06101608276367,82.12999725341797,82.25,81.16999816894531,81.41999816894531,6297200
2016-05-09,62.0534782409668,82.12000274658203,82.7300033569336,81.97000122070312,82.20999908447266,6718800
2016-05-10,62.325504302978516,82.4800033569336,82.68000030517578,82.12000274658203,82.1500015258789,6222400
2016-05-11,62.076141357421875,82.1500015258789,82.88999938964844,82.12999725341797,82.5,5975000
2016-05-12,62.272621154785156,82.41000366210938,82.73999786376953,82.11000061035156,82.4800033569336,4925000
2016-05-13,61.380950927734375,81.2300033569336,82.41999816894531,81.0,82.41999816894531,6579000
2016-05-16,61.683189392089844,81.62999725341797,81.88999938964844,80.75,81.01000213623047,6497200
2016-05-17,60.91999053955078,80.62000274658203,82.05999755859375,80.33000183105469,81.63999938964844,10188200
2016-05-18,60.33816909790039,79.8499984741211,80.7699966430664,79.41000366210938,80.58999633789062,8344100
2016-05-19,60.595054626464844,80.19000244140625,80.22000122070312,79.44999694824219,79.63999938964844,6242500
2016-05-20,60.466609954833984,80.0199966430664,80.5,79.79000091552734,80.44000244140625,6526800
2016-05-23,60.60264587402344,80.19999694824219,80.33000183105469,79.8499984741211,80.05000305175781,5620600
2016-05-24,61.18449020385742,80.97000122070312,81.37999725341797,80.30000305175781,80.30000305175781,6293300
2016-05-25,61.569854736328125,81.4800033569336,81.7699966430664,81.01000213623047,81.08000183105469,6049800
2016-05-26,61.37338638305664,81.22000122070312,81.5999984741211,81.08999633789062,81.4800033569336,4622300
2016-05-27,61.53207778930664,81.43000030517578,81.66000366210938,81.16000366210938,81.2699966430664,4322200
2016-05-31,61.23735809326172,81.04000091552734,81.81999969482422,80.73999786376953,81.58000183105469,6705000
2016-06-01,61.80412673950195,81.79000091552734,81.80000305175781,80.86000061035156,80.94999694824219,6184100
2016-06-02,61.92500305175781,81.94999694824219,81.94999694824219,81.33000183105469,81.52999877929688,5186300
2016-06-03,62.31793212890625,82.47000122070312,82.48999786376953,81.77999877929688,81.93000030517578,6306700
2016-06-06,62.54463195800781,82.7699966430664,82.83000183105469,82.2300033569336,82.4000015258789,5292300
2016-06-07,62.2046012878418,82.31999969482422,82.88999938964844,82.25,82.76000213623047,6327500
2016-06-08,62.453956604003906,82.6500015258789,82.75,82.0199966430664,82.37000274658203,4712600
2016-06-09,62.84690475463867,83.16999816894531,83.26000213623047,82.43000030517578,82.58000183105469,6144900
2016-06-10,62.86956787109375,83.19999694824219,83.33999633789062,82.61000061035156,82.7699966430664,6840800
2016-06-13,62.39351272583008,82.56999969482422,83.4000015258789,82.52999877929688,82.95999908447266,6167400
2016-06-14,62.98291015625,83.3499984741211,83.37000274658203,82.2699966430664,82.55000305175781,6868600
2016-06-15,62.68064880371094,82.94999694824219,83.5,82.81999969482422,83.4000015258789,7082200
2016-06-16,63.028255462646484,83.41000366210938,83.61000061035156,82.66000366210938,82.66999816894531,6630100
2016-06-17,62.81669235229492,83.12999725341797,83.44000244140625,82.3499984741211,83.30999755859375,11741700
2016-06-20,62.74866485595703,83.04000091552734,83.69999694824219,83.02999877929688,83.5199966430664,6164300
2016-06-21,63.028255462646484,83.41000366210938,83.77999877929688,83.08999633789062,83.08999633789062,6594700
2016-06-22,63.1491584777832,83.56999969482422,83.76000213623047,83.29000091552734,83.5,4940100
2016-06-23,63.63278579711914,84.20999908447266,84.20999908447266,83.56999969482422,83.80999755859375,7361300
2016-06-24,62.15926742553711,82.26000213623047,83.81999969482422,81.98999786376953,82.61000061035156,12401100
2016-06-27,61.380950927734375,81.2300033569336,81.88999938964844,81.0,81.83000183105469,9601800
2016-06-28,62.310394287109375,82.45999908447266,82.48999786376953,80.94999694824219,81.44000244140625,9257100
2016-06-29,63.40606689453125,83.91000366210938,83.91000366210938,82.91000366210938,82.95999908447266,7927500
2016-06-30,63.98036193847656,84.66999816894531,84.80000305175781,83.81999969482422,83.91000366210938,10969300
2016-07-01,64.0634765625,84.77999877929688,84.98999786376953,84.51000213623047,84.5199966430664,9531100
2016-07-05,64.56219482421875,85.44000244140625,85.94999694824219,84.44999694824219,84.4800033569336,11403100
2016-07-06,64.25239562988281,85.02999877929688,85.5,84.73999786376953,85.37000274658203,8356500
2016-07-07,64.1012954711914,84.83000183105469,85.23999786376953,84.52999877929688,85.2300033569336,7905700
2016-07-08,64.81157684326172,85.7699966430664,85.9000015258789,84.7699966430664,84.9800033569336,6827300
2016-07-11,64.79646301269531,85.75,85.94999694824219,84.91000366210938,85.61000061035156,6156800
2016-07-12,64.79646301269531,85.75,85.94000244140625,85.19000244140625,85.48999786376953,6649800
2016-07-13,64.9022445678711,85.88999938964844,86.1500015258789,85.41000366210938,85.80999755859375,7572100
2016-07-14,64.88713836669922,85.87000274658203,86.88999938964844,85.8499984741211,86.44000244140625,11342600
2016-07-15,64.99291229248047,86.01000213623047,86.4800033569336,85.79000091552734,86.25,8491300
2016-07-18,64.93246459960938,85.93000030517578,86.05000305175781,85.69999694824219,86.0199966430664,4781300
2016-07-19,65.11383056640625,86.16999816894531,86.18000030517578,85.55999755859375,85.66999816894531,6078200
2016-07-20,64.97674560546875,85.31999969482422,85.7300033569336,85.12999725341797,85.37999725341797,6289000
2016-07-21,64.93103790283203,85.26000213623047,85.37000274658203,84.87999725341797,85.0199966430664,5407000
2016-07-22,65.2813949584961,85.72000122070312,85.9800033569336,85.44999694824219,85.5,6165600
2016-07-25,65.34229278564453,85.80000305175781,85.80000305175781,85.1500015258789,85.52999877929688,5605300
2016-07-26,64.93864440917969,85.2699966430664,86.08000183105469,85.16999816894531,85.68000030517578,5379300
2016-07-27,64.32179260253906,84.45999908447266,85.30000305175781,84.31999969482422,85.23999786376953,7744700
2016-07-28,64.58834838867188,84.80999755859375,84.9800033569336,84.4000015258789,84.41999816894531,5911600
2016-07-29,65.182373046875,85.58999633789062,85.79000091552734,84.80000305175781,84.88999938964844,7520900
2016-08-01,65.80687713623047,86.41000366210938,86.58000183105469,85.41999816894531,85.44000244140625,10420600
2016-08-02,66.07340240478516,86.76000213623047,87.1500015258789,86.23999786376953,87.0199966430664,13083200
2016-08-03,65.47175598144531,85.97000122070312,86.72000122070312,85.45999908447266,86.51000213623047,8192100
2016-08-04,65.53270721435547,86.05000305175781,86.52999877929688,85.80000305175781,86.12000274658203,5564100
2016-08-05,65.32707977294922,85.77999877929688,86.44000244140625,85.52999877929688,86.08000183105469,6729700
2016-08-08,65.31182098388672,85.76000213623047,85.9000015258789,85.12999725341797,85.61000061035156,5388200
2016-08-09,65.48698425292969,85.98999786376953,86.33999633789062,85.68000030517578,85.86000061035156,4158800
2016-08-10,65.73067474365234,86.30999755859375,86.81999969482422,86.0,86.26000213623047,5981400
2016-08-11,66.05054473876953,86.7300033569336,87.0,86.4000015258789,86.69999694824219,7387100
2016-08-12,66.28663635253906,87.04000091552734,87.44999694824219,86.77999877929688,86.91999816894531,8063400
2016-08-15,66.27140045166016,87.0199966430664,87.56999969482422,86.98999786376953,87.5199966430664,6871200
2016-08-16,65.93630981445312,86.58000183105469,87.4000015258789,86.47000122070312,86.9800033569336,8071100
2016-08-17,66.22571563720703,86.95999908447266,87.11000061035156,85.97000122070312,86.44999694824219,6762100
2016-08-18,66.59127807617188,87.44000244140625,87.45999908447266,86.94000244140625,86.94000244140625,7082800
2016-08-19,66.49226379394531,87.30999755859375,87.41000366210938,87.05000305175781,87.19999694824219,6199900
2016-08-22,66.14193725585938,86.8499984741211,87.20999908447266,86.58000183105469,87.13999938964844,5921100
2016-08-23,66.56079864501953,87.4000015258789,87.5,87.04000091552734,87.12999725341797,5420100
2016-08-24,66.49226379394531,87.30999755859375,87.44999694824219,86.55999755859375,87.31999969482422,5713300
2016-08-25,66.94159698486328,87.9000015258789,87.94000244140625,87.04000091552734,87.30000305175781,10595500
2016-08-26,66.6978759765625,87.58000183105469,88.5,87.16999816894531,87.87000274658203,16408200
2016-08-29,67.24622344970703,88.30000305175781,88.4000015258789,87.31999969482422,87.38999938964844,8934500
2016-08-30,66.66740417480469,87.54000091552734,88.30000305175781,87.45999908447266,87.72000122070312,11619400
2016-08-31,66.49226379394531,87.30999755859375,87.8499984741211,87.02999877929688,87.75,11407800
2016-09-01,67.25381469726562,88.30999755859375,88.30999755859375,86.9800033569336,87.36000061035156,29793300
2016-09-02,67.17005157470703,88.19999694824219,88.87000274658203,88.04000091552734,88.4800033569336,17470400
2016-09-06,67.50511932373047,88.63999938964844,88.63999938964844,87.87999725341797,88.25,14472100
2016-09-07,66.9796371459961,87.94999694824219,88.41000366210938,87.70999908447266,88.30999755859375,17556400
2016-09-08,66.85020446777344,87.77999877929688,88.18000030517578,87.62999725341797,87.94999694824219,23465700
2016-09-09,65.67738342285156,86.23999786376953,87.16999816894531,86.23999786376953,87.0999984741211,21955000
2016-09-12,67.20813751220703,88.25,88.37999725341797,85.95999908447266,86.04000091552734,16105700
2016-09-13,66.2942886352539,87.05000305175781,87.91000366210938,87.01000213623047,87.55000305175781,19682700
2016-09-14,66.26378631591797,87.01000213623047,87.5999984741211,86.87000274658203,87.12000274658203,25397900
2016-09-15,67.06343078613281,88.05999755859375,88.2699966430664,86.75,86.75,13833600
2016-09-16,67.05583953857422,88.05000305175781,88.11000061035156,87.30000305175781,87.62000274658203,23518300
2016-09-19,67.29952239990234,88.37000274658203,88.94999694824219,87.25,87.91999816894531,19173900
2016-09-20,67.4594497680664,88.58000183105469,88.94999694824219,88.18000030517578,88.5,33986500
2016-09-21,66.86544036865234,87.80000305175781,88.79000091552734,86.44000244140625,88.54000091552734,55409800
2016-09-22,67.77168273925781,88.98999786376953,89.30000305175781,87.7699966430664,87.7699966430664,52692700
2016-09-23,66.8349609375,87.76000213623047,88.94000244140625,87.48999786376953,88.62999725341797,48281400
2016-09-26,66.90351867675781,87.8499984741211,88.43000030517578,86.61000061035156,87.41999816894531,60276600
2016-09-27,67.29190063476562,88.36000061035156,88.80999755859375,87.66000366210938,88.05999755859375,65150800
2016-09-28,68.12963104248047,89.45999908447266,89.7300033569336,88.47000122070312,88.9800033569336,89806000
2016-09-29,67.19288635253906,88.2300033569336,89.2699966430664,87.54000091552734,89.16000366210938,74587500
2016-09-30,68.35047912597656,89.75,90.22000122070312,88.29000091552734,88.30000305175781,123735700
2016-10-03,67.52034759521484,88.66000366210938,89.44999694824219,88.41000366210938,89.3499984741211,26789500
2016-10-04,67.2842788696289,88.3499984741211,88.68000030517578,87.94999694824219,88.29000091552734,23317600
2016-10-05,67.66505432128906,88.8499984741211,89.0,88.20999908447266,88.4800033569336,64580300
2016-10-06,67.94686126708984,89.22000122070312,89.7300033569336,88.47000122070312,88.61000061035156,61462800
2016-10-07,68.54088592529297,90.0,90.05000305175781,88.30000305175781,89.01000213623047,20518800
2016-10-10,67.82501983642578,89.05999755859375,90.33000183105469,88.77999877929688,90.19000244140625,15492400
2016-10-11,67.4289779663086,88.54000091552734,89.12000274658203,88.19999694824219,88.83000183105469,11723100
2016-10-12,67.45184326171875,88.56999969482422,89.01000213623047,88.33000183105469,88.73999786376953,17118000
2016-10-13,67.20052337646484,88.23999786376953,88.56999969482422,87.5999984741211,88.05000305175781,11158100
2016-10-14,67.34523010253906,88.43000030517578,88.95999908447266,88.22000122070312,88.5,7369000
2016-10-17,66.8882827758789,87.83000183105469,88.6500015258789,87.70999908447266,88.43000030517578,7610600
2016-10-18,66.59886169433594,87.44999694824219,88.2699966430664,87.44000244140625,88.20999908447266,10749500
2016-10-19,65.64726257324219,85.54000091552734,86.81999969482422,85.44000244140625,86.6500015258789,12788800
2016-10-20,65.17912292480469,84.93000030517578,85.5199966430664,84.79000091552734,85.37999725341797,10175100
2016-10-21,64.71864318847656,84.33000183105469,84.86000061035156,84.23999786376953,84.41000366210938,13974100
2016-10-24,64.5420913696289,84.0999984741211,84.69999694824219,84.05999755859375,84.38999938964844,10573200
2016-10-25,66.74465942382812,86.97000122070312,88.08000183105469,86.97000122070312,87.48999786376953,20761200
2016-10-26,67.0746841430664,87.4000015258789,87.73999786376953,86.77999877929688,86.91000366210938,8464100
2016-10-27,66.44537353515625,86.58000183105469,87.5999984741211,86.44999694824219,87.51000213623047,6598300
2016-10-28,66.64492797851562,86.83999633789062,87.2300033569336,86.44999694824219,86.87000274658203,7021100
2016-10-31,66.61424255371094,86.80000305175781,87.47000122070312,86.69000244140625,87.01000213623047,8207100
2016-11-01,66.6526107788086,86.8499984741211,86.98999786376953,86.4800033569336,86.58000183105469,8564500
2016-11-02,66.56816864013672,86.73999786376953,87.41000366210938,86.55999755859375,86.7699966430664,7773200
2016-11-03,66.46073913574219,86.5999984741211,86.9800033569336,86.47000122070312,86.80000305175781,6899900
2016-11-04,65.29423522949219,85.08000183105469,86.7300033569336,85.06999969482422,86.69000244140625,9378100
2016-11-07,66.43002319335938,86.55999755859375,86.56999969482422,85.5999984741211,86.0199966430664,8878500
2016-11-08,67.12076568603516,87.45999908447266,87.69000244140625,86.58999633789062,86.7699966430664,7674600
2016-11-09,65.94652557373047,85.93000030517578,86.54000091552734,84.30999755859375,85.26000213623047,11972500
2016-11-10,63.66721725463867,82.95999908447266,85.69999694824219,82.18000030517578,85.51000213623047,22095000
2016-11-11,64.14306640625,83.58000183105469,84.05999755859375,82.6500015258789,82.66999816894531,8905700
2016-11-14,63.69792175292969,83.0,83.77999877929688,82.76000213623047,83.55999755859375,12862500
2016-11-15,64.17375183105469,83.62000274658203,84.58000183105469,82.87999725341797,84.58000183105469,9464000
2016-11-16,63.843753814697266,83.19000244140625,84.19999694824219,83.16999816894531,83.9800033569336,8542900
2016-11-17,63.75165557861328,83.06999969482422,83.5,82.93000030517578,83.2699966430664,9083700
2016-11-18,62.93050003051758,82.0,83.0999984741211,81.98999786376953,82.91999816894531,14565500
2016-11-21,63.421669006347656,82.63999938964844,82.75,81.70999908447266,82.0,11482100
2016-11-22,63.51374053955078,82.76000213623047,83.18000030517578,82.66000366210938,83.01000213623047,7426500
2016-11-23,63.45234298706055,82.68000030517578,82.93000030517578,82.5199966430664,82.58999633789062,7693300
2016-11-25,64.05097961425781,83.45999908447266,83.45999908447266,82.94999694824219,82.98999786376953,3882900
2016-11-28,63.75165557861328,83.06999969482422,83.36000061035156,82.76000213623047,83.12999725341797,6990100
2016-11-29,63.613494873046875,82.88999938964844,83.4800033569336,82.69000244140625,83.41999816894531,6183100
2016-11-30,63.283512115478516,82.45999908447266,82.83000183105469,82.26000213623047,82.5199966430664,12115500
2016-12-01,62.823028564453125,81.86000061035156,82.31999969482422,81.18000030517578,82.20999908447266,12516900
2016-12-02,63.23746109008789,82.4000015258789,82.68000030517578,82.06999969482422,82.3499984741211,9079400
2016-12-05,63.690277099609375,82.98999786376953,83.08000183105469,82.4800033569336,82.55999755859375,8597500
2016-12-06,63.62885284423828,82.91000366210938,83.25,82.61000061035156,83.23999786376953,7327200
2016-12-07,64.60350036621094,84.18000030517578,84.27999877929688,82.70999908447266,82.73999786376953,8567700
2016-12-08,64.0816650390625,83.5,84.18000030517578,83.5,83.79000091552734,7522800
2016-12-09,64.74933624267578,84.37000274658203,84.4000015258789,83.47000122070312,83.5199966430664,8004500
2016-12-12,65.33258819580078,85.12999725341797,85.18000030517578,84.20999908447266,84.20999908447266,7494100
2016-12-13,65.3709716796875,85.18000030517578,85.36000061035156,84.52999877929688,84.66999816894531,11795900
2016-12-14,64.74933624267578,84.37000274658203,85.73999786376953,84.16999816894531,85.29000091552734,12292200
2016-12-15,64.98723602294922,84.68000030517578,84.80000305175781,83.61000061035156,84.1500015258789,8768100
2016-12-16,64.98723602294922,84.68000030517578,85.12000274658203,84.1500015258789,84.9000015258789,21172400
2016-12-19,65.0102767944336,84.70999908447266,84.9800033569336,84.31999969482422,84.75,6431200
2016-12-20,64.90281677246094,84.56999969482422,84.70999908447266,84.19000244140625,84.56999969482422,7485400
2016-12-21,64.68026733398438,84.27999877929688,84.7300033569336,84.12000274658203,84.19000244140625,6099300
2016-12-22,64.82608795166016,84.47000122070312,84.61000061035156,83.87000274658203,84.0,7864800
2016-12-23,65.20213317871094,84.95999908447266,85.18000030517578,84.55000305175781,84.68000030517578,5284200
2016-12-27,64.92586517333984,84.5999984741211,84.94000244140625,84.41999816894531,84.9000015258789,3782600
2016-12-28,64.51908874511719,84.06999969482422,84.62999725341797,83.94999694824219,84.4000015258789,4298800
2016-12-29,64.73399353027344,84.3499984741211,84.48999786376953,84.0999984741211,84.23999786376953,3718300
2016-12-30,64.52678680419922,84.08000183105469,84.44999694824219,83.91999816894531,84.16999816894531,6209800
2017-01-03,64.61886596679688,84.19999694824219,84.38999938964844,83.5,83.87999725341797,8792700
2017-01-04,64.84910583496094,84.5,84.5999984741211,84.23999786376953,84.44999694824219,8096700
2017-01-05,65.27887725830078,85.05999755859375,85.43000030517578,84.37999725341797,84.41000366210938,6852400
2017-01-06,65.255859375,85.02999877929688,85.25,84.62000274658203,84.94000244140625,4799900
2017-01-09,64.77235412597656,84.4000015258789,84.66000366210938,83.75,84.05999755859375,11000600
2017-01-10,64.07401275634766,83.48999786376953,84.43000030517578,83.23999786376953,84.33999633789062,10918200
2017-01-11,64.27352142333984,83.75,83.75,83.27999877929688,83.38999938964844,9572300
2017-01-12,64.34259033203125,83.83999633789062,83.87999725341797,83.37000274658203,83.70999908447266,6545400
2017-01-13,64.47305297851562,84.01000213623047,84.0199966430664,83.44000244140625,83.8499984741211,6762800
2017-01-17,65.39400482177734,85.20999908447266,85.58000183105469,83.87999725341797,83.9000015258789,13145100
2017-01-18,65.69567108154297,84.93000030517578,85.30000305175781,84.58999633789062,84.80000305175781,10520400
2017-01-19,65.51777648925781,84.69999694824219,85.0,84.27999877929688,84.62999725341797,14074500
2017-01-20,67.64495849609375,87.44999694824219,87.9800033569336,86.41999816894531,86.88999938964844,22944400
2017-01-23,67.26591491699219,86.95999908447266,87.3499984741211,86.8499984741211,87.08999633789062,9408900
2017-01-24,67.96211242675781,87.86000061035156,87.94999694824219,87.22000122070312,87.22000122070312,8704700
2017-01-25,67.4206314086914,87.16000366210938,87.9000015258789,87.05999755859375,87.83999633789062,8082900
2017-01-26,66.98748016357422,86.5999984741211,87.2300033569336,86.58999633789062,87.12000274658203,6542300
2017-01-27,67.08027648925781,86.72000122070312,86.8499984741211,86.0199966430664,86.44999694824219,9332300
2017-01-30,67.1034927368164,86.75,86.86000061035156,86.5,86.77999877929688,7350000
2017-01-31,67.76100158691406,87.5999984741211,87.66000366210938,86.52999877929688,86.62999725341797,9712400
2017-02-01,67.5521240234375,87.33000183105469,87.58999633789062,86.75,87.02999877929688,8291000
2017-02-02,67.88473510742188,87.76000213623047,88.3499984741211,87.25,87.61000061035156,8997200
2017-02-03,67.61400604248047,87.41000366210938,88.16999816894531,87.38999938964844,88.12000274658203,7161900
2017-02-06,67.60627746582031,87.4000015258789,87.79000091552734,87.12999725341797,87.5,7483000
2017-02-07,68.0781478881836,88.01000213623047,88.27999877929688,87.4800033569336,87.63999938964844,6646100
2017-02-08,68.3256607055664,88.33000183105469,88.33999633789062,87.80999755859375,88.06999969482422,6815800
2017-02-09,68.5886459350586,88.66999816894531,88.77999877929688,88.02999877929688,88.33000183105469,9914100
2017-02-10,68.04721069335938,87.97000122070312,88.7300033569336,87.97000122070312,88.55999755859375,11057600
2017-02-13,68.31019592285156,88.30999755859375,88.36000061035156,87.63999938964844,88.04000091552734,6905100
2017-02-14,67.96211242675781,87.86000061035156,88.22000122070312,87.2300033569336,88.0,20123400
2017-02-15,70.48380279541016,91.12000274658203,91.1500015258789,89.80999755859375,89.80999755859375,25847700
2017-02-16,70.22854614257812,90.79000091552734,91.12000274658203,90.54000091552734,90.91999816894531,12408500
2017-02-17,70.46060180664062,91.08999633789062,91.36000061035156,90.44999694824219,90.61000061035156,12152400
2017-02-21,70.90926361083984,91.66999816894531,91.80000305175781,90.58000183105469,90.58000183105469,9018700
2017-02-22,70.73133850097656,91.44000244140625,91.80000305175781,91.25,91.44999694824219,6749900
2017-02-23,70.49152374267578,91.12999725341797,91.80000305175781,90.91000366210938,91.61000061035156,7611600
2017-02-24,70.42963409423828,91.05000305175781,91.33999633789062,90.66999816894531,90.97000122070312,6643400
2017-02-27,70.30587768554688,90.88999938964844,90.91000366210938,90.05999755859375,90.52999877929688,11840300
2017-02-28,70.44511413574219,91.06999969482422,91.79000091552734,90.6500015258789,90.9000015258789,10535600
2017-03-01,70.9014892578125,91.66000366210938,91.88999938964844,90.70999908447266,91.05000305175781,8792200
2017-03-02,70.32133483886719,90.91000366210938,91.58999633789062,90.87999725341797,91.4000015258789,7031200
2017-03-03,70.00420379638672,90.5,90.91000366210938,89.88999938964844,90.91000366210938,8334900
2017-03-06,69.9036636352539,90.37000274658203,90.51000213623047,89.58999633789062,89.88999938964844,9533800
2017-03-07,69.84175872802734,90.29000091552734,90.48999786376953,90.05999755859375,90.13999938964844,5363000
2017-03-08,69.72574615478516,90.13999938964844,90.3499984741211,89.76000213623047,90.0199966430664,5503700
2017-03-09,69.88044738769531,90.33999633789062,90.48999786376953,90.0999984741211,90.13999938964844,5587400
2017-03-10,70.44511413574219,91.06999969482422,91.16000366210938,90.6500015258789,90.80000305175781,6797800
2017-03-13,70.6307601928711,91.30999755859375,91.48999786376953,90.8499984741211,91.05999755859375,7397500
2017-03-14,70.3909683227539,91.0,91.58999633789062,90.81999969482422,91.26000213623047,6686400
2017-03-15,70.70036315917969,91.4000015258789,91.77999877929688,90.7300033569336,91.0,7855300
2017-03-16,70.73133850097656,91.44000244140625,91.72000122070312,91.0999984741211,91.44000244140625,6601200
2017-03-17,70.3909683227539,91.0,92.0,90.91999816894531,91.44999694824219,37010100
2017-03-20,70.56112670898438,91.22000122070312,91.41000366210938,90.94000244140625,90.95999908447266,7772900
2017-03-21,70.53795623779297,91.19000244140625,91.75,91.02999877929688,91.30000305175781,8211000
2017-03-22,70.38325500488281,90.98999786376953,91.80000305175781,90.75,91.30999755859375,7798000
2017-03-23,70.21305847167969,90.7699966430664,91.45999908447266,90.5999984741211,90.91000366210938,6831400
2017-03-24,70.058349609375,90.56999969482422,90.91999816894531,90.20999908447266,90.7699966430664,9252000
2017-03-27,69.99646759033203,90.48999786376953,90.72000122070312,90.18000030517578,90.44999694824219,10072000
2017-03-28,70.2053451538086,90.76000213623047,91.05999755859375,90.12999725341797,90.16999816894531,11855800
2017-03-29,70.08157348632812,90.5999984741211,90.87000274658203,90.38999938964844,90.55999755859375,4252800
2017-03-30,69.77214813232422,90.19999694824219,90.56999969482422,90.0999984741211,90.5,3691900
2017-03-31,69.50142669677734,89.8499984741211,90.33999633789062,89.83999633789062,90.02999877929688,6942400
2017-04-03,69.36992645263672,89.68000030517578,90.05999755859375,89.44999694824219,89.86000061035156,6967400
2017-04-04,69.54783630371094,89.91000366210938,89.95999908447266,89.41999816894531,89.75,5680800
2017-04-05,69.5942153930664,89.97000122070312,90.5,89.76000213623047,90.0,6320100
2017-04-06,69.15335083007812,89.4000015258789,89.80999755859375,89.30999755859375,89.7699966430664,7231500
2017-04-07,69.0218276977539,89.2300033569336,89.61000061035156,89.18000030517578,89.45999908447266,4739100
2017-04-10,69.22296142578125,89.48999786376953,89.68000030517578,88.75,89.12999725341797,5956000
2017-04-11,69.4627456665039,89.80000305175781,89.81999969482422,89.29000091552734,89.66000366210938,5186000
2017-04-12,69.85723114013672,90.30999755859375,90.41999816894531,89.55999755859375,89.69999694824219,6286300
2017-04-13,69.64067077636719,90.02999877929688,90.54000091552734,89.79000091552734,90.05000305175781,5040100
2017-04-17,69.91913604736328,90.38999938964844,90.58999633789062,90.12999725341797,90.2300033569336,6931700
2017-04-18,70.23625946044922,90.80000305175781,91.12999725341797,90.33999633789062,90.4000015258789,7087800
2017-04-19,69.8387451171875,89.5999984741211,90.44999694824219,89.5,90.0999984741211,6919000
2017-04-20,69.62832641601562,89.33000183105469,89.69999694824219,89.30999755859375,89.69999694824219,6983500
2017-04-21,69.07489776611328,88.62000274658203,89.27999877929688,88.61000061035156,89.16999816894531,9061200
2017-04-24,69.7997817993164,89.55000305175781,89.66000366210938,89.01000213623047,89.12000274658203,8338500
2017-04-25,70.1505355834961,90.0,90.25,89.47000122070312,89.58000183105469,9088400
2017-04-26,68.38896179199219,87.73999786376953,90.0,87.61000061035156,89.8499984741211,11951300
2017-04-27,68.34998321533203,87.69000244140625,88.23999786376953,87.2300033569336,87.58000183105469,8517500
2017-04-28,68.06939697265625,87.33000183105469,87.58999633789062,87.1500015258789,87.5199966430664,8295400
2017-05-01,67.88231658935547,87.08999633789062,87.5999984741211,87.08000183105469,87.37999725341797,4546600
2017-05-02,67.2042007446289,86.22000122070312,87.29000091552734,86.0199966430664,87.29000091552734,13197500
2017-05-03,67.3678970336914,86.43000030517578,86.62999725341797,85.9000015258789,86.30000305175781,6122000
2017-05-04,67.38351440429688,86.44999694824219,87.23999786376953,86.30000305175781,86.8499984741211,5986200
2017-05-05,67.42245483398438,86.5,86.61000061035156,86.12999725341797,86.54000091552734,4506200
2017-05-08,67.46144104003906,86.55000305175781,86.62000274658203,86.23999786376953,86.33000183105469,4634600
2017-05-09,67.3445053100586,86.4000015258789,86.81999969482422,86.22000122070312,86.80000305175781,9577600
2017-05-10,67.4146499633789,86.48999786376953,86.79000091552734,86.38999938964844,86.4800033569336,6178500
2017-05-11,67.16523742675781,86.16999816894531,86.62999725341797,85.87999725341797,86.61000061035156,6064700
2017-05-12,67.18081665039062,86.19000244140625,86.31999969482422,85.91999816894531,86.23999786376953,5892400
2017-05-15,67.2899398803711,86.33000183105469,86.70999908447266,86.25,86.6500015258789,5820700
2017-05-16,67.21981811523438,86.23999786376953,87.0,86.19000244140625,86.87999725341797,6554500
2017-05-17,67.23541259765625,86.26000213623047,86.62999725341797,85.93000030517578,86.23999786376953,7805800
2017-05-18,66.93141174316406,85.87000274658203,86.22000122070312,85.5199966430664,86.18000030517578,6985600
2017-05-19,67.21981811523438,86.23999786376953,86.37999725341797,85.66999816894531,86.0,7320700
2017-05-22,67.1964111328125,86.20999908447266,86.4000015258789,86.02999877929688,86.25,4260000
2017-05-23,67.09508514404297,86.08000183105469,86.54000091552734,85.9800033569336,86.27999877929688,4394200
2017-05-24,67.42245483398438,86.5,86.6500015258789,86.20999908447266,86.44999694824219,4878800
2017-05-25,67.70304870605469,86.86000061035156,86.9800033569336,86.55000305175781,86.58000183105469,4368000
2017-05-26,68.00703430175781,87.25,87.37999725341797,86.81999969482422,86.93000030517578,4337000
2017-05-30,68.12396240234375,87.4000015258789,87.61000061035156,87.0999984741211,87.25,4594500
2017-05-31,68.66175842285156,88.08999633789062,88.3499984741211,87.44999694824219,87.66999816894531,10146600
2017-06-01,68.6929702758789,88.12999725341797,88.13999938964844,87.37000274658203,88.0199966430664,6251300
2017-06-02,69.05146026611328,88.58999633789062,88.68000030517578,88.01000213623047,88.4000015258789,6136400
2017-06-05,69.16844177246094,88.73999786376953,88.76000213623047,88.0,88.30000305175781,4115300
2017-06-06,69.21519470214844,88.80000305175781,88.97000122070312,88.44999694824219,88.76000213623047,6503000
2017-06-07,69.1917953491211,88.7699966430664,88.88999938964844,88.4000015258789,88.68000030517578,4781600
2017-06-08,68.47470092773438,87.8499984741211,88.80000305175781,87.36000061035156,88.7699966430664,7712100
2017-06-09,68.71634674072266,88.16000366210938,88.20999908447266,87.55000305175781,87.8499984741211,9696900
2017-06-12,68.77867889404297,88.23999786376953,88.66000366210938,88.08999633789062,88.16000366210938,7867700
2017-06-13,68.63842010498047,88.05999755859375,88.4000015258789,87.7699966430664,88.36000061035156,6419300
2017-06-14,68.93457794189453,88.44000244140625,88.75,88.05999755859375,88.48999786376953,6183900
2017-06-15,69.66725158691406,89.37999725341797,89.62000274658203,88.2300033569336,88.2300033569336,7047500
2017-06-16,69.88553619384766,89.66000366210938,89.7699966430664,88.80999755859375,89.72000122070312,13855000
2017-06-19,70.0413818359375,89.86000061035156,89.86000061035156,89.19999694824219,89.5999984741211,5246200
2017-06-20,69.86213684082031,89.62999725341797,90.20999908447266,89.61000061035156,89.7699966430664,5674200
2017-06-21,69.68286895751953,89.4000015258789,89.94999694824219,89.29000091552734,89.62000274658203,4164500
2017-06-22,69.39443969726562,89.02999877929688,89.41000366210938,88.9000015258789,89.2699966430664,4536700
2017-06-23,69.69844055175781,89.41999816894531,89.80000305175781,88.9000015258789,89.02999877929688,8782100
2017-06-26,69.65165710449219,89.36000061035156,89.68000030517578,89.2699966430664,89.62999725341797,4373300
2017-06-27,69.06707763671875,88.61000061035156,89.36000061035156,88.61000061035156,89.36000061035156,5180400
2017-06-28,68.8800277709961,88.37000274658203,89.20999908447266,88.26000213623047,89.08000183105469,4875000
2017-06-29,67.80436706542969,86.98999786376953,88.22000122070312,86.93000030517578,88.0199966430664,8123500
2017-06-30,67.92909240722656,87.1500015258789,87.47000122070312,87.0,87.05000305175781,6070300
2017-07-03,68.38896179199219,87.73999786376953,88.0,87.18000030517578,87.4000015258789,3607400
2017-07-05,68.33440399169922,87.66999816894531,88.0,87.48999786376953,87.86000061035156,4974300
2017-07-06,68.10055541992188,87.37000274658203,87.94999694824219,87.36000061035156,87.6500015258789,6038900
2017-07-07,68.3188247680664,87.6500015258789,87.81999969482422,87.27999877929688,87.69000244140625,5142200
2017-07-10,67.88231658935547,87.08999633789062,87.87000274658203,86.88999938964844,87.62999725341797,5356400
2017-07-11,67.63289642333984,86.7699966430664,87.44999694824219,86.30999755859375,87.2300033569336,5838600
2017-07-12,67.7809829711914,86.95999908447266,87.47000122070312,86.83000183105469,87.23999786376953,4374200
2017-07-13,67.57833862304688,86.69999694824219,87.05000305175781,86.5,86.7699966430664,5448900
2017-07-14,67.8901138305664,87.0999984741211,87.29000091552734,86.7300033569336,86.95999908447266,4577700
2017-07-17,68.24089050292969,87.55000305175781,87.91000366210938,86.73999786376953,87.06999969482422,5227800
2017-07-18,69.09046936035156,88.63999938964844,88.76000213623047,87.45999908447266,87.61000061035156,7492300
2017-07-19,69.40470886230469,88.3499984741211,88.41000366210938,87.5999984741211,87.87000274658203,6008500
2017-07-20,69.60108184814453,88.5999984741211,89.30999755859375,88.30999755859375,88.31999969482422,7285000
2017-07-21,69.60895538330078,88.61000061035156,88.68000030517578,87.80999755859375,88.16000366210938,5714800
2017-07-24,69.27118682861328,88.18000030517578,88.5999984741211,87.97000122070312,88.55000305175781,6202000
2017-07-25,70.0252914428711,89.13999938964844,89.19999694824219,88.54000091552734,88.66999816894531,6766700
2017-07-26,70.15099334716797,89.30000305175781,89.41999816894531,88.87000274658203,89.0,6987000
2017-07-27,71.23506164550781,90.68000030517578,90.75,89.0,90.29000091552734,11089200
2017-07-28,70.86585998535156,90.20999908447266,91.0,89.95999908447266,90.55999755859375,6137500
2017-07-31,71.34505462646484,90.81999969482422,91.06999969482422,90.20999908447266,90.20999908447266,7835700
2017-08-01,71.56500244140625,91.0999984741211,91.7300033569336,90.72000122070312,91.02999877929688,8662100
2017-08-02,71.51789855957031,91.04000091552734,91.30000305175781,90.52999877929688,90.97000122070312,7167700
2017-08-03,71.37648010253906,90.86000061035156,91.75,90.81999969482422,90.86000061035156,6413200
2017-08-04,71.22721099853516,90.66999816894531,91.08000183105469,90.52999877929688,90.69000244140625,5824400
2017-08-07,71.83209228515625,91.44000244140625,91.55999755859375,90.5199966430664,90.66999816894531,5011300
2017-08-08,71.94206237792969,91.58000183105469,91.94000244140625,91.2300033569336,91.4000015258789,5623400
2017-08-09,72.20916748046875,91.91999816894531,91.94000244140625,91.5199966430664,91.5199966430664,5572800
2017-08-10,72.06776428222656,91.73999786376953,92.0,91.69000244140625,91.86000061035156,6338200
2017-08-11,71.7535400390625,91.33999633789062,92.08000183105469,91.29000091552734,91.94000244140625,7094200
2017-08-14,71.99710083007812,91.6500015258789,91.94999694824219,91.25,91.54000091552734,5398400
2017-08-15,72.42913055419922,92.19999694824219,92.36000061035156,91.87999725341797,91.91000366210938,5293400
2017-08-16,72.61766052246094,92.44000244140625,92.94999694824219,92.19000244140625,92.29000091552734,7965500
2017-08-17,72.32697296142578,92.06999969482422,92.66999816894531,92.06999969482422,92.4000015258789,5711400
2017-08-18,72.64124298095703,92.47000122070312,92.77999877929688,91.8499984741211,91.9800033569336,6815000
2017-08-21,72.94759368896484,92.86000061035156,92.95999908447266,92.36000061035156,92.37999725341797,4334300
2017-08-22,72.89260864257812,92.79000091552734,92.95999908447266,92.58999633789062,92.91000366210938,4731500
2017-08-23,72.61766052246094,92.44000244140625,92.66000366210938,92.27999877929688,92.5,3631900
2017-08-24,72.484130859375,92.2699966430664,92.56999969482422,92.04000091552734,92.44000244140625,5173700
2017-08-25,72.67266845703125,92.51000213623047,92.86000061035156,92.41000366210938,92.6500015258789,4933000
2017-08-28,72.64124298095703,92.47000122070312,92.70999908447266,91.9800033569336,92.5199966430664,5386500
2017-08-29,72.52339935302734,92.31999969482422,92.69000244140625,92.23999786376953,92.4800033569336,3676300
2017-08-30,72.169921875,91.87000274658203,92.08000183105469,91.66000366210938,92.08000183105469,4709600
2017-08-31,72.484130859375,92.2699966430664,92.38999938964844,91.83999633789062,91.88999938964844,5864400
2017-09-01,72.68836975097656,92.52999877929688,92.66000366210938,92.26000213623047,92.41999816894531,4960700
2017-09-05,72.83761596679688,92.72000122070312,92.73999786376953,92.04000091552734,92.18000030517578,6532100
2017-09-06,72.83761596679688,92.72000122070312,92.91000366210938,92.36000061035156,92.79000091552734,6747200
2017-09-07,73.03402709960938,92.97000122070312,93.36000061035156,92.33000183105469,92.73999786376953,7735400
2017-09-08,72.93186950683594,92.83999633789062,93.1500015258789,92.51000213623047,92.76000213623047,6070100
2017-09-11,73.83528137207031,93.98999786376953,94.19000244140625,92.9000015258789,93.08999633789062,10177300
2017-09-12,73.45823669433594,93.51000213623047,93.9800033569336,93.20999908447266,93.72000122070312,5804000
2017-09-13,73.4896469116211,93.55000305175781,93.7699966430664,93.44999694824219,93.5,5369300
2017-09-14,73.4896469116211,93.55000305175781,93.6500015258789,93.18000030517578,93.2300033569336,5492300
2017-09-15,73.26969146728516,93.2699966430664,93.81999969482422,92.81999969482422,93.81999969482422,12428800
2017-09-18,73.17543029785156,93.1500015258789,93.5,92.86000061035156,93.16999816894531,6177700
2017-09-19,73.9767074584961,94.16999816894531,94.44999694824219,93.33999633789062,93.33999633789062,6587200
2017-09-20,74.15738677978516,94.4000015258789,94.66999816894531,93.83000183105469,94.16999816894531,5941500
2017-09-21,72.7747802734375,92.63999938964844,94.5,92.44999694824219,94.1500015258789,9376700
2017-09-22,72.46055603027344,92.23999786376953,93.0,92.08000183105469,92.55000305175781,6837700
2017-09-25,72.83761596679688,92.72000122070312,93.08999633789062,92.33000183105469,92.43000030517578,6436200
2017-09-26,72.78264617919922,92.6500015258789,92.8499984741211,92.19999694824219,92.81999969482422,4885200
2017-09-27,71.38432312011719,90.87000274658203,92.5199966430664,90.33999633789062,92.5199966430664,9631200
2017-09-28,71.40003967285156,90.88999938964844,91.12000274658203,90.62999725341797,90.86000061035156,4999800
2017-09-29,71.47073364257812,90.9800033569336,91.43000030517578,90.69999694824219,90.97000122070312,6634500
2017-10-02,72.09134674072266,91.7699966430664,92.4000015258789,91.23999786376953,91.26000213623047,7302400
2017-10-03,72.36630249023438,92.12000274658203,92.33999633789062,91.55999755859375,91.95999908447266,5909900
2017-10-04,72.6019515991211,92.41999816894531,92.80000305175781,92.0199966430664,92.12000274658203,6140700
2017-10-05,72.29560852050781,92.02999877929688,92.6500015258789,91.94000244140625,92.48999786376953,6912800
2017-10-06,72.53124237060547,92.33000183105469,92.3499984741211,91.87999725341797,92.0,5241900
2017-10-09,72.36630249023438,92.12000274658203,92.62000274658203,91.93000030517578,92.4000015258789,5149000
2017-10-10,71.9735107421875,91.62000274658203,93.04000091552734,89.86000061035156,92.37000274658203,17125600
2017-10-11,71.84782409667969,91.45999908447266,91.7300033569336,91.06999969482422,91.08999633789062,7115400
2017-10-12,72.38986206054688,92.1500015258789,92.30999755859375,91.38999938964844,91.41000366210938,5984900
2017-10-13,73.08903503417969,93.04000091552734,93.51000213623047,92.58999633789062,92.69999694824219,6956700
2017-10-16,73.16756439208984,93.13999938964844,93.37000274658203,92.70999908447266,92.97000122070312,4159100
2017-10-17,72.90047454833984,92.80000305175781,93.08999633789062,92.4000015258789,93.04000091552734,5316100
2017-10-18,72.87691497802734,92.7699966430664,92.94999694824219,92.01000213623047,92.77999877929688,7399700
2017-10-19,72.48909759521484,91.58999633789062,91.98999786376953,91.13999938964844,91.69999694824219,8585000
2017-10-20,69.84564208984375,88.25,89.95999908447266,87.58999633789062,89.72000122070312,19997800
2017-10-23,69.09376525878906,87.30000305175781,88.86000061035156,86.87000274658203,88.62999725341797,13358200
2017-10-24,68.84049224853516,86.9800033569336,87.41999816894531,86.77999877929688,87.37000274658203,11519000
2017-10-25,68.74554443359375,86.86000061035156,87.11000061035156,86.27999877929688,86.9000015258789,9024300
2017-10-26,69.25202941894531,87.5,87.7699966430664,87.0999984741211,87.19000244140625,6233800
2017-10-27,68.88798522949219,87.04000091552734,87.52999877929688,86.44999694824219,87.52999877929688,7433800
2017-10-30,68.27854919433594,86.2699966430664,87.08000183105469,86.16000366210938,86.91000366210938,5387100
2017-10-31,68.333984375,86.33999633789062,86.5,85.72000122070312,86.48999786376953,7119000
2017-11-01,68.76927185058594,86.88999938964844,87.13999938964844,86.11000061035156,86.33000183105469,4884100
2017-11-02,68.46852111816406,86.51000213623047,87.04000091552734,86.2300033569336,86.77999877929688,5021200
2017-11-03,68.52391052246094,86.58000183105469,87.16000366210938,86.45999908447266,86.77999877929688,5106500
2017-11-06,68.10445404052734,86.05000305175781,86.63999938964844,86.02999877929688,86.55000305175781,5186700
2017-11-07,68.84049224853516,86.9800033569336,87.0,85.41999816894531,86.04000091552734,6875100
2017-11-08,69.31537628173828,87.58000183105469,87.5999984741211,86.80000305175781,86.98999786376953,6910000
2017-11-09,69.47367858886719,87.77999877929688,88.16999816894531,87.30000305175781,87.3499984741211,5280000
2017-11-10,69.77440643310547,88.16000366210938,88.38999938964844,87.77999877929688,87.98999786376953,7227300
2017-11-13,70.43925476074219,89.0,89.41000366210938,88.62999725341797,88.66999816894531,6873500
2017-11-14,70.33636474609375,88.87000274658203,89.05000305175781,88.47000122070312,88.73999786376953,5035500
2017-11-15,69.82984161376953,88.2300033569336,88.94000244140625,88.0,88.7300033569336,6688100
2017-11-16,70.63709259033203,89.25,89.9000015258789,88.7699966430664,89.83999633789062,7205100
2017-11-17,69.98809814453125,88.43000030517578,89.08999633789062,88.08000183105469,88.94999694824219,5941800
2017-11-20,69.86148071289062,88.2699966430664,88.55999755859375,87.70999908447266,88.43000030517578,4926200
2017-11-21,70.21763610839844,88.72000122070312,89.20999908447266,88.0199966430664,88.18000030517578,6196400
2017-11-22,69.90896606445312,88.33000183105469,88.91000366210938,88.05999755859375,88.5,6006900
2017-11-24,70.00391387939453,88.44999694824219,88.95999908447266,88.41999816894531,88.58999633789062,2196700
2017-11-27,70.4075698852539,88.95999908447266,89.0999984741211,88.1500015258789,88.33000183105469,6199700
2017-11-28,70.75580596923828,89.4000015258789,89.5199966430664,88.91000366210938,89.4800033569336,4841300
2017-11-29,70.73998260498047,89.37999725341797,89.80999755859375,89.02999877929688,89.4000015258789,5158900
2017-11-30,71.22277069091797,89.98999786376953,90.37000274658203,89.20999908447266,89.3499984741211,9789900
2017-12-01,71.51561737060547,90.36000061035156,90.52999877929688,89.12000274658203,90.18000030517578,7953200
2017-12-04,72.34663391113281,91.41000366210938,91.91000366210938,89.83000183105469,91.76000213623047,9003700
2017-12-05,72.3387222290039,91.4000015258789,91.83999633789062,91.06999969482422,91.5199966430664,8683000
2017-12-06,72.22000122070312,91.25,91.77999877929688,91.06999969482422,91.38999938964844,6737400
2017-12-07,71.30982971191406,90.0999984741211,91.06999969482422,89.88999938964844,91.05000305175781,7273600
2017-12-08,71.52354431152344,90.37000274658203,90.37000274658203,89.58000183105469,90.0199966430664,5883400
2017-12-11,71.41273498535156,90.2300033569336,90.33000183105469,89.75,90.2300033569336,4856000
2017-12-12,71.11196899414062,89.8499984741211,90.51000213623047,89.81999969482422,90.44999694824219,6558900
2017-12-13,71.92716217041016,90.87999725341797,91.41000366210938,89.97000122070312,90.0199966430664,7141000
2017-12-14,72.02214050292969,91.0,91.43000030517578,90.9000015258789,90.94000244140625,5853500
2017-12-15,72.72653198242188,91.88999938964844,92.2699966430664,91.4800033569336,91.56999969482422,15924000
2017-12-18,72.7186050415039,91.87999725341797,93.13999938964844,91.80999755859375,91.9800033569336,7405700
2017-12-19,72.56034088134766,91.68000030517578,92.12999725341797,91.58000183105469,92.0,5644400
2017-12-20,72.44159698486328,91.52999877929688,91.97000122070312,91.3499984741211,91.80000305175781,6938500
2017-12-21,72.55240631103516,91.66999816894531,92.08000183105469,91.52999877929688,91.66000366210938,4860400
2017-12-22,72.91646575927734,92.12999725341797,92.43000030517578,91.72000122070312,91.87999725341797,4919400
2017-12-26,73.19349670410156,92.4800033569336,92.7699966430664,92.1500015258789,92.3499984741211,3431900
2017-12-27,72.89273071289062,92.0999984741211,92.75,91.93000030517578,92.48999786376953,4276700
2017-12-28,72.86897277832031,92.06999969482422,92.54000091552734,91.91000366210938,92.30000305175781,3005400
2017-12-29,72.7186050415039,91.87999725341797,92.45999908447266,91.87999725341797,92.23999786376953,4346700
2018-01-02,71.74514770507812,90.6500015258789,91.93000030517578,90.55000305175781,91.91999816894531,7558900
2018-01-03,71.6580810546875,90.54000091552734,91.08999633789062,90.5199966430664,90.7300033569336,5863600
2018-01-04,72.16461181640625,91.18000030517578,91.7699966430664,90.61000061035156,90.83000183105469,6322500
2018-01-05,72.21208190917969,91.23999786376953,91.30000305175781,90.56999969482422,91.2699966430664,5949700
2018-01-08,72.59198760986328,91.72000122070312,91.7699966430664,90.93000030517578,90.93000030517578,4860700
2018-01-09,72.06171417236328,91.05000305175781,91.6500015258789,91.01000213623047,91.47000122070312,6630100
2018-01-10,71.60267639160156,90.47000122070312,90.91000366210938,90.01000213623047,90.91000366210938,6564700
2018-01-11,71.34941101074219,90.1500015258789,90.5199966430664,89.91999816894531,90.4000015258789,5469700
2018-01-12,70.9220199584961,89.61000061035156,90.33999633789062,89.3499984741211,90.05000305175781,8111000
2018-01-16,71.40482330322266,90.22000122070312,90.7699966430664,89.63999938964844,90.13999938964844,9465300
2018-01-17,72.1804428100586,91.19999694824219,91.7300033569336,90.43000030517578,90.55999755859375,8345500
2018-01-18,71.9172592163086,90.18000030517578,90.6500015258789,89.66999816894531,90.23999786376953,7699800
2018-01-19,72.62702178955078,91.06999969482422,91.26000213623047,90.23999786376953,90.27999877929688,9364000
2018-01-22,73.28096771240234,91.88999938964844,91.91999816894531,90.7699966430664,90.87999725341797,8658000
2018-01-23,71.01607513427734,89.05000305175781,90.20999908447266,88.5999984741211,89.81999969482422,18756300
2018-01-24,70.42597198486328,88.30999755859375,89.16000366210938,87.69999694824219,89.05999755859375,15141900
2018-01-25,70.44989013671875,88.33999633789062,89.05000305175781,88.01000213623047,88.68000030517578,11264400
2018-01-26,69.96341705322266,87.7300033569336,88.16999816894531,87.2300033569336,88.16999816894531,11503100
2018-01-29,69.26961517333984,86.86000061035156,87.73999786376953,86.69000244140625,87.69000244140625,11685800
2018-01-30,69.34136962890625,86.94999694824219,87.44000244140625,86.62999725341797,86.81999969482422,9662900
2018-01-31,68.85491943359375,86.33999633789062,87.41000366210938,86.08000183105469,86.80999755859375,11798100
2018-02-01,68.46415710449219,85.8499984741211,86.5,85.55999755859375,86.1500015258789,8606300
2018-02-02,67.18817901611328,84.25,85.61000061035156,84.20999908447266,85.55999755859375,12846300
2018-02-05,64.64420318603516,81.05999755859375,84.37000274658203,80.0999984741211,83.98999786376953,17462200
2018-02-06,65.69685363769531,82.37999725341797,82.44999694824219,80.12000274658203,80.52999877929688,19955500
2018-02-07,65.26622772216797,81.83999633789062,83.38999938964844,81.81999969482422,82.30000305175781,11851800
2018-02-08,63.97428512573242,80.22000122070312,82.22000122070312,80.1500015258789,82.02999877929688,14596100
2018-02-09,63.73505401611328,79.91999816894531,81.02999877929688,78.58999633789062,80.9800033569336,18838800
2018-02-12,64.85948944091797,81.33000183105469,81.66999816894531,80.58000183105469,80.61000061035156,10769000
2018-02-13,64.9950942993164,81.5,81.83000183105469,80.91000366210938,81.1500015258789,9278700
2018-02-14,64.3411636352539,80.68000030517578,81.26000213623047,80.2699966430664,81.05999755859375,9412000
2018-02-15,65.72079467773438,82.41000366210938,82.41000366210938,80.5,80.97000122070312,8910700
2018-02-16,65.87232208251953,82.5999984741211,83.25,82.12999725341797,82.20999908447266,10371700
2018-02-20,64.86749267578125,81.33999633789062,82.22000122070312,81.06999969482422,82.19000244140625,7087700
2018-02-21,63.99024200439453,80.23999786376953,81.80999755859375,80.19000244140625,81.30999755859375,9134500
2018-02-22,64.46875762939453,80.83999633789062,81.27999877929688,80.16999816894531,80.47000122070312,10277700
2018-02-23,64.63622283935547,81.05000305175781,81.12000274658203,80.4800033569336,81.01000213623047,10321800
2018-02-26,65.0987548828125,81.62999725341797,81.69000244140625,81.05000305175781,81.44999694824219,9422200
2018-02-27,64.22949981689453,80.54000091552734,82.0,80.51000213623047,81.88999938964844,8919600
2018-02-28,62.61857604980469,78.5199966430664,80.79000091552734,78.5,80.68000030517578,16862000
2018-03-01,62.76212692260742,78.69999694824219,79.27999877929688,77.9000015258789,78.4000015258789,13504200
2018-03-02,63.400089263916016,79.5,79.66000366210938,78.41999816894531,78.4800033569336,9317700
2018-03-05,64.0301284790039,80.29000091552734,80.38999938964844,79.1500015258789,79.27999877929688,8177000
2018-03-06,63.8148078918457,80.0199966430664,80.41999816894531,79.37000274658203,80.41000366210938,9085300
2018-03-07,63.128963470458984,79.16000366210938,79.63999938964844,78.9000015258789,79.52999877929688,9089500
2018-03-08,63.774940490722656,79.97000122070312,79.98999786376953,79.0199966430664,79.16999816894531,7951700
2018-03-09,64.0301284790039,80.29000091552734,80.75,79.9000015258789,80.18000030517578,7662200
2018-03-12,63.68722152709961,79.86000061035156,80.62000274658203,79.76000213623047,80.2300033569336,7182000
2018-03-13,63.57555389404297,79.72000122070312,80.19000244140625,79.36000061035156,80.0,9620200
2018-03-14,63.00135040283203,79.0,79.83999633789062,78.86000061035156,79.69000244140625,8898100
2018-03-15,62.73819351196289,78.66999816894531,79.13999938964844,78.54000091552734,79.08999633789062,6996900
2018-03-16,62.97745132446289,78.97000122070312,79.38999938964844,78.83999633789062,78.93000030517578,17715400
2018-03-19,62.73023986816406,78.66000366210938,79.56999969482422,78.2699966430664,78.97000122070312,8368200
2018-03-20,62.45109939575195,78.30999755859375,79.0999984741211,77.95999908447266,78.73999786376953,8465500
2018-03-21,61.43829345703125,77.04000091552734,78.23999786376953,76.87999725341797,78.05000305175781,9822800
2018-03-22,60.935890197753906,76.41000366210938,77.5199966430664,76.37000274658203,76.83000183105469,10481600
2018-03-23,60.53712463378906,75.91000366210938,77.18000030517578,75.80999755859375,76.79000091552734,11728300
2018-03-26,60.935890197753906,76.41000366210938,76.87000274658203,76.0199966430664,76.56999969482422,12937000
2018-03-27,62.03642272949219,77.79000091552734,78.44000244140625,76.30000305175781,76.52999877929688,11288200
2018-03-28,62.8737678527832,78.83999633789062,79.13999938964844,77.94999694824219,77.94999694824219,12857800
2018-03-29,63.22465133666992,79.27999877929688,80.48999786376953,79.18000030517578,79.43000030517578,10036400
2018-04-02,61.72538375854492,77.4000015258789,79.37000274658203,77.05999755859375,79.26000213623047,12017200
2018-04-03,62.570735931396484,78.45999908447266,78.80000305175781,77.18000030517578,77.55999755859375,11933100
2018-04-04,63.0412483215332,79.05000305175781,79.5199966430664,77.58999633789062,77.81999969482422,9030800
2018-04-05,62.84186553955078,78.80000305175781,79.31999969482422,78.51000213623047,79.08999633789062,7864700
2018-04-06,62.54681396484375,78.43000030517578,79.36000061035156,77.9000015258789,78.37000274658203,8300800
2018-04-09,62.33150100708008,78.16000366210938,78.8499984741211,77.56999969482422,78.80000305175781,9031200
2018-04-10,62.49896240234375,78.37000274658203,78.83999633789062,77.94000244140625,78.70999908447266,6779000
2018-04-11,62.419193267822266,78.2699966430664,78.69000244140625,78.04000091552734,78.19000244140625,7143500
2018-04-12,62.03642272949219,77.79000091552734,78.69999694824219,77.79000091552734,78.63999938964844,8282300
2018-04-13,62.49896240234375,78.37000274658203,78.44000244140625,77.72000122070312,78.05999755859375,6198500
2018-04-16,62.69034194946289,78.61000061035156,78.86000061035156,78.04000091552734,78.55999755859375,5962200
2018-04-17,62.54681396484375,78.43000030517578,78.94000244140625,78.0999984741211,78.93000030517578,6492400
2018-04-18,62.363380432128906,78.19999694824219,78.68000030517578,78.0199966430664,78.58000183105469,7349400
2018-04-19,60.32465362548828,74.94999694824219,75.72000122070312,74.19999694824219,75.38999938964844,16955600
2018-04-20,59.399070739746094,73.80000305175781,74.91999816894531,73.73999786376953,74.04000091552734,14085000
2018-04-23,58.75516891479492,73.0,73.9800033569336,72.76000213623047,73.58999633789062,13653400
2018-04-24,58.35274124145508,72.5,73.33000183105469,72.1500015258789,73.05999755859375,16551700
2018-04-25,58.191776275634766,72.30000305175781,72.75,71.94999694824219,72.41000366210938,14208800
2018-04-26,58.55394744873047,72.75,73.01000213623047,72.37000274658203,72.56999969482422,11204300
2018-04-27,58.602237701416016,72.80999755859375,73.08000183105469,72.20999908447266,72.52999877929688,8144800
2018-04-30,58.22394943237305,72.33999633789062,72.91999816894531,72.16000366210938,72.91000366210938,13076500
2018-05-01,57.918094635009766,71.95999908447266,72.33000183105469,71.66000366210938,72.05000305175781,8103800
2018-05-02,57.09715270996094,70.94000244140625,72.01000213623047,70.7300033569336,71.94000244140625,10830900
2018-05-03,57.43518829345703,71.36000061035156,71.72000122070312,70.73999786376953,70.80999755859375,9386500
2018-05-04,58.2963981628418,72.43000030517578,72.62000274658203,71.33999633789062,71.37999725341797,8107400
2018-05-07,57.934200286865234,71.9800033569336,73.22000122070312,71.88999938964844,72.66999816894531,6633600
2018-05-08,57.499568939208984,71.44000244140625,72.12000274658203,71.11000061035156,72.05000305175781,8084100
2018-05-09,58.24809265136719,72.37000274658203,72.55000305175781,71.73999786376953,71.7699966430664,7528400
2018-05-10,58.87589645385742,73.1500015258789,73.33999633789062,72.69000244140625,72.94000244140625,7618500
2018-05-11,59.052974700927734,73.37000274658203,74.0999984741211,73.05000305175781,73.62999725341797,7586200
2018-05-14,58.980533599853516,73.27999877929688,73.77999877929688,73.08999633789062,73.77999877929688,8646900
2018-05-15,58.714935302734375,72.94999694824219,73.41000366210938,72.5999984741211,73.30999755859375,11502800
2018-05-16,59.1817512512207,73.52999877929688,73.93000030517578,72.95999908447266,72.9800033569336,8325000
2018-05-17,59.52784729003906,73.95999908447266,74.0,73.4000015258789,73.5199966430664,8053600
2018-05-18,59.11737823486328,73.44999694824219,74.06999969482422,73.11000061035156,73.9800033569336,7042700
2018-05-21,59.608341217041016,74.05999755859375,74.25,73.41999816894531,73.75,6428400
2018-05-22,59.584190368652344,74.02999877929688,74.94000244140625,73.83000183105469,74.45999908447266,7744200
2018-05-23,59.70491027832031,74.18000030517578,74.30000305175781,73.72000122070312,74.0199966430664,6592500
2018-05-24,59.37492752075195,73.7699966430664,74.3499984741211,73.58999633789062,74.08000183105469,6508900
2018-05-25,59.809539794921875,74.30999755859375,74.62000274658203,73.75,73.9000015258789,7546500
2018-05-29,59.600276947021484,74.05000305175781,74.69999694824219,73.7699966430664,74.05999755859375,8905600
2018-05-30,60.276371002197266,74.88999938964844,75.0199966430664,74.05000305175781,74.33000183105469,8128600
2018-05-31,58.8919792175293,73.16999816894531,74.69000244140625,72.80000305175781,74.66999816894531,15526000
2018-06-01,59.11737823486328,73.44999694824219,73.73999786376953,72.86000061035156,73.33000183105469,7209300
2018-06-04,59.70491027832031,74.18000030517578,74.62000274658203,73.44999694824219,73.54000091552734,8743800
2018-06-05,59.535892486572266,73.97000122070312,74.37999725341797,73.5999984741211,74.27999877929688,6910100
2018-06-06,59.84172439575195,74.3499984741211,74.41999816894531,73.72000122070312,74.06999969482422,7002900
2018-06-07,60.97660827636719,75.76000213623047,76.38999938964844,74.0999984741211,74.18000030517578,13476100
2018-06-08,62.11948776245117,77.18000030517578,77.20999908447266,75.73999786376953,75.8499984741211,13625300
2018-06-11,62.40121078491211,77.52999877929688,77.69000244140625,76.87999725341797,76.97000122070312,9049400
2018-06-12,62.167781829833984,77.23999786376953,77.88999938964844,77.11000061035156,77.81999969482422,8786000
2018-06-13,61.54806137084961,76.47000122070312,77.4000015258789,76.19999694824219,77.4000015258789,8022400
2018-06-14,61.161720275878906,75.98999786376953,76.55999755859375,75.69999694824219,76.55999755859375,8895200
2018-06-15,62.280479431152344,77.37999725341797,77.51000213623047,75.91999816894531,76.16000366210938,14943500
2018-06-18,61.04098129272461,75.83999633789062,77.0999984741211,75.38999938964844,76.86000061035156,7384900
2018-06-19,61.43537139892578,76.33000183105469,76.68000030517578,75.56999969482422,75.58999633789062,8514000
2018-06-20,61.049034118652344,75.8499984741211,76.3499984741211,75.54000091552734,76.3499984741211,6603500
2018-06-21,61.52392578125,76.44000244140625,77.05000305175781,75.52999877929688,75.52999877929688,8691200
2018-06-22,62.32073211669922,77.43000030517578,77.62999725341797,76.7699966430664,76.79000091552734,11446400
2018-06-25,62.61046600341797,77.79000091552734,77.94000244140625,77.18000030517578,77.27999877929688,11300500
2018-06-26,62.77948760986328,78.0,78.30999755859375,77.36000061035156,77.79000091552734,9558500
2018-06-27,62.53002166748047,77.69000244140625,78.70999908447266,77.55999755859375,78.11000061035156,7873300
2018-06-28,62.81973648071289,78.05000305175781,78.31999969482422,77.66000366210938,77.86000061035156,5714400
2018-06-29,62.827789306640625,78.05999755859375,78.54000091552734,77.29000091552734,77.93000030517578,7679900
2018-07-02,62.884124755859375,78.12999725341797,78.30999755859375,77.41999816894531,77.5,6092800
2018-07-03,62.699012756347656,77.9000015258789,78.76000213623047,77.77999877929688,78.54000091552734,5897200
2018-07-05,63.75339126586914,79.20999908447266,79.25,78.12000274658203,78.13999938964844,7956100
2018-07-06,63.83388137817383,79.30999755859375,79.62000274658203,78.9000015258789,79.37999725341797,7244000
2018-07-09,62.66682434082031,77.86000061035156,78.83000183105469,77.77999877929688,78.45999908447266,9095900
2018-07-10,64.24435424804688,79.81999969482422,79.94000244140625,77.98999786376953,78.06999969482422,12773500
2018-07-11,63.7131462097168,79.16000366210938,79.83999633789062,79.02999877929688,79.62999725341797,7851600
2018-07-12,63.49582290649414,78.88999938964844,79.5199966430664,78.56999969482422,79.33999633789062,8556800
2018-07-13,63.83388137817383,79.30999755859375,79.47000122070312,78.9000015258789,79.08000183105469,6021300
2018-07-16,64.01094055175781,79.52999877929688,79.62999725341797,78.83000183105469,79.20999908447266,6931200
2018-07-17,64.41336059570312,80.02999877929688,80.5,79.55000305175781,79.66000366210938,8983400
2018-07-18,64.16387176513672,79.72000122070312,80.20999908447266,79.33000183105469,79.72000122070312,9105100
2018-07-19,63.942138671875,78.7300033569336,79.19000244140625,77.88999938964844,78.41999816894531,8010600
2018-07-20,63.901546478271484,78.68000030517578,79.05999755859375,78.31999969482422,78.31999969482422,8234700
2018-07-23,63.76346969604492,78.51000213623047,78.94000244140625,78.23999786376953,78.48999786376953,5881600
2018-07-24,64.15331268310547,78.98999786376953,79.01000213623047,77.54000091552734,77.54000091552734,8297100
2018-07-25,64.54313659667969,79.47000122070312,79.5999984741211,78.72000122070312,78.72000122070312,6208400
2018-07-26,65.04667663574219,80.08999633789062,80.7699966430664,79.47000122070312,79.55999755859375,9771100
2018-07-27,65.44465637207031,80.58000183105469,80.83000183105469,79.45999908447266,79.66999816894531,7492900
2018-07-30,65.13602447509766,80.19999694824219,80.5,79.83999633789062,80.06999969482422,7090700
2018-07-31,65.68832397460938,80.87999725341797,80.9800033569336,79.43000030517578,80.38999938964844,9878200
2018-08-01,65.50151062011719,80.6500015258789,80.81999969482422,80.11000061035156,80.41999816894531,7556700
2018-08-02,66.59793853759766,82.0,82.22000122070312,80.58999633789062,80.80000305175781,9261700
2018-08-03,66.86595153808594,82.33000183105469,83.0999984741211,81.91999816894531,82.13999938964844,7102800
2018-08-06,67.020263671875,82.5199966430664,82.93000030517578,82.1500015258789,82.19999694824219,5669200
2018-08-07,67.11772918701172,82.63999938964844,82.68000030517578,81.7300033569336,82.41000366210938,6418000
2018-08-08,66.8822021484375,82.3499984741211,82.80000305175781,82.0999984741211,82.0999984741211,4891300
2018-08-09,66.11062622070312,81.4000015258789,82.44000244140625,81.30000305175781,82.44000244140625,5167400
2018-08-10,66.13499450683594,81.43000030517578,81.76000213623047,81.0,81.30000305175781,5566000
2018-08-13,66.20809173583984,81.5199966430664,82.08000183105469,81.1500015258789,81.69999694824219,5068100
2018-08-14,66.03754425048828,81.30999755859375,81.72000122070312,81.2300033569336,81.38999938964844,6226900
2018-08-15,66.84158325195312,82.30000305175781,82.37000274658203,80.80999755859375,81.30000305175781,8753500
2018-08-16,67.97050476074219,83.69000244140625,84.0,82.30999755859375,82.45999908447266,12368000
2018-08-17,67.97050476074219,83.69000244140625,84.19999694824219,83.5999984741211,83.7300033569336,8409300
2018-08-20,67.92988586425781,83.63999938964844,83.94999694824219,83.30999755859375,83.88999938964844,6795800
2018-08-21,68.14105987548828,83.9000015258789,84.0,83.08999633789062,83.56999969482422,8534500
2018-08-22,67.72686004638672,83.38999938964844,83.8499984741211,83.05999755859375,83.80999755859375,5132600
2018-08-23,67.60503387451172,83.23999786376953,83.5999984741211,82.83999633789062,83.01000213623047,4323200
2018-08-24,67.70248413085938,83.36000061035156,83.55000305175781,83.02999877929688,83.22000122070312,5356000
2018-08-27,67.7674560546875,83.44000244140625,83.81999969482422,83.0199966430664,83.5,3941500
2018-08-28,67.79995727539062,83.4800033569336,83.86000061035156,83.31999969482422,83.72000122070312,5405200
2018-08-29,67.8080825805664,83.48999786376953,83.76000213623047,83.29000091552734,83.51000213623047,4520400
2018-08-30,67.74309539794922,83.41000366210938,83.73999786376953,83.19000244140625,83.38999938964844,4549700
2018-08-31,67.36949157714844,82.94999694824219,83.52999877929688,82.38999938964844,83.3499984741211,6674900
2018-09-04,67.16645050048828,82.69999694824219,82.95999908447266,82.06999969482422,82.4800033569336,5800700
2018-09-05,67.6456527709961,83.29000091552734,83.47000122070312,82.11000061035156,82.11000061035156,7651900
2018-09-06,67.12583923339844,82.6500015258789,83.30999755859375,82.48999786376953,82.91000366210938,7541100
2018-09-07,66.52484893798828,81.91000366210938,82.19999694824219,81.25,82.0999984741211,11110900
2018-09-10,66.90657806396484,82.37999725341797,83.0999984741211,82.33999633789062,82.58000183105469,6783000
2018-09-11,66.60606384277344,82.01000213623047,82.41999816894531,81.62999725341797,82.12999725341797,5210300
2018-09-12,67.49945068359375,83.11000061035156,83.18000030517578,81.69999694824219,81.9000015258789,5925200
2018-09-13,67.77559661865234,83.44999694824219,83.48999786376953,82.6500015258789,83.2699966430664,5328400
2018-09-14,67.90553283691406,83.61000061035156,83.66999816894531,82.97000122070312,83.47000122070312,5004100
2018-09-17,68.4253158569336,84.25,84.2699966430664,83.33999633789062,83.5,7098800
2018-09-18,68.22228240966797,84.0,84.29000091552734,83.58000183105469,84.29000091552734,6022800
2018-09-19,68.22228240966797,84.0,84.29000091552734,83.7699966430664,83.91999816894531,6157600
2018-09-20,69.32684326171875,85.36000061035156,85.63999938964844,84.2300033569336,84.29000091552734,10053000
2018-09-21,69.70043182373047,85.81999969482422,86.27999877929688,85.5199966430664,85.80999755859375,17402500
2018-09-24,68.44155883789062,84.2699966430664,85.70999908447266,84.2300033569336,85.62999725341797,6389400
2018-09-25,67.50756072998047,83.12000274658203,84.41000366210938,83.08000183105469,84.27999877929688,5657200
2018-09-26,67.62129211425781,83.26000213623047,83.98999786376953,83.02999877929688,83.25,6581000
2018-09-27,67.2964096069336,82.86000061035156,83.62999725341797,82.80999755859375,83.04000091552734,6277600
2018-09-28,67.596923828125,83.2300033569336,83.29000091552734,82.79000091552734,83.02999877929688,5125800
2018-10-01,67.9542465209961,83.66999816894531,83.72000122070312,83.16999816894531,83.30999755859375,4899900
2018-10-02,68.51466369628906,84.36000061035156,84.44000244140625,83.37000274658203,83.4800033569336,7390900
2018-10-03,67.43446350097656,83.02999877929688,84.5199966430664,82.8499984741211,84.44000244140625,7958700
2018-10-04,66.53297424316406,81.91999816894531,82.5,81.0999984741211,82.5,7029900
2018-10-05,66.71975708007812,82.1500015258789,82.44999694824219,81.9800033569336,81.9800033569336,5454600
2018-10-08,66.9228286743164,82.4000015258789,82.73999786376953,81.75,81.9800033569336,7192300
2018-10-09,66.76038360595703,82.19999694824219,82.72000122070312,82.05999755859375,82.38999938964844,6268100
2018-10-10,66.14311218261719,81.44000244140625,82.68000030517578,81.44000244140625,81.80999755859375,9295800
2018-10-11,64.05585479736328,78.87000274658203,81.97000122070312,78.66999816894531,81.63999938964844,12560300
2018-10-12,64.21017456054688,79.05999755859375,79.37999725341797,78.48999786376953,79.37000274658203,9878700
2018-10-15,65.07917022705078,80.12999725341797,80.54000091552734,78.91999816894531,79.01000213623047,9691500
2018-10-16,65.79389953613281,81.01000213623047,81.08999633789062,79.9000015258789,79.91000366210938,9462600
2018-10-17,66.48424530029297,81.86000061035156,82.18000030517578,80.37999725341797,80.76000213623047,10375300
2018-10-18,65.7443618774414,80.23999786376953,81.33999633789062,80.0,80.70999908447266,9869500
2018-10-19,71.52896118164062,87.30000305175781,87.76000213623047,84.86000061035156,84.86000061035156,30276400
2018-10-22,70.95539855957031,86.5999984741211,87.23999786376953,85.2300033569336,86.7300033569336,14124100
2018-10-23,71.41423797607422,87.16000366210938,87.30000305175781,86.01000213623047,86.01000213623047,16269500
2018-10-24,73.29875183105469,89.45999908447266,90.69999694824219,87.22000122070312,87.27999877929688,26703500
2018-10-25,72.9218521118164,89.0,89.33000183105469,87.30999755859375,88.11000061035156,14647000
2018-10-26,71.98779296875,87.86000061035156,89.16999816894531,87.38999938964844,88.69000244140625,14335900
2018-10-29,72.29914093017578,88.23999786376953,89.41999816894531,87.44000244140625,88.29000091552734,12878900
2018-10-30,73.07752990722656,89.19000244140625,89.43000030517578,88.20999908447266,88.8499984741211,13844000
2018-10-31,72.65965270996094,88.68000030517578,89.31999969482422,87.2699966430664,88.7699966430664,13362400
2018-11-01,73.40524291992188,89.58999633789062,89.83000183105469,88.18000030517578,88.80999755859375,9732400
2018-11-02,73.58550262451172,89.80999755859375,89.94999694824219,88.9800033569336,89.87999725341797,11336000
2018-11-05,74.72441101074219,91.19999694824219,91.44000244140625,89.81999969482422,89.88999938964844,12270100
2018-11-06,74.97840881347656,91.51000213623047,91.52999877929688,90.43000030517578,90.86000061035156,8857800
2018-11-07,74.79813385009766,91.29000091552734,91.62000274658203,90.62000274658203,91.58999633789062,9019800
2018-11-08,74.85550689697266,91.36000061035156,91.52999877929688,90.66999816894531,90.94999694824219,6614400
2018-11-09,75.71583557128906,92.41000366210938,92.66999816894531,91.16999816894531,91.3499984741211,10713500
2018-11-12,75.95339965820312,92.69999694824219,93.44999694824219,91.75,92.20999908447266,12522100
2018-11-13,76.58430480957031,93.47000122070312,93.56999969482422,91.58999633789062,91.97000122070312,13438700
2018-11-14,76.6007080078125,93.48999786376953,93.9000015258789,92.98999786376953,93.41999816894531,11623000
2018-11-15,76.87928771972656,93.83000183105469,93.9000015258789,92.72000122070312,93.33000183105469,12506000
2018-11-16,76.87109375,93.81999969482422,94.80999755859375,93.66999816894531,93.81999969482422,13013500
2018-11-19,76.43685913085938,93.29000091552734,94.19000244140625,92.91000366210938,93.72000122070312,9458300
2018-11-20,75.4618148803711,92.0999984741211,93.79000091552734,91.86000061035156,93.23999786376953,12074000
2018-11-21,74.89646911621094,91.41000366210938,92.37000274658203,91.23999786376953,91.66000366210938,8911800
2018-11-23,75.00298309326172,91.54000091552734,91.98999786376953,90.62999725341797,91.25,4399600
2018-11-26,75.33073425292969,91.94000244140625,92.4000015258789,91.1500015258789,91.1500015258789,8171400
2018-11-27,75.96979522705078,92.72000122070312,92.86000061035156,91.8499984741211,91.93000030517578,9023400
2018-11-28,76.20742797851562,93.01000213623047,93.22000122070312,92.20999908447266,92.62999725341797,8093700
2018-11-29,76.05175018310547,92.81999969482422,93.30000305175781,92.66000366210938,92.86000061035156,6126900
2018-11-30,77.43644714355469,94.51000213623047,94.6500015258789,92.75,93.18000030517578,16291800
2018-12-03,76.46141815185547,93.31999969482422,94.66999816894531,92.26000213623047,94.66999816894531,13934700
2018-12-04,76.4532241821289,93.30999755859375,94.86000061035156,93.16999816894531,93.48999786376953,11123600
2018-12-06,76.6498794555664,93.55000305175781,93.62999725341797,91.08000183105469,92.69999694824219,14199200
2018-12-07,75.74857330322266,92.44999694824219,93.77999877929688,92.13999938964844,93.58999633789062,7996800
2018-12-10,76.22380065917969,93.02999877929688,93.4000015258789,91.37000274658203,93.25,9307600
2018-12-11,76.94483184814453,93.91000366210938,94.5199966430664,93.4000015258789,93.72000122070312,8743800
2018-12-12,77.04315185546875,94.02999877929688,94.55000305175781,93.0999984741211,94.20999908447266,9644000
2018-12-13,79.05874633789062,96.48999786376953,96.79000091552734,94.80000305175781,94.87000274658203,18541300
2018-12-14,79.1816635131836,96.63999938964844,96.9000015258789,96.0199966430664,96.44999694824219,12657300
2018-12-17,76.01077270507812,92.7699966430664,96.5,92.4000015258789,96.0,12427600
2018-12-18,75.7813491821289,92.48999786376953,93.30999755859375,91.86000061035156,93.12999725341797,12250600
2018-12-19,75.1832275390625,91.76000213623047,93.3499984741211,91.29000091552734,92.55000305175781,10825600
2018-12-20,74.54414367675781,90.9800033569336,92.2300033569336,90.12999725341797,91.51000213623047,14439200
2018-12-21,74.53594970703125,90.97000122070312,93.16999816894531,90.36000061035156,90.61000061035156,24030000
2018-12-24,71.57810974121094,87.36000061035156,90.66000366210938,86.87999725341797,90.44999694824219,7396300
2018-12-26,73.81491088867188,90.08999633789062,90.08999633789062,86.73999786376953,87.41999816894531,8630900
2018-12-27,75.39627838134766,92.0199966430664,92.05000305175781,88.19999694824219,89.61000061035156,11360100
2018-12-28,74.70800018310547,91.18000030517578,93.27999877929688,90.83999633789062,92.55999755859375,9611800
2018-12-31,75.31433868408203,91.91999816894531,92.18000030517578,91.1500015258789,91.62999725341797,7239500
2019-01-02,74.78994750976562,91.27999877929688,91.38999938964844,89.93000030517578,91.02999877929688,9843900
2019-01-03,74.26557159423828,90.63999938964844,92.5,90.37999725341797,90.94000244140625,9820200
2019-01-04,75.7813491821289,92.48999786376953,92.48999786376953,90.37000274658203,90.83999633789062,10565700
2019-01-07,75.47818756103516,92.12000274658203,92.5,91.4000015258789,91.91000366210938,9012500
2019-01-08,75.75679016113281,92.45999908447266,93.08999633789062,91.81999969482422,92.69999694824219,9551300
2019-01-09,74.51956939697266,90.94999694824219,92.95999908447266,90.80999755859375,92.69000244140625,15015600
2019-01-10,74.6998291015625,91.16999816894531,91.54000091552734,90.61000061035156,90.88999938964844,11102300
2019-01-11,75.19143676757812,91.7699966430664,91.9800033569336,91.11000061035156,91.66999816894531,7166600
2019-01-14,74.68345642089844,91.1500015258789,91.91000366210938,90.8499984741211,91.5,7952000
2019-01-15,75.3880844116211,92.01000213623047,92.61000061035156,91.13999938964844,91.1500015258789,7834500
2019-01-16,74.86371612548828,91.37000274658203,92.1500015258789,90.98999786376953,91.73999786376953,7964500
2019-01-17,74.85295104980469,90.63999938964844,91.55999755859375,90.3499984741211,90.70999908447266,8044500
2019-01-18,75.49710845947266,91.41999816894531,91.83999633789062,91.04000091552734,91.37000274658203,9100300
2019-01-22,74.68778991699219,90.44000244140625,91.75,89.08000183105469,91.38999938964844,13518500
2019-01-23,78.32144927978516,94.83999633789062,96.41000366210938,93.62999725341797,94.18000030517578,22869000
2019-01-24,77.87549591064453,94.30000305175781,94.55999755859375,93.19000244140625,94.29000091552734,12146400
2019-01-25,77.29740142822266,93.5999984741211,94.88999938964844,93.05999755859375,94.41999816894531,10618000
2019-01-28,77.2313232421875,93.5199966430664,93.97000122070312,92.97000122070312,93.31999969482422,9765600
2019-01-29,77.24784851074219,93.54000091552734,94.12000274658203,93.0999984741211,93.79000091552734,9769800
2019-01-30,78.05716705322266,94.5199966430664,94.66000366210938,93.56999969482422,93.61000061035156,7750200
2019-01-31,79.66752624511719,96.47000122070312,96.80999755859375,94.08000183105469,94.43000030517578,16044400
2019-02-01,80.49334716796875,97.47000122070312,97.61000061035156,95.98999786376953,96.3499984741211,12720800
2019-02-04,80.95579528808594,98.02999877929688,98.22000122070312,96.72000122070312,97.20999908447266,11887500
2019-02-05,80.46858978271484,97.44000244140625,98.0199966430664,97.20999908447266,97.98999786376953,9772300
2019-02-06,80.8649673461914,97.91999816894531,98.31999969482422,97.12000274658203,97.25,8693900
2019-02-07,80.2208480834961,97.13999938964844,97.5999984741211,96.33999633789062,97.5199966430664,8732500
2019-02-08,80.69154357910156,97.70999908447266,97.72000122070312,96.69999694824219,97.01000213623047,7483200
2019-02-11,81.15399169921875,98.2699966430664,98.38999938964844,97.43000030517578,97.48999786376953,8494100
2019-02-12,81.97156524658203,99.26000213623047,99.33999633789062,97.9800033569336,98.37999725341797,11238800
2019-02-13,81.95506286621094,99.23999786376953,99.69999694824219,99.01000213623047,99.29000091552734,11587200
2019-02-14,81.3109130859375,98.45999908447266,98.81999969482422,97.83999633789062,98.69999694824219,7930100
2019-02-15,81.32743835449219,98.4800033569336,99.19999694824219,98.25,98.94999694824219,12069100
2019-02-19,82.57442474365234,99.98999786376953,100.0,98.47000122070312,98.55999755859375,10098200
2019-02-20,81.98809051513672,99.27999877929688,100.22000122070312,98.94000244140625,99.77999877929688,8947400
2019-02-21,82.4010238647461,99.77999877929688,99.86000061035156,98.58999633789062,99.0999984741211,7444800
2019-02-22,82.78916931152344,100.25,100.4000015258789,99.4000015258789,99.69000244140625,7925400
2019-02-25,82.22759246826172,99.56999969482422,100.44999694824219,99.33000183105469,100.36000061035156,7436100
2019-02-26,82.44229888916016,99.83000183105469,100.18000030517578,99.62999725341797,99.83999633789062,7115300
2019-02-27,81.68254852294922,98.91000366210938,99.62999725341797,98.81999969482422,99.33999633789062,6013600
2019-02-28,81.38521575927734,98.55000305175781,99.19999694824219,98.08000183105469,98.91000366210938,10575400
2019-03-01,81.29439544677734,98.44000244140625,98.77999877929688,97.83000183105469,98.61000061035156,7733200
2019-03-04,81.64949035644531,98.87000274658203,98.87999725341797,97.87999725341797,98.56999969482422,6895300
2019-03-05,81.8311767578125,99.08999633789062,99.68000030517578,98.91000366210938,98.91000366210938,6274600
2019-03-06,81.6990737915039,98.93000030517578,99.0999984741211,98.4000015258789,98.86000061035156,4622300
2019-03-07,81.38521575927734,98.55000305175781,99.5999984741211,98.25,98.97000122070312,8408600
2019-03-08,81.26962280273438,98.41000366210938,99.18000030517578,97.75,98.81999969482422,5144500
2019-03-11,82.23584747314453,99.58000183105469,99.68000030517578,98.51000213623047,98.79000091552734,7544400
2019-03-12,82.62399291992188,100.05000305175781,100.5199966430664,99.7300033569336,99.77999877929688,7597500
2019-03-13,83.5571517944336,101.18000030517578,101.58999633789062,99.95999908447266,99.98999786376953,9883300
2019-03-14,83.67279815673828,101.31999969482422,101.77999877929688,100.72000122070312,100.94000244140625,8590200
2019-03-15,84.59772491455078,102.44000244140625,102.88999938964844,101.7300033569336,101.76000213623047,30802700
2019-03-18,83.82970428466797,101.51000213623047,102.29000091552734,101.19999694824219,102.05999755859375,8442800
2019-03-19,84.15174865722656,101.9000015258789,102.13999938964844,101.29000091552734,101.91000366210938,7334100
2019-03-20,84.00309753417969,101.72000122070312,102.30999755859375,101.05000305175781,101.7300033569336,7513800
2019-03-21,84.63899230957031,102.48999786376953,102.91000366210938,101.27999877929688,101.27999877929688,8221000
2019-03-22,83.95355987548828,101.66000366210938,103.1500015258789,99.01000213623047,102.4800033569336,11035900
2019-03-25,84.2013168334961,101.95999908447266,102.33999633789062,101.26000213623047,101.66000366210938,6955500
2019-03-26,85.07669067382812,103.0199966430664,103.4800033569336,102.4000015258789,102.44000244140625,6909400
2019-03-27,84.97759246826172,102.9000015258789,103.0199966430664,102.04000091552734,102.76000213623047,6037100
2019-03-28,85.51437377929688,103.55000305175781,103.68000030517578,103.11000061035156,103.30999755859375,6793700
2019-03-29,85.92729949951172,104.05000305175781,104.1500015258789,103.11000061035156,103.86000061035156,7535400
2019-04-01,85.58869934082031,103.63999938964844,104.2300033569336,103.13999938964844,104.2300033569336,6626500
2019-04-02,85.67953491210938,103.75,104.0199966430664,103.26000213623047,103.61000061035156,6088800
2019-04-03,85.62999725341797,103.69000244140625,103.88999938964844,102.75,103.58000183105469,5226500
2019-04-04,85.41526794433594,103.43000030517578,103.66999816894531,102.79000091552734,103.4800033569336,4786100
2019-04-05,85.5969467163086,103.6500015258789,103.69000244140625,103.16999816894531,103.61000061035156,4281800
2019-04-08,86.68704223632812,104.97000122070312,105.13999938964844,103.5,103.93000030517578,8468600
2019-04-09,86.43103790283203,104.66000366210938,104.76000213623047,104.13999938964844,104.55000305175781,5820300
2019-04-10,86.42279815673828,104.6500015258789,105.0,104.23999786376953,104.66000366210938,5394300
2019-04-11,86.50537109375,104.75,105.05000305175781,104.37000274658203,104.58000183105469,5078400
2019-04-12,86.76136779785156,105.05999755859375,105.05999755859375,104.16999816894531,104.75,6707900
2019-04-15,87.3146743774414,105.7300033569336,105.77999877929688,104.79000091552734,104.9800033569336,5639200
2019-04-16,87.88449096679688,106.41999816894531,106.5,105.6500015258789,105.9800033569336,8136100
2019-04-17,88.03085327148438,105.8499984741211,106.51000213623047,105.3499984741211,106.2699966430664,6778100
2019-04-18,88.19721984863281,106.05000305175781,106.70999908447266,105.83000183105469,106.0199966430664,7248900
2019-04-22,88.1639404296875,106.01000213623047,107.19999694824219,105.73999786376953,106.12999725341797,9057200
2019-04-23,85.79371643066406,103.16000366210938,104.11000061035156,102.12999725341797,104.01000213623047,15979800
2019-04-24,86.2344970703125,103.69000244140625,104.6500015258789,102.79000091552734,103.31999969482422,10094800
2019-04-25,85.89350891113281,103.27999877929688,103.56999969482422,102.58999633789062,103.0999984741211,6085300
2019-04-26,88.03917694091797,105.86000061035156,105.87999725341797,103.91000366210938,103.94999694824219,7747400
2019-04-29,87.14099884033203,104.77999877929688,105.75,104.72000122070312,105.56999969482422,4787600
2019-04-30,88.55481719970703,106.4800033569336,106.62000274658203,104.66000366210938,104.86000061035156,8251300
2019-05-01,87.26576232910156,104.93000030517578,106.38999938964844,104.80999755859375,106.1500015258789,6733800
2019-05-02,87.78968811035156,105.55999755859375,105.76000213623047,105.05000305175781,105.19999694824219,6270300
2019-05-03,88.22216796875,106.08000183105469,106.41000366210938,105.58000183105469,105.98999786376953,4793400
2019-05-06,87.88948822021484,105.68000030517578,105.81999969482422,105.04000091552734,105.12000274658203,4890400
2019-05-07,87.07445526123047,104.69999694824219,105.58000183105469,104.0999984741211,105.02999877929688,6021700
2019-05-08,87.38219451904297,105.06999969482422,105.7699966430664,104.16000366210938,104.98999786376953,5392600
2019-05-09,86.69190216064453,104.23999786376953,105.04000091552734,103.77999877929688,104.66999816894531,6901700
2019-05-10,88.1639404296875,106.01000213623047,106.1500015258789,103.91999816894531,103.9800033569336,5815800
2019-05-13,88.24710845947266,106.11000061035156,106.58999633789062,104.8499984741211,105.13999938964844,7575500
2019-05-14,87.82296752929688,105.5999984741211,106.5,105.56999969482422,105.7699966430664,7004000
2019-05-15,88.73777770996094,106.69999694824219,107.0,105.5,105.61000061035156,5535600
2019-05-16,89.91043853759766,108.11000061035156,108.68000030517578,106.58999633789062,106.73999786376953,9284200
2019-05-17,89.36151123046875,107.44999694824219,108.0,107.26000213623047,107.2699966430664,6370200
2019-05-20,89.2617416381836,107.33000183105469,108.12999725341797,107.13999938964844,107.44000244140625,6565300
2019-05-21,88.46333312988281,106.37000274658203,107.54000091552734,106.29000091552734,107.47000122070312,5226400
2019-05-22,88.75442504882812,106.72000122070312,107.05000305175781,105.94000244140625,106.08999633789062,4889700
2019-05-23,88.78768920898438,106.76000213623047,107.02999877929688,105.88999938964844,106.68000030517578,6175600
2019-05-24,88.72947692871094,106.69000244140625,107.44000244140625,106.54000091552734,107.1500015258789,4372100
2019-05-28,86.8748779296875,104.45999908447266,107.25,104.41999816894531,106.69999694824219,7615500
2019-05-29,86.65032958984375,104.19000244140625,104.80999755859375,103.69999694824219,103.95999908447266,7137300
2019-05-30,87.59840393066406,105.33000183105469,105.37000274658203,104.37000274658203,104.37000274658203,4729200
2019-05-31,85.58580017089844,102.91000366210938,104.9000015258789,102.41000366210938,104.88999938964844,10282300
2019-06-03,86.32597351074219,103.80000305175781,103.95999908447266,102.4000015258789,103.1500015258789,8532900
2019-06-04,87.05783081054688,104.68000030517578,105.0999984741211,103.8499984741211,104.01000213623047,6906400
2019-06-05,88.76274108886719,106.7300033569336,106.75,104.88999938964844,105.23999786376953,6481700
2019-06-06,89.30331420898438,107.37999725341797,107.68000030517578,106.33000183105469,106.8499984741211,6681600
2019-06-07,90.45931243896484,108.7699966430664,109.37999725341797,107.73999786376953,107.73999786376953,8063400
2019-06-10,90.4177474975586,108.72000122070312,109.0199966430664,107.45999908447266,108.31999969482422,4767000
2019-06-11,90.96662139892578,109.37999725341797,109.5999984741211,108.87000274658203,108.94000244140625,8074400
2019-06-12,91.21613311767578,109.68000030517578,110.66000366210938,109.58000183105469,109.5999984741211,7687800
2019-06-13,92.23906707763672,110.91000366210938,110.94999694824219,109.86000061035156,109.9800033569336,8611400
2019-06-14,92.48023223876953,111.19999694824219,111.75,110.6500015258789,110.97000122070312,6438100
2019-06-17,92.30559539794922,110.98999786376953,111.20999908447266,110.23999786376953,111.16000366210938,6020000
2019-06-18,91.14958953857422,109.5999984741211,111.55999755859375,109.43000030517578,111.44999694824219,7731200
2019-06-19,91.83155059814453,110.41999816894531,110.7300033569336,109.26000213623047,109.5,7028000
2019-06-20,92.9293441772461,111.73999786376953,112.0199966430664,110.5,110.77999877929688,7044200
2019-06-21,92.48023223876953,111.19999694824219,112.47000122070312,111.0199966430664,111.62000274658203,13799400
2019-06-24,93.4200210571289,112.33000183105469,112.5,111.4000015258789,111.81999969482422,5518100
2019-06-25,92.9126968383789,111.72000122070312,112.62999725341797,111.30999755859375,112.11000061035156,6805600
2019-06-26,91.25770568847656,109.7300033569336,111.44000244140625,109.66000366210938,111.38999938964844,7170300
2019-06-27,91.29928588867188,109.77999877929688,110.2699966430664,109.29000091552734,109.91999816894531,5613300
2019-06-28,91.19116973876953,109.6500015258789,111.95999908447266,109.0199966430664,111.86000061035156,12152000
2019-07-01,91.8897705078125,110.48999786376953,110.69999694824219,109.61000061035156,109.91999816894531,6775900
2019-07-02,92.71310424804688,111.4800033569336,111.5,110.29000091552734,110.61000061035156,6578200
2019-07-03,94.87542724609375,114.08000183105469,114.2699966430664,111.83999633789062,111.95999908447266,6223300
2019-07-05,94.10196685791016,113.1500015258789,113.44999694824219,112.2300033569336,112.97000122070312,8694800
2019-07-08,94.85047149658203,114.05000305175781,114.2300033569336,113.30000305175781,113.33999633789062,5317800
2019-07-09,93.9023666381836,112.91000366210938,113.91000366210938,112.31999969482422,113.9000015258789,7537700
2019-07-10,94.60095977783203,113.75,114.5,113.4000015258789,113.45999908447266,5600700
2019-07-11,95.12489318847656,114.37999725341797,114.4000015258789,113.44000244140625,113.66000366210938,4625300
2019-07-12,95.63220977783203,114.98999786376953,115.20999908447266,114.06999969482422,114.06999969482422,7058600
2019-07-15,96.03971862792969,115.4800033569336,115.87999725341797,114.79000091552734,115.06999969482422,6240700
2019-07-16,96.38070678710938,115.88999938964844,116.5199966430664,115.44999694824219,115.72000122070312,7644300
2019-07-17,96.42230224609375,115.94000244140625,116.29000091552734,115.7300033569336,115.7300033569336,7861700
2019-07-18,96.62821197509766,115.44000244140625,115.7699966430664,114.79000091552734,114.93000030517578,5828700
2019-07-19,96.26829528808594,115.01000213623047,115.94999694824219,115.01000213623047,115.5,6547000
2019-07-22,96.51102447509766,115.30000305175781,115.44999694824219,114.58000183105469,115.04000091552734,4018800
2019-07-23,95.29730987548828,113.8499984741211,116.05000305175781,113.83999633789062,115.70999908447266,8194600
2019-07-24,94.25101470947266,112.5999984741211,113.87999725341797,112.27999877929688,113.8499984741211,9635900
2019-07-25,94.39330291748047,112.7699966430664,112.9800033569336,111.37999725341797,111.4800033569336,7809400
2019-07-26,96.03392791748047,114.7300033569336,114.87999725341797,112.87999725341797,113.20999908447266,5559600
2019-07-29,97.0969467163086,116.0,116.20999908447266,114.62000274658203,114.7300033569336,7768700
2019-07-30,100.788330078125,120.41000366210938,121.76000213623047,118.80000305175781,119.81999969482422,18788800
2019-07-31,98.80453491210938,118.04000091552734,120.68000030517578,117.06999969482422,119.66000366210938,12641800
2019-08-01,97.70797729492188,116.7300033569336,119.16999816894531,116.7300033569336,118.55999755859375,11308600
2019-08-02,97.46524810791016,116.44000244140625,117.08000183105469,115.69000244140625,116.51000213623047,12266100
2019-08-05,94.65277099609375,113.08000183105469,116.30000305175781,112.83000183105469,116.08999633789062,12974800
2019-08-06,95.65724182128906,114.27999877929688,115.0,113.18000030517578,113.6500015258789,9490600
2019-08-07,96.69515991210938,115.5199966430664,116.23999786376953,112.68000030517578,113.75,9507600
2019-08-08,98.30229187011719,117.44000244140625,117.48999786376953,115.33999633789062,115.5199966430664,7416600
2019-08-09,97.74983215332031,116.77999877929688,118.04000091552734,115.8499984741211,117.62000274658203,6939500
2019-08-12,97.1220474243164,116.02999877929688,117.66999816894531,115.58999633789062,116.77999877929688,4996200
2019-08-13,98.14325714111328,117.25,118.06999969482422,116.33999633789062,116.51000213623047,6722000
2019-08-14,96.92118072509766,115.79000091552734,117.94000244140625,115.66000366210938,116.45999908447266,10148300
2019-08-15,98.26043701171875,117.38999938964844,118.08999633789062,116.44000244140625,116.80000305175781,7758000
2019-08-16,99.75875854492188,119.18000030517578,119.54000091552734,117.5999984741211,118.05999755859375,8302400
2019-08-19,100.6460189819336,120.23999786376953,120.44999694824219,119.11000061035156,119.97000122070312,5867100
2019-08-20,99.52438354492188,118.9000015258789,120.26000213623047,118.79000091552734,120.05000305175781,6744300
2019-08-21,99.77546691894531,119.19999694824219,119.6500015258789,118.68000030517578,119.2699966430664,4037400
2019-08-22,99.95963287353516,119.41999816894531,119.79000091552734,118.69999694824219,119.08000183105469,4558400
2019-08-23,98.20182800292969,117.31999969482422,120.11000061035156,116.43000030517578,119.13999938964844,7336800
2019-08-26,99.87592315673828,119.31999969482422,119.5999984741211,117.22000122070312,117.75,5661500
2019-08-27,100.90550231933594,120.55000305175781,121.05000305175781,119.77999877929688,119.98999786376953,6996300
2019-08-28,101.61698150634766,121.4000015258789,121.43000030517578,119.62999725341797,120.45999908447266,4600300
2019-08-29,101.43282318115234,121.18000030517578,122.0,120.31999969482422,121.79000091552734,5011500
2019-08-30,100.63764190673828,120.2300033569336,122.0,119.51000213623047,121.95999908447266,6007100
2019-09-03,101.58350372314453,121.36000061035156,121.54000091552734,119.62999725341797,119.79000091552734,4959300
2019-09-04,103.13204193115234,123.20999908447266,123.27999877929688,121.45999908447266,121.8499984741211,5586900
2019-09-05,102.75535583496094,122.76000213623047,123.43000030517578,122.18000030517578,123.23999786376953,7491900
2019-09-06,102.84742736816406,122.87000274658203,123.37999725341797,122.54000091552734,123.0,5306900
2019-09-09,102.26151275634766,122.16999816894531,122.77999877929688,121.77999877929688,122.70999908447266,7662400
2019-09-10,100.34466552734375,119.87999725341797,121.18000030517578,119.58000183105469,121.02999877929688,9582200
2019-09-11,101.50816345214844,121.2699966430664,121.33999633789062,119.36000061035156,119.86000061035156,7565500
2019-09-12,102.76371765136719,122.7699966430664,123.20999908447266,121.62000274658203,122.6500015258789,6194300
2019-09-13,102.21967315673828,122.12000274658203,122.58000183105469,121.5,121.81999969482422,6777400
2019-09-16,100.23584747314453,119.75,121.95999908447266,119.0199966430664,121.80999755859375,9626700
2019-09-17,101.4161148071289,121.16000366210938,121.98999786376953,119.44000244140625,119.62999725341797,6377100
2019-09-18,101.62535095214844,121.41000366210938,121.95999908447266,120.7699966430664,121.2699966430664,5684200
2019-09-19,102.03550720214844,121.9000015258789,122.2300033569336,121.23999786376953,121.38999938964844,4525800
2019-09-20,102.32009887695312,122.23999786376953,122.5999984741211,121.75,122.12999725341797,15362000
2019-09-23,103.14038848876953,123.22000122070312,123.7699966430664,121.97000122070312,122.19999694824219,6060400
2019-09-24,103.46684265136719,123.61000061035156,124.7300033569336,123.36000061035156,123.69999694824219,7633200
2019-09-25,102.9729995727539,123.0199966430664,123.83000183105469,122.94999694824219,123.55999755859375,5812600
2019-09-26,104.05276489257812,124.30999755859375,125.0,123.52999877929688,123.63999938964844,6984800
2019-09-27,104.27040100097656,124.56999969482422,124.87999725341797,123.72000122070312,124.41000366210938,5589800
2019-09-30,104.11136627197266,124.37999725341797,125.36000061035156,124.12999725341797,124.56999969482422,5206900
2019-10-01,103.66771697998047,123.8499984741211,124.63999938964844,123.19999694824219,124.36000061035156,5415700
2019-10-02,101.34912109375,121.08000183105469,123.6500015258789,120.20999908447266,123.19999694824219,6755100
2019-10-03,101.90153503417969,121.73999786376953,122.54000091552734,120.83999633789062,121.66999816894531,5171000
2019-10-04,103.79328918457031,124.0,124.05999755859375,121.98999786376953,122.19000244140625,4377900
2019-10-07,102.82231140136719,122.83999633789062,123.88999938964844,122.68000030517578,123.52999877929688,4749700
2019-10-08,101.22356414794922,120.93000030517578,122.93000030517578,120.87999725341797,122.66000366210938,5545300
2019-10-09,102.10247039794922,121.9800033569336,122.38999938964844,121.43000030517578,121.80999755859375,3775600
2019-10-10,102.0689926147461,121.94000244140625,122.19000244140625,120.80000305175781,121.33000183105469,3943400
2019-10-11,101.35750579833984,121.08999633789062,122.05999755859375,120.81999969482422,122.04000091552734,6292200
2019-10-14,100.48698425292969,120.05000305175781,121.62000274658203,119.58000183105469,121.62000274658203,7360200
2019-10-15,98.10140228271484,117.19999694824219,120.55999755859375,116.69999694824219,120.19000244140625,11113900
2019-10-16,98.37762451171875,117.52999877929688,117.7699966430664,116.51000213623047,117.66999816894531,7973100
2019-10-17,98.24787139892578,116.62999725341797,117.63999938964844,116.55000305175781,117.30999755859375,5956900
2019-10-18,98.95549774169922,117.47000122070312,117.75,116.16999816894531,116.55000305175781,9016700
2019-10-21,100.3117446899414,119.08000183105469,119.12000274658203,117.3499984741211,117.41999816894531,6731600
2019-10-22,102.92315673828125,122.18000030517578,124.22000122070312,121.5999984741211,124.0,14410500
2019-10-23,103.61393737792969,123.0,123.7300033569336,121.83999633789062,121.98999786376953,8249300
2019-10-24,105.12181854248047,124.79000091552734,125.7699966430664,123.33999633789062,123.76000213623047,6725600
2019-10-25,103.82451629638672,123.25,124.81999969482422,123.16999816894531,124.81999969482422,6093300
2019-10-28,104.0182876586914,123.4800033569336,124.12000274658203,122.5999984741211,123.4800033569336,5459500
2019-10-29,104.11934661865234,123.5999984741211,124.55999755859375,123.0999984741211,123.19999694824219,5659800
2019-10-30,105.24816131591797,124.94000244140625,125.16999816894531,123.5,123.98999786376953,4734500
2019-10-31,104.88591766357422,124.51000213623047,125.44999694824219,123.36000061035156,124.79000091552734,6399500
2019-11-01,104.34678649902344,123.87000274658203,125.13999938964844,123.25,124.83000183105469,6010200
2019-11-04,100.30332946777344,119.06999969482422,123.91999816894531,118.63999938964844,123.91999816894531,10351400
2019-11-05,100.16014099121094,118.9000015258789,119.58999633789062,118.23999786376953,118.83000183105469,9239600
2019-11-06,101.35633087158203,120.31999969482422,120.3499984741211,118.66000366210938,119.0999984741211,6756300
2019-11-07,100.76663970947266,119.62000274658203,120.33999633789062,118.80999755859375,120.33999633789062,8909700
2019-11-08,100.83405303955078,119.69999694824219,120.58999633789062,119.16000366210938,119.8499984741211,4249900
2019-11-11,100.52235412597656,119.33000183105469,120.0,119.08999633789062,119.4800033569336,3850400
2019-11-12,100.4718017578125,119.2699966430664,119.5999984741211,118.55000305175781,119.48999786376953,4759600
2019-11-13,101.63432312011719,120.6500015258789,121.05000305175781,119.87000274658203,119.9000015258789,7262800
2019-11-14,101.50792694091797,120.5,121.16999816894531,120.11000061035156,120.62000274658203,5188300
2019-11-15,101.54165649414062,120.54000091552734,120.98999786376953,119.97000122070312,120.98999786376953,7108600
2019-11-18,102.67886352539062,121.88999938964844,122.55999755859375,120.16999816894531,120.25,7493700
2019-11-19,102.28292846679688,121.41999816894531,122.77999877929688,121.12999725341797,121.93000030517578,5989000
2019-11-20,103.01581573486328,122.29000091552734,122.37999725341797,120.93000030517578,121.41999816894531,6480000
2019-11-21,101.37316131591797,120.33999633789062,122.54000091552734,120.27999877929688,121.77999877929688,7094200
2019-11-22,101.33103942871094,120.29000091552734,120.61000061035156,119.38999938964844,120.2300033569336,4414900
2019-11-25,101.5163803100586,120.51000213623047,120.91999816894531,120.0199966430664,120.44000244140625,5134300
2019-11-26,102.99053955078125,122.26000213623047,122.3499984741211,120.41000366210938,120.7300033569336,8235200
2019-11-27,102.56935119628906,121.76000213623047,122.44000244140625,120.95999908447266,122.41999816894531,3751400
2019-11-29,102.82206726074219,122.05999755859375,122.62999725341797,121.70999908447266,121.98999786376953,2927300
2019-12-02,103.3780517578125,122.72000122070312,122.77999877929688,120.95999908447266,121.94000244140625,6146200
2019-12-03,103.57178497314453,122.94999694824219,122.95999908447266,121.80000305175781,122.30999755859375,6396200
2019-12-04,104.90277099609375,124.52999877929688,124.58000183105469,122.69000244140625,122.75,6857300
2019-12-05,104.97856903076172,124.62000274658203,124.62999725341797,123.66000366210938,124.2699966430664,7029200
2019-12-06,104.6163558959961,124.19000244140625,125.44999694824219,123.88999938964844,124.7300033569336,7150900
2019-12-09,105.18920135498047,124.87000274658203,125.13999938964844,124.18000030517578,124.30999755859375,7452800
2019-12-10,104.68374633789062,124.2699966430664,124.87000274658203,124.12000274658203,124.77999877929688,4740100
2019-12-11,105.01227569580078,124.66000366210938,125.2699966430664,124.06999969482422,124.2699966430664,4823300
2019-12-12,104.93646240234375,124.56999969482422,125.76000213623047,123.87999725341797,124.77999877929688,5897800
2019-12-13,105.69462585449219,125.47000122070312,125.73999786376953,123.79000091552734,124.20999908447266,5471600
2019-12-16,105.77043914794922,125.55999755859375,126.3499984741211,125.3499984741211,125.47000122070312,8281900
2019-12-17,105.55984497070312,125.30999755859375,125.9800033569336,124.30999755859375,125.58999633789062,8832200
2019-12-18,104.46472930908203,124.01000213623047,125.87000274658203,123.69000244140625,125.30999755859375,8607600
2019-12-19,105.2313003540039,124.91999816894531,125.19999694824219,123.9000015258789,124.16000366210938,6629100
2019-12-20,105.6019515991211,125.36000061035156,126.5999984741211,125.02999877929688,126.1500015258789,16250500
2019-12-23,105.2144546508789,124.9000015258789,125.81999969482422,124.69000244140625,125.5199966430664,6619500
2019-12-24,105.48403930664062,125.22000122070312,125.30999755859375,124.58000183105469,124.79000091552734,2022100
2019-12-26,105.48403930664062,125.22000122070312,125.75,124.87000274658203,125.0999984741211,4760400
2019-12-27,106.2168960571289,126.08999633789062,126.30000305175781,125.38999938964844,125.55999755859375,5192000
2019-12-30,104.85224151611328,124.47000122070312,125.9800033569336,124.13999938964844,125.76000213623047,3884300
2019-12-31,105.2144546508789,124.9000015258789,124.98999786376953,123.94999694824219,124.43000030517578,4798900
2020-01-02,103.95930480957031,123.41000366210938,124.7300033569336,122.94000244140625,124.5,8130800
2020-01-03,103.26012420654297,122.58000183105469,123.52999877929688,121.86000061035156,122.16000366210938,7970500
2020-01-06,103.4033203125,122.75,123.19000244140625,122.37999725341797,122.56999969482422,6674400
2020-01-07,102.76311492919922,121.98999786376953,123.20999908447266,121.87000274658203,122.87999725341797,7583400
2020-01-08,103.20115661621094,122.51000213623047,123.43000030517578,122.0,122.19000244140625,5385100
2020-01-09,104.32994842529297,123.8499984741211,123.87999725341797,122.51000213623047,122.51000213623047,5944000
2020-01-10,104.43104553222656,123.97000122070312,124.31999969482422,123.30000305175781,123.9000015258789,3927100
2020-01-13,105.19761657714844,124.87999725341797,124.9000015258789,123.80999755859375,124.0,8409200
2020-01-14,105.03755187988281,124.69000244140625,125.19999694824219,124.4800033569336,124.6500015258789,7829700
2020-01-15,106.10738372802734,125.95999908447266,126.12000274658203,125.01000213623047,125.05999755859375,4843700
2020-01-16,106.20006561279297,126.06999969482422,126.77999877929688,125.58999633789062,126.11000061035156,6233700
2020-01-17,106.48648071289062,126.41000366210938,127.0,125.87999725341797,126.3499984741211,11315200
2020-01-21,106.2168960571289,126.08999633789062,126.62000274658203,124.83999633789062,126.41000366210938,8553100
2020-01-22,106.4022216796875,126.30999755859375,126.68000030517578,125.83000183105469,126.33000183105469,7396700
2020-01-23,105.91584777832031,124.98999786376953,126.55000305175781,123.6500015258789,124.30000305175781,11096500
2020-01-24,106.04291534423828,125.13999938964844,126.79000091552734,124.7699966430664,125.22000122070312,9508600
2020-01-27,106.50900268554688,125.69000244140625,126.38999938964844,124.75,124.75,9338400
2020-01-28,106.79711151123047,126.02999877929688,126.9800033569336,125.72000122070312,125.93000030517578,6200200
2020-01-29,105.97513580322266,125.05999755859375,126.06999969482422,125.02999877929688,125.91000366210938,5271000
2020-01-30,106.72931671142578,125.94999694824219,126.05999755859375,124.41999816894531,124.79000091552734,5894400
2020-01-31,105.60227966308594,124.62000274658203,126.94999694824219,124.45999908447266,125.98999786376953,6612900
2020-02-03,106.01751708984375,125.11000061035156,125.94999694824219,124.48999786376953,124.66000366210938,6052300
2020-02-04,106.48359680175781,125.66000366210938,127.3499984741211,125.36000061035156,125.70999908447266,6512200
2020-02-05,107.45809936523438,126.80999755859375,127.05999755859375,125.4000015258789,125.91000366210938,6125400
2020-02-06,107.73773193359375,127.13999938964844,128.08999633789062,126.5999984741211,126.9000015258789,9102700
2020-02-07,106.83948516845703,126.08000183105469,127.2699966430664,126.05000305175781,127.19000244140625,5915100
2020-02-10,106.9157485961914,126.16999816894531,126.83000183105469,125.76000213623047,126.45999908447266,5216100
2020-02-11,105.21248626708984,124.16000366210938,126.2699966430664,124.02999877929688,126.2699966430664,6105700
2020-02-12,104.61083984375,123.44999694824219,123.97000122070312,122.8499984741211,123.68000030517578,6031700
2020-02-13,105.89041137695312,124.95999908447266,125.27999877929688,123.5199966430664,123.7300033569336,7159000
2020-02-14,106.89032745361328,126.13999938964844,126.1500015258789,124.79000091552734,125.29000091552734,5889100
2020-02-18,105.81414031982422,124.87000274658203,126.18000030517578,124.83000183105469,125.83000183105469,6767600
2020-02-19,106.29715728759766,125.44000244140625,126.47000122070312,124.6500015258789,124.8499984741211,4734000
2020-02-20,107.26317596435547,126.58000183105469,126.76000213623047,125.12999725341797,125.47000122070312,6094600
2020-02-21,107.3648681640625,126.69999694824219,128.07000732421875,125.9800033569336,126.12999725341797,8723900
2020-02-24,104.48372650146484,123.30000305175781,126.58999633789062,123.13999938964844,125.26000213623047,7533900
2020-02-25,102.89910125732422,121.43000030517578,123.95999908447266,120.87999725341797,123.0199966430664,8903200
2020-02-26,101.82292175292969,120.16000366210938,122.38999938964844,119.8499984741211,121.41999816894531,6894200
2020-02-27,96.17926025390625,113.5,119.91999816894531,113.43000030517578,119.12000274658203,13298900
2020-02-28,95.95047760009766,113.2300033569336,113.2300033569336,106.66999816894531,109.45999908447266,22784300
2020-03-02,101.31444549560547,119.55999755859375,119.79000091552734,112.55000305175781,113.19000244140625,12399800
2020-03-03,100.1365966796875,118.16999816894531,121.83999633789062,117.13999938964844,119.7300033569336,12510900
2020-03-04,105.50059509277344,124.5,124.69000244140625,119.5999984741211,119.87999725341797,9459300
2020-03-05,103.06856536865234,121.62999725341797,122.9000015258789,120.27999877929688,121.30000305175781,9363500
2020-03-06,103.093994140625,121.66000366210938,122.61000061035156,117.55000305175781,118.02999877929688,9817400
2020-03-09,98.34858703613281,116.05999755859375,120.02999877929688,115.12000274658203,115.2699966430664,13116500
2020-03-10,102.15338897705078,120.55000305175781,120.81999969482422,114.44000244140625,118.95999908447266,11419100
2020-03-11,94.56072235107422,111.58999633789062,118.44000244140625,110.68000030517578,117.5999984741211,16456000
2020-03-12,86.29864501953125,101.83999633789062,111.58000183105469,101.0,103.0,20988000
2020-03-13,96.66227722167969,114.06999969482422,114.62999725341797,105.41000366210938,106.5,17378700
2020-03-16,91.94229125976562,108.5,115.94999694824219,101.0,101.75,17367400
2020-03-17,100.19593048095703,118.23999786376953,119.69999694824219,110.7699966430664,111.44999694824219,19451400
2020-03-18,99.52645111083984,117.44999694824219,121.5,112.08999633789062,113.0199966430664,23139200
2020-03-19,93.91671752929688,110.83000183105469,118.0,109.79000091552734,116.61000061035156,16428100
2020-03-20,86.7986068725586,102.43000030517578,109.69999694824219,101.58999633789062,109.19000244140625,19922900
2020-03-23,82.79043579101562,97.69999694824219,103.75,94.33999633789062,100.19000244140625,17776800
2020-03-24,87.51041412353516,103.2699966430664,104.0,96.06999969482422,101.2300033569336,14625500
2020-03-25,85.51904296875,100.91999816894531,104.69999694824219,98.5999984741211,100.51000213623047,13789100
2020-03-26,90.99321746826172,107.37999725341797,108.30999755859375,102.52999877929688,103.87999725341797,15796000
2020-03-27,93.35746002197266,110.16999816894531,114.29000091552734,106.48999786376953,106.48999786376953,16073100
2020-03-30,97.45035552978516,115.0,115.79000091552734,110.19999694824219,113.9000015258789,14571600
2020-03-31,93.21336364746094,110.0,114.29000091552734,108.94999694824219,113.5,21691000
2020-04-01,92.64563751220703,109.33000183105469,112.18000030517578,107.0,107.94999694824219,11095800
2020-04-02,96.94190979003906,114.4000015258789,114.98999786376953,107.5,107.69000244140625,9168800
2020-04-03,97.51814270019531,115.08000183105469,115.9000015258789,113.01000213623047,113.73999786376953,7768700
2020-04-06,99.83152770996094,117.80999755859375,119.0,114.58000183105469,117.0,16848400
2020-04-07,95.56066131591797,112.7699966430664,120.05999755859375,112.5,116.70999908447266,14438400
2020-04-08,97.53507232666016,115.0999984741211,117.30000305175781,111.86000061035156,114.38999938964844,12564500
2020-04-09,97.16221618652344,114.66000366210938,118.66000366210938,114.19999694824219,115.26000213623047,12747300
2020-04-13,98.25538635253906,115.94999694824219,116.75,113.16000366210938,113.61000061035156,7926700
2020-04-14,102.50082397460938,120.95999908447266,121.47000122070312,116.25,118.76000213623047,10474200
2020-04-15,102.72113800048828,121.22000122070312,123.41999816894531,119.58999633789062,120.86000061035156,14192900
2020-04-16,102.95841979980469,121.5,122.5,119.9000015258789,122.3499984741211,12020200
2020-04-17,105.66160583496094,124.69000244140625,124.98999786376953,120.54000091552734,122.44999694824219,15899800
2020-04-20,102.19574737548828,120.5999984741211,123.2300033569336,120.54000091552734,121.47000122070312,10832000
2020-04-21,101.41615295410156,119.68000030517578,120.30000305175781,118.43000030517578,119.5,9465400
2020-04-22,101.17890167236328,119.4000015258789,120.27999877929688,118.77999877929688,119.98999786376953,10259400
2020-04-23,101.85366821289062,119.4000015258789,119.66999816894531,118.05000305175781,118.6500015258789,17277000
2020-04-24,101.32476806640625,118.77999877929688,119.76000213623047,118.62000274658203,119.0999984741211,12751100
2020-04-27,100.19020080566406,117.44999694824219,119.19000244140625,116.9000015258789,119.19000244140625,10635700
2020-04-28,99.71247863769531,116.88999938964844,117.91000366210938,116.16999816894531,117.0999984741211,9958000
2020-04-29,99.87459564208984,117.08000183105469,118.05000305175781,115.08000183105469,117.5199966430664,8707900
2020-04-30,100.54850006103516,117.87000274658203,118.27999877929688,115.66000366210938,115.91999816894531,10026400
2020-05-01,99.65280151367188,116.81999969482422,118.37000274658203,116.31999969482422,117.5999984741211,7366400
2020-05-04,98.75711822509766,115.7699966430664,117.19999694824219,115.0,117.08999633789062,5636000
2020-05-05,98.9618148803711,116.01000213623047,117.26000213623047,115.20999908447266,115.80000305175781,5425200
2020-05-06,96.47945404052734,113.0999984741211,116.13999938964844,112.88999938964844,115.54000091552734,7892200
2020-05-07,95.68612670898438,112.16999816894531,114.13999938964844,111.81999969482422,114.05999755859375,8762800
2020-05-08,98.91065216064453,115.94999694824219,116.30000305175781,113.38999938964844,113.5199966430664,9279900
2020-05-11,98.36470794677734,115.30999755859375,116.01000213623047,114.91999816894531,115.75,6947500
2020-05-12,97.71637725830078,114.55000305175781,115.9000015258789,114.13999938964844,115.19999694824219,6734400
2020-05-13,97.17894744873047,113.91999816894531,115.3499984741211,113.7300033569336,114.27999877929688,9312600
2020-05-14,97.08509826660156,113.80999755859375,114.44999694824219,111.25,113.54000091552734,9310000
2020-05-15,97.76756286621094,114.61000061035156,114.79000091552734,112.05000305175781,113.93000030517578,10694800
2020-05-18,99.1324234008789,116.20999908447266,116.98999786376953,114.70999908447266,116.02999877929688,10020800
2020-05-19,95.91645050048828,112.44000244140625,115.63999938964844,112.33999633789062,115.08999633789062,8047600
2020-05-20,96.6330337524414,113.27999877929688,113.7699966430664,112.12999725341797,113.0,6593800
2020-05-21,95.21694946289062,111.62000274658203,113.19999694824219,111.43000030517578,112.80000305175781,6552700
2020-05-22,96.05294036865234,112.5999984741211,113.5999984741211,111.76000213623047,112.29000091552734,5571900
2020-05-26,95.56669616699219,112.02999877929688,114.1500015258789,111.68000030517578,114.1500015258789,10432400
2020-05-27,97.15335845947266,113.88999938964844,113.97000122070312,111.81999969482422,112.5,8279700
2020-05-28,99.00447845458984,116.05999755859375,116.98999786376953,114.9000015258789,115.52999877929688,6586700
2020-05-29,98.88505554199219,115.91999816894531,116.72000122070312,114.62000274658203,116.12999725341797,7868000
2020-06-01,100.01960754394531,117.25,117.5,115.26000213623047,116.0,5105600
2020-06-02,100.7105712890625,118.05999755859375,118.13999938964844,116.81999969482422,117.06999969482422,6327900
2020-06-03,101.11148071289062,118.52999877929688,119.19000244140625,117.94999694824219,118.0999984741211,6171000
2020-06-04,98.99597930908203,116.05000305175781,118.83000183105469,115.56999969482422,118.0,6895800
2020-06-05,100.9408950805664,118.33000183105469,118.83000183105469,116.05000305175781,116.25,7337800
2020-06-08,101.5550765991211,119.05000305175781,119.12000274658203,116.83999633789062,117.44000244140625,6926700
2020-06-09,100.94943237304688,118.33999633789062,119.76000213623047,118.1500015258789,119.4000015258789,5563200
2020-06-10,101.70863342285156,119.2300033569336,119.88999938964844,118.11000061035156,119.0,6678200
2020-06-11,99.17510223388672,116.26000213623047,119.56999969482422,116.0,118.80999755859375,8937500
2020-06-12,98.6291275024414,115.62000274658203,118.05000305175781,115.26000213623047,116.58999633789062,7998500
2020-06-15,99.5418930053711,116.69000244140625,117.27999877929688,113.76000213623047,114.55000305175781,8786000
2020-06-16,100.77027893066406,118.12999725341797,118.97000122070312,116.93000030517578,118.52999877929688,8165200
2020-06-17,100.59967041015625,117.93000030517578,119.11000061035156,117.44000244140625,118.38999938964844,6320800
2020-06-18,101.75128173828125,119.27999877929688,119.95999908447266,117.37000274658203,117.45999908447266,6274400
2020-06-19,101.44418334960938,118.91999816894531,121.81999969482422,118.83000183105469,120.48999786376953,17506200
2020-06-22,100.44612884521484,117.75,119.08000183105469,117.33999633789062,118.77999877929688,5695600
2020-06-23,100.42906188964844,117.7300033569336,119.19000244140625,117.6500015258789,118.66999816894531,5340400
2020-06-24,99.31157684326172,116.41999816894531,117.95999908447266,116.27999877929688,117.22000122070312,6547800
2020-06-25,100.5655517578125,117.88999938964844,118.02999877929688,116.02999877929688,116.98999786376953,5489300
2020-06-26,98.29645538330078,115.2300033569336,118.47000122070312,115.04000091552734,117.58999633789062,23201700
2020-06-29,100.3693618774414,117.66000366210938,118.05000305175781,116.3499984741211,116.51000213623047,6866900
2020-06-30,101.99867248535156,119.56999969482422,119.98999786376953,117.80000305175781,117.97000122070312,7818000
2020-07-01,102.34841918945312,119.9800033569336,120.38999938964844,118.9000015258789,119.6500015258789,6501200
2020-07-02,103.11615753173828,120.87999725341797,122.56999969482422,120.52999877929688,121.0,6150900
2020-07-06,103.75593566894531,121.62999725341797,122.41000366210938,120.87999725341797,121.7699966430664,6023300
2020-07-07,104.25926208496094,122.22000122070312,123.25,120.88999938964844,121.30000305175781,6866300
2020-07-08,104.83078002929688,122.88999938964844,123.23999786376953,122.0,122.1500015258789,6494100
2020-07-09,104.48104095458984,122.4800033569336,123.9800033569336,121.80999755859375,122.81999969482422,5341000
2020-07-10,105.683837890625,123.88999938964844,124.5,122.47000122070312,122.56999969482422,6752600
2020-07-13,105.8203125,124.05000305175781,125.58999633789062,123.33999633789062,124.0,7681500
2020-07-14,106.70748901367188,125.08999633789062,125.66000366210938,123.5,123.98999786376953,6272100
2020-07-15,106.20417785644531,124.5,126.9000015258789,124.26000213623047,125.9800033569336,8145000
2020-07-16,106.42597961425781,124.76000213623047,125.5199966430664,123.91000366210938,125.08000183105469,3959300
2020-07-17,107.16814422607422,125.62999725341797,126.06999969482422,124.83000183105469,125.08999633789062,4868600
2020-07-20,106.8354263305664,125.23999786376953,125.83999633789062,124.79000091552734,125.47000122070312,4242100
2020-07-21,106.69042205810547,125.06999969482422,126.63999938964844,124.91999816894531,125.48999786376953,5162300
2020-07-22,107.6031723022461,126.13999938964844,126.4000015258789,124.20999908447266,125.5,5929200
2020-07-23,108.29936981201172,126.16000366210938,127.18000030517578,125.5999984741211,126.12000274658203,6664800
2020-07-24,108.127685546875,125.95999908447266,127.7699966430664,125.31999969482422,126.98999786376953,6014200
2020-07-27,108.43670654296875,126.31999969482422,126.63999938964844,125.54000091552734,125.70999908447266,6464600
2020-07-28,109.7758560180664,127.87999725341797,128.4600067138672,126.29000091552734,126.37000274658203,7644400
2020-07-29,110.1449966430664,128.30999755859375,129.24000549316406,127.36000061035156,127.55999755859375,6702000
2020-07-30,112.814697265625,131.4199981689453,132.02999877929688,129.64999389648438,130.66000366210938,10400700
2020-07-31,112.5571517944336,131.1199951171875,131.2100067138672,129.27000427246094,130.66000366210938,8487000
2020-08-03,112.70310974121094,131.2899932861328,131.9199981689453,130.47000122070312,130.47000122070312,7769400
2020-08-04,114.84915924072266,133.7899932861328,133.92999267578125,130.6999969482422,130.77000427246094,7773700
2020-08-05,114.5487289428711,133.44000244140625,134.64999389648438,133.1199951171875,133.58999633789062,5680000
2020-08-06,113.92208862304688,132.7100067138672,133.3699951171875,132.1199951171875,132.85000610351562,3974100
2020-08-07,114.64317321777344,133.5500030517578,133.63999938964844,132.4499969482422,132.88999938964844,4934900
2020-08-10,115.11530303955078,134.10000610351562,134.44000244140625,133.19000244140625,133.6999969482422,5812700
2020-08-11,114.36844635009766,133.22999572753906,134.74000549316406,132.7899932861328,134.27000427246094,5329900
2020-08-12,116.28275299072266,135.4600067138672,135.97000122070312,133.6999969482422,133.77000427246094,5920400
2020-08-13,116.55744934082031,135.77999877929688,135.8699951171875,134.92999267578125,135.0800018310547,4989500
2020-08-14,115.97372436523438,135.10000610351562,135.63999938964844,134.5500030517578,135.61000061035156,5845200
2020-08-17,116.31707763671875,135.5,135.6999969482422,134.66000366210938,134.94000244140625,5603800
2020-08-18,117.18412017822266,136.50999450683594,137.52000427246094,135.4199981689453,135.80999755859375,8670700
2020-08-19,116.5488510131836,135.77000427246094,136.32000732421875,135.5,135.5399932861328,6827700
2020-08-20,117.47596740722656,136.85000610351562,136.97999572753906,135.19000244140625,135.24000549316406,4352200
2020-08-21,117.98243713378906,137.44000244140625,138.10000610351562,135.91000366210938,136.60000610351562,5706600
2020-08-24,118.90093994140625,138.50999450683594,138.77999877929688,137.1999969482422,137.49000549316406,7420500
2020-08-25,119.37310028076172,139.05999755859375,139.14999389648438,137.8000030517578,139.0,4718300
2020-08-26,118.7979507446289,138.38999938964844,139.32000732421875,138.25,138.57000732421875,4746200
2020-08-27,118.64346313476562,138.2100067138672,139.69000244140625,138.17999267578125,138.83999633789062,6156100
2020-08-28,119.1241455078125,138.77000427246094,138.91000366210938,136.9499969482422,138.32000732421875,4166300
2020-08-31,118.74644470214844,138.3300018310547,138.72999572753906,137.82000732421875,138.19000244140625,5596800
2020-09-01,118.6176528930664,138.17999267578125,138.22000122070312,137.07000732421875,137.86000061035156,5671800
2020-09-02,120.61785125732422,140.50999450683594,141.44000244140625,137.61000061035156,138.11000061035156,8384800
2020-09-03,118.68634033203125,138.25999450683594,141.6999969482422,137.08999633789062,140.74000549316406,7277900
2020-09-04,118.42886352539062,137.9600067138672,139.19000244140625,136.1199951171875,137.80999755859375,7437700
2020-09-08,116.6948013305664,135.94000244140625,138.63999938964844,135.0399932861328,138.52000427246094,6847500
2020-09-09,118.59195709228516,138.14999389648438,139.55999755859375,136.27000427246094,136.4199981689453,6002900
2020-09-10,117.34718322753906,136.6999969482422,138.72000122070312,136.50999450683594,138.1199951171875,5242500
2020-09-11,118.58333587646484,138.13999938964844,138.66000366210938,137.16000366210938,137.69000244140625,4398000
2020-09-14,119.00396728515625,138.6300048828125,139.5800018310547,138.3300018310547,138.44000244140625,4767400
2020-09-15,119.00396728515625,138.6300048828125,139.77000427246094,138.38999938964844,138.7899932861328,4046500
2020-09-16,118.20562744140625,137.6999969482422,140.1699981689453,137.60000610351562,139.57000732421875,6049900
2020-09-17,118.05110168457031,137.52000427246094,137.8800048828125,136.19000244140625,137.05999755859375,4648500
2020-09-18,117.9223403930664,137.3699951171875,137.92999267578125,136.25999450683594,136.91000366210938,10192800
2020-09-21,117.3558120727539,136.7100067138672,137.47000122070312,134.6999969482422,137.0,7092600
2020-09-22,118.42886352539062,137.9600067138672,139.02999877929688,136.24000549316406,136.49000549316406,4722800
2020-09-23,117.01241302490234,136.30999755859375,138.4199981689453,136.08999633789062,138.4199981689453,6373700
2020-09-24,117.53607940673828,136.9199981689453,137.14999389648438,135.7100067138672,136.6699981689453,5708200
2020-09-25,118.13695526123047,137.6199951171875,137.99000549316406,135.88999938964844,135.88999938964844,4969900
2020-09-28,118.47175598144531,138.00999450683594,139.94000244140625,137.77999877929688,138.55999755859375,5810800
2020-09-29,117.82791137695312,137.25999450683594,138.4199981689453,136.66000366210938,138.38999938964844,4492100
2020-09-30,119.31298828125,138.99000549316406,139.85000610351562,137.80999755859375,138.16000366210938,8727800
2020-10-01,119.52760314941406,139.24000549316406,139.99000549316406,138.2100067138672,139.5800018310547,5713400
2020-10-02,118.56617736816406,138.1199951171875,139.1199951171875,136.9499969482422,137.92999267578125,6077900
2020-10-05,119.65638732910156,139.38999938964844,139.64999389648438,138.3000030517578,138.72000122070312,6333900
2020-10-06,119.84523010253906,139.61000061035156,140.77000427246094,138.80999755859375,139.4199981689453,6042900
2020-10-07,120.78089141845703,140.6999969482422,141.38999938964844,139.3699951171875,140.0800018310547,4640900
2020-10-08,121.59640502929688,141.64999389648438,141.92999267578125,140.36000061035156,140.55999755859375,4569800
2020-10-09,122.68666076660156,142.9199981689453,143.63999938964844,141.6999969482422,141.83999633789062,6551700
2020-10-12,124.03435516357422,144.49000549316406,145.3300018310547,143.3300018310547,143.3300018310547,5791500
2020-10-13,123.79400634765625,144.2100067138672,144.83999633789062,143.4600067138672,143.82000732421875,4509400
2020-10-14,123.64807891845703,144.0399932861328,145.10000610351562,143.0800018310547,144.17999267578125,3860700
2020-10-15,123.46778106689453,143.8300018310547,144.38999938964844,142.88999938964844,143.05999755859375,4997100
2020-10-16,123.94850158691406,144.38999938964844,145.8699951171875,143.9199981689453,144.4199981689453,6806100
2020-10-19,121.81961059570312,141.91000366210938,145.38999938964844,141.1300048828125,144.47000122070312,6427600
2020-10-20,122.30892944335938,142.47999572753906,145.69000244140625,141.89999389648438,145.61000061035156,7582100
2020-10-21,122.96990203857422,143.25,144.33999633789062,142.47000122070312,142.49000549316406,5649700
2020-10-22,122.09895324707031,141.4499969482422,142.75,141.0800018310547,141.49000549316406,4502900
2020-10-23,122.90174102783203,142.3800048828125,142.8800048828125,141.75999450683594,141.75999450683594,4278100
2020-10-26,121.96946716308594,141.3000030517578,142.0500030517578,140.00999450683594,141.5,5315500
2020-10-27,122.88448333740234,142.36000061035156,143.33999633789062,141.64999389648438,141.94000244140625,6806700
2020-10-28,118.82744598388672,137.66000366210938,140.94000244140625,137.30999755859375,140.4499969482422,8192200
2020-10-29,118.74974822998047,137.57000732421875,139.08999633789062,135.8000030517578,137.35000610351562,5476900
2020-10-30,118.34403228759766,137.10000610351562,137.99000549316406,134.67999267578125,137.17999267578125,6422000
2020-11-02,119.55252838134766,138.5,140.0,137.44000244140625,138.50999450683594,6682800
2020-11-03,121.90040588378906,141.22000122070312,142.66000366210938,139.32000732421875,139.32000732421875,6244200
2020-11-04,121.39974975585938,140.63999938964844,143.0,140.27000427246094,140.4600067138672,5820600
2020-11-05,122.90174102783203,142.3800048828125,143.52999877929688,141.77999877929688,142.44000244140625,5673100
2020-11-06,123.63542938232422,143.22999572753906,144.07000732421875,142.3800048828125,142.6699981689453,4702300
2020-11-09,119.1123046875,137.99000549316406,146.9199981689453,137.60000610351562,146.14999389648438,12664700
2020-11-10,121.0717544555664,140.25999450683594,140.6199951171875,137.14999389648438,138.10000610351562,7854000
2020-11-11,122.6341323852539,142.07000732421875,143.0,140.64999389648438,141.85000610351562,5554300
2020-11-12,122.70320129394531,142.14999389648438,142.5500030517578,141.07000732421875,142.2899932861328,5631700
2020-11-13,124.54180908203125,144.27999877929688,144.47999572753906,141.8800048828125,142.2100067138672,6466800
2020-11-16,122.94486999511719,142.42999267578125,144.77999877929688,141.25999450683594,144.77999877929688,7976600
2020-11-17,122.47013092041016,141.8800048828125,143.47000122070312,141.75,141.88999938964844,6396800
2020-11-18,120.5883560180664,139.6999969482422,142.10000610351562,139.66000366210938,141.99000549316406,6097100
2020-11-19,120.44161987304688,139.52999877929688,140.1199951171875,138.4499969482422,139.8699951171875,5284100
2020-11-20,120.24308776855469,139.3000030517578,140.35000610351562,138.6300048828125,139.52999877929688,4726900
2020-11-23,119.77693176269531,138.75999450683594,139.9499969482422,137.86000061035156,139.32000732421875,4770600
2020-11-24,119.38851165771484,138.30999755859375,139.83999633789062,138.07000732421875,138.8300018310547,7101800
2020-11-25,119.70787811279297,138.67999267578125,139.38999938964844,138.0399932861328,138.16000366210938,8411300
2020-11-27,119.6474838256836,138.61000061035156,138.88999938964844,137.52999877929688,138.58999633789062,4252200
2020-11-30,119.87188720703125,138.8699951171875,139.1999969482422,136.74000549316406,138.0,11640400
2020-12-01,120.30349731445312,139.3699951171875,139.5399932861328,138.16000366210938,139.16000366210938,7169700
2020-12-02,119.43167114257812,138.36000061035156,139.94000244140625,137.49000549316406,139.3699951171875,6963000
2020-12-03,118.55123138427734,137.33999633789062,138.35000610351562,135.5399932861328,138.08999633789062,8742500
2020-12-04,118.66344451904297,137.47000122070312,137.86000061035156,135.8699951171875,137.2100067138672,6617200
2020-12-07,118.84471130371094,137.67999267578125,137.74000549316406,136.55999755859375,136.61000061035156,6918000
2020-12-08,119.16411590576172,138.0500030517578,138.77999877929688,136.42999267578125,137.02000427246094,6493500
2020-12-09,117.74845886230469,136.41000366210938,138.0399932861328,136.25,137.8300018310547,6773400
2020-12-10,116.9715576171875,135.50999450683594,136.9199981689453,135.0399932861328,136.52000427246094,6800500
2020-12-11,117.83478546142578,136.50999450683594,136.8000030517578,134.1999969482422,134.4600067138672,6548000
2020-12-14,117.26507568359375,135.85000610351562,137.92999267578125,135.77000427246094,137.02000427246094,6485300
2020-12-15,117.95561981201172,136.64999389648438,137.5399932861328,136.24000549316406,136.38999938964844,5397000
2020-12-16,118.49077606201172,137.27000427246094,138.27000427246094,136.7100067138672,136.7100067138672,5382500
2020-12-17,119.33673858642578,138.25,139.1199951171875,137.9499969482422,138.00999450683594,7405300
2020-12-18,120.01861572265625,139.0399932861328,140.07000732421875,137.4499969482422,138.25999450683594,19988800
2020-12-21,118.70658874511719,137.52000427246094,138.42999267578125,136.22000122070312,137.9600067138672,6732400
2020-12-22,117.86930084228516,136.5500030517578,138.07000732421875,136.3800048828125,137.2899932861328,5023100
2020-12-23,117.68798828125,136.33999633789062,137.5500030517578,136.1300048828125,137.38999938964844,6004200
2020-12-24,118.87923431396484,137.72000122070312,138.1300048828125,136.1999969482422,136.1999969482422,2588200
2020-12-28,119.70787811279297,138.67999267578125,139.38999938964844,137.9499969482422,138.14999389648438,3714700
2020-12-29,119.48348999023438,138.4199981689453,139.94000244140625,138.1999969482422,139.22000122070312,5139300
2020-12-30,118.92236328125,137.77000427246094,138.9199981689453,137.5500030517578,138.60000610351562,3261400
2020-12-31,120.10498809814453,139.13999938964844,139.2899932861328,137.38999938964844,138.30999755859375,4076400
2021-01-04,118.96556854248047,137.82000732421875,139.86000061035156,136.35000610351562,139.66000366210938,8330900
2021-01-05,119.72517395019531,138.6999969482422,138.9199981689453,136.27000427246094,137.99000549316406,6856400
2021-01-06,120.98540496826172,140.16000366210938,141.0399932861328,138.60000610351562,138.77000427246094,10578000
2021-01-07,119.8546371459961,138.85000610351562,140.1300048828125,138.0399932861328,139.75,7355400
2021-01-08,119.8028564453125,138.7899932861328,139.05999755859375,137.0,138.47000122070312,7448500
2021-01-11,118.99149322509766,137.85000610351562,139.44000244140625,137.60000610351562,138.75,7239900
2021-01-12,118.30089569091797,137.0500030517578,138.25,136.24000549316406,137.85000610351562,6333500
2021-01-13,118.48216247558594,137.25999450683594,138.07000732421875,137.10000610351562,137.10000610351562,6078800
2021-01-14,117.22190856933594,135.8000030517578,137.64999389648438,135.27999877929688,137.42999267578125,6172800
2021-01-15,116.34143829345703,134.77999877929688,136.1999969482422,134.66000366210938,135.25,7757600
2021-01-19,115.32288360595703,133.60000610351562,136.36000061035156,133.55999755859375,135.6999969482422,9184900
2021-01-20,113.88131713867188,131.92999267578125,133.8000030517578,131.25999450683594,132.52999877929688,12506600
2021-01-21,113.76932525634766,131.00999450683594,131.99000549316406,130.50999450683594,130.64999389648438,8761600
2021-01-22,112.8922119140625,130.0,131.47000122070312,129.99000549316406,131.02000427246094,7202800
2021-01-25,114.83745574951172,132.24000549316406,133.0,129.89999389648438,129.9499969482422,9640000
2021-01-26,115.5755615234375,133.08999633789062,133.47000122070312,131.42999267578125,132.25,5996700
2021-01-27,111.48542022705078,128.3800048828125,133.10000610351562,127.69999694824219,132.38999938964844,10826700
2021-01-28,113.20486450195312,130.36000061035156,131.64999389648438,127.44000244140625,127.83999633789062,8242000
2021-01-29,111.33777618408203,128.2100067138672,130.2899932861328,128.07000732421875,130.19000244140625,8344100
2021-02-01,111.99777221679688,128.97000122070312,129.66000366210938,128.1999969482422,129.0,6534200
2021-02-02,111.8414535522461,128.7899932861328,130.72000122070312,128.69000244140625,129.60000610351562,6825600
2021-02-03,111.98040771484375,128.9499969482422,129.1999969482422,127.75,128.9499969482422,7309400
2021-02-04,112.04988098144531,129.02999877929688,129.4600067138672,128.5800018310547,129.3800048828125,6613700
2021-02-05,112.51880645751953,129.57000732421875,130.10000610351562,129.02999877929688,129.1199951171875,5063700
2021-02-08,112.17144775390625,129.1699981689453,130.10000610351562,128.11000061035156,129.92999267578125,7011200
2021-02-09,111.73723602294922,128.6699981689453,129.94000244140625,128.22999572753906,129.4600067138672,5917800
2021-02-10,111.34647369384766,128.22000122070312,129.16000366210938,127.95999908447266,128.75,8594100
2021-02-11,111.44200134277344,128.3300018310547,129.3300018310547,128.2100067138672,128.5399932861328,6139200
2021-02-12,110.82542419433594,127.62000274658203,128.1300048828125,126.58000183105469,128.0,8407300
2021-02-16,111.08595275878906,127.91999816894531,128.1699981689453,126.98999786376953,127.97000122070312,8246000
2021-02-17,111.55487823486328,128.4600067138672,129.49000549316406,127.11000061035156,127.19000244140625,8845200
2021-02-18,112.48407745361328,129.52999877929688,129.85000610351562,127.58999633789062,127.80999755859375,6936400
2021-02-19,110.39122772216797,127.12000274658203,129.44000244140625,127.0199966430664,129.35000610351562,8277900
2021-02-22,109.92229461669922,126.58000183105469,127.23999786376953,126.37999725341797,126.79000091552734,6975500
2021-02-23,110.73859405517578,127.5199966430664,129.92999267578125,127.19000244140625,127.77999877929688,10145300
2021-02-24,110.86016845703125,127.66000366210938,128.24000549316406,126.91000366210938,127.3499984741211,7263000
2021-02-25,109.92229461669922,126.58000183105469,128.99000549316406,126.29000091552734,127.48999786376953,7790800
2021-02-26,107.273681640625,123.52999877929688,126.93000030517578,121.81999969482422,126.54000091552734,17718800
2021-03-01,107.93365478515625,124.29000091552734,125.48999786376953,124.0,124.16000366210938,7740200
2021-03-02,107.59496307373047,123.9000015258789,124.86000061035156,123.43000030517578,123.87000274658203,10206500
2021-03-03,106.9523696899414,123.16000366210938,124.19999694824219,122.79000091552734,123.7699966430664,7537000
2021-03-04,106.07527160644531,122.1500015258789,124.7699966430664,121.54000091552734,123.0999984741211,10228100
2021-03-05,109.40125274658203,125.9800033569336,126.33000183105469,122.55000305175781,122.76000213623047,10490900
2021-03-08,110.55622100830078,127.30999755859375,128.89999389648438,125.31999969482422,125.76000213623047,9224700
2021-03-09,109.5749282836914,126.18000030517578,128.9199981689453,126.05999755859375,127.6500015258789,8859700
2021-03-10,110.582275390625,127.33999633789062,128.4199981689453,125.47000122070312,126.1500015258789,9070900
2021-03-11,110.20885467529297,126.91000366210938,127.8499984741211,126.72000122070312,127.12999725341797,6941500
2021-03-12,111.2770004272461,128.13999938964844,128.82000732421875,127.6500015258789,127.6500015258789,6521900
2021-03-15,111.64173889160156,128.55999755859375,129.0399932861328,127.19000244140625,128.38999938964844,7172600
2021-03-16,111.97173309326172,128.94000244140625,129.97999572753906,128.50999450683594,128.50999450683594,6485200
2021-03-17,111.52014923095703,128.4199981689453,129.83999633789062,128.35000610351562,129.11000061035156,6192900
2021-03-18,111.76329803466797,128.6999969482422,129.0399932861328,127.04000091552734,128.2100067138672,6871300
2021-03-19,111.16410064697266,128.00999450683594,129.74000549316406,127.9000015258789,129.10000610351562,20262100
2021-03-22,113.04854583740234,130.17999267578125,130.88999938964844,128.00999450683594,128.00999450683594,8077600
2021-03-23,115.15009307861328,132.60000610351562,133.2899932861328,129.99000549316406,130.41000366210938,9503800
2021-03-24,115.11536407470703,132.55999755859375,133.13999938964844,130.6199951171875,130.94000244140625,8318000
2021-03-25,115.91424560546875,133.47999572753906,133.6199951171875,132.0500030517578,133.08999633789062,7517300
2021-03-26,117.625,135.4499969482422,135.61000061035156,132.47999572753906,133.22000122070312,10821200
2021-03-29,119.46601867675781,137.57000732421875,137.60000610351562,135.0,135.0,11176000
2021-03-30,117.625,135.4499969482422,137.0,135.13999938964844,136.61000061035156,8090600
2021-03-31,117.6076431274414,135.42999267578125,136.75,135.25999450683594,135.67999267578125,9202600
2021-04-01,116.60897064208984,134.27999877929688,135.47999572753906,133.3300018310547,135.0500030517578,9117800
2021-04-05,118.493408203125,136.4499969482422,137.25,134.72999572753906,134.9600067138672,8279100
2021-04-06,118.53682708740234,136.5,137.02000427246094,135.63999938964844,136.0,6180600
2021-04-07,118.74529266357422,136.74000549316406,137.3300018310547,136.25,137.1199951171875,10244500
2021-04-08,119.1968002319336,137.25999450683594,137.6300048828125,136.58999633789062,136.89999389648438,6190300
2021-04-09,118.42396545410156,136.3699951171875,137.27000427246094,135.55999755859375,136.50999450683594,5855400
2021-04-12,118.90158081054688,136.9199981689453,137.0399932861328,135.7100067138672,136.5,6440900
2021-04-13,117.32974243164062,135.11000061035156,136.38999938964844,134.83999633789062,136.02000427246094,9161200
2021-04-14,117.75529479980469,135.60000610351562,135.7899932861328,134.5800018310547,135.52000427246094,7584000
2021-04-15,119.17945098876953,137.24000549316406,137.75999450683594,135.8699951171875,135.97000122070312,7945300
2021-04-16,119.18809509277344,137.25,137.89999389648438,136.8800048828125,137.61000061035156,7708500
2021-04-19,118.63235473632812,136.61000061035156,137.0800018310547,135.38999938964844,136.94000244140625,9149400
2021-04-20,119.62234497070312,137.75,138.58999633789062,133.52999877929688,134.83999633789062,10040500
2021-04-21,118.84078979492188,136.85000610351562,138.57000732421875,136.60000610351562,137.88999938964844,8465900
2021-04-22,117.6609115600586,134.6300048828125,135.7899932861328,134.05999755859375,135.3699951171875,7338300
2021-04-23,117.05789184570312,133.94000244140625,135.0800018310547,133.25,134.92999267578125,6708300
2021-04-26,114.71568298339844,131.25999450683594,133.75999450683594,131.1699981689453,133.49000549316406,9910600
2021-04-27,114.64579010009766,131.17999267578125,131.88999938964844,130.2899932861328,131.24000549316406,8296800
2021-04-28,114.83804321289062,131.39999389648438,131.85000610351562,130.8800048828125,131.7100067138672,6262800
2021-04-29,115.80815887451172,132.50999450683594,132.99000549316406,131.30999755859375,131.30999755859375,6786800
2021-04-30,116.60342407226562,133.4199981689453,133.6699981689453,132.25999450683594,132.75,9188600
2021-05-03,117.9842758178711,135.0,135.67999267578125,134.02999877929688,134.02999877929688,8070300
2021-05-04,117.58229064941406,134.5399932861328,135.8300018310547,134.2100067138672,134.97999572753906,9624000
2021-05-05,116.63839721679688,133.4600067138672,134.97000122070312,133.3699951171875,134.3699951171875,8295900
2021-05-06,118.10665893554688,135.13999938964844,135.3699951171875,133.9199981689453,134.00999450683594,9771100
2021-05-07,118.11539459228516,135.14999389648438,136.02999877929688,134.75999450683594,135.0800018310547,6299100
2021-05-10,120.31775665283203,137.6699981689453,138.4199981689453,135.69000244140625,135.88999938964844,8852700
2021-05-11,119.72346496582031,136.99000549316406,138.7899932861328,136.47000122070312,138.49000549316406,10973700
2021-05-12,118.45622253417969,135.5399932861328,137.0,135.49000549316406,136.49000549316406,8853700
2021-05-13,120.36149597167969,137.72000122070312,138.52999877929688,135.38999938964844,135.88999938964844,8753600
2021-05-14,120.61492919921875,138.00999450683594,139.10000610351562,137.6699981689453,137.6699981689453,5989500
2021-05-17,120.37020874023438,137.72999572753906,139.07000732421875,137.61000061035156,137.97000122070312,7690700
2021-05-18,119.13792419433594,136.32000732421875,137.8300018310547,136.14999389648438,136.4600067138672,9239100
2021-05-19,119.38264465332031,136.60000610351562,136.8300018310547,135.58999633789062,136.05999755859375,9806800
2021-05-20,120.60616302490234,138.0,138.7100067138672,136.72000122070312,136.7899932861328,8768200
2021-05-21,120.60616302490234,138.0,138.94000244140625,137.77999877929688,138.1999969482422,10161000
2021-05-24,120.57122802734375,137.9600067138672,138.8000030517578,137.72999572753906,138.0,6981300
2021-05-25,120.98197937011719,138.42999267578125,138.47999572753906,136.75,138.0500030517578,8142400
2021-05-26,120.7110366821289,138.1199951171875,138.86000061035156,137.8699951171875,138.7899932861328,8122900
2021-05-27,117.966796875,134.97999572753906,138.27999877929688,134.66000366210938,138.1199951171875,33095700
2021-05-28,117.85321807861328,134.85000610351562,136.1300048828125,134.63999938964844,135.14999389648438,10477100
2021-06-01,116.13152313232422,132.8800048828125,136.0,132.47999572753906,135.7899932861328,9993900
2021-06-02,116.63839721679688,133.4600067138672,133.6300048828125,132.52000427246094,133.0,8254100
2021-06-03,118.72716522216797,135.85000610351562,135.91000366210938,133.1999969482422,133.22999572753906,11249800
2021-06-04,118.81456756591797,135.9499969482422,136.6199951171875,135.39999389648438,135.6999969482422,6894400
2021-06-07,119.225341796875,136.4199981689453,136.83999633789062,135.67999267578125,136.36000061035156,8418000
2021-06-08,117.84447479248047,134.83999633789062,136.75,134.75,136.67999267578125,6911500
2021-06-09,117.80074310302734,134.7899932861328,136.44000244140625,134.74000549316406,135.5500030517578,6200700
2021-06-10,118.6747055053711,135.7899932861328,136.35000610351562,134.6199951171875,135.02000427246094,6515500
2021-06-11,117.86197662353516,134.86000061035156,135.8699951171875,133.89999389648438,135.75,10641400
2021-06-14,117.90564727783203,134.91000366210938,135.02999877929688,133.9600067138672,134.97999572753906,6302000
2021-06-15,117.67842102050781,134.64999389648438,135.63999938964844,134.5500030517578,135.1999969482422,5543400
2021-06-16,116.04412078857422,132.77999877929688,135.5800018310547,132.64999389648438,135.17999267578125,8936400
2021-06-17,117.10159301757812,133.99000549316406,134.16000366210938,132.64999389648438,132.82000732421875,7875600
2021-06-18,115.3886489868164,132.02999877929688,133.35000610351562,131.94000244140625,133.33999633789062,13997600
2021-06-21,116.29759216308594,133.07000732421875,133.25999450683594,132.39999389648438,132.69000244140625,8014800
2021-06-22,116.34123992919922,133.1199951171875,134.02000427246094,132.8800048828125,133.0399932861328,6550900
2021-06-23,116.17522430419922,132.92999267578125,133.36000061035156,132.32000732421875,132.9499969482422,5796000
2021-06-24,116.25382232666016,133.02000427246094,133.30999755859375,132.6999969482422,132.9499969482422,6056700
2021-06-25,117.91438293457031,134.9199981689453,135.5399932861328,132.9499969482422,133.25999450683594,24504900
2021-06-28,118.26397705078125,135.32000732421875,136.16000366210938,134.75999450683594,134.89999389648438,6065400
2021-06-29,117.45990753173828,134.39999389648438,135.8300018310547,133.82000732421875,135.50999450683594,5792300
2021-06-30,117.92310333251953,134.92999267578125,135.2899932861328,134.2899932861328,134.5800018310547,5776600
2021-07-01,118.19403076171875,135.24000549316406,136.13999938964844,134.9199981689453,135.42999267578125,5922300
2021-07-02,118.77086639404297,135.89999389648438,136.63999938964844,135.4199981689453,135.60000610351562,5572000
2021-07-06,118.84077453613281,135.97999572753906,136.3000030517578,135.36000061035156,135.52000427246094,6534400
2021-07-07,119.73221588134766,137.0,137.58999633789062,136.02999877929688,136.02999877929688,5532700
2021-07-08,119.71471405029297,136.97999572753906,137.39999389648438,135.88999938964844,136.99000549316406,7585200
2021-07-09,119.7584457397461,137.02999877929688,137.64999389648438,136.83999633789062,137.24000549316406,5948700
2021-07-12,119.8545913696289,137.13999938964844,137.47000122070312,136.42999267578125,136.89999389648438,6807300
2021-07-13,119.70599365234375,136.97000122070312,137.57000732421875,136.38999938964844,136.38999938964844,5603800
2021-07-14,120.58869934082031,137.97999572753906,138.22999572753906,136.3699951171875,137.00999450683594,5903600
2021-07-15,121.61994934082031,139.16000366210938,139.25999450683594,137.6999969482422,138.00999450683594,7357100
2021-07-16,122.7998046875,140.50999450683594,140.77999877929688,139.11000061035156,139.3000030517578,9346300
2021-07-19,122.7386245727539,140.44000244140625,141.8699951171875,138.80999755859375,140.32000732421875,9544100
2021-07-20,122.0831527709961,139.69000244140625,141.97999572753906,139.63999938964844,140.44000244140625,8136300
2021-07-21,121.65489196777344,139.1999969482422,140.1999969482422,138.99000549316406,139.9499969482422,6954700
2021-07-22,121.18882751464844,137.8000030517578,138.3300018310547,136.7100067138672,137.2899932861328,6013800
2021-07-23,122.93892669677734,139.7899932861328,139.97999572753906,137.0800018310547,137.47999572753906,7906000
2021-07-26,123.36984252929688,140.27999877929688,140.82000732421875,139.22000122070312,139.6199951171875,5925800
2021-07-27,123.87113952636719,140.85000610351562,141.6199951171875,140.0,140.14999389648438,7075400
2021-07-28,122.03311157226562,138.75999450683594,140.6699981689453,138.7100067138672,140.6699981689453,8520000
2021-07-29,122.66630554199219,139.47999572753906,140.17999267578125,138.72999572753906,139.75999450683594,5430500
2021-07-30,125.08480072021484,142.22999572753906,144.5399932861328,141.5500030517578,142.0,14394300
2021-08-02,124.77702331542969,141.8800048828125,142.42999267578125,140.8000030517578,141.77000427246094,7009500
2021-08-03,126.59744262695312,143.9499969482422,144.2100067138672,141.52000427246094,141.86000061035156,8455700
2021-08-04,125.26067352294922,142.42999267578125,144.08999633789062,142.35000610351562,143.0399932861328,6628000
2021-08-05,125.32227325439453,142.5,143.5500030517578,141.47000122070312,143.35000610351562,5363300
2021-08-06,124.36365509033203,141.41000366210938,143.1199951171875,141.22000122070312,143.02999877929688,6030100
2021-08-09,125.04081726074219,142.17999267578125,142.58999633789062,141.6999969482422,141.9499969482422,4743800
2021-08-10,125.11998748779297,142.27000427246094,142.50999450683594,141.66000366210938,141.91000366210938,5253500
2021-08-11,125.42776489257812,142.6199951171875,143.24000549316406,142.47000122070312,142.74000549316406,4205000
2021-08-12,125.718017578125,142.9499969482422,143.14999389648438,142.35000610351562,143.14999389648438,4956100
2021-08-13,126.32481384277344,143.63999938964844,143.99000549316406,142.69000244140625,142.9499969482422,4888800
2021-08-16,127.20425415039062,144.63999938964844,144.69000244140625,143.3800048828125,143.6699981689453,6040800
2021-08-17,127.41535186767578,144.8800048828125,145.60000610351562,143.88999938964844,144.39999389648438,7577000
2021-08-18,126.02584075927734,143.3000030517578,144.8800048828125,143.17999267578125,144.6999969482422,7162000
2021-08-19,127.51205444335938,144.99000549316406,145.27999877929688,143.16000366210938,143.16000366210938,5787200
2021-08-20,127.60004425048828,145.08999633789062,145.97999572753906,144.77999877929688,145.25,5273800
2021-08-23,126.94924926757812,144.35000610351562,145.33999633789062,144.22999572753906,144.2899932861328,4522200
2021-08-24,125.92024993896484,143.17999267578125,144.14999389648438,142.97999572753906,144.00999450683594,4560400
2021-08-25,125.47178649902344,142.6699981689453,143.1300048828125,142.25,143.07000732421875,3861500
2021-08-26,125.25189208984375,142.4199981689453,142.7100067138672,141.47000122070312,142.55999755859375,4749400
2021-08-27,125.15518188476562,142.30999755859375,142.77000427246094,141.63999938964844,142.47999572753906,4741200
2021-08-30,125.7004165649414,142.92999267578125,142.99000549316406,142.0500030517578,142.60000610351562,3845800
2021-08-31,125.22547912597656,142.38999938964844,143.52999877929688,142.0500030517578,143.0399932861328,9642400
2021-09-01,126.50071716308594,143.83999633789062,144.19000244140625,142.22999572753906,142.3300018310547,6214200
2021-09-02,126.59744262695312,143.9499969482422,144.72999572753906,143.5800018310547,143.97000122070312,5392500
2021-09-03,126.68539428710938,144.0500030517578,144.3699951171875,143.52000427246094,143.75999450683594,5466400
2021-09-07,126.21048736572266,143.50999450683594,144.5,143.2899932861328,144.32000732421875,6520600
2021-09-08,127.1690902709961,144.60000610351562,144.94000244140625,143.00999450683594,143.0800018310547,6897800
2021-09-09,126.63260650634766,143.99000549316406,144.8800048828125,143.64999389648438,144.57000732421875,6354700
2021-09-10,126.75576782226562,144.1300048828125,144.4600067138672,143.32000732421875,144.05999755859375,5750000
2021-09-13,128.11891174316406,145.67999267578125,147.22999572753906,144.85000610351562,144.85000610351562,9952500
2021-09-14,127.89905548095703,145.42999267578125,146.36000061035156,144.9499969482422,146.1300048828125,5831800
2021-09-15,127.62640380859375,145.1199951171875,145.77000427246094,144.74000549316406,145.35000610351562,6237100
2021-09-16,126.73821258544922,144.11000061035156,145.19000244140625,142.82000732421875,144.83999633789062,6142100
2021-09-17,126.94042205810547,144.33999633789062,146.27999877929688,144.22999572753906,144.3699951171875,18737400
2021-09-20,125.66522216796875,142.88999938964844,144.85000610351562,141.97000122070312,144.22000122070312,10238700
2021-09-21,125.85868835449219,143.11000061035156,144.52999877929688,142.8800048828125,142.97999572753906,6651300
2021-09-22,126.2896728515625,143.60000610351562,144.35000610351562,142.86000061035156,143.82000732421875,6332500
2021-09-23,126.80855560302734,144.19000244140625,144.69000244140625,143.49000549316406,144.05999755859375,5171200
2021-09-24,126.24567413330078,143.5500030517578,144.4499969482422,143.08999633789062,143.8000030517578,5009400
2021-09-27,124.58351135253906,141.66000366210938,143.1699981689453,141.52000427246094,143.14999389648438,5749700
2021-09-28,123.64247131347656,140.58999633789062,141.3699951171875,139.55999755859375,141.0500030517578,7015300
2021-09-29,124.90009307861328,142.02000427246094,142.67999267578125,140.17999267578125,140.27000427246094,5460000
2021-09-30,122.94770050048828,139.8000030517578,142.74000549316406,139.52999877929688,142.63999938964844,6934900
2021-10-01,122.7542495727539,139.5800018310547,140.22999572753906,138.32000732421875,139.92999267578125,5587200
2021-10-04,122.0594711303711,138.7899932861328,140.39999389648438,137.60000610351562,139.38999938964844,5816000
2021-10-05,122.53437042236328,139.3300018310547,140.52000427246094,138.72000122070312,138.8000030517578,6902700
2021-10-06,124.17018127441406,141.19000244140625,141.25999450683594,138.6199951171875,138.99000549316406,5332900
2021-10-07,125.16394805908203,142.32000732421875,143.02999877929688,141.75,141.75,5334600
2021-10-08,124.64507293701172,141.72999572753906,142.6199951171875,141.0399932861328,142.2899932861328,6131800
2021-10-11,125.16394805908203,142.32000732421875,142.77000427246094,141.77000427246094,142.3699951171875,5995600
2021-10-12,124.9792709350586,142.11000061035156,143.0399932861328,141.6999969482422,142.60000610351562,6734800
2021-10-13,125.26947021484375,142.44000244140625,142.75999450683594,141.02999877929688,142.39999389648438,5689800
2021-10-14,126.68539428710938,144.0500030517578,144.30999755859375,142.80999755859375,142.8300018310547,6777800
2021-10-15,127.01081085205078,144.4199981689453,144.8699951171875,143.67999267578125,144.52000427246094,6923700
2021-10-18,125.18152618408203,142.33999633789062,143.6999969482422,142.10000610351562,143.5500030517578,9119000
2021-10-19,123.70407104492188,140.66000366210938,140.82000732421875,138.8000030517578,139.0800018310547,9555300
2021-10-20,124.18773651123047,141.2100067138672,141.9600067138672,139.85000610351562,140.14999389648438,7352700
2021-10-21,123.29399108886719,139.3300018310547,141.16000366210938,139.17999267578125,140.86000061035156,6545500
2021-10-22,124.62133026123047,140.8300018310547,141.00999450683594,139.32000732421875,139.38999938964844,5265000
2021-10-25,124.6390380859375,140.85000610351562,140.9199981689453,139.0500030517578,140.41000366210938,5382100
2021-10-26,126.40889739990234,142.85000610351562,143.17999267578125,141.24000549316406,141.6199951171875,6234900
2021-10-27,125.5062484741211,141.8300018310547,143.67999267578125,141.69000244140625,143.13999938964844,9643500
2021-10-28,126.25841522216797,142.67999267578125,142.8800048828125,141.7100067138672,141.88999938964844,4538500
2021-10-29,126.53274536132812,142.99000549316406,143.47999572753906,142.02000427246094,142.16000366210938,6239500
2021-11-01,126.22301483154297,142.63999938964844,143.8000030517578,142.49000549316406,143.36000061035156,5038900
2021-11-02,127.4796371459961,144.05999755859375,144.5800018310547,142.27999877929688,142.72000122070312,9954300
2021-11-03,128.35568237304688,145.0500030517578,145.11000061035156,143.52000427246094,144.1300048828125,7620100
2021-11-04,128.59457397460938,145.32000732421875,145.38999938964844,142.33999633789062,142.83999633789062,6402500
2021-11-05,129.23171997070312,146.0399932861328,146.3699951171875,144.8000030517578,145.44000244140625,6062700
2021-11-08,128.26715087890625,144.9499969482422,146.10000610351562,144.02000427246094,145.5,5854400
2021-11-09,128.6565399169922,145.38999938964844,145.8300018310547,144.5800018310547,145.02999877929688,4873100
2021-11-10,129.92193603515625,146.82000732421875,147.30999755859375,145.58999633789062,145.74000549316406,7334900
2021-11-11,129.55026245117188,146.39999389648438,146.97000122070312,146.2100067138672,146.86000061035156,4096300
2021-11-12,129.6918487548828,146.55999755859375,147.0800018310547,145.97999572753906,146.74000549316406,5687400
2021-11-15,130.43516540527344,147.39999389648438,147.75,146.47000122070312,147.02999877929688,5510200
2021-11-16,130.24935913085938,147.19000244140625,148.58999633789062,147.00999450683594,147.38999938964844,7603900
2021-11-17,130.16973876953125,147.10000610351562,147.77999877929688,146.4199981689453,146.97000122070312,4900200
2021-11-18,130.18743896484375,147.1199951171875,148.0800018310547,146.50999450683594,147.0399932861328,5509300
2021-11-19,129.92193603515625,146.82000732421875,148.22999572753906,146.7899932861328,147.9499969482422,6274300
2021-11-22,130.7891387939453,147.8000030517578,148.94000244140625,146.8300018310547,146.97000122070312,6625400
2021-11-23,132.24041748046875,149.44000244140625,149.5,147.6699981689453,147.8300018310547,7912800
2021-11-24,131.55015563964844,148.66000366210938,148.8800048828125,147.67999267578125,148.77000427246094,5665200
2021-11-26,130.4971466064453,147.47000122070312,149.72000122070312,147.30999755859375,148.5800018310547,6299800
2021-11-29,131.86871337890625,149.02000427246094,149.66000366210938,146.7899932861328,147.7899932861328,7113300
2021-11-30,127.93975067138672,144.5800018310547,148.5399932861328,144.1199951171875,147.80999755859375,11696400
2021-12-01,129.55026245117188,146.39999389648438,147.8699951171875,144.85000610351562,144.85000610351562,8313500
2021-12-02,130.31129455566406,147.25999450683594,148.4600067138672,146.94000244140625,147.00999450683594,9468800
2021-12-03,132.6297607421875,149.8800048828125,150.0,147.66000366210938,148.02000427246094,11200800
2021-12-06,134.6384735107422,152.14999389648438,152.38999938964844,150.19000244140625,150.19000244140625,11935100
2021-12-07,134.28456115722656,151.75,152.5800018310547,151.27000427246094,151.9499969482422,7913400
2021-12-08,134.88626098632812,152.42999267578125,152.66000366210938,150.27999877929688,151.6699981689453,8329300
2021-12-09,135.67385864257812,153.32000732421875,154.19000244140625,151.60000610351562,152.30999755859375,8334300
2021-12-10,137.56753540039062,155.4600067138672,155.8000030517578,153.42999267578125,153.85000610351562,7172300
2021-12-13,139.52317810058594,157.6699981689453,158.3300018310547,154.91000366210938,155.3000030517578,8944000
2021-12-14,140.0364227294922,158.25,158.6300048828125,156.66000366210938,157.89999389648438,8677500
2021-12-15,140.5762481689453,158.86000061035156,159.63999938964844,157.63999938964844,157.63999938964844,9152600
2021-12-16,142.56727600097656,161.11000061035156,161.32000732421875,158.4199981689453,158.72999572753906,10852900
2021-12-17,139.3373260498047,157.4600067138672,161.72000122070312,157.30999755859375,160.66000366210938,24349400
2021-12-20,139.6913299560547,157.86000061035156,158.4600067138672,156.57000732421875,156.60000610351562,9202600
2021-12-21,139.6028289794922,157.75999450683594,158.14999389648438,156.7899932861328,157.64999389648438,6946000
2021-12-22,140.98326110839844,159.32000732421875,159.5800018310547,157.27000427246094,157.77000427246094,6626300
2021-12-23,141.6735076904297,160.10000610351562,160.9199981689453,159.44000244140625,159.5,5640900
2021-12-27,143.32827758789062,161.97000122070312,161.99000549316406,160.61000061035156,160.6699981689453,4548600
2021-12-28,144.09817504882812,162.83999633789062,163.3800048828125,161.94000244140625,161.9600067138672,5929400
2021-12-29,145.2927703857422,164.19000244140625,164.97999572753906,163.0800018310547,163.2100067138672,5346100
2021-12-30,144.03622436523438,162.77000427246094,164.58999633789062,162.61000061035156,164.39999389648438,5911500
2021-12-31,144.75296020507812,163.5800018310547,163.72999572753906,162.4600067138672,162.86000061035156,5327000
2022-01-03,144.15126037597656,162.89999389648438,162.94000244140625,159.8800048828125,161.69000244140625,9317300
2022-01-04,144.65567016601562,163.47000122070312,164.38999938964844,162.17999267578125,162.2899932861328,9253800
2022-01-05,145.31048583984375,164.2100067138672,165.32000732421875,163.39999389648438,163.44000244140625,9330200
2022-01-06,144.0892791748047,162.8300018310547,165.1999969482422,162.61000061035156,164.33999633789062,7556000
2022-01-07,144.00965881347656,162.74000549316406,163.52999877929688,161.9499969482422,163.1300048828125,6098500
2022-01-10,142.04518127441406,160.52000427246094,163.1199951171875,160.1699981689453,162.50999450683594,8055000
2022-01-11,140.3992462158203,158.66000366210938,160.22000122070312,156.91000366210938,160.22000122070312,11957900
2022-01-12,140.70896911621094,159.00999450683594,159.36000061035156,157.8300018310547,158.25999450683594,7127500
2022-01-13,140.0718231201172,158.2899932861328,159.4499969482422,157.77999877929688,159.30999755859375,6551000
2022-01-14,141.41688537597656,159.80999755859375,160.49000549316406,157.55999755859375,158.07000732421875,10708000
2022-01-18,138.6913604736328,156.72999572753906,158.52999877929688,156.0399932861328,158.52999877929688,10988400
2022-01-19,143.35484313964844,162.0,164.19000244140625,156.97000122070312,157.61000061035156,14088300
2022-01-20,144.1288604736328,162.0,164.3300018310547,160.1199951171875,160.1199951171875,10799100
2022-01-21,144.68043518066406,162.6199951171875,165.35000610351562,162.10000610351562,163.0,10900400
2022-01-24,143.5060577392578,161.3000030517578,164.1199951171875,158.72000122070312,163.42999267578125,14838100
2022-01-25,141.94024658203125,159.5399932861328,161.3000030517578,157.88999938964844,160.4499969482422,9369600
2022-01-26,140.7035675048828,158.14999389648438,159.57000732421875,156.3800048828125,157.33999633789062,10707100
2022-01-27,141.5754852294922,159.1300048828125,161.35000610351562,158.5800018310547,158.72999572753906,9083000
2022-01-28,142.7943115234375,160.5,160.9499969482422,157.32000732421875,158.61000061035156,9494200
2022-01-31,142.74984741210938,160.4499969482422,160.64999389648438,158.8699951171875,159.35000610351562,8950100
2022-02-01,142.1181640625,159.74000549316406,161.3000030517578,157.72999572753906,160.7899932861328,6284100
2022-02-02,144.66265869140625,162.60000610351562,162.83999633789062,159.47000122070312,160.13999938964844,7558800
2022-02-03,146.03274536132812,164.13999938964844,164.97999572753906,161.6199951171875,161.97999572753906,10474500
2022-02-04,143.71070861816406,161.52999877929688,164.49000549316406,161.41000366210938,163.1300048828125,8959900
2022-02-07,142.63418579101562,160.32000732421875,162.25999450683594,159.6699981689453,161.8699951171875,6430500
2022-02-08,142.3139190673828,159.9600067138672,161.27000427246094,159.64999389648438,161.1199951171875,5048700
2022-02-09,141.9936065673828,159.60000610351562,160.63999938964844,159.27000427246094,160.36000061035156,8077400
2022-02-10,139.83169555664062,157.1699981689453,159.5,156.64999389648438,159.08999633789062,7033000
2022-02-11,139.0487518310547,156.2899932861328,158.5800018310547,155.5800018310547,158.00999450683594,9341400
2022-02-14,139.44911193847656,156.74000549316406,157.05999755859375,153.36000061035156,156.13999938964844,9472200
2022-02-15,139.52027893066406,156.82000732421875,159.32000732421875,156.11000061035156,157.77000427246094,6659200
2022-02-16,140.5790252685547,158.00999450683594,158.77999877929688,156.27000427246094,156.8300018310547,9315700
2022-02-17,142.1893310546875,159.82000732421875,160.3800048828125,157.35000610351562,158.3800048828125,7925500
2022-02-18,142.260498046875,159.89999389648438,161.05999755859375,158.82000732421875,159.5,8063200
2022-02-22,140.50782775878906,157.92999267578125,160.8800048828125,156.66000366210938,160.11000061035156,8179500
2022-02-23,138.75514221191406,155.9600067138672,158.60000610351562,155.60000610351562,158.3000030517578,6273000
2022-02-24,135.0185089111328,151.75999450683594,155.97999572753906,150.55999755859375,155.63999938964844,13145100
2022-02-25,140.78366088867188,158.24000549316406,158.94000244140625,152.25,152.3300018310547,8888800
2022-02-28,138.69287109375,155.88999938964844,157.19000244140625,153.82000732421875,156.2899932861328,8669200
2022-03-01,136.3974609375,153.30999755859375,155.39999389648438,152.33999633789062,154.30999755859375,8311900
2022-03-02,136.8245086669922,153.7899932861328,155.0800018310547,152.60000610351562,152.9600067138672,6111300
2022-03-03,137.3316650390625,154.36000061035156,155.86000061035156,153.77000427246094,153.77000427246094,7451200
2022-03-04,138.02560424804688,155.13999938964844,155.35000610351562,152.5500030517578,153.1199951171875,8639100
2022-03-07,135.97935485839844,152.83999633789062,154.52000427246094,151.13999938964844,154.49000549316406,8374500
2022-03-08,130.59674072265625,146.7899932861328,152.9499969482422,146.5800018310547,152.17999267578125,9517200
2022-03-09,132.3583526611328,148.77000427246094,150.47000122070312,147.80999755859375,148.8300018310547,7044100
2022-03-10,128.95082092285156,144.94000244140625,148.27999877929688,143.94000244140625,147.8000030517578,9221000
2022-03-11,127.42059326171875,143.22000122070312,146.16000366210938,143.02999877929688,145.39999389648438,7086100
2022-03-14,129.04872131347656,145.0500030517578,146.0399932861328,143.35000610351562,144.4499969482422,7964600
2022-03-15,133.69284057617188,150.27000427246094,150.5399932861328,146.88999938964844,147.00999450683594,9868400
2022-03-16,133.23910522460938,149.75999450683594,151.7899932861328,148.0399932861328,150.6300048828125,6908900
2022-03-17,133.65725708007812,150.22999572753906,150.47000122070312,148.5,149.99000549316406,6003800
2022-03-18,133.58609008789062,150.14999389648438,150.8699951171875,148.24000549316406,150.8699951171875,15570300
2022-03-21,134.09324645996094,150.72000122070312,151.4199981689453,149.24000549316406,150.44000244140625,6937500
2022-03-22,135.12525939941406,151.8800048828125,153.60000610351562,150.52000427246094,153.42999267578125,7292100
2022-03-23,134.1821746826172,150.82000732421875,153.00999450683594,150.69000244140625,152.1999969482422,5531900
2022-03-24,134.41351318359375,151.0800018310547,151.55999755859375,150.16000366210938,150.88999938964844,4203100
2022-03-25,135.97044372558594,152.8300018310547,153.9199981689453,151.50999450683594,151.6300048828125,5047700
2022-03-28,136.90464782714844,153.8800048828125,153.89999389648438,152.6300048828125,153.63999938964844,4234000
2022-03-29,138.310302734375,155.4600067138672,156.47000122070312,154.02000427246094,155.3699951171875,5643400
2022-03-30,137.3583526611328,154.38999938964844,154.42999267578125,151.94000244140625,152.5,5779300
2022-03-31,135.9437713623047,152.8000030517578,154.33999633789062,152.39999389648438,154.10000610351562,7538600
2022-04-01,137.98110961914062,155.08999633789062,155.4600067138672,152.05999755859375,153.52000427246094,5742600
2022-04-04,137.0825653076172,154.0800018310547,154.35000610351562,151.25999450683594,153.80999755859375,5992000
2022-04-05,137.56297302246094,154.6199951171875,157.3699951171875,153.5399932861328,153.61000061035156,7653000
2022-04-06,139.5291748046875,156.8300018310547,157.2899932861328,153.94000244140625,154.4199981689453,8884700
2022-04-07,141.3352508544922,158.86000061035156,159.38999938964844,156.97000122070312,157.8699951171875,6889700
2022-04-08,142.43846130371094,160.10000610351562,160.52999877929688,158.9199981689453,159.6999969482422,6045400
2022-04-11,141.89573669433594,159.49000549316406,161.2100067138672,158.6300048828125,159.9499969482422,6158400
2022-04-12,141.46871948242188,159.00999450683594,160.6300048828125,158.6999969482422,159.30999755859375,7221500
2022-04-13,141.86904907226562,159.4600067138672,160.41000366210938,158.7100067138672,159.0800018310547,5247700
2022-04-14,141.07723999023438,158.57000732421875,160.3000030517578,158.4499969482422,159.97999572753906,7806500
2022-04-18,139.73382568359375,157.05999755859375,158.97999572753906,156.52999877929688,158.47999572753906,6034500
2022-04-19,141.82460021972656,159.41000366210938,160.02999877929688,156.3000030517578,156.77000427246094,7897000
2022-04-20,145.59681701660156,163.64999389648438,164.47999572753906,160.0,160.5,10196100
2022-04-21,145.4832000732422,162.61000061035156,164.89999389648438,162.42999267578125,163.82000732421875,9365700
2022-04-22,144.26644897460938,161.25,163.52000427246094,160.91000366210938,163.24000549316406,9394600
2022-04-25,145.42950439453125,162.5500030517578,163.2899932861328,159.8000030517578,161.6999969482422,6986800
2022-04-26,142.96023559570312,159.7899932861328,163.63999938964844,159.75,162.67999267578125,7769500
2022-04-27,142.57553100585938,159.36000061035156,161.4499969482422,159.11000061035156,160.2100067138672,6754900
2022-04-28,146.19895935058594,163.41000366210938,163.7100067138672,159.27000427246094,160.5399932861328,9306800
2022-04-29,143.6402130126953,160.5500030517578,162.9499969482422,160.1999969482422,162.47000122070312,10637000
2022-05-02,141.69871520996094,158.3800048828125,162.0,156.19000244140625,161.60000610351562,10351600
2022-05-03,139.75729370117188,156.2100067138672,158.99000549316406,155.00999450683594,158.22000122070312,10344000
2022-05-04,140.78614807128906,157.36000061035156,157.5500030517578,155.14999389648438,155.8300018310547,7771000
2022-05-05,138.1916046142578,154.4600067138672,157.2899932861328,153.13999938964844,156.3000030517578,8217100
2022-05-06,139.5693817138672,156.0,156.24000549316406,153.8699951171875,154.77000427246094,7304800
2022-05-09,139.2205047607422,155.61000061035156,156.75999450683594,152.75,153.9600067138672,8540800
2022-05-10,138.48684692382812,154.7899932861328,156.6199951171875,153.94000244140625,155.5500030517578,7447400
2022-05-11,136.5364532470703,152.61000061035156,155.89999389648438,152.35000610351562,154.02999877929688,7692200
2022-05-12,135.9817352294922,151.99000549316406,153.61000061035156,149.8800048828125,153.52000427246094,9600800
2022-05-13,137.4401092529297,153.6199951171875,153.72999572753906,150.4199981689453,152.5800018310547,5675500
2022-05-16,138.7820587158203,155.1199951171875,155.89999389648438,152.02999877929688,153.47000122070312,5971000
2022-05-17,138.388427734375,154.67999267578125,156.75,153.07000732421875,155.1300048828125,6509100
2022-05-18,129.76377868652344,145.0399932861328,154.75999450683594,144.5399932861328,154.6699981689453,9670700
2022-05-19,126.77555847167969,141.6999969482422,143.4199981689453,140.60000610351562,143.41000366210938,9694100
2022-05-20,126.8560562133789,141.7899932861328,142.4499969482422,139.17999267578125,142.14999389648438,7786900
2022-05-23,129.772705078125,145.0500030517578,145.6300048828125,142.0800018310547,142.83999633789062,7134500
2022-05-24,132.08096313476562,147.6300048828125,147.94000244140625,144.82000732421875,144.88999938964844,7207400
2022-05-25,129.9158477783203,145.2100067138672,147.13999938964844,143.5,147.11000061035156,8217800
2022-05-26,131.05210876464844,146.47999572753906,147.3800048828125,145.0399932861328,146.47999572753906,5702600
2022-05-27,133.05616760253906,148.72000122070312,148.72000122070312,146.6300048828125,146.97000122070312,6028800
2022-05-31,132.3046417236328,147.8800048828125,148.99000549316406,146.16000366210938,147.2899932861328,12416700
2022-06-01,130.30056762695312,145.63999938964844,148.1199951171875,144.7100067138672,148.0,7036000
2022-06-02,131.70521545410156,147.2100067138672,147.25999450683594,142.6300048828125,145.97000122070312,6479800
2022-06-03,130.52426147460938,145.88999938964844,147.2100067138672,145.1199951171875,146.36000061035156,4720700
2022-06-06,130.0142822265625,145.32000732421875,147.63999938964844,144.58999633789062,147.3699951171875,4751100
2022-06-07,131.46365356445312,146.94000244140625,147.17999267578125,143.42999267578125,143.6699981689453,4918600
2022-06-08,129.82638549804688,145.11000061035156,146.42999267578125,144.99000549316406,146.3000030517578,4369600
2022-06-09,127.48233795166016,142.49000549316406,146.88999938964844,142.33999633789062,145.41000366210938,4625700
2022-06-10,126.99922180175781,141.9499969482422,143.14999389648438,139.4499969482422,140.88999938964844,6630800
2022-06-13,123.59942626953125,138.14999389648438,140.49000549316406,137.6300048828125,139.5,8549500
2022-06-14,119.7433853149414,133.83999633789062,137.5800018310547,132.5399932861328,137.50999450683594,9980200
2022-06-15,118.553466796875,132.50999450683594,134.89999389648438,129.5,134.44000244140625,12178100
2022-06-16,119.2781753540039,133.32000732421875,135.07000732421875,130.60000610351562,131.02999877929688,9683300
2022-06-17,118.41925811767578,132.36000061035156,134.25999450683594,131.42999267578125,132.55999755859375,17113300
2022-06-21,122.00690460205078,136.3699951171875,137.0,133.42999267578125,134.6199951171875,9017000
2022-06-22,123.91255950927734,138.5,139.69000244140625,135.6699981689453,135.67999267578125,8374500
2022-06-23,127.31233978271484,142.3000030517578,142.47999572753906,138.89999389648438,139.0500030517578,6418300
2022-06-24,129.14642333984375,144.35000610351562,145.24000549316406,143.1199951171875,144.1999969482422,19440600
2022-06-27,128.16226196289062,143.25,144.75999450683594,142.7100067138672,144.1199951171875,5618500
2022-06-28,126.07769012451172,140.9199981689453,144.08999633789062,140.5800018310547,143.5399932861328,6077300
2022-06-29,127.22290802001953,142.1999969482422,142.86000061035156,141.14999389648438,141.60000610351562,5174600
2022-06-30,128.6454315185547,143.7899932861328,144.44000244140625,141.22999572753906,141.69000244140625,7410100
2022-07-01,130.72108459472656,146.11000061035156,146.25,143.39999389648438,144.24000549316406,5937200
2022-07-05,129.45956420898438,144.6999969482422,146.10000610351562,142.5399932861328,144.5800018310547,5760900
2022-07-06,130.66737365722656,146.0500030517578,147.49000549316406,144.97000122070312,145.50999450683594,5485200
2022-07-07,130.62265014648438,146.0,146.19000244140625,144.60000610351562,145.2899932861328,6623400
2022-07-08,129.7458953857422,145.02000427246094,146.80999755859375,144.57000732421875,145.99000549316406,4294200
2022-07-11,130.65843200683594,146.0399932861328,146.5800018310547,144.67999267578125,145.14999389648438,5482900
2022-07-12,129.5043182373047,144.75,146.9199981689453,144.3699951171875,145.86000061035156,5204400
2022-07-13,130.35423278808594,145.6999969482422,146.9600067138672,144.2100067138672,144.41000366210938,5075600
2022-07-14,129.9695281982422,145.27000427246094,145.52999877929688,143.47000122070312,143.75999450683594,4867000
2022-07-15,129.79063415527344,145.07000732421875,145.6999969482422,144.10000610351562,145.33999633789062,6264600
2022-07-18,128.2159881591797,143.30999755859375,145.08999633789062,143.1699981689453,144.94000244140625,6047500
2022-07-19,128.86907958984375,144.0399932861328,145.00999450683594,143.63999938964844,144.57000732421875,5943600
2022-07-20,126.6413345336914,141.5500030517578,144.22000122070312,140.63999938964844,144.0,8635300
2022-07-21,126.76110076904297,140.77000427246094,141.36000061035156,138.9499969482422,140.60000610351562,8310200
2022-07-22,128.78720092773438,143.02000427246094,143.1699981689453,140.6699981689453,140.75999450683594,5292700
2022-07-25,129.66067504882812,143.99000549316406,144.4199981689453,142.52999877929688,142.8000030517578,5262100
2022-07-26,129.9127960205078,144.27000427246094,144.49000549316406,141.7100067138672,142.69000244140625,5375700
2022-07-27,131.14646911621094,145.63999938964844,146.2100067138672,143.52999877929688,143.8800048828125,5500000
2022-07-28,133.32562255859375,148.05999755859375,148.61000061035156,145.0800018310547,146.13999938964844,7115700
2022-07-29,125.08621215820312,138.91000366210938,142.5,138.22999572753906,141.42999267578125,18694700
2022-08-01,128.6791229248047,142.89999389648438,143.94000244140625,138.27000427246094,138.33999633789062,12590000
2022-08-02,127.82366180419922,141.9499969482422,143.72000122070312,141.77000427246094,143.11000061035156,7495000
2022-08-03,130.4621124267578,144.8800048828125,145.27000427246094,140.91000366210938,141.66000366210938,6811000
2022-08-04,130.25497436523438,144.64999389648438,146.4600067138672,144.00999450683594,144.85000610351562,6124700
2022-08-05,130.3179931640625,144.72000122070312,144.83999633789062,142.77000427246094,143.75,4580300
2022-08-08,130.8132781982422,145.27000427246094,146.47000122070312,144.72999572753906,145.02999877929688,4486800
2022-08-09,130.507080078125,144.92999267578125,145.94000244140625,144.49000549316406,145.57000732421875,3977300
2022-08-10,131.7407684326172,146.3000030517578,146.5,145.38999938964844,145.88999938964844,4641300
2022-08-11,130.80429077148438,145.25999450683594,147.2899932861328,144.92999267578125,146.80999755859375,5954300
2022-08-12,132.0739288330078,146.6699981689453,146.72999572753906,144.9600067138672,145.91000366210938,5038700
2022-08-15,133.77586364746094,148.55999755859375,148.77000427246094,146.75,146.8699951171875,6008000
2022-08-16,135.00950622558594,149.92999267578125,150.60000610351562,148.36000061035156,148.36000061035156,7093000
2022-08-17,134.38819885253906,149.24000549316406,149.75,148.8800048828125,149.10000610351562,4834600
2022-08-18,134.86544799804688,149.77000427246094,149.99000549316406,148.52000427246094,148.8699951171875,3829000
2022-08-19,134.82943725585938,149.72999572753906,150.6300048828125,148.72000122070312,149.2100067138672,6502500
2022-08-22,134.46925354003906,149.3300018310547,150.1300048828125,148.83999633789062,148.97999572753906,6380700
2022-08-23,131.87583923339844,146.4499969482422,148.44000244140625,145.8300018310547,148.42999267578125,5268200
2022-08-24,131.30853271484375,145.82000732421875,147.25999450683594,145.1199951171875,146.61000061035156,5903200
2022-08-25,131.20050048828125,145.6999969482422,145.77999877929688,144.49000549316406,145.22999572753906,5097600
2022-08-26,128.12982177734375,142.2899932861328,146.52999877929688,142.02000427246094,146.0,6086600
2022-08-29,127.58953094482422,141.69000244140625,142.69000244140625,141.02000427246094,141.3000030517578,5272100
2022-08-30,126.22978210449219,140.17999267578125,142.41000366210938,139.91000366210938,142.41000366210938,5203700
2022-08-31,124.21271514892578,137.94000244140625,140.8800048828125,137.86000061035156,140.39999389648438,8406900
2022-09-01,125.74356842041016,139.63999938964844,139.75999450683594,136.75999450683594,137.8300018310547,7446500
2022-09-02,123.5103530883789,137.16000366210938,141.14999389648438,136.5500030517578,140.4199981689453,7077800
2022-09-06,122.13262176513672,135.6300048828125,137.94000244140625,135.2899932861328,135.8800048828125,8217200
2022-09-07,123.97863006591797,137.67999267578125,137.75999450683594,136.02000427246094,136.02999877929688,6609400
2022-09-08,124.14070129394531,137.86000061035156,138.49000549316406,136.05999755859375,137.00999450683594,7380500
2022-09-09,126.0317153930664,139.9600067138672,141.08999633789062,137.3000030517578,137.9499969482422,6434300
2022-09-12,127.0582504272461,141.10000610351562,141.8000030517578,139.11000061035156,139.41000366210938,5818700
2022-09-13,124.4288330078125,138.17999267578125,141.42999267578125,137.86000061035156,140.77999877929688,6350200
2022-09-14,124.72600555419922,138.50999450683594,139.66000366210938,137.6699981689453,138.66000366210938,6137800
2022-09-15,123.76248168945312,137.44000244140625,138.88999938964844,136.63999938964844,138.77999877929688,5320700
2022-09-16,124.5188980102539,138.27999877929688,139.05999755859375,137.11000061035156,137.44000244140625,9321500
2022-09-19,124.25777435302734,137.99000549316406,138.4600067138672,137.22999572753906,138.1999969482422,6056000
2022-09-20,123.8165283203125,137.5,137.97000122070312,136.52999877929688,137.41000366210938,5589800
2022-09-21,122.22264862060547,135.72999572753906,138.1999969482422,135.7100067138672,138.0800018310547,6413900
2022-09-22,122.65489196777344,136.2100067138672,137.07000732421875,135.24000549316406,135.74000549316406,5061600
2022-09-23,122.08760070800781,135.5800018310547,136.5,133.9499969482422,135.67999267578125,6523600
2022-09-26,122.20464324951172,135.7100067138672,136.82000732421875,134.99000549316406,135.5800018310547,7396400
2022-09-27,118.8458480834961,131.97999572753906,136.94000244140625,131.7100067138672,135.9600067138672,7722200
2022-09-28,118.8458480834961,131.97999572753906,133.02000427246094,131.19000244140625,133.02000427246094,10455100
2022-09-29,115.89225006103516,128.6999969482422,131.8699951171875,128.25999450683594,131.8699951171875,7128500
2022-09-30,113.6860580444336,126.25,129.0399932861328,126.20999908447266,129.0,9431900
2022-10-03,115.7211685180664,128.50999450683594,129.10000610351562,126.68000030517578,127.25,8477700
2022-10-04,117.15294647216797,130.10000610351562,130.8699951171875,128.6999969482422,129.10000610351562,7211600
2022-10-05,116.3425064086914,129.1999969482422,130.08999633789062,128.08999633789062,129.1999969482422,5071100
2022-10-06,113.89318084716797,126.4800033569336,129.05999755859375,126.3499984741211,128.88999938964844,5530800
2022-10-07,111.9030990600586,124.2699966430664,126.58000183105469,123.76000213623047,126.5,6095400
2022-10-10,111.44385528564453,123.76000213623047,124.25,122.18000030517578,123.37000274658203,6923300
2022-10-11,111.86709594726562,124.2300033569336,125.69999694824219,123.5999984741211,123.69000244140625,5516200
2022-10-12,112.04718017578125,124.43000030517578,125.80999755859375,124.41000366210938,124.83999633789062,6823500
2022-10-13,113.74009704589844,126.30999755859375,126.75,122.91999816894531,123.51000213623047,6910500
2022-10-14,112.63249206542969,125.08000183105469,127.0199966430664,124.7699966430664,126.75,5516800
2022-10-17,114.66759490966797,127.33999633789062,128.27999877929688,125.86000061035156,126.01000213623047,6664600
2022-10-18,115.59508514404297,128.3699951171875,130.07000732421875,127.66000366210938,129.3300018310547,7114200
2022-10-19,116.66667938232422,129.55999755859375,133.0,129.50999450683594,131.63999938964844,9993700
2022-10-20,115.16398620605469,126.98999786376953,129.77000427246094,126.68000030517578,128.6199951171875,8168000
2022-10-21,116.60591888427734,128.5800018310547,128.9499969482422,126.4800033569336,126.54000091552734,6394600
2022-10-24,117.3223648071289,129.3699951171875,130.44000244140625,128.35000610351562,129.49000549316406,6946000
2022-10-25,118.673583984375,130.86000061035156,131.17999267578125,128.47000122070312,129.60000610351562,6776000
2022-10-26,119.50792694091797,131.77999877929688,132.57000732421875,130.39999389648438,130.64999389648438,6612800
2022-10-27,119.5986099243164,131.8800048828125,133.1199951171875,131.5,132.0,6676700
2022-10-28,122.62757873535156,135.22000122070312,135.50999450683594,132.9199981689453,133.1699981689453,6996400
2022-10-31,122.12877655029297,134.6699981689453,135.6699981689453,134.25999450683594,135.1999969482422,8346300
2022-11-01,122.31922149658203,134.8800048828125,136.27999877929688,133.83999633789062,134.6999969482422,6428300
2022-11-02,120.55988311767578,132.94000244140625,136.5399932861328,132.80999755859375,134.72000122070312,7318100
2022-11-03,119.734619140625,132.02999877929688,132.63999938964844,130.9600067138672,131.72999572753906,5204000
2022-11-04,121.92019653320312,134.44000244140625,135.0,132.52000427246094,133.32000732421875,5555400
2022-11-07,123.78836822509766,136.5,137.19000244140625,135.05999755859375,135.35000610351562,6746800
2022-11-08,124.06950378417969,136.80999755859375,137.52000427246094,135.8000030517578,136.82000732421875,5266200
2022-11-09,123.7702407836914,136.47999572753906,137.97000122070312,136.33999633789062,136.8699951171875,5690700
2022-11-10,128.03250122070312,141.17999267578125,141.6300048828125,138.1999969482422,139.4600067138672,8068700
2022-11-11,127.84210205078125,140.97000122070312,141.6300048828125,139.11000061035156,141.1999969482422,7175200
2022-11-14,127.85116577148438,140.97999572753906,143.55999755859375,140.25999450683594,140.50999450683594,8516200
2022-11-15,127.40679931640625,140.49000549316406,143.1999969482422,139.6999969482422,142.08999633789062,7732400
2022-11-16,128.5404052734375,141.74000549316406,142.91000366210938,140.97999572753906,141.5,6193700
2022-11-17,127.75141906738281,140.8699951171875,141.69000244140625,139.86000061035156,141.11000061035156,5186300
2022-11-18,129.2931365966797,142.57000732421875,142.75999450683594,141.27000427246094,141.9199981689453,5671400
2022-11-21,130.93455505371094,144.3800048828125,145.19000244140625,142.8300018310547,143.05999755859375,6377200
2022-11-22,132.05906677246094,145.6199951171875,145.7899932861328,144.83999633789062,145.42999267578125,5372900
2022-11-23,132.81178283691406,146.4499969482422,146.6300048828125,145.57000732421875,145.89999389648438,4296000
2022-11-25,133.05662536621094,146.72000122070312,147.1999969482422,146.39999389648438,146.7899932861328,2411100
2022-11-28,132.9477996826172,146.60000610351562,147.33999633789062,146.13999938964844,146.38999938964844,6628200
2022-11-29,131.9320831298828,145.47999572753906,146.05999755859375,144.52999877929688,145.75,5634200
2022-11-30,135.2694091796875,149.16000366210938,149.16000366210938,145.1300048828125,145.64999389648438,12396800
2022-12-01,135.3509979248047,149.25,150.36000061035156,148.57000732421875,149.52999877929688,6927400
2022-12-02,136.58436584472656,150.61000061035156,150.77000427246094,148.0800018310547,148.47000122070312,4938300
2022-12-05,135.2059326171875,149.08999633789062,149.6699981689453,148.27000427246094,148.7100067138672,5402500
2022-12-06,135.37820434570312,149.27999877929688,150.0800018310547,148.27999877929688,149.72000122070312,6866700
2022-12-07,136.2488250732422,150.24000549316406,150.42999267578125,149.00999450683594,149.00999450683594,6175500
2022-12-08,137.2282257080078,151.32000732421875,151.3800048828125,149.00999450683594,149.4600067138672,5187100
2022-12-09,136.865478515625,150.9199981689453,151.9499969482422,150.22000122070312,150.6999969482422,5868200
2022-12-12,138.27113342285156,152.47000122070312,152.55999755859375,151.0399932861328,151.22000122070312,6142400
2022-12-13,138.06256103515625,152.24000549316406,154.22999572753906,150.7899932861328,153.41000366210938,7680600
2022-12-14,138.60670471191406,152.83999633789062,154.44000244140625,152.1699981689453,152.7899932861328,7385600
2022-12-15,137.03781127929688,151.11000061035156,152.0,149.74000549316406,151.72000122070312,7117200
2022-12-16,136.43019104003906,150.44000244140625,151.07000732421875,149.02000427246094,150.36000061035156,19966400
2022-12-19,136.39393615722656,150.39999389648438,151.3800048828125,149.24000549316406,150.22000122070312,5881800
2022-12-20,136.4483184814453,150.4600067138672,150.89999389648438,149.27000427246094,149.32000732421875,5646100
2022-12-21,137.6998291015625,151.83999633789062,152.6300048828125,150.72000122070312,150.75,5024700
2022-12-22,138.01722717285156,152.19000244140625,152.41000366210938,150.8800048828125,151.1300048828125,5904900
2022-12-23,138.4071807861328,152.6199951171875,152.9199981689453,151.6699981689453,152.30999755859375,3401800
2022-12-27,139.61331176757812,153.9499969482422,154.32000732421875,152.66000366210938,152.6999969482422,4215100
2022-12-28,137.80862426757812,151.9600067138672,154.64999389648438,151.89999389648438,154.27999877929688,4197500
2022-12-29,138.3799591064453,152.58999633789062,153.24000549316406,152.13999938964844,152.80999755859375,3809100
2022-12-30,137.44589233398438,151.55999755859375,152.67999267578125,150.44000244140625,152.42999267578125,4532000
2023-01-03,137.45498657226562,151.57000732421875,151.7100067138672,149.1199951171875,150.9499969482422,6447300
2023-01-04,138.05349731445312,152.22999572753906,153.38999938964844,151.22999572753906,151.99000549316406,7313400
2023-01-05,136.33949279785156,150.33999633789062,152.47999572753906,150.1300048828125,152.2100067138672,5373800
2023-01-06,139.58612060546875,153.9199981689453,154.4600067138672,151.75,151.85000610351562,7882200
2023-01-09,137.88121032714844,152.0399932861328,154.8000030517578,152.0,153.44000244140625,5727000
2023-01-10,137.74514770507812,151.88999938964844,152.6999969482422,150.94000244140625,152.10000610351562,4716400
2023-01-11,136.6297149658203,150.66000366210938,152.55999755859375,149.35000610351562,152.32000732421875,8691300
2023-01-12,135.85885620117188,149.80999755859375,151.72999572753906,149.52000427246094,151.6999969482422,7801600
2023-01-13,136.8291778564453,150.8800048828125,151.0500030517578,149.4199981689453,149.61000061035156,5535800
2023-01-17,136.43019104003906,150.44000244140625,152.1300048828125,150.39999389648438,150.7899932861328,9611800
2023-01-18,132.7755126953125,146.41000366210938,149.92999267578125,146.0399932861328,149.66000366210938,10461200
2023-01-19,129.96754455566406,142.4199981689453,146.22000122070312,142.24000549316406,143.30999755859375,12683700
2023-01-20,130.46946716308594,142.97000122070312,143.14999389648438,140.14999389648438,142.32000732421875,8603300
2023-01-23,128.71731567382812,141.0500030517578,143.6999969482422,140.69000244140625,143.36000061035156,7473100
2023-01-24,129.4199981689453,141.82000732421875,142.3800048828125,139.80999755859375,140.69000244140625,6822500
2023-01-25,129.32870483398438,141.72000122070312,141.75,138.72999572753906,140.38999938964844,6902600
2023-01-26,128.80859375,141.14999389648438,141.74000549316406,140.74000549316406,141.72999572753906,5398600
2023-01-27,128.27926635742188,140.57000732421875,141.36000061035156,139.2899932861328,141.07000732421875,6870800
2023-01-30,128.6807861328125,141.00999450683594,142.1199951171875,140.27999877929688,140.9600067138672,6369300
2023-01-31,129.9310302734375,142.3800048828125,142.47000122070312,140.75999450683594,141.22999572753906,9373400
2023-02-01,130.67018127441406,143.19000244140625,144.10000610351562,141.35000610351562,142.0800018310547,7207900
2023-02-02,129.7393798828125,142.1699981689453,142.7100067138672,141.2100067138672,142.1699981689453,6444300
2023-02-03,130.14089965820312,142.61000061035156,143.3800048828125,141.1699981689453,142.77999877929688,5993100
2023-02-06,129.0366973876953,141.39999389648438,142.63999938964844,141.00999450683594,142.00999450683594,6108100
2023-02-07,127.77737426757812,140.02000427246094,140.7899932861328,138.77999877929688,139.97000122070312,6278300
2023-02-08,126.45414733886719,138.57000732421875,139.5399932861328,138.41000366210938,139.05999755859375,7123800
2023-02-09,125.06705474853516,137.0500030517578,139.3300018310547,137.0,138.8800048828125,6547400
2023-02-10,126.17127990722656,138.25999450683594,138.3000030517578,135.8300018310547,136.9499969482422,8108900
2023-02-13,127.8229751586914,140.07000732421875,140.4499969482422,138.74000549316406,138.94000244140625,5081600
2023-02-14,127.10208129882812,139.27999877929688,140.24000549316406,138.6199951171875,140.13999938964844,5253500
2023-02-15,126.81004333496094,138.9600067138672,139.32000732421875,138.07000732421875,139.11000061035156,5530300
2023-02-16,125.14916229248047,137.13999938964844,138.1999969482422,136.5500030517578,137.38999938964844,7595700
2023-02-17,127.76821899414062,140.00999450683594,140.0399932861328,136.58999633789062,136.58999633789062,8034700
2023-02-21,127.67698669433594,139.91000366210938,140.88999938964844,138.8699951171875,138.8699951171875,6899500
2023-02-22,128.21539306640625,140.5,141.5800018310547,139.8800048828125,139.97999572753906,6126300
2023-02-23,127.80476379394531,140.0500030517578,141.13999938964844,139.10000610351562,140.22999572753906,5835400
2023-02-24,127.08380889892578,139.25999450683594,139.42999267578125,138.0800018310547,138.92999267578125,5260700
2023-02-27,126.97431945800781,139.13999938964844,140.47000122070312,138.52999877929688,139.61000061035156,5820900
2023-02-28,125.53244018554688,137.55999755859375,138.58999633789062,137.27999877929688,138.4499969482422,6709900
2023-03-01,125.62371826171875,137.66000366210938,138.3300018310547,136.50999450683594,138.0500030517578,7101800
2023-03-02,127.69526672363281,139.92999267578125,140.42999267578125,137.77999877929688,138.0,5924600
2023-03-03,128.62606811523438,140.9499969482422,141.24000549316406,139.97000122070312,141.19000244140625,5259400
2023-03-06,128.07850646972656,140.35000610351562,141.13999938964844,139.94000244140625,140.72999572753906,4943100
2023-03-07,125.53244018554688,137.55999755859375,140.6199951171875,137.33999633789062,140.42999267578125,5606800
2023-03-08,125.55070495605469,137.5800018310547,137.69000244140625,136.60000610351562,137.1999969482422,5518800
2023-03-09,124.6290054321289,136.57000732421875,138.55999755859375,136.10000610351562,138.14999389648438,4467200
2023-03-10,125.19480895996094,137.19000244140625,137.99000549316406,136.35000610351562,136.9499969482422,5928000
2023-03-13,126.06173706054688,138.13999938964844,141.32000732421875,137.0399932861328,137.0399932861328,8337100
2023-03-14,127.62224578857422,139.85000610351562,140.11000061035156,137.39999389648438,138.2899932861328,9219700
2023-03-15,129.42909240722656,141.8300018310547,142.14999389648438,138.80999755859375,138.80999755859375,8823500
2023-03-16,130.39645385742188,142.88999938964844,143.1199951171875,141.61000061035156,141.94000244140625,7063400
2023-03-17,130.4329071044922,142.92999267578125,143.38999938964844,141.52999877929688,142.5,16018800
2023-03-20,132.4405517578125,145.1300048828125,145.39999389648438,143.22999572753906,143.5,8379200
2023-03-21,131.4823760986328,144.0800018310547,145.22999572753906,142.83999633789062,144.91000366210938,7753200
2023-03-22,131.4002685546875,143.99000549316406,145.75,143.8300018310547,144.0399932861328,5729100
2023-03-23,131.2177276611328,143.7899932861328,145.1199951171875,143.19000244140625,144.24000549316406,5788400
2023-03-24,133.8915557861328,146.72000122070312,146.75999450683594,144.3000030517578,144.3000030517578,6144800
2023-03-27,133.1888885498047,145.9499969482422,147.4199981689453,145.8699951171875,146.88999938964844,5917200
2023-03-28,133.56300354003906,146.36000061035156,146.82000732421875,145.8000030517578,146.5500030517578,4213800
2023-03-29,133.9736785888672,146.80999755859375,147.2899932861328,146.25999450683594,147.0800018310547,4987700
2023-03-30,134.5577392578125,147.4499969482422,147.5399932861328,146.3000030517578,146.9199981689453,4117700
2023-03-31,135.6892852783203,148.69000244140625,148.69000244140625,147.57000732421875,147.74000549316406,7685900
2023-04-03,136.43760681152344,149.50999450683594,150.07000732421875,147.08999633789062,148.42999267578125,5721700
2023-04-04,137.09461975097656,150.22999572753906,151.7100067138672,150.0800018310547,150.0800018310547,6714300
2023-04-05,138.03456115722656,151.25999450683594,152.35000610351562,151.14999389648438,151.3300018310547,6094800
2023-04-06,138.91067504882812,152.22000122070312,152.9600067138672,151.4199981689453,151.8699951171875,5399700
2023-04-10,137.7608184814453,150.9600067138672,151.6699981689453,149.50999450683594,151.64999389648438,4891800
2023-04-11,137.48704528808594,150.66000366210938,151.44000244140625,150.52000427246094,151.25999450683594,6311800
2023-04-12,137.86123657226562,151.07000732421875,152.41000366210938,149.92999267578125,150.30999755859375,6137900
2023-04-13,138.5,151.77000427246094,151.8699951171875,149.82000732421875,150.89999389648438,5489500
2023-04-14,137.79734802246094,151.0,151.58999633789062,150.50999450683594,151.35000610351562,4478800
2023-04-17,137.84295654296875,151.0500030517578,151.47000122070312,150.33999633789062,151.1699981689453,4296400
2023-04-18,137.98898315429688,151.2100067138672,151.58999633789062,150.10000610351562,150.97999572753906,4158400
2023-04-19,138.016357421875,151.24000549316406,151.89999389648438,150.7100067138672,151.1699981689453,3837600
2023-04-20,138.52232360839844,150.85000610351562,151.36000061035156,150.3699951171875,150.3699951171875,5370900
2023-04-21,143.31573486328125,156.07000732421875,158.11000061035156,154.5,154.94000244140625,14876900
2023-04-24,143.5728302001953,156.35000610351562,157.25,155.22000122070312,155.22000122070312,8109800
2023-04-25,143.6095733642578,156.38999938964844,157.94000244140625,155.7899932861328,156.50999450683594,8341800
2023-04-26,141.94747924804688,154.5800018310547,156.0,154.33999633789062,155.3000030517578,4843700
2023-04-27,143.68304443359375,156.47000122070312,156.61000061035156,155.00999450683594,155.3000030517578,4805600
2023-04-28,143.60040283203125,156.3800048828125,157.3699951171875,155.75999450683594,156.27999877929688,5754700
2023-05-01,143.7748565673828,156.57000732421875,157.39999389648438,155.8000030517578,156.02999877929688,3844600
2023-05-02,143.64633178710938,156.42999267578125,156.92999267578125,155.6699981689453,156.58999633789062,5262900
2023-05-03,143.46263122558594,156.22999572753906,157.57000732421875,155.42999267578125,156.63999938964844,5775000
2023-05-04,142.801513671875,155.50999450683594,156.60000610351562,155.08999633789062,156.10000610351562,4892600
2023-05-05,143.27902221679688,156.02999877929688,156.30999755859375,154.69000244140625,155.39999389648438,3989200
2023-05-08,142.608642578125,155.3000030517578,155.72999572753906,154.8699951171875,155.35000610351562,4950700
2023-05-09,141.14859008789062,153.7100067138672,155.97999572753906,153.5800018310547,155.85000610351562,4472100
2023-05-10,141.4424591064453,154.02999877929688,154.32000732421875,152.44000244140625,153.4499969482422,4754900
2023-05-11,141.77304077148438,154.38999938964844,154.88999938964844,153.38999938964844,154.80999755859375,3495300
2023-05-12,143.2147216796875,155.9600067138672,156.0500030517578,154.38999938964844,154.6999969482422,5252900
2023-05-15,143.26063537597656,156.00999450683594,156.75,154.63999938964844,156.61000061035156,5414900
2023-05-16,143.01272583007812,155.74000549316406,156.9199981689453,154.92999267578125,155.8699951171875,5591500
2023-05-17,142.4066162109375,155.0800018310547,156.55999755859375,153.89999389648438,156.25999450683594,4286900
2023-05-18,140.0650177001953,152.52999877929688,153.64999389648438,151.60000610351562,153.30999755859375,6997600
2023-05-19,140.65274047851562,153.1699981689453,153.32000732421875,151.83999633789062,152.47000122070312,4754100
2023-05-22,136.9704132080078,149.16000366210938,152.60000610351562,148.8300018310547,152.5,7876200
2023-05-23,135.49200439453125,147.5500030517578,148.8800048828125,147.07000732421875,148.7899932861328,6116000
2023-05-24,134.37171936035156,146.3300018310547,148.1999969482422,146.08999633789062,147.58999633789062,5755400
2023-05-25,133.50851440429688,145.38999938964844,146.2100067138672,144.35000610351562,145.49000549316406,6510300
2023-05-26,133.5177001953125,145.39999389648438,146.00999450683594,144.72999572753906,145.3300018310547,4716400
2023-05-30,131.47909545898438,143.17999267578125,144.0399932861328,142.35000610351562,143.86000061035156,5561000
2023-05-31,130.85470581054688,142.5,143.97999572753906,141.89999389648438,143.16000366210938,19854800
2023-06-01,132.19537353515625,143.9600067138672,144.1199951171875,142.4499969482422,143.25,6091100
2023-06-02,134.54620361328125,146.52000427246094,146.67999267578125,144.38999938964844,144.50999450683594,6124400
2023-06-05,134.01358032226562,145.94000244140625,147.85000610351562,145.72999572753906,146.0500030517578,4753700
2023-06-06,132.6820831298828,144.49000549316406,146.30999755859375,143.5500030517578,146.07000732421875,4635900
2023-06-07,132.96673583984375,144.8000030517578,145.1199951171875,143.47000122070312,144.00999450683594,6194400
2023-06-08,134.4727020263672,146.44000244140625,146.64999389648438,144.9199981689453,145.33999633789062,4863700
2023-06-09,134.5828857421875,146.55999755859375,146.77999877929688,144.72999572753906,145.67999267578125,5569500
2023-06-12,133.52688598632812,145.41000366210938,147.00999450683594,144.5500030517578,147.0,5354000
2023-06-13,133.2054443359375,145.05999755859375,145.67999267578125,144.27999877929688,144.50999450683594,5321200
2023-06-14,134.454345703125,146.4199981689453,146.88999938964844,144.8300018310547,145.30999755859375,5693300
2023-06-15,136.31845092773438,148.4499969482422,148.97000122070312,146.5399932861328,147.1699981689453,5863000
2023-06-16,137.31935119628906,149.5399932861328,150.08999633789062,148.89999389648438,148.9199981689453,11244900
2023-06-20,136.0521697998047,148.16000366210938,150.27999877929688,148.11000061035156,149.75,5340700
2023-06-21,137.22755432128906,149.44000244140625,149.60000610351562,147.8699951171875,148.25999450683594,4649700
2023-06-22,137.69586181640625,149.9499969482422,151.10000610351562,149.47999572753906,150.35000610351562,6666800
2023-06-23,136.32763671875,148.4600067138672,150.52999877929688,147.9600067138672,150.25,13843300
2023-06-26,136.4653778076172,148.61000061035156,148.97000122070312,146.72000122070312,148.10000610351562,4353100
2023-06-27,137.76014709472656,150.02000427246094,150.1699981689453,148.38999938964844,148.44000244140625,5445400
2023-06-28,137.73260498046875,149.99000549316406,150.3000030517578,147.9600067138672,149.3300018310547,6733300
2023-06-29,137.1724395751953,149.3800048828125,149.6999969482422,147.10000610351562,148.47999572753906,7343000
2023-06-30,139.339599609375,151.74000549316406,152.07000732421875,149.7899932861328,149.8300018310547,7058300
2023-07-03,140.03744506835938,152.5,152.52999877929688,150.47000122070312,151.47999572753906,3996100
2023-07-05,139.79873657226562,152.24000549316406,152.4600067138672,151.44000244140625,151.6300048828125,8279800
2023-07-06,139.56915283203125,151.99000549316406,152.19000244140625,150.75999450683594,151.1999969482422,7958300
2023-07-07,136.63983154296875,148.8000030517578,151.9199981689453,148.75,151.7100067138672,9169500
2023-07-10,136.69493103027344,148.86000061035156,150.32000732421875,148.74000549316406,148.94000244140625,5529200
2023-07-11,135.9786834716797,148.0800018310547,149.0500030517578,146.9600067138672,148.72999572753906,5150300
2023-07-12,136.68576049804688,148.85000610351562,149.39999389648438,147.63999938964844,148.02999877929688,6764600
2023-07-13,136.77757263183594,148.9499969482422,149.52000427246094,148.1999969482422,149.0,5561400
2023-07-14,137.78770446777344,150.0500030517578,150.6300048828125,148.72999572753906,149.27000427246094,6128900
2023-07-17,136.81434631347656,148.99000549316406,150.16000366210938,148.97000122070312,149.64999389648438,4625300
2023-07-18,137.07142639160156,149.27000427246094,150.47999572753906,148.3800048828125,148.63999938964844,5351200
2023-07-19,138.00807189941406,150.2899932861328,150.82000732421875,148.86000061035156,149.5500030517578,6203600
2023-07-20,139.1271209716797,150.55999755859375,150.75,148.13999938964844,149.5500030517578,6445400
2023-07-21,141.31712341308594,152.92999267578125,153.6699981689453,150.6999969482422,151.14999389648438,9938400
2023-07-24,141.7699432373047,153.4199981689453,153.9499969482422,152.3000030517578,152.83999633789062,5549500
2023-07-25,142.1026153564453,153.77999877929688,153.86000061035156,152.4499969482422,153.47999572753906,5883800
2023-07-26,142.25048828125,153.94000244140625,154.83999633789062,152.88999938964844,153.1199951171875,7013800
2023-07-27,140.55943298339844,152.11000061035156,154.60000610351562,151.9199981689453,154.16000366210938,7191600
2023-07-28,144.5328826904297,156.41000366210938,157.47999572753906,154.60000610351562,154.66000366210938,9397300
2023-07-31,144.43124389648438,156.3000030517578,157.67999267578125,155.05999755859375,156.39999389648438,7955200
2023-08-01,144.38507080078125,156.25,157.1699981689453,155.8699951171875,155.8800048828125,5718800
2023-08-02,144.69923400878906,156.58999633789062,157.72999572753906,155.97000122070312,155.97000122070312,5636000
2023-08-03,145.07810974121094,157.0,157.6999969482422,156.2100067138672,156.75999450683594,5792700
2023-08-04,143.4886932373047,155.27999877929688,157.72999572753906,155.14999389648438,157.42999267578125,4785900
2023-08-07,145.004150390625,156.9199981689453,157.14999389648438,155.49000549316406,155.6699981689453,4107400
2023-08-08,145.16123962402344,157.08999633789062,157.6300048828125,156.52999877929688,157.27999877929688,4625500
2023-08-09,144.97647094726562,156.88999938964844,158.08999633789062,156.77000427246094,157.30999755859375,4293200
2023-08-10,144.25570678710938,156.11000061035156,158.3800048828125,155.8000030517578,157.1699981689453,4307800
2023-08-11,145.09657287597656,157.02000427246094,157.4600067138672,155.7899932861328,156.42999267578125,3862300
2023-08-14,143.95999145507812,155.7899932861328,157.52999877929688,155.5,157.1300048828125,4297600
2023-08-15,143.03591918945312,154.7899932861328,155.97000122070312,154.4600067138672,155.7899932861328,6921100
2023-08-16,141.57589721679688,153.2100067138672,155.72999572753906,152.8699951171875,154.75999450683594,6356800
2023-08-17,140.55943298339844,152.11000061035156,153.55999755859375,151.7899932861328,153.2100067138672,6419500
2023-08-18,140.95672607421875,152.5399932861328,152.88999938964844,151.1699981689453,151.6199951171875,5448200
2023-08-21,140.24525451660156,151.77000427246094,152.77999877929688,151.25999450683594,152.08999633789062,4504700
2023-08-22,140.30068969726562,151.8300018310547,152.14999389648438,150.92999267578125,151.4199981689453,4195600
2023-08-23,141.6128387451172,153.25,153.47999572753906,152.47000122070312,152.47000122070312,4522500
2023-08-24,140.95672607421875,152.5399932861328,154.67999267578125,152.47999572753906,152.5500030517578,4088900
2023-08-25,141.88082885742188,153.5399932861328,154.0800018310547,152.4600067138672,153.39999389648438,3541500
2023-08-28,142.1026153564453,153.77999877929688,154.3699951171875,153.0500030517578,153.7100067138672,3614700
2023-08-29,142.18576049804688,153.8699951171875,154.0399932861328,152.02999877929688,153.9499969482422,4034600
2023-08-30,142.34286499023438,154.0399932861328,154.8699951171875,153.7100067138672,154.10000610351562,3712200
2023-08-31,142.62008666992188,154.33999633789062,155.16000366210938,153.8300018310547,154.1199951171875,5451400
2023-09-01,142.7771759033203,154.50999450683594,155.27999877929688,153.55999755859375,154.89999389648438,4126300
2023-09-05,140.86434936523438,152.44000244140625,154.85000610351562,152.39999389648438,153.8000030517578,5097000
2023-09-06,140.58714294433594,152.13999938964844,152.4499969482422,151.5399932861328,152.2899932861328,3877400
2023-09-07,141.92703247070312,153.58999633789062,154.19000244140625,152.3699951171875,152.49000549316406,4824800
2023-09-08,141.31712341308594,152.92999267578125,153.4600067138672,152.35000610351562,153.4199981689453,3384700
2023-09-11,142.99893188476562,154.75,155.10000610351562,153.0800018310547,153.3300018310547,4288500
2023-09-12,140.48550415039062,152.02999877929688,155.14999389648438,151.57000732421875,154.99000549316406,4537800
2023-09-13,141.4650115966797,153.08999633789062,153.58999633789062,151.66000366210938,151.97999572753906,4040600
2023-09-14,143.01744079589844,154.77000427246094,154.9199981689453,153.3699951171875,153.85000610351562,4606800
2023-09-15,141.81614685058594,153.47000122070312,155.32000732421875,153.22999572753906,154.02999877929688,10262400
2023-09-18,142.35211181640625,154.0500030517578,154.47999572753906,153.50999450683594,154.4499969482422,3536500
2023-09-19,141.93630981445312,153.60000610351562,154.05999755859375,151.74000549316406,153.75,4704200
2023-09-20,141.81614685058594,153.47000122070312,154.77999877929688,153.36000061035156,153.77000427246094,5446400
2023-09-21,140.58714294433594,152.13999938964844,153.7100067138672,152.07000732421875,153.4499969482422,5096400
2023-09-22,140.06967163085938,151.5800018310547,153.33999633789062,151.3800048828125,152.44000244140625,6327000
2023-09-25,139.2195281982422,150.66000366210938,151.27999877929688,150.02000427246094,151.17999267578125,5527000
2023-09-26,137.98126220703125,149.32000732421875,150.36000061035156,148.7899932861328,149.97999572753906,6366500
2023-09-27,136.1516571044922,147.33999633789062,149.6999969482422,146.6300048828125,149.4199981689453,5403700
2023-09-28,135.22756958007812,146.33999633789062,147.97999572753906,145.67999267578125,147.82000732421875,6237100
2023-09-29,134.78402709960938,145.86000061035156,146.77000427246094,144.82000732421875,146.5399932861328,6683300
2023-10-02,134.16490173339844,145.19000244140625,145.60000610351562,143.89999389648438,144.77999877929688,5153800
2023-10-03,134.44210815429688,145.49000549316406,146.49000549316406,145.00999450683594,145.1699981689453,4670600
2023-10-04,134.8856658935547,145.97000122070312,146.30999755859375,144.92999267578125,145.58999633789062,4727800
2023-10-05,132.88043212890625,143.8000030517578,146.08999633789062,143.69000244140625,145.67999267578125,5205700
2023-10-06,133.14840698242188,144.08999633789062,144.55999755859375,141.4499969482422,143.60000610351562,7406700
2023-10-09,132.47386169433594,143.36000061035156,143.97000122070312,141.60000610351562,143.36000061035156,5062200
2023-10-10,133.78604125976562,144.77999877929688,145.22000122070312,143.72000122070312,143.97999572753906,5988900
2023-10-11,132.14120483398438,143.0,145.55999755859375,142.55999755859375,145.13999938964844,5469100
2023-10-12,132.43690490722656,143.32000732421875,143.92999267578125,141.66000366210938,142.7899932861328,5965600
2023-10-13,133.70286560058594,144.69000244140625,145.02999877929688,143.19000244140625,143.19000244140625,7078900
2023-10-16,134.97808837890625,146.07000732421875,147.05999755859375,145.4600067138672,145.86000061035156,6509800
2023-10-17,135.15365600585938,146.25999450683594,146.82000732421875,145.24000549316406,146.11000061035156,6160100
2023-10-18,138.6373748779297,150.02999877929688,151.3000030517578,148.77000427246094,150.05999755859375,10508500
2023-10-19,137.85720825195312,148.25,150.27999877929688,147.17999267578125,149.61000061035156,8146000
2023-10-20,137.6712188720703,148.0500030517578,149.8800048828125,147.9199981689453,149.0500030517578,7284200
2023-10-23,137.76419067382812,148.14999389648438,149.5,147.55999755859375,147.86000061035156,5981800
2023-10-24,139.3915252685547,149.89999389648438,150.07000732421875,148.07000732421875,148.1199951171875,6322000
2023-10-25,140.04244995117188,150.60000610351562,151.19000244140625,149.1199951171875,149.63999938964844,6172900
2023-10-26,139.2985382080078,149.8000030517578,151.3800048828125,149.74000549316406,151.0500030517578,7582100
2023-10-27,136.84359741210938,147.16000366210938,149.9499969482422,146.27999877929688,148.97999572753906,8131800
2023-10-30,138.79638671875,149.25999450683594,149.5500030517578,147.5399932861328,147.89999389648438,5412800
2023-10-31,139.51239013671875,150.02999877929688,150.25999450683594,148.63999938964844,149.4600067138672,6762100
2023-11-01,139.1218719482422,149.61000061035156,150.67999267578125,149.2100067138672,150.67999267578125,5896900
2023-11-02,140.82357788085938,151.44000244140625,151.64999389648438,148.91000366210938,149.5399932861328,5859200
2023-11-03,139.54962158203125,150.07000732421875,152.2899932861328,149.6199951171875,151.7899932861328,6587700
2023-11-06,140.358642578125,150.94000244140625,151.25,150.10000610351562,150.36000061035156,6480800
2023-11-07,140.03311157226562,150.58999633789062,151.25,150.1199951171875,150.9199981689453,6003800
2023-11-08,139.49378967285156,150.00999450683594,151.1999969482422,149.50999450683594,150.9600067138672,4832600
2023-11-09,139.80995178222656,150.35000610351562,150.35000610351562,149.1199951171875,149.74000549316406,6581500
2023-11-10,140.795654296875,151.41000366210938,151.44000244140625,149.9199981689453,150.83999633789062,5387200
2023-11-13,141.77206420898438,152.4600067138672,152.89999389648438,151.4499969482422,151.4499969482422,6297500
2023-11-14,141.45587158203125,152.1199951171875,153.5,151.67999267578125,152.5500030517578,7982600
2023-11-15,140.80494689941406,151.4199981689453,152.38999938964844,150.3800048828125,152.05999755859375,7672600
2023-11-16,142.11610412597656,152.8300018310547,152.88999938964844,151.30999755859375,151.99000549316406,7590500
2023-11-17,140.4794921875,151.07000732421875,152.83999633789062,150.88999938964844,152.72000122070312,8495600
2023-11-20,139.73556518554688,150.27000427246094,151.02999877929688,149.66000366210938,150.2100067138672,6856500
2023-11-21,139.1218719482422,149.61000061035156,150.00999450683594,148.8300018310547,149.85000610351562,7310400
2023-11-22,140.43301391601562,151.02000427246094,151.47999572753906,150.10000610351562,150.10000610351562,4372700
2023-11-24,140.76776123046875,151.3800048828125,151.74000549316406,151.02999877929688,151.17999267578125,2132500
2023-11-27,140.63754272460938,151.24000549316406,151.63999938964844,150.74000549316406,151.52000427246094,6021300
2023-11-28,141.6139678955078,152.2899932861328,152.77000427246094,151.14999389648438,151.14999389648438,6110400
2023-11-29,140.5352783203125,151.1300048828125,152.4499969482422,150.99000549316406,152.2899932861328,5342700
2023-11-30,142.75775146484375,153.52000427246094,153.6300048828125,150.0800018310547,150.89999389648438,9771300
2023-12-01,141.9580535888672,152.66000366210938,153.49000549316406,152.22999572753906,153.3300018310547,5685400
2023-12-04,141.40008544921875,152.05999755859375,152.52999877929688,151.66000366210938,151.77000427246094,6578300
2023-12-05,136.47161865234375,146.75999450683594,152.61000061035156,146.17999267578125,152.13999938964844,11895800
2023-12-06,136.36936950683594,146.64999389648438,147.16000366210938,145.63999938964844,147.00999450683594,7610000
2023-12-07,136.2298583984375,146.5,147.10000610351562,146.02000427246094,146.57000732421875,6119600
2023-12-08,134.97450256347656,145.14999389648438,146.24000549316406,144.52000427246094,145.9199981689453,6385300
2023-12-11,135.59754943847656,145.82000732421875,145.8699951171875,144.64999389648438,144.8000030517578,8471200
2023-12-12,135.70912170410156,145.94000244140625,146.22999572753906,145.0800018310547,145.86000061035156,6069200
2023-12-13,138.1640625,148.5800018310547,148.64999389648438,145.4499969482422,145.86000061035156,9055500
2023-12-14,134.5188446044922,144.66000366210938,148.5500030517578,144.3800048828125,148.4600067138672,10565200
2023-12-15,133.86793518066406,143.9600067138672,144.25,142.5,143.17999267578125,14550000
2023-12-18,135.9229736328125,146.1699981689453,147.49000549316406,144.14999389648438,144.1699981689453,8421800
2023-12-19,135.9229736328125,146.1699981689453,146.33999633789062,145.38999938964844,145.6699981689453,5233600
2023-12-20,133.8214569091797,143.91000366210938,146.07000732421875,143.83999633789062,145.57000732421875,7663800
2023-12-21,134.1468963623047,144.25999450683594,144.7899932861328,143.1300048828125,144.52000427246094,6104700
2023-12-22,135.09539794921875,145.27999877929688,145.6300048828125,144.2899932861328,144.5,4413800
2023-12-26,135.70912170410156,145.94000244140625,146.1699981689453,144.97000122070312,145.08999633789062,3634900
2023-12-27,135.82069396972656,146.05999755859375,146.30999755859375,145.36000061035156,145.64999389648438,4569400
2023-12-28,135.5138702392578,145.72999572753906,146.00999450683594,145.0399932861328,146.0,5023000
2023-12-29,136.26707458496094,146.5399932861328,146.9600067138672,145.72999572753906,146.0,5300900
2024-01-02,138.31283569335938,148.74000549316406,149.41000366210938,146.30999755859375,146.36000061035156,7238400
2024-01-03,137.47593688964844,147.83999633789062,149.1999969482422,147.17999267578125,148.33999633789062,7697500
2024-01-04,138.22914123535156,148.64999389648438,149.27000427246094,147.77000427246094,148.0500030517578,7067400
2024-01-05,137.0853729248047,147.4199981689453,148.8699951171875,146.5500030517578,148.72000122070312,5294200
2024-01-08,138.266357421875,148.69000244140625,148.9199981689453,147.64999389648438,147.91000366210938,8255300
2024-01-09,138.8335723876953,149.3000030517578,149.39999389648438,148.0500030517578,148.57000732421875,9786800
2024-01-10,139.42872619628906,149.94000244140625,150.0,149.25999450683594,149.35000610351562,8591100
2024-01-11,139.958740234375,150.50999450683594,150.8000030517578,149.2899932861328,150.0500030517578,6659400
2024-01-12,140.04244995117188,150.60000610351562,151.3000030517578,149.88999938964844,150.9499969482422,5684700
2024-01-16,139.28921508789062,149.7899932861328,151.5,148.8800048828125,150.14999389648438,8120100
2024-01-17,139.42872619628906,149.94000244140625,150.60000610351562,149.00999450683594,149.16000366210938,6541400
2024-01-18,138.62489318847656,148.13999938964844,148.39999389648438,146.9199981689453,148.22999572753906,6526200
2024-01-19,138.09153747558594,147.57000732421875,148.6199951171875,147.30999755859375,148.25,7848100
2024-01-22,138.36288452148438,147.86000061035156,148.2100067138672,146.27999877929688,146.97000122070312,11084100
2024-01-23,144.08975219726562,153.97999572753906,156.39999389648438,152.88999938964844,153.11000061035156,19101600
2024-01-24,142.34922790527344,152.1199951171875,154.22999572753906,152.08999633789062,153.92999267578125,11592700
2024-01-25,145.62442016601562,155.6199951171875,155.66000366210938,152.05999755859375,152.39999389648438,10352500
2024-01-26,146.11105346679688,156.13999938964844,156.16000366210938,155.33999633789062,155.80999755859375,8356600
2024-01-29,146.12974548339844,156.16000366210938,157.3300018310547,155.39999389648438,156.67999267578125,8987400
2024-01-30,147.3743438720703,157.49000549316406,157.9199981689453,155.82000732421875,156.33999633789062,7794700
2024-01-31,147.04681396484375,157.13999938964844,158.5,156.6999969482422,157.99000549316406,8870000
2024-02-01,148.9557647705078,159.17999267578125,159.3000030517578,156.6199951171875,156.77000427246094,7601100
2024-02-02,147.935791015625,158.08999633789062,159.60000610351562,157.52999877929688,158.97000122070312,7937700
2024-02-05,148.04808044433594,158.2100067138672,159.0,157.55999755859375,158.1699981689453,6931900
2024-02-06,148.74990844726562,158.9600067138672,159.07000732421875,157.8699951171875,158.30999755859375,6185400
2024-02-07,148.89962768554688,159.1199951171875,159.8300018310547,158.74000549316406,159.10000610351562,7209300
2024-02-08,148.45045471191406,158.63999938964844,159.10000610351562,157.77000427246094,158.8000030517578,6121600
2024-02-09,147.308837890625,157.4199981689453,158.33999633789062,156.9600067138672,158.25999450683594,5978000
2024-02-12,147.0187530517578,157.11000061035156,157.61000061035156,155.49000549316406,157.36000061035156,5482000
2024-02-13,146.23268127441406,156.27000427246094,158.97000122070312,155.47999572753906,157.75,6046800
2024-02-14,145.63381958007812,155.6300048828125,156.16000366210938,154.91000366210938,156.16000366210938,5727300
2024-02-15,146.92515563964844,157.00999450683594,157.4199981689453,156.14999389648438,156.3000030517578,6249200
2024-02-16,147.39305114746094,157.50999450683594,158.4499969482422,156.6699981689453,157.0399932861328,6617600
2024-02-20,148.32879638671875,158.50999450683594,159.7899932861328,158.1300048828125,158.6999969482422,6622100
2024-02-21,150.097412109375,160.39999389648438,160.39999389648438,159.19000244140625,159.19000244140625,7121000
2024-02-22,150.24713134765625,160.55999755859375,161.08999633789062,158.6300048828125,159.4600067138672,6619500
2024-02-23,150.6869659423828,161.02999877929688,161.74000549316406,160.16000366210938,160.60000610351562,5486500
2024-02-26,149.92897033691406,160.22000122070312,161.1699981689453,160.07000732421875,161.02999877929688,4531900
2024-02-27,149.0680694580078,159.3000030517578,159.8000030517578,158.9600067138672,159.41000366210938,3868200
2024-02-28,149.76991271972656,160.0500030517578,160.1199951171875,158.63999938964844,159.07000732421875,3802900
2024-02-29,148.73118591308594,158.94000244140625,160.11000061035156,158.17999267578125,159.92999267578125,8348100
2024-03-01,148.64698791503906,158.85000610351562,159.02999877929688,157.61000061035156,158.0500030517578,4819800
2024-03-04,149.3113555908203,159.55999755859375,159.75999450683594,157.6699981689453,157.74000549316406,3841600
2024-03-05,149.08682250976562,159.32000732421875,159.99000549316406,158.77999877929688,159.4600067138672,4481600
2024-03-06,149.32073974609375,159.57000732421875,159.99000549316406,158.91000366210938,159.67999267578125,5405700
2024-03-07,150.3032684326172,160.6199951171875,160.91000366210938,159.47000122070312,159.9499969482422,4783900
2024-03-08,150.05064392089844,160.35000610351562,161.25,158.2899932861328,159.85000610351562,5080200
2024-03-11,151.17355346679688,161.5500030517578,162.6199951171875,160.82000732421875,161.33999633789062,5170900
2024-03-12,151.5291290283203,161.92999267578125,162.52000427246094,161.22999572753906,161.82000732421875,4229100
2024-03-13,151.87538146972656,162.3000030517578,162.72999572753906,161.3300018310547,162.3800048828125,5410500
2024-03-14,151.12677001953125,161.5,162.6199951171875,161.1300048828125,162.24000549316406,5848100
2024-03-15,151.01446533203125,161.3800048828125,161.5,160.3000030517578,160.6999969482422,10956900
2024-03-18,150.85540771484375,161.2100067138672,162.72000122070312,161.0,161.47999572753906,6086300
2024-03-19,151.43556213378906,161.8300018310547,162.1699981689453,161.1699981689453,161.8000030517578,6148100
2024-03-20,151.58529663085938,161.99000549316406,162.39999389648438,161.47000122070312,162.00999450683594,4870300
2024-03-21,151.46363830566406,161.86000061035156,162.4600067138672,161.1199951171875,162.08999633789062,5211500
2024-03-22,151.2764892578125,161.66000366210938,162.41000366210938,161.47000122070312,162.1999969482422,6393200
2024-03-25,149.90090942382812,160.19000244140625,161.66000366210938,159.72999572753906,161.1699981689453,7145600
2024-03-26,150.23779296875,160.5500030517578,161.13999938964844,160.13999938964844,160.36000061035156,5842700
2024-03-27,152.16549682617188,162.61000061035156,162.74000549316406,161.33999633789062,161.36000061035156,6599700
2024-03-28,151.8285675048828,162.25,163.13999938964844,161.6999969482422,162.82000732421875,7191500
2024-04-01,150.26585388183594,160.5800018310547,162.07000732421875,159.8000030517578,161.77999877929688,5971900
2024-04-02,150.25648498535156,160.57000732421875,160.7100067138672,159.63999938964844,159.63999938964844,6771200
2024-04-03,146.12039184570312,156.14999389648438,160.8800048828125,155.67999267578125,160.6300048828125,9601800
2024-04-04,145.46536254882812,155.4499969482422,157.0800018310547,155.41000366210938,156.8800048828125,6801700
2024-04-05,146.0736083984375,156.10000610351562,157.05999755859375,154.69000244140625,155.2899932861328,5121200
2024-04-08,146.01747131347656,156.0399932861328,156.6999969482422,155.6300048828125,155.97000122070312,5476800
2024-04-09,146.59765625,156.66000366210938,156.75,155.6999969482422,156.27000427246094,4608100
2024-04-10,147.14039611816406,157.24000549316406,157.5800018310547,155.64999389648438,155.64999389648438,7784900
2024-04-11,145.83030700683594,155.83999633789062,157.60000610351562,155.77000427246094,157.5500030517578,8209800
2024-04-12,145.3530731201172,155.3300018310547,155.97000122070312,154.74000549316406,155.22000122070312,6770500
2024-04-15,145.46536254882812,155.4499969482422,156.82000732421875,155.3300018310547,156.4199981689453,5754000
2024-04-16,145.93324279785156,155.9499969482422,156.94000244140625,155.6699981689453,155.85000610351562,6103300
2024-04-17,146.87838745117188,156.9600067138672,157.1199951171875,155.74000549316406,156.3000030517578,6621900
2024-04-18,148.1375732421875,157.2899932861328,157.6300048828125,155.9600067138672,156.33999633789062,7819300
2024-04-19,148.9381103515625,158.13999938964844,158.17999267578125,153.52000427246094,154.97999572753906,12034200
2024-04-22,151.19847106933594,160.5399932861328,161.2899932861328,157.25,158.42999267578125,8926300
2024-04-23,152.1025848388672,161.5,162.10000610351562,160.4199981689453,161.67999267578125,7707300
2024-04-24,153.1385955810547,162.60000610351562,162.86000061035156,159.4199981689453,161.1999969482422,7217600
2024-04-25,153.0915069580078,162.5500030517578,164.32000732421875,162.0800018310547,162.97000122070312,7094600
2024-04-26,151.9048309326172,161.2899932861328,163.32000732421875,160.49000549316406,162.5,5659800
2024-04-29,152.25331115722656,161.66000366210938,161.7899932861328,160.41000366210938,161.1699981689453,4621000
2024-04-30,153.7036895751953,163.1999969482422,163.35000610351562,161.60000610351562,161.83999633789062,8106100
2024-05-01,153.8920440673828,163.39999389648438,164.24000549316406,162.22000122070312,163.27999877929688,7543000
2024-05-02,154.3064422607422,163.83999633789062,164.49000549316406,162.63999938964844,163.5399932861328,5647500
2024-05-03,154.89036560058594,164.4600067138672,164.7100067138672,162.16000366210938,163.5399932861328,5581500
2024-05-06,154.87155151367188,164.44000244140625,164.97999572753906,163.25999450683594,164.77999877929688,5472400
2024-05-07,156.11471557617188,165.75999450683594,166.0399932861328,164.58999633789062,164.97999572753906,6433000
2024-05-08,155.46487426757812,165.07000732421875,166.3699951171875,164.92999267578125,165.97999572753906,4579400
2024-05-09,156.37843322753906,166.0399932861328,166.3300018310547,165.0500030517578,165.0500030517578,4671100
2024-05-10,157.14132690429688,166.85000610351562,167.36000061035156,165.6999969482422,166.08999633789062,4879400
2024-05-13,156.2183380126953,165.8699951171875,167.64999389648438,165.36000061035156,166.85000610351562,5725500
2024-05-14,156.11471557617188,165.75999450683594,166.07000732421875,163.9499969482422,165.52999877929688,6009800
2024-05-15,156.821044921875,166.50999450683594,166.67999267578125,165.1199951171875,165.30999755859375,5102700
2024-05-16,158.09254455566406,167.86000061035156,168.33999633789062,166.58999633789062,166.92999267578125,6793600
2024-05-17,157.8853302001953,167.63999938964844,168.0,166.8800048828125,167.6699981689453,4700800
2024-05-20,157.57452392578125,167.30999755859375,167.8800048828125,166.7899932861328,167.5500030517578,3804600
2024-05-21,158.5540313720703,168.35000610351562,168.5399932861328,167.2899932861328,167.75999450683594,5147100
2024-05-22,158.04541015625,167.80999755859375,168.42999267578125,167.6300048828125,168.00999450683594,4536700
2024-05-23,155.86044311523438,165.49000549316406,168.11000061035156,165.32000732421875,167.2899932861328,4729800
2024-05-24,155.7097625732422,165.3300018310547,166.30999755859375,165.14999389648438,165.85000610351562,3820100
2024-05-28,153.6189422607422,163.11000061035156,164.75999450683594,162.25999450683594,164.49000549316406,6466200
2024-05-29,152.24386596679688,161.64999389648438,162.74000549316406,161.4199981689453,162.64999389648438,4360400
2024-05-30,153.11976623535156,162.5800018310547,162.6999969482422,161.47999572753906,161.64999389648438,4748200
2024-05-31,154.96568298339844,164.5399932861328,164.77000427246094,161.97000122070312,162.44000244140625,10341400
2024-06-03,155.0692901611328,164.64999389648438,166.24000549316406,163.6300048828125,163.92999267578125,5828400
2024-06-04,157.29197692871094,167.00999450683594,167.1199951171875,164.39999389648438,164.7899932861328,6277000
2024-06-05,156.38784790039062,166.0500030517578,167.00999450683594,164.97999572753906,167.00999450683594,5243300
2024-06-06,158.66702270507812,168.47000122070312,168.5800018310547,165.0800018310547,165.8300018310547,6302000
2024-06-07,157.3390655517578,167.05999755859375,168.97000122070312,166.83999633789062,168.39999389648438,4558200
2024-06-10,157.61224365234375,167.35000610351562,167.72000122070312,166.0800018310547,166.77999877929688,4110600
2024-06-11,157.734619140625,167.47999572753906,167.5,166.02000427246094,166.97000122070312,3947700
2024-06-12,155.5684814453125,165.17999267578125,167.63999938964844,164.22000122070312,167.5,5474500
2024-06-13,156.72691345214844,166.41000366210938,167.0,164.47000122070312,164.47000122070312,4902200
2024-06-14,157.0847625732422,166.7899932861328,166.92999267578125,165.25,165.99000549316406,3695000
2024-06-17,157.7534637451172,167.5,168.7100067138672,165.39999389648438,165.85000610351562,6759400
2024-06-18,158.75180053710938,168.55999755859375,168.64999389648438,166.94000244140625,167.02999877929688,5112600
2024-06-20,157.91360473632812,167.6699981689453,168.77999877929688,166.86000061035156,168.3699951171875,8483600
2024-06-21,158.46923828125,168.25999450683594,168.8800048828125,167.17999267578125,167.47999572753906,14682000
2024-06-24,158.648193359375,168.4499969482422,169.41000366210938,167.47999572753906,168.75999450683594,7565200
2024-06-25,157.14132690429688,166.85000610351562,168.91000366210938,165.89999389648438,168.6300048828125,7968200
2024-06-26,157.70639038085938,167.4499969482422,167.80999755859375,165.66000366210938,166.0500030517578,5164000
2024-06-27,156.92466735839844,166.6199951171875,168.10000610351562,165.5,167.49000549316406,5007000
2024-06-28,155.32359313964844,164.9199981689453,167.24000549316406,164.5800018310547,166.0,9253100
2024-07-01,153.2516326904297,162.72000122070312,166.2100067138672,162.1999969482422,165.58999633789062,7638600
2024-07-02,154.3629608154297,163.89999389648438,164.0399932861328,161.7100067138672,162.5800018310547,5449200
2024-07-03,154.2970428466797,163.8300018310547,164.2100067138672,162.97999572753906,163.2100067138672,2980500
2024-07-05,155.59671020507812,165.2100067138672,165.6300048828125,163.5,164.00999450683594,6509200
2024-07-08,156.83050537109375,166.52000427246094,166.6699981689453,165.6199951171875,165.9499969482422,5144500
2024-07-09,156.0205535888672,165.66000366210938,166.75999450683594,165.13999938964844,166.6300048828125,4393100
2024-07-10,157.09420776367188,166.8000030517578,166.9199981689453,165.5399932861328,165.89999389648438,5037100
2024-07-11,155.9075164794922,165.5399932861328,166.6300048828125,164.77999877929688,166.3000030517578,5831500
2024-07-12,156.91526794433594,166.61000061035156,167.63999938964844,166.02000427246094,166.22000122070312,4684600
2024-07-15,155.00338745117188,164.5800018310547,166.6199951171875,164.4600067138672,166.47000122070312,5752500
2024-07-16,157.23545837402344,166.9499969482422,167.07000732421875,164.61000061035156,164.91000366210938,6378300
2024-07-17,159.58059692382812,169.44000244140625,170.1699981689453,167.3300018310547,167.75,7982300
2024-07-18,158.63877868652344,168.44000244140625,170.9199981689453,168.27999877929688,168.8000030517578,5926300
2024-07-19,159.1381072998047,167.9600067138672,169.0399932861328,167.1300048828125,167.97000122070312,6597100
2024-07-22,159.4128875732422,168.25,168.6999969482422,167.6999969482422,167.92999267578125,6383000
2024-07-23,157.8684539794922,166.6199951171875,168.4199981689453,166.32000732421875,168.11000061035156,4863400
2024-07-24,159.17599487304688,168.0,168.27999877929688,165.5800018310547,166.32000732421875,5907000
2024-07-25,158.13377380371094,166.89999389648438,170.08999633789062,166.8699951171875,168.32000732421875,7338300
2024-07-26,160.22769165039062,169.11000061035156,169.32000732421875,167.02999877929688,167.25,5581600
2024-07-29,161.004638671875,169.92999267578125,170.5399932861328,168.11000061035156,168.85000610351562,6797800
2024-07-30,153.20687866210938,161.6999969482422,162.3800048828125,158.0399932861328,161.7899932861328,15746300
2024-07-31,152.3162384033203,160.75999450683594,162.86000061035156,159.2100067138672,160.80999755859375,9660900
2024-08-01,156.98733520507812,165.69000244140625,166.30999755859375,160.67999267578125,160.8800048828125,12532700
2024-08-02,161.14674377441406,170.0800018310547,170.35000610351562,165.14999389648438,167.44000244140625,11899000
2024-08-05,159.2328643798828,168.05999755859375,170.8800048828125,166.6699981689453,170.8800048828125,10338800
2024-08-06,159.26126098632812,168.08999633789062,170.3300018310547,167.85000610351562,167.89999389648438,7454900
2024-08-07,161.0898895263672,170.02000427246094,171.72000122070312,168.00999450683594,168.57000732421875,8385500
2024-08-08,161.89524841308594,170.8699951171875,171.55999755859375,169.0,169.4199981689453,6386900
2024-08-09,161.58258056640625,170.5399932861328,171.25999450683594,169.64999389648438,170.1199951171875,5377300
2024-08-12,158.04849243164062,166.80999755859375,169.64999389648438,166.1999969482422,169.39999389648438,7208100
2024-08-13,158.50326538085938,167.2899932861328,167.8000030517578,166.4600067138672,167.33999633789062,3770000
2024-08-14,159.93397521972656,168.8000030517578,169.47000122070312,165.82000732421875,166.5,5476600
2024-08-15,159.10020446777344,167.9199981689453,169.67999267578125,166.75,169.4600067138672,9491400
2024-08-16,159.07177734375,167.88999938964844,168.35000610351562,166.8000030517578,167.82000732421875,5640800
2024-08-19,159.5739288330078,168.4199981689453,169.24000549316406,168.1699981689453,168.17999267578125,3885300
2024-08-20,161.4594268798828,170.41000366210938,170.55999755859375,168.11000061035156,168.77000427246094,4513600
2024-08-21,161.22254943847656,170.16000366210938,171.88999938964844,169.60000610351562,170.19000244140625,4082000
2024-08-22,161.2130584716797,170.14999389648438,171.24000549316406,169.13999938964844,170.8800048828125,4097300
2024-08-23,160.28453063964844,169.1699981689453,170.11000061035156,168.25,170.0500030517578,4771300
2024-08-26,161.40257263183594,170.35000610351562,170.97000122070312,168.6999969482422,168.6999969482422,6472400
2024-08-27,160.36033630371094,169.25,171.10000610351562,169.0800018310547,170.8300018310547,4456400
2024-08-28,160.18032836914062,169.05999755859375,171.1999969482422,168.5800018310547,169.4199981689453,5644800
2024-08-29,161.09934997558594,170.02999877929688,170.60000610351562,168.94000244140625,169.75,4413200
2024-08-30,162.5300750732422,171.5399932861328,171.8800048828125,169.69000244140625,170.16000366210938,7301600
2024-09-03,165.35353088378906,174.52000427246094,175.0,170.99000549316406,171.02999877929688,10101400
2024-09-04,166.66104125976562,175.89999389648438,176.0,173.6300048828125,173.6300048828125,7517500
2024-09-05,166.25364685058594,175.47000122070312,176.5500030517578,174.6699981689453,175.99000549316406,6061900
2024-09-06,166.36734008789062,175.58999633789062,177.0399932861328,175.33999633789062,175.75999450683594,5785700
2024-09-09,166.81265258789062,176.05999755859375,176.83999633789062,174.66000366210938,175.5399932861328,6450200
2024-09-10,168.45176696777344,177.7899932861328,177.94000244140625,175.91000366210938,175.91000366210938,6396300
2024-09-11,164.7850341796875,173.9199981689453,177.0,173.6300048828125,176.60000610351562,6828200
2024-09-12,164.3586883544922,173.47000122070312,174.61000061035156,172.44000244140625,173.89999389648438,4838900
2024-09-13,164.93666076660156,174.0800018310547,174.5399932861328,172.8000030517578,173.3699951171875,3918000
2024-09-16,167.93067932128906,177.24000549316406,177.30999755859375,174.32000732421875,174.7100067138672,6892300
2024-09-17,166.64212036132812,175.8800048828125,176.97000122070312,175.36000061035156,176.6300048828125,4757100
2024-09-18,164.7850341796875,173.9199981689453,175.89999389648438,172.57000732421875,175.0500030517578,5102900
2024-09-19,162.5300750732422,171.5399932861328,173.16000366210938,170.3800048828125,172.8800048828125,8692000
2024-09-20,165.06930541992188,174.22000122070312,174.5399932861328,171.5,171.50999450683594,28647500
2024-09-23,164.6429443359375,173.77000427246094,175.19000244140625,172.58999633789062,174.00999450683594,10265000
2024-09-24,164.14076232910156,173.24000549316406,174.5,172.6199951171875,172.8800048828125,5422400
2024-09-25,163.2122344970703,172.25999450683594,174.67999267578125,172.05999755859375,174.07000732421875,8916500
2024-09-26,164.1123809814453,173.2100067138672,174.61000061035156,171.36000061035156,171.5,4957200
2024-09-27,164.43447875976562,173.5500030517578,174.4499969482422,172.5800018310547,173.00999450683594,4599500
2024-09-30,164.10287475585938,173.1999969482422,174.0,172.7100067138672,173.72999572753906,6296600
2024-10-01,163.95126342773438,173.0399932861328,174.0,172.1999969482422,173.24000549316406,7130600
2024-10-02,162.8900909423828,171.9199981689453,172.4499969482422,171.0800018310547,172.00999450683594,6212700
2024-10-03,161.18466186523438,170.1199951171875,171.3699951171875,169.77000427246094,171.3699951171875,4794300
2024-10-04,160.00978088378906,168.8800048828125,170.08999633789062,168.25999450683594,168.85000610351562,6002800
2024-10-07,158.3422393798828,167.1199951171875,169.5800018310547,166.8699951171875,169.16000366210938,6325300
2024-10-08,159.3275909423828,168.16000366210938,168.58999633789062,166.27000427246094,166.85000610351562,7473000
2024-10-09,160.3793182373047,169.27000427246094,169.80999755859375,168.0,168.3800048828125,8758800
2024-10-10,160.07611083984375,168.9499969482422,169.7899932861328,168.3699951171875,168.8000030517578,6932300
2024-10-11,162.1036834716797,171.08999633789062,171.41000366210938,168.97000122070312,169.4600067138672,7036500
2024-10-14,163.44912719726562,172.50999450683594,172.83999633789062,170.74000549316406,171.02000427246094,5909000
2024-10-15,164.45346069335938,173.57000732421875,174.91000366210938,172.82000732421875,172.88999938964844,7172200
2024-10-16,163.32595825195312,172.3800048828125,172.58999633789062,170.88999938964844,171.8800048828125,6117000
2024-10-17,163.231201171875,172.27999877929688,173.67999267578125,171.75999450683594,172.17999267578125,7045600
2024-10-18,163.23788452148438,171.27999877929688,172.2100067138672,168.4600067138672,170.3000030517578,8372500
2024-10-21,161.5795440673828,169.5399932861328,171.47999572753906,168.4499969482422,170.97999572753906,5522500
2024-10-22,161.73204040527344,169.6999969482422,170.72999572753906,168.57000732421875,168.57000732421875,7511400
2024-10-23,161.61769104003906,169.5800018310547,170.1699981689453,168.72999572753906,169.5500030517578,4837800
2024-10-24,161.65582275390625,169.6199951171875,169.9600067138672,168.92999267578125,169.4199981689453,5861200
2024-10-25,160.32154846191406,168.22000122070312,169.39999389648438,168.0399932861328,168.9199981689453,4877900
2024-10-28,161.35084533691406,169.3000030517578,169.66000366210938,168.3800048828125,169.27999877929688,5753800
2024-10-29,159.32083129882812,167.1699981689453,168.86000061035156,166.8300018310547,168.86000061035156,5681000
2024-10-30,158.3582763671875,166.16000366210938,167.32000732421875,165.9600067138672,167.08999633789062,5518100
2024-10-31,157.4242706298828,165.17999267578125,167.0399932861328,165.08999633789062,165.75999450683594,6056500
2024-11-01,157.34805297851562,165.10000610351562,166.35000610351562,164.99000549316406,165.30999755859375,5454800
2024-11-04,157.3289794921875,165.0800018310547,166.27000427246094,164.5800018310547,165.72000122070312,5130200
2024-11-05,157.97705078125,165.75999450683594,166.32000732421875,164.3300018310547,164.3300018310547,4397400
2024-11-06,153.48817443847656,161.0500030517578,166.0399932861328,159.80999755859375,165.61000061035156,11473700
2024-11-07,155.73739624023438,163.41000366210938,163.9499969482422,161.47999572753906,161.9600067138672,9056700
2024-11-08,159.83547973632812,167.7100067138672,167.75,163.92999267578125,164.02000427246094,7506200
2024-11-11,158.23435974121094,166.02999877929688,168.52000427246094,165.77999877929688,167.0,6364400
2024-11-12,158.05328369140625,165.83999633789062,167.05999755859375,165.57000732421875,166.13999938964844,6507500
2024-11-13,158.75852966308594,166.5800018310547,166.8000030517578,165.67999267578125,166.05999755859375,5412300
2024-11-14,159.23507690429688,167.0800018310547,168.0399932861328,166.50999450683594,166.7100067138672,7444300
2024-11-15,161.5795440673828,169.5399932861328,170.57000732421875,166.8800048828125,167.94000244140625,9939400
2024-11-18,162.73275756835938,170.75,171.4499969482422,168.8300018310547,169.11000061035156,6681000
2024-11-19,162.74227905273438,170.75999450683594,171.1699981689453,169.66000366210938,170.69000244140625,5683700
2024-11-20,162.86618041992188,170.88999938964844,171.07000732421875,169.50999450683594,170.00999450683594,7081100
2024-11-21,164.6388397216797,172.75,173.50999450683594,170.22000122070312,171.66000366210938,6240400
2024-11-22,168.0030975341797,176.27999877929688,177.39999389648438,173.8800048828125,174.14999389648438,10609800
2024-11-25,169.06100463867188,177.38999938964844,178.82000732421875,176.89999389648438,177.47999572753906,19357000
2024-11-26,170.89083862304688,179.30999755859375,179.4600067138672,177.1999969482422,177.1999969482422,6276700
2024-11-27,170.9384765625,179.36000061035156,180.42999267578125,178.72999572753906,180.0,5522900
2024-11-29,170.84317016601562,179.25999450683594,179.6300048828125,178.27999877929688,178.6999969482422,3823700
2024-12-02,171.26251220703125,179.6999969482422,180.16000366210938,178.00999450683594,179.1199951171875,5728200
2024-12-03,167.1834716796875,175.4199981689453,179.6199951171875,175.1999969482422,178.77000427246094,8127300
2024-12-04,166.8880615234375,175.11000061035156,175.14999389648438,173.4600067138672,174.1699981689453,6823500
2024-12-05,167.76483154296875,176.02999877929688,176.4600067138672,174.4499969482422,174.86000061035156,5022200
2024-12-06,165.6586151123047,173.82000732421875,176.74000549316406,173.75,175.3699951171875,5741200
2024-12-09,162.7708740234375,170.7899932861328,173.75999450683594,170.42999267578125,173.63999938964844,7164300
2024-12-10,164.19088745117188,172.27999877929688,172.92999267578125,169.92999267578125,170.4199981689453,6219900
2024-12-11,162.61837768554688,170.6300048828125,173.38999938964844,170.39999389648438,173.00999450683594,5237500
2024-12-12,162.82806396484375,170.85000610351562,171.82000732421875,170.02000427246094,171.42999267578125,4072800
2024-12-13,163.0281982421875,171.05999755859375,171.7899932861328,170.1199951171875,170.77000427246094,3884500
2024-12-16,163.1044158935547,171.13999938964844,172.77999877929688,171.10000610351562,171.4499969482422,5943600
2024-12-17,162.3324737548828,170.3300018310547,171.9499969482422,170.02000427246094,170.6699981689453,6069200
2024-12-18,161.14114379882812,169.0800018310547,170.55999755859375,169.02000427246094,169.75999450683594,7517100
2024-12-19,161.24600219726562,169.19000244140625,170.10000610351562,167.35000610351562,169.00999450683594,8585200
2024-12-20,160.1690673828125,168.05999755859375,169.8699951171875,167.5,168.8699951171875,21999300
2024-12-23,160.2167205810547,168.11000061035156,168.67999267578125,166.36000061035156,168.05999755859375,6983900
2024-12-24,161.00772094726562,168.94000244140625,169.17999267578125,167.4199981689453,167.6199951171875,2460800
2024-12-26,162.1704559326172,170.16000366210938,170.3000030517578,168.07000732421875,168.30999755859375,3629400
2024-12-27,161.5700225830078,169.52999877929688,170.75999450683594,169.25999450683594,169.4199981689453,4367900
2024-12-30,159.24459838867188,167.08999633789062,168.97999572753906,166.7100067138672,168.6699981689453,4354500
2024-12-31,159.7783203125,167.64999389648438,168.0800018310547,166.58999633789062,167.36000061035156,3957600
2025-01-02,158.1867218017578,165.97999572753906,168.7100067138672,165.91000366210938,168.08999633789062,5401700
2025-01-03,157.3766326904297,165.1300048828125,166.5,164.25,166.25,5256600
2025-01-06,153.05931091308594,160.60000610351562,163.5,160.44000244140625,162.80999755859375,8731700
2025-01-07,153.72647094726562,161.3000030517578,162.61000061035156,160.74000549316406,161.4600067138672,8447400
2025-01-08,154.4888916015625,162.10000610351562,162.39999389648438,160.57000732421875,160.99000549316406,4974800
2025-01-10,151.1151123046875,158.55999755859375,161.2100067138672,157.47000122070312,160.14999389648438,8501500
2025-01-13,151.38194274902344,158.83999633789062,160.08999633789062,158.41000366210938,159.35000610351562,6772200
2025-01-14,152.2397003173828,159.74000549316406,160.07000732421875,158.30999755859375,158.85000610351562,5982200
2025-01-15,152.15391540527344,159.64999389648438,161.14999389648438,159.33999633789062,160.58999633789062,8059200
2025-01-16,152.96401977539062,160.5,160.5800018310547,159.13999938964844,159.6199951171875,5774400
2025-01-17,153.56443786621094,161.1300048828125,161.75,159.60000610351562,159.74000549316406,7262700
2025-01-21,154.12673950195312,161.72000122070312,162.35000610351562,160.9600067138672,160.9600067138672,13914700
2025-01-22,157.0049591064453,164.74000549316406,168.13999938964844,164.44000244140625,167.10000610351562,14356700
2025-01-23,158.34873962402344,166.14999389648438,166.47999572753906,163.32000732421875,163.8800048828125,7614300
2025-01-24,157.36781311035156,164.1199951171875,165.91000366210938,163.1999969482422,165.91000366210938,6199800
2025-01-27,162.67990112304688,169.66000366210938,169.94000244140625,166.11000061035156,166.72000122070312,9170800
2025-01-28,159.35264587402344,166.19000244140625,169.58999633789062,166.11000061035156,168.91000366210938,6716300
2025-01-29,159.39100646972656,166.22999572753906,167.2899932861328,165.8800048828125,166.72000122070312,4850300
2025-01-30,160.52249145507812,167.41000366210938,167.60000610351562,165.92999267578125,167.47999572753906,4136500
2025-01-31,159.160888671875,165.99000549316406,166.6199951171875,165.2100067138672,166.0,5464700
2025-02-03,161.81689453125,168.75999450683594,169.3800048828125,165.22999572753906,165.47000122070312,8668600
2025-02-04,161.21282958984375,168.1300048828125,169.2899932861328,166.27999877929688,169.2899932861328,6410900
2025-02-05,162.056640625,169.00999450683594,169.13999938964844,166.61000061035156,168.08999633789062,7536800
2025-02-06,161.93199157714844,168.8800048828125,169.92999267578125,168.02999877929688,169.3699951171875,4957900
2025-02-07,161.05943298339844,167.97000122070312,169.1199951171875,167.8699951171875,169.08999633789062,4535600
2025-02-10,160.6375274658203,167.52999877929688,168.47999572753906,166.39999389648438,167.69000244140625,7062900
2025-02-11,162.45933532714844,169.42999267578125,169.57000732421875,166.5,167.69000244140625,5438100
2025-02-12,162.60317993164062,169.5800018310547,170.0800018310547,167.97000122070312,168.35000610351562,6037400
2025-02-13,163.9839324951172,171.02000427246094,171.3800048828125,169.13999938964844,169.6300048828125,6328300
2025-02-14,156.18841552734375,162.88999938964844,170.0,162.3000030517578,169.7899932861328,13179500
2025-02-18,158.62391662597656,165.42999267578125,165.75999450683594,162.1999969482422,163.35000610351562,7075300
2025-02-19,159.64031982421875,166.49000549316406,166.8699951171875,165.24000549316406,166.10000610351562,7910700
2025-02-20,160.3306884765625,167.2100067138672,167.77999877929688,162.8000030517578,163.14999389648438,6162600
2025-02-21,163.2264404296875,170.22999572753906,170.5500030517578,165.9199981689453,167.44000244140625,9813700
2025-02-24,163.523681640625,170.5399932861328,172.97999572753906,169.7899932861328,170.22000122070312,8564100
2025-02-25,165.546875,172.64999389648438,173.9499969482422,170.8000030517578,171.27999877929688,7314900
2025-02-26,164.25244140625,171.3000030517578,172.64999389648438,170.64999389648438,172.27999877929688,5519000
2025-02-27,164.8948516845703,171.97000122070312,173.08999633789062,170.6300048828125,170.85000610351562,5467000
2025-02-28,166.68792724609375,173.83999633789062,174.64999389648438,171.85000610351562,173.5800018310547,10240100
2025-03-03,168.36593627929688,175.58999633789062,176.2899932861328,173.50999450683594,173.5800018310547,7615300
2025-03-04,166.05506896972656,173.17999267578125,179.99000549316406,172.91000366210938,176.75,12117600
2025-03-05,167.4262237548828,174.61000061035156,175.8699951171875,173.02000427246094,173.3800048828125,6989100
2025-03-06,167.4741973876953,174.66000366210938,175.83999633789062,172.83999633789062,174.88999938964844,6702500
2025-03-07,168.71112060546875,175.9499969482422,178.88999938964844,174.0500030517578,174.08999633789062,9566700
2025-03-10,169.0083465576172,176.25999450683594,179.99000549316406,175.8300018310547,176.75999450683594,11047000
2025-03-11,165.99754333496094,173.1199951171875,175.99000549316406,172.32000732421875,175.8300018310547,11032300
2025-03-12,161.44296264648438,168.3699951171875,171.8300018310547,167.77000427246094,169.6999969482422,10158800
2025-03-13,161.65391540527344,168.58999633789062,169.2899932861328,167.27999877929688,167.6999969482422,6609000
2025-03-14,161.05943298339844,167.97000122070312,168.58999633789062,166.6199951171875,167.7899932861328,6790500
2025-03-17,162.77577209472656,169.75999450683594,171.08999633789062,168.1300048828125,168.3699951171875,9931700
2025-03-18,160.8101348876953,167.7100067138672,170.25999450683594,167.5800018310547,170.07000732421875,6099900
2025-03-19,161.63475036621094,168.57000732421875,168.75,167.11000061035156,167.8699951171875,7569200
2025-03-20,160.65670776367188,167.5500030517578,169.2100067138672,166.02999877929688,168.88999938964844,8789200
2025-03-21,159.83209228515625,166.69000244140625,168.13999938964844,164.1199951171875,167.13999938964844,16027300
2025-03-24,158.83486938476562,165.64999389648438,166.8699951171875,165.36000061035156,166.42999267578125,6102100
2025-03-25,156.15008544921875,162.85000610351562,165.3699951171875,162.1999969482422,165.3000030517578,8366700
2025-03-26,159.72659301757812,166.5800018310547,166.82000732421875,162.99000549316406,163.35000610351562,7756000
2025-03-27,161.7689971923828,168.7100067138672,169.02999877929688,166.6199951171875,167.8699951171875,6211700
2025-03-28,161.11695861816406,168.02999877929688,169.7100067138672,167.6199951171875,169.3800048828125,5479100
2025-03-31,163.4086151123047,170.4199981689453,171.13999938964844,168.10000610351562,168.10000610351562,11520100
2025-04-01,163.54287719726562,170.55999755859375,171.0500030517578,169.05999755859375,170.57000732421875,7021100
2025-04-02,162.52647399902344,169.5,170.8800048828125,168.30999755859375,170.07000732421875,6274500
2025-04-03,165.29757690429688,172.38999938964844,174.8000030517578,170.72999572753906,174.22999572753906,9393300
2025-04-04,157.01304626464844,163.75,173.60000610351562,163.47000122070312,171.77000427246094,13454200
2025-04-07,153.63784790039062,160.22999572753906,164.6999969482422,159.19000244140625,163.66000366210938,15708000
2025-04-08,151.87355041503906,158.38999938964844,163.27999877929688,156.7100067138672,162.30999755859375,11541100
2025-04-09,155.64187622070312,162.32000732421875,164.67999267578125,156.69000244140625,157.36000061035156,10670200
2025-04-10,156.83087158203125,163.55999755859375,165.07000732421875,160.75,162.89999389648438,10581600
2025-04-11,160.04302978515625,166.91000366210938,168.02000427246094,162.6199951171875,163.3699951171875,8602800
2025-04-14,162.17169189453125,169.1300048828125,170.11000061035156,165.77999877929688,167.0399932861328,9877300
2025-04-15,161.53884887695312,168.47000122070312,170.16000366210938,168.27999877929688,169.13999938964844,8765000
2025-04-16,159.54443359375,166.38999938964844,169.67999267578125,165.7899932861328,169.2899932861328,5897500
2025-04-17,163.6099853515625,170.6300048828125,171.64999389648438,167.35000610351562,167.52999877929688,7227100
2025-04-21,159.9214324951172,165.75,169.9499969482422,164.27999877929688,169.88999938964844,8062400
2025-04-22,161.97654724121094,167.8800048828125,168.77000427246094,164.5399932861328,165.86000061035156,7907400
2025-04-23,159.90213012695312,165.72999572753906,166.61000061035156,163.11000061035156,166.39999389648438,9309200
2025-04-24,153.920166015625,159.52999877929688,160.9600067138672,156.5800018310547,160.5,20077700
2025-04-25,155.35775756835938,161.02000427246094,161.8000030517578,157.77000427246094,159.8800048828125,12892800
2025-04-28,156.1585693359375,161.85000610351562,162.55999755859375,160.38999938964844,161.0399932861328,8127000
2025-04-29,156.55413818359375,162.25999450683594,162.38999938964844,159.1999969482422,161.2899932861328,8266200
2025-04-30,156.85325622558594,162.57000732421875,163.16000366210938,159.9499969482422,162.4499969482422,12475500
2025-05-01,154.3543243408203,159.97999572753906,161.35000610351562,159.0500030517578,160.66000366210938,6792800
2025-05-02,154.87533569335938,160.52000427246094,161.80999755859375,159.89999389648438,160.92999267578125,5750200
2025-05-05,153.24476623535156,158.8300018310547,160.91000366210938,158.02000427246094,160.88999938964844,7576200
2025-05-06,153.64999389648438,159.25,159.7100067138672,157.64999389648438,158.0399932861328,7703800
2025-05-07,153.68858337402344,159.2899932861328,160.0500030517578,158.5399932861328,159.02000427246094,6430000
2025-05-08,153.0710906982422,158.64999389648438,160.0,158.00999450683594,158.3800048828125,7230800
2025-05-09,152.1159210205078,157.66000366210938,159.1300048828125,157.41000366210938,158.02000427246094,6453200
2025-05-12,155.24197387695312,160.89999389648438,161.0500030517578,156.69000244140625,157.42999267578125,7378400
2025-05-13,153.14825439453125,158.72999572753906,160.72000122070312,157.36000061035156,160.02000427246094,7780800
2025-05-14,152.46324157714844,158.02000427246094,159.16000366210938,157.57000732421875,158.1199951171875,5988900
2025-05-15,156.69886779785156,162.41000366210938,162.91000366210938,158.6999969482422,159.58999633789062,8727300
2025-05-16,157.5382843017578,163.27999877929688,163.42999267578125,161.85000610351562,162.64999389648438,7100800
2025-05-19,158.9759063720703,164.77000427246094,165.14999389648438,163.41000366210938,163.47000122070312,8119900
2025-05-20,159.81529235839844,165.63999938964844,166.0,164.60000610351562,164.61000061035156,5576600
2025-05-21,159.6126708984375,165.42999267578125,166.3699951171875,164.6199951171875,164.82000732421875,6424200
2025-05-22,159.2267303466797,165.02999877929688,166.1999969482422,164.02000427246094,164.44000244140625,6245600
2025-05-23,160.02755737304688,165.86000061035156,166.22000122070312,163.47999572753906,164.8300018310547,5349800
2025-05-27,161.86074829101562,167.75999450683594,167.97999572753906,165.27000427246094,165.27000427246094,11423800
2025-05-28,161.47482299804688,167.36000061035156,168.83999633789062,167.05999755859375,167.64999389648438,5385900
2025-05-29,162.63262939453125,168.55999755859375,168.99000549316406,166.44000244140625,166.74000549316406,4842500
2025-05-30,163.9158477783203,169.88999938964844,170.99000549316406,168.60000610351562,168.75,12587500
2025-06-02,161.88003540039062,167.77999877929688,169.0399932861328,166.22999572753906,169.02000427246094,7574400
2025-06-03,160.9827423095703,166.85000610351562,167.41000366210938,165.89999389648438,166.77999877929688,6223000
2025-06-04,160.11439514160156,165.9499969482422,168.0500030517578,165.9199981689453,166.69000244140625,4939000
2025-06-05,157.07516479492188,162.8000030517578,165.44000244140625,162.50999450683594,165.42999267578125,10351800
2025-06-06,158.25225830078125,164.02000427246094,165.24000549316406,163.27999877929688,163.2899932861328,5697700
2025-06-09,156.84359741210938,162.55999755859375,164.02000427246094,162.07000732421875,163.38999938964844,6544200
2025-06-10,157.11373901367188,162.83999633789062,163.50999450683594,161.9199981689453,162.69000244140625,7680000
2025-06-11,156.40943908691406,162.11000061035156,162.77000427246094,161.69000244140625,162.6300048828125,5960100
2025-06-12,157.44178771972656,163.17999267578125,163.30999755859375,161.67999267578125,161.97000122070312,6509900
2025-06-13,154.64378356933594,160.27999877929688,163.02999877929688,159.91000366210938,162.75999450683594,7104500
2025-06-16,155.2227020263672,160.8800048828125,161.9499969482422,160.00999450683594,160.8800048828125,6332000
2025-06-17,152.94566345214844,158.52000427246094,160.3699951171875,158.30999755859375,160.05999755859375,6809700
2025-06-18,152.46324157714844,158.02000427246094,158.64999389648438,157.66000366210938,158.5500030517578,7211200
2025-06-20,153.48597717285156,159.0800018310547,159.33999633789062,157.85000610351562,158.02999877929688,16173400
2025-06-23,155.36740112304688,161.02999877929688,161.19000244140625,159.0,159.07000732421875,6588200
2025-06-24,154.72097778320312,160.36000061035156,161.74000549316406,159.64999389648438,161.17999267578125,7470100
2025-06-25,153.37985229492188,158.97000122070312,160.33999633789062,158.7100067138672,159.82000732421875,5933700
2025-06-26,153.05181884765625,158.6300048828125,159.55999755859375,157.1699981689453,159.5500030517578,7410400
2025-06-27,154.23854064941406,159.86000061035156,160.1300048828125,158.2899932861328,158.67999267578125,19257000
2025-06-30,153.71754455566406,159.32000732421875,159.89999389648438,158.1300048828125,159.25999450683594,11238200
2025-07-01,155.5507354736328,161.22000122070312,162.52999877929688,159.3800048828125,159.8800048828125,10664900
2025-07-02,155.5314178466797,161.1999969482422,161.35000610351562,159.86000061035156,161.13999938964844,8848700
2025-07-03,155.17442321777344,160.8300018310547,162.02000427246094,159.7899932861328,161.7899932861328,6999600
2025-07-07,154.85604858398438,160.5,161.17999267578125,159.2899932861328,160.88999938964844,7225700
2025-07-08,152.3378448486328,157.88999938964844,159.77999877929688,157.44000244140625,159.52000427246094,12034800
2025-07-09,151.9808349609375,157.52000427246094,158.1999969482422,155.9499969482422,158.10000610351562,18770900
2025-07-10,152.91671752929688,158.49000549316406,159.61000061035156,157.0399932861328,157.75999450683594,7200500
2025-07-11,151.5273895263672,157.0500030517578,158.0500030517578,156.44000244140625,158.0500030517578,8053800
2025-07-14,148.35304260253906,153.75999450683594,155.8000030517578,152.86000061035156,155.5800018310547,11491700
2025-07-15,147.31103515625,152.67999267578125,154.0500030517578,151.89999389648438,153.55999755859375,9142600
2025-07-16,148.32412719726562,153.72999572753906,153.75999450683594,152.27000427246094,152.74000549316406,8479000
2025-07-17,150.1476287841797,155.6199951171875,155.75,153.8800048828125,154.0399932861328,8320000
2025-07-18,150.66932678222656,155.10000610351562,155.57000732421875,153.6300048828125,153.77999877929688,7337300
2025-07-21,150.60130310058594,155.02999877929688,155.94000244140625,154.88999938964844,155.07000732421875,6328400
2025-07-22,153.79733276367188,158.32000732421875,158.3699951171875,154.89999389648438,154.9199981689453,8187000
2025-07-23,153.75845336914062,158.27999877929688,158.8800048828125,157.67999267578125,158.22000122070312,4804800
2025-07-24,154.27330017089844,158.80999755859375,159.02000427246094,158.0500030517578,158.8699951171875,7027400
2025-07-25,153.7779083251953,158.3000030517578,158.44000244140625,157.02000427246094,157.33999633789062,5799900
2025-07-28,152.62188720703125,157.11000061035156,158.08999633789062,156.22999572753906,157.6300048828125,7885000
2025-07-29,152.13616943359375,156.61000061035156,158.64999389648438,154.83999633789062,158.64999389648438,11466100
2025-07-30,148.51272583007812,152.8800048828125,157.0,152.0500030517578,157.0,8162900
2025-07-31,146.17156982421875,150.47000122070312,152.0,149.91000366210938,151.8000030517578,11845400
2025-08-01,146.346435546875,150.64999389648438,153.49000549316406,150.52000427246094,151.77999877929688,8594200
2025-08-04,146.45327758789062,150.75999450683594,151.4600067138672,150.02000427246094,150.25,7679400
2025-08-05,146.21041870117188,150.50999450683594,152.0800018310547,150.32000732421875,150.7100067138672,6670100
2025-08-06,148.4932861328125,152.86000061035156,153.47999572753906,150.2100067138672,150.86000061035156,7376200
2025-08-07,149.1053009033203,153.49000549316406,154.00999450683594,152.6999969482422,153.1199951171875,6719000
2025-08-08,149.1247100830078,153.50999450683594,153.7899932861328,152.57000732421875,152.77000427246094,5811000
2025-08-11,150.552734375,154.97999572753906,155.38999938964844,153.30999755859375,153.5399932861328,7331700
2025-08-12,150.65957641601562,155.08999633789062,155.5399932861328,154.30999755859375,155.05999755859375,6938000
2025-08-13,150.970458984375,155.41000366210938,157.00999450683594,154.9499969482422,155.2100067138672,5812400
2025-08-14,149.34815979003906,153.74000549316406,154.6999969482422,153.27000427246094,154.63999938964844,6343700
2025-08-15,149.950439453125,154.36000061035156,155.60000610351562,154.2100067138672,154.47000122070312,7121700
2025-08-18,151.2716064453125,155.72000122070312,156.9199981689453,154.1699981689453,154.4199981689453,8274500
2025-08-19,153.87503051757812,158.39999389648438,158.6999969482422,155.6699981689453,155.72999572753906,7868100
2025-08-20,154.9533233642578,159.50999450683594,161.02999877929688,158.41000366210938,158.5800018310547,7840400
2025-08-21,154.19558715820312,158.72999572753906,159.05999755859375,157.17999267578125,157.92999267578125,6417500
2025-08-22,154.1373291015625,158.6699981689453,160.67999267578125,158.30999755859375,159.3800048828125,5797300
2025-08-25,151.68930053710938,156.14999389648438,158.6999969482422,155.88999938964844,158.38999938964844,4692500
2025-08-26,151.51446533203125,155.97000122070312,156.6999969482422,155.33999633789062,155.9199981689453,6338000
2025-08-27,152.47618103027344,156.9600067138672,157.1300048828125,155.7899932861328,156.14999389648438,4551200
2025-08-28,151.20358276367188,155.64999389648438,157.00999450683594,155.02999877929688,157.0,5857400
2025-08-29,152.5538787841797,157.0399932861328,157.55999755859375,155.64999389648438,156.08999633789062,5318200
2025-09-02,153.4767608642578,157.99000549316406,158.86000061035156,156.97999572753906,157.36000061035156,6432800
2025-09-03,153.651611328125,158.1699981689453,158.63999938964844,156.5,157.64999389648438,6592500
2025-09-04,154.64248657226562,159.19000244140625,159.75,157.80999755859375,158.52000427246094,6934900
2025-09-05,155.44874572753906,160.02000427246094,160.55999755859375,158.41000366210938,158.5500030517578,6436200
2025-09-08,154.4676055908203,159.00999450683594,160.27000427246094,158.25,159.61000061035156,7178400
2025-09-09,154.90476989746094,159.4600067138672,159.8699951171875,158.1999969482422,158.61000061035156,4984900
2025-09-10,152.85504150390625,157.35000610351562,158.94000244140625,155.88999938964844,158.60000610351562,6205500
2025-09-11,154.09848022460938,158.6300048828125,159.35000610351562,157.38999938964844,157.72000122070312,5819500
2025-09-12,153.38931274414062,157.89999389648438,159.1300048828125,157.77999877929688,157.92999267578125,5957000
2025-09-15,152.34988403320312,156.8300018310547,158.52000427246094,156.1999969482422,157.8800048828125,5995000
2025-09-16,153.53506469726562,158.0500030517578,158.38999938964844,156.88999938964844,157.13999938964844,6559600
2025-09-17,155.74989318847656,160.3300018310547,161.6699981689453,158.42999267578125,158.42999267578125,6764200
2025-09-18,152.82591247558594,157.32000732421875,159.02000427246094,157.16000366210938,158.14999389648438,7651500
2025-09-19,151.5824432373047,156.0399932861328,157.6199951171875,155.97000122070312,157.61000061035156,17224800
2025-09-22,148.69729614257812,153.07000732421875,156.0800018310547,153.0500030517578,156.0800018310547,8712900
2025-09-23,148.14358520507812,152.5,153.2899932861328,150.97000122070312,153.1999969482422,8853400
2025-09-24,148.0658721923828,152.4199981689453,153.6300048828125,151.7899932861328,152.0500030517578,6483300
2025-09-25,147.8035888671875,152.14999389648438,153.8800048828125,151.77999877929688,153.22999572753906,7511400
2025-09-26,148.14358520507812,152.5,152.67999267578125,151.52999877929688,152.22999572753906,5721100
2025-09-29,149.1441650390625,153.52999877929688,153.72000122070312,151.7899932861328,152.4199981689453,8139700
2025-09-30,149.2607421875,153.64999389648438,154.3800048828125,152.83999633789062,153.4600067138672,7762600
2025-10-01,148.8041534423828,153.17999267578125,153.88999938964844,151.41000366210938,153.6999969482422,7566000
2025-10-02,147.70643615722656,152.0500030517578,152.8000030517578,151.6300048828125,152.72000122070312,6892100
2025-10-03,147.920166015625,152.27000427246094,153.42999267578125,152.0,152.0,5212600
2025-10-06,146.11328125,150.41000366210938,152.32000732421875,150.39999389648438,151.5,6737000
2025-10-07,148.18243408203125,152.5399932861328,153.1699981689453,150.0500030517578,150.75999450683594,6844400
2025-10-08,146.38528442382812,150.69000244140625,152.7899932861328,150.6300048828125,152.7899932861328,5254700
2025-10-09,146.27842712402344,150.5800018310547,150.8699951171875,149.5800018310547,150.74000549316406,6134500
2025-10-10,145.4138641357422,149.69000244140625,151.50999450683594,149.4499969482422,150.94000244140625,7374000
2025-10-13,143.27671813964844,147.49000549316406,149.42999267578125,146.97000122070312,149.0,7511100
2025-10-14,144.8990020751953,149.16000366210938,149.25,147.0800018310547,147.57000732421875,8585300
2025-10-15,143.2086944580078,147.4199981689453,149.41000366210938,147.27000427246094,148.52999877929688,10003100
2025-10-16,145.32643127441406,149.60000610351562,150.39999389648438,147.9199981689453,148.00999450683594,8809700
2025-10-17,147.0749969482422,151.39999389648438,152.02999877929688,150.42999267578125,150.57000732421875,8612900
2025-10-20,147.6190185546875,151.9600067138672,152.38999938964844,151.3000030517578,151.58999633789062,5601300
2025-10-21,147.2886962890625,151.6199951171875,152.27999877929688,150.8699951171875,151.9600067138672,6013400
2025-10-22,147.85214233398438,152.1999969482422,153.4600067138672,150.7899932861328,151.3000030517578,6394400
2025-10-23,147.86187744140625,152.2100067138672,153.3000030517578,150.5800018310547,152.35000610351562,8205400
2025-10-24,149.1697540283203,152.49000549316406,157.39999389648438,151.52999877929688,156.39999389648438,11968500
2025-10-27,148.43609619140625,151.74000549316406,151.75999450683594,150.1300048828125,151.61000061035156,7775300
2025-10-28,148.0741424560547,151.3699951171875,153.1699981689453,150.6199951171875,151.1199951171875,5819300
2025-10-29,145.53074645996094,148.77000427246094,150.97000122070312,148.47000122070312,150.66000366210938,7405500
2025-10-30,146.3231201171875,149.5800018310547,150.8000030517578,149.33999633789062,149.47000122070312,6760700
2025-10-31,147.09591674804688,150.3699951171875,151.10000610351562,148.52999877929688,148.7100067138672,7930300
2025-11-03,144.79708862304688,148.02000427246094,150.22000122070312,147.77000427246094,150.10000610351562,8946400
2025-11-04,143.965576171875,147.1699981689453,149.5,146.25,148.60000610351562,9295400
2025-11-05,142.61563110351562,145.7899932861328,147.4199981689453,145.64999389648438,146.8699951171875,11199900
2025-11-06,142.9482421875,146.1300048828125,146.67999267578125,144.4600067138672,145.8800048828125,10024500
2025-11-07,143.77972412109375,146.97999572753906,147.94000244140625,146.0,146.9499969482422,8500100
2025-11-10,142.33193969726562,145.5,146.6199951171875,144.08999633789062,146.3800048828125,10208100
2025-11-11,145.30575561523438,148.5399932861328,148.64999389648438,145.6699981689453,145.9600067138672,7332500
2025-11-12,144.78729248046875,148.00999450683594,149.14999389648438,147.50999450683594,148.52999877929688,7851100
2025-11-13,144.73838806152344,147.9600067138672,149.0,147.63999938964844,148.17999267578125,7566800
2025-11-14,144.45469665527344,147.6699981689453,149.3800048828125,147.61000061035156,149.10000610351562,9150800
2025-11-17,142.64498901367188,145.82000732421875,147.97999572753906,145.00999450683594,147.75,9902300
2025-11-18,143.78952026367188,146.99000549316406,147.38999938964844,145.50999450683594,146.3300018310547,10735200
2025-11-19,143.78952026367188,146.99000549316406,147.5399932861328,145.86000061035156,146.9600067138672,6367000
2025-11-20,144.96337890625,148.19000244140625,148.66000366210938,146.1300048828125,146.63999938964844,9021300
2025-11-21,147.63394165039062,150.9199981689453,151.5,148.3000030517578,148.3800048828125,12018000
2025-11-24,143.77972412109375,146.97999572753906,150.41000366210938,146.5399932861328,150.10000610351562,13846900
2025-11-25,145.25685119628906,148.49000549316406,148.64999389648438,147.22000122070312,147.32000732421875,10477700
2025-11-26,145.02206420898438,148.25,148.97000122070312,147.61000061035156,147.9199981689453,9238500
2025-11-28,144.9340362548828,148.16000366210938,148.7100067138672,147.17999267578125,147.8000030517578,4707200
2025-12-01,144.22972106933594,147.44000244140625,148.88999938964844,147.35000610351562,148.10000610351562,8240700
2025-12-02,142.68411254882812,145.86000061035156,146.19000244140625,142.50999450683594,145.2899932861328,16376800
2025-12-03,143.51560974121094,146.7100067138672,148.2899932861328,145.86000061035156,145.9199981689453,9125300
2025-12-04,142.1949920654297,145.36000061035156,147.4199981689453,144.5,146.6699981689453,10479300
2025-12-05,140.3265838623047,143.4499969482422,145.6300048828125,143.25,145.16000366210938,12791700
2025-12-08,135.32785034179688,138.33999633789062,142.91000366210938,138.13999938964844,142.91000366210938,17507500
2025-12-09,136.5897674560547,139.6300048828125,140.8800048828125,139.0,139.19000244140625,10375700
2025-12-10,136.775634765625,139.82000732421875,141.27999877929688,139.5399932861328,139.64999389648438,13650400
2025-12-11,137.69515991210938,140.75999450683594,141.83999633789062,140.36000061035156,141.0,11798000
2025-12-12,139.7298583984375,142.83999633789062,143.11000061035156,140.83999633789062,141.0,10268800
2025-12-15,141.97000122070312,145.1300048828125,145.32000732421875,143.1999969482422,143.27000427246094,13877700
2025-12-16,142.0482635498047,145.2100067138672,146.5399932861328,144.64999389648438,146.10000610351562,10251700
2025-12-17,144.59165954589844,147.80999755859375,148.4499969482422,146.4499969482422,146.69000244140625,9833300
2025-12-18,142.35153198242188,145.52000427246094,147.5,145.35000610351562,146.6199951171875,12239900
2025-12-19,141.31460571289062,144.4600067138672,146.0500030517578,143.94000244140625,145.50999450683594,19345600
2025-12-22,139.5831298828125,142.69000244140625,144.39999389648438,142.4199981689453,143.7100067138672,11731400
2025-12-23,140.06246948242188,143.17999267578125,143.72999572753906,142.0800018310547,142.49000549316406,9541600
2025-12-24,141.34396362304688,144.49000549316406,144.74000549316406,142.8300018310547,142.89999389648438,3259200
2025-12-26,141.5885009765625,144.74000549316406,145.63999938964844,144.30999755859375,144.30999755859375,4711500
2025-12-29,141.42221069335938,144.57000732421875,145.07000732421875,143.9499969482422,144.8000030517578,7662100
2025-12-30,140.9135284423828,144.0500030517578,144.4600067138672,143.57000732421875,144.2899932861328,6006400
