Date,Adj Close,Close,High,Low,Open,Volume
2009-12-01,41.10148620605469,76.04000091552734,76.23999786376953,75.29000091552734,76.0,17375700
2009-12-02,40.966365814208984,75.79000091552734,76.30000305175781,75.3499984741211,75.97000122070312,14786900
2009-12-03,40.533939361572266,74.98999786376953,75.76000213623047,74.91000366210938,75.58000183105469,17852600
2009-12-04,40.13394546508789,74.25,75.97000122070312,73.91000366210938,75.69000244140625,23700900
2009-12-07,39.8745002746582,73.7699966430664,74.72000122070312,73.58999633789062,73.94999694824219,17835600
2009-12-08,39.431278228759766,72.94999694824219,73.5,72.41000366210938,73.47000122070312,18492900
2009-12-09,39.344791412353516,72.79000091552734,73.55000305175781,72.0999984741211,73.0,17228500
2009-12-10,39.13398742675781,72.4000015258789,73.55999755859375,72.20999908447266,73.31999969482422,23423700
2009-12-11,39.36640930175781,72.83000183105469,73.1500015258789,72.31999969482422,72.88999938964844,17128300
2009-12-14,37.6691780090332,69.69000244140625,71.30000305175781,69.27999877929688,70.80000305175781,91458900
2009-12-15,37.388092041015625,69.16999816894531,70.11000061035156,68.81999969482422,69.97000122070312,54419600
2009-12-16,36.98809814453125,68.43000030517578,69.5999984741211,68.41999816894531,69.58000183105469,57711800
2009-12-17,36.87458801269531,68.22000122070312,68.86000061035156,68.12999725341797,68.36000061035156,46627000
2009-12-18,36.869171142578125,68.20999908447266,68.80000305175781,67.63999938964844,68.55999755859375,62989400
2009-12-21,37.03135681152344,68.51000213623047,68.75,68.22000122070312,68.47000122070312,34470100
2009-12-22,37.06377029418945,68.56999969482422,69.20999908447266,68.5,68.62000274658203,27941800
2009-12-23,36.896217346191406,68.26000213623047,68.77999877929688,68.19999694824219,68.75,18958900
2009-12-24,37.11241912841797,68.66000366210938,68.75,68.16000366210938,68.3499984741211,8149200
2009-12-28,37.33942794799805,69.08000183105469,69.12000274658203,68.73999786376953,69.08000183105469,19694600
2009-12-29,37.209716796875,68.83999633789062,69.4000015258789,68.80000305175781,69.27999877929688,19985700
2009-12-30,37.171878814697266,68.7699966430664,68.95999908447266,68.38999938964844,68.70999908447266,19860600
2009-12-31,36.858375549316406,68.19000244140625,68.86000061035156,68.11000061035156,68.83999633789062,18852300
2010-01-04,37.37726593017578,69.1500015258789,69.26000213623047,68.19000244140625,68.72000122070312,27809100
2010-01-05,37.52322006225586,69.41999816894531,69.44999694824219,68.80000305175781,69.19000244140625,30174700
2010-01-06,37.8475341796875,70.0199966430664,70.5999984741211,69.33999633789062,69.44999694824219,35044700
2010-01-07,37.72862243652344,69.80000305175781,70.05999755859375,69.41999816894531,69.9000015258789,27192100
2010-01-08,37.577274322509766,69.5199966430664,69.75,69.22000122070312,69.69000244140625,24891800
2010-01-11,37.998878479003906,70.30000305175781,70.5199966430664,69.6500015258789,69.94000244140625,30685000
2010-01-12,37.80968475341797,69.94999694824219,69.98999786376953,69.5199966430664,69.72000122070312,31496700
2010-01-13,37.65834045410156,69.66999816894531,70.04000091552734,69.26000213623047,69.95999908447266,24884400
2010-01-14,37.66374969482422,69.68000030517578,69.73999786376953,69.3499984741211,69.54000091552734,18630800
2010-01-15,37.355655670166016,69.11000061035156,69.69000244140625,68.6500015258789,69.6500015258789,29411900
2010-01-19,37.4421272277832,69.2699966430664,69.3499984741211,68.41999816894531,68.73999786376953,26081900
2010-01-20,36.77189636230469,68.02999877929688,68.66000366210938,67.93000030517578,68.55999755859375,34629500
2010-01-21,36.053001403808594,66.69999694824219,68.1500015258789,66.5,68.12000274658203,39114000
2010-01-22,35.72868347167969,66.0999984741211,67.13999938964844,66.0,66.5199966430664,39085500
2010-01-25,35.59355163574219,65.8499984741211,66.76000213623047,65.69000244140625,66.55000305175781,29305100
2010-01-26,35.63137435913086,65.91999816894531,66.73999786376953,65.5,65.63999938964844,34083300
2010-01-27,35.42598342895508,65.54000091552734,66.05999755859375,65.0,65.66000366210938,35723500
2010-01-28,35.11248016357422,64.95999908447266,65.8499984741211,64.56999969482422,65.8499984741211,37349800
2010-01-29,34.82600784301758,64.43000030517578,65.81999969482422,64.0199966430664,65.1500015258789,40880500
2010-02-01,35.771915435791016,66.18000030517578,66.41000366210938,65.3499984741211,65.7699966430664,37703000
2010-02-02,36.19352722167969,66.95999908447266,67.12000274658203,66.47000122070312,66.7300033569336,34057900
2010-02-03,35.99894714355469,66.5999984741211,67.2300033569336,66.55999755859375,66.87999725341797,24024700
2010-02-04,34.98276138305664,64.72000122070312,66.3499984741211,64.68000030517578,66.2699966430664,33858200
2010-02-05,35.0259895324707,64.80000305175781,64.9000015258789,63.560001373291016,64.69999694824219,42297500
2010-02-08,35.009666442871094,64.3499984741211,65.48999786376953,64.33999633789062,64.91000366210938,30519400
2010-02-09,35.472110748291016,65.19999694824219,65.70999908447266,64.55999755859375,65.11000061035156,36243300
2010-02-10,35.281700134277344,64.8499984741211,65.22000122070312,64.16000366210938,65.08000183105469,21699100
2010-02-11,35.493865966796875,65.23999786376953,65.4800033569336,64.41000366210938,64.69000244140625,23555200
2010-02-12,35.254493713378906,64.80000305175781,65.13999938964844,64.27999877929688,64.62000274658203,30636200
2010-02-16,36.059688568115234,66.27999877929688,66.37999725341797,65.08000183105469,65.44000244140625,30514900
2010-02-17,35.77678680419922,65.76000213623047,66.44999694824219,65.56999969482422,66.33999633789062,21821800
2010-02-18,35.88559341430664,65.95999908447266,66.08999633789062,65.3499984741211,65.80000305175781,22536700
2010-02-19,35.83663558959961,65.87000274658203,66.23999786376953,65.43000030517578,65.58999633789062,24264600
2010-02-22,35.5809211730957,65.4000015258789,66.12000274658203,65.25,66.0999984741211,20469700
2010-02-23,35.33067321777344,64.94000244140625,65.55999755859375,64.1500015258789,65.26000213623047,33372900
2010-02-24,35.662540435791016,65.55000305175781,65.87000274658203,64.7699966430664,65.01000213623047,21469600
2010-02-25,35.43947219848633,65.13999938964844,65.16999816894531,64.37000274658203,64.61000061035156,25668800
2010-02-26,35.36330795288086,65.0,65.4000015258789,64.91999816894531,65.26000213623047,20129700
2010-03-01,35.5809211730957,65.4000015258789,65.54000091552734,65.08999633789062,65.36000061035156,18798600
2010-03-02,35.62989044189453,65.48999786376953,65.79000091552734,65.1500015258789,65.66000366210938,24823900
2010-03-03,35.597251892089844,65.43000030517578,65.97000122070312,65.37999725341797,65.7699966430664,22279800
2010-03-04,35.5809211730957,65.4000015258789,65.62999725341797,65.08000183105469,65.3499984741211,21961100
2010-03-05,36.163063049316406,66.47000122070312,66.5199966430664,65.77999877929688,65.95999908447266,26837900
2010-03-08,36.168495178222656,66.4800033569336,66.79000091552734,66.2300033569336,66.7699966430664,20297200
2010-03-09,36.33173751831055,66.77999877929688,67.19000244140625,66.22000122070312,66.31999969482422,29003100
2010-03-10,36.57109069824219,67.22000122070312,67.41999816894531,66.77999877929688,67.16000366210938,24810300
2010-03-11,36.57109069824219,67.22000122070312,67.55999755859375,66.9800033569336,67.38999938964844,19357400
2010-03-12,36.342594146728516,66.80000305175781,67.58000183105469,66.5,67.58000183105469,23361800
2010-03-15,36.070579528808594,66.30000305175781,66.69000244140625,65.9000015258789,66.66999816894531,22070000
2010-03-16,36.217472076416016,66.56999969482422,66.68000030517578,66.0,66.55000305175781,35103700
2010-03-17,36.64727020263672,67.36000061035156,67.79000091552734,66.80000305175781,66.91000366210938,38770000
2010-03-18,36.6635856628418,67.38999938964844,67.73999786376953,67.01000213623047,67.5,25925500
2010-03-19,36.4731559753418,67.04000091552734,67.88999938964844,66.43000030517578,67.04000091552734,45564200
2010-03-22,36.43508529663086,66.97000122070312,67.19999694824219,66.31999969482422,66.48999786376953,21390600
2010-03-23,36.4242057800293,66.94999694824219,66.9800033569336,66.44999694824219,66.94000244140625,24754700
2010-03-24,36.17939376831055,66.5,66.86000061035156,66.2300033569336,66.56999969482422,19748800
2010-03-25,36.070579528808594,66.30000305175781,66.91999816894531,66.23999786376953,66.80999755859375,21095600
2010-03-26,36.20113754272461,66.54000091552734,66.87999725341797,66.16999816894531,66.44000244140625,30553400
2010-03-29,36.6146240234375,67.30000305175781,67.4800033569336,66.58999633789062,66.66000366210938,26122200
2010-03-30,36.47860336303711,67.05000305175781,67.30000305175781,66.79000091552734,67.19000244140625,17745900
2010-03-31,36.4405403137207,66.9800033569336,67.19000244140625,66.5999984741211,66.94000244140625,22352500
2010-04-01,36.78328323364258,67.61000061035156,67.80000305175781,67.19000244140625,67.2699966430664,19614700
2010-04-05,37.09883117675781,68.19000244140625,68.36000061035156,67.72000122070312,67.83999633789062,20901100
2010-04-06,36.9410400390625,67.9000015258789,68.3499984741211,67.80000305175781,67.98999786376953,19776800
2010-04-07,36.6363639831543,67.33999633789062,67.8499984741211,66.97000122070312,67.83000183105469,24531500
2010-04-08,36.919281005859375,67.86000061035156,68.22000122070312,66.8499984741211,67.01000213623047,24060800
2010-04-09,37.408931732177734,68.76000213623047,68.9800033569336,68.06999969482422,68.11000061035156,21099600
2010-04-12,37.38174819946289,68.70999908447266,69.05000305175781,68.58000183105469,68.80000305175781,18170300
2010-04-13,37.35451126098633,68.66000366210938,68.76000213623047,68.06999969482422,68.47000122070312,19177100
2010-04-14,37.32733917236328,68.61000061035156,68.81999969482422,68.36000061035156,68.72000122070312,18777800
2010-04-15,37.136905670166016,68.26000213623047,68.72000122070312,68.1500015258789,68.5,16712900
2010-04-16,36.957374572753906,67.93000030517578,68.69999694824219,67.70999908447266,68.12000274658203,33855100
2010-04-19,37.120582580566406,68.2300033569336,68.44000244140625,67.56999969482422,67.75,25686000
2010-04-20,37.52318572998047,68.97000122070312,69.22000122070312,68.5,68.62000274658203,22989500
2010-04-21,37.4959831237793,68.91999816894531,69.43000030517578,68.56999969482422,69.0,21119200
2010-04-22,37.30012893676758,68.55999755859375,68.7300033569336,68.22000122070312,68.5199966430664,21654700
2010-04-23,37.670074462890625,69.23999786376953,69.2699966430664,68.18000030517578,68.5,24340000
2010-04-26,37.69728088378906,69.29000091552734,69.52999877929688,68.93000030517578,69.02999877929688,18237100
2010-04-27,37.14234161376953,68.2699966430664,70.0,68.19999694824219,69.01000213623047,36374700
2010-04-28,37.64289093017578,69.19000244140625,69.54000091552734,68.61000061035156,68.87000274658203,33243500
2010-04-29,37.35451126098633,68.66000366210938,69.66000366210938,68.23999786376953,68.44999694824219,47200900
2010-04-30,36.87031936645508,67.7699966430664,69.30999755859375,67.7300033569336,68.9000015258789,43762100
2010-05-03,36.908416748046875,67.83999633789062,68.22000122070312,67.18000030517578,68.11000061035156,30734900
2010-05-04,36.163063049316406,66.47000122070312,67.26000213623047,66.0,67.1500015258789,31646100
2010-05-05,35.999855041503906,66.16999816894531,66.94000244140625,65.83000183105469,65.94000244140625,30260300
2010-05-06,34.75941467285156,63.88999938964844,66.2300033569336,58.459999084472656,65.79000091552734,58336300
2010-05-07,34.65603256225586,63.70000076293945,64.91999816894531,63.22999954223633,64.5,69004800
2010-05-10,35.488441467285156,65.2300033569336,65.75,64.5199966430664,65.41999816894531,38337600
2010-05-11,35.307682037353516,64.45999908447266,65.0,64.2300033569336,64.62000274658203,29790600
2010-05-12,35.554176330566406,64.91000366210938,65.33999633789062,64.5,64.63999938964844,25390700
2010-05-13,35.4610481262207,64.73999786376953,65.2699966430664,64.31999969482422,64.87000274658203,26791600
2010-05-14,34.83662414550781,63.599998474121094,64.7300033569336,62.90999984741211,64.5,38815400
2010-05-17,34.65586853027344,63.27000045776367,63.880001068115234,62.2599983215332,63.7400016784668,31923700
2010-05-18,34.39293670654297,62.790000915527344,64.2699966430664,62.41999816894531,64.05000305175781,34457000
2010-05-19,34.206722259521484,62.45000076293945,62.939998626708984,62.0,62.459999084472656,36722500
2010-05-20,33.04549789428711,60.33000183105469,61.68000030517578,60.209999084472656,61.470001220703125,57194500
2010-05-21,33.34675979614258,60.880001068115234,60.95000076293945,59.15999984741211,59.15999984741211,52802900
2010-05-24,32.96880340576172,60.189998626708984,61.0,60.130001068115234,60.7400016784668,27847800
2010-05-25,32.70589828491211,59.709999084472656,59.779998779296875,58.459999084472656,58.9900016784668,50533800
2010-05-26,32.486793518066406,59.310001373291016,60.459999084472656,59.119998931884766,60.08000183105469,34028900
2010-05-27,33.664432525634766,61.459999084472656,61.54999923706055,60.099998474121094,60.5,31911500
2010-05-28,33.11669921875,60.459999084472656,61.66999816894531,60.279998779296875,61.209999084472656,32078700
2010-06-01,32.45393753051758,59.25,60.86000061035156,59.13999938964844,60.380001068115234,32972000
2010-06-02,33.2864990234375,60.77000045776367,60.79999923706055,59.22999954223633,59.5099983215332,28668400
2010-06-03,33.71921920776367,61.560001373291016,62.0099983215332,60.599998474121094,61.22999954223633,32383700
2010-06-04,32.607295989990234,59.529998779296875,61.04999923706055,59.290000915527344,60.7400016784668,45019200
2010-06-07,32.4813117980957,59.29999923706055,60.40999984741211,59.20000076293945,59.97999954223633,28389500
2010-06-08,33.5439453125,61.2400016784668,61.439998626708984,59.380001068115234,59.619998931884766,48460700
2010-06-09,32.88115692138672,60.029998779296875,61.599998474121094,59.81999969482422,61.58000183105469,31693200
2010-06-10,33.89997482299805,61.88999938964844,62.0,61.15999984741211,61.5,33020100
2010-06-11,33.88353729248047,61.86000061035156,61.91999816894531,61.18000030517578,61.68000030517578,21227100
2010-06-14,33.61514663696289,61.369998931884766,62.459999084472656,61.31999969482422,62.060001373291016,24667800
2010-06-15,34.23957061767578,62.5099983215332,62.56999969482422,61.4900016784668,61.88999938964844,24532600
2010-06-16,34.23957061767578,62.5099983215332,62.619998931884766,61.900001525878906,61.970001220703125,20652700
2010-06-17,34.28886795043945,62.599998474121094,62.70000076293945,61.95000076293945,62.41999816894531,23310200
2010-06-18,34.562747955322266,63.099998474121094,63.369998931884766,62.400001525878906,62.779998779296875,32747000
2010-06-21,34.57917404174805,63.130001068115234,64.5,62.849998474121094,64.0999984741211,24877600
2010-06-22,33.92734909057617,61.939998626708984,63.20000076293945,61.790000915527344,63.130001068115234,26147000
2010-06-23,33.46725082397461,61.099998474121094,62.2599983215332,60.900001525878906,61.709999084472656,38058900
2010-06-24,32.903076171875,60.06999969482422,61.20000076293945,59.869998931884766,60.81999969482422,34188500
2010-06-25,32.37175750732422,59.099998474121094,60.2400016784668,59.099998474121094,60.150001525878906,118023500
2010-06-28,32.02669143676758,58.470001220703125,59.38999938964844,58.470001220703125,59.310001373291016,43013000
2010-06-29,31.380359649658203,57.290000915527344,58.09000015258789,57.0,58.0,52525000
2010-06-30,31.259843826293945,57.06999969482422,57.72999954223633,56.91999816894531,57.33000183105469,43944900
2010-07-01,31.007869720458984,56.61000061035156,57.27000045776367,56.16999816894531,56.97999954223633,47746400
2010-07-02,30.985960006713867,56.56999969482422,56.9900016784668,55.939998626708984,56.849998474121094,32767900
2010-07-06,31.473468780517578,57.459999084472656,57.59000015258789,56.77000045776367,57.16999816894531,36912100
2010-07-07,32.00477600097656,58.43000030517578,58.45000076293945,57.2599983215332,57.369998931884766,41797200
2010-07-08,32.212913513183594,58.810001373291016,59.20000076293945,58.130001068115234,59.130001068115234,40430300
2010-07-09,32.196495056152344,58.779998779296875,59.0099983215332,58.29999923706055,58.7599983215332,25976500
2010-07-12,32.28413009643555,58.939998626708984,58.939998626708984,58.20000076293945,58.290000915527344,23515000
2010-07-13,32.54703903198242,59.41999816894531,59.720001220703125,59.040000915527344,59.599998474121094,30514200
2010-07-14,32.45940017700195,59.2599983215332,59.34000015258789,58.619998931884766,59.220001220703125,26061100
2010-07-15,32.464881896972656,59.27000045776367,59.4900016784668,58.59000015258789,59.36000061035156,24737300
2010-07-16,31.747331619262695,57.959999084472656,59.11000061035156,57.810001373291016,58.84000015258789,35805700
2010-07-19,32.00477600097656,58.43000030517578,58.7400016784668,58.099998474121094,58.33000183105469,20960000
2010-07-20,32.28960418701172,58.95000076293945,58.9900016784668,57.66999816894531,57.68000030517578,23807300
2010-07-21,31.862361907958984,58.16999816894531,59.130001068115234,57.599998474121094,59.130001068115234,26859700
2010-07-22,32.52511978149414,59.380001068115234,59.790000915527344,58.65999984741211,58.709999084472656,27051400
2010-07-23,32.71136474609375,59.720001220703125,59.810001373291016,58.79999923706055,59.2599983215332,19281400
2010-07-26,33.07836151123047,60.38999938964844,60.439998626708984,59.630001068115234,59.70000076293945,20236500
2010-07-27,33.30841827392578,60.810001373291016,60.900001525878906,60.38999938964844,60.619998931884766,22400800
2010-07-28,33.363182067871094,60.90999984741211,61.27000045776367,60.72999954223633,60.72999954223633,23511100
2010-07-29,33.05096435546875,60.34000015258789,61.880001068115234,60.290000915527344,61.41999816894531,33763000
2010-07-30,32.689453125,59.68000030517578,60.5099983215332,59.599998474121094,60.150001525878906,29354600
2010-08-02,33.92734909057617,61.939998626708984,62.040000915527344,60.61000061035156,60.63999938964844,28144000
2010-08-03,34.354591369628906,62.720001220703125,62.9900016784668,61.880001068115234,61.97999954223633,31075800
2010-08-04,34.354591369628906,62.720001220703125,62.88999938964844,62.27000045776367,62.86000061035156,21033800
2010-08-05,34.3491325378418,62.709999084472656,62.709999084472656,61.849998474121094,62.279998779296875,19985300
2010-08-06,33.94379806518555,61.970001220703125,62.5,61.25,61.91999816894531,23097300
2010-08-09,34.206722259521484,62.45000076293945,62.66999816894531,62.18000030517578,62.560001373291016,14731300
2010-08-10,33.92189025878906,61.93000030517578,62.16999816894531,61.45000076293945,61.849998474121094,23188500
2010-08-11,33.315059661865234,60.38999938964844,60.65999984741211,60.20000076293945,60.54999923706055,24281300
2010-08-12,33.2267951965332,60.22999954223633,60.560001373291016,59.560001373291016,59.70000076293945,16951300
2010-08-13,33.05025100708008,59.90999984741211,60.45000076293945,59.79999923706055,59.959999084472656,14651300
2010-08-16,33.03369903564453,59.880001068115234,60.25,59.25,59.599998474121094,14301100
2010-08-17,33.552276611328125,60.81999969482422,61.15999984741211,60.13999938964844,60.4900016784668,20122200
2010-08-18,33.18265914916992,60.150001525878906,60.720001220703125,59.630001068115234,60.66999816894531,20071500
2010-08-19,32.708229064941406,59.290000915527344,60.060001373291016,58.900001525878906,59.93000030517578,21174500
2010-08-20,32.487548828125,58.88999938964844,59.06999969482422,58.54999923706055,59.02000045776367,21008800
2010-08-23,32.82406997680664,59.5,60.04999923706055,58.900001525878906,58.970001220703125,21337700
2010-08-24,32.51515197753906,58.939998626708984,59.45000076293945,58.790000915527344,58.959999084472656,25679100
2010-08-25,32.49858856201172,58.90999984741211,59.400001525878906,58.41999816894531,58.689998626708984,20944000
2010-08-26,32.2613639831543,58.47999954223633,59.5,58.33000183105469,59.36000061035156,22320900
2010-08-27,32.989566802978516,59.79999923706055,59.959999084472656,58.04999923706055,58.720001220703125,28279500
2010-08-30,32.548240661621094,59.0,59.900001525878906,58.959999084472656,59.560001373291016,16265100
2010-08-31,32.608924865722656,59.11000061035156,59.540000915527344,58.5,58.75,26985400
2010-09-01,33.6019172668457,60.90999984741211,60.959999084472656,59.720001220703125,60.040000915527344,26286200
2010-09-02,33.684661865234375,61.060001373291016,61.060001373291016,60.369998931884766,60.4900016784668,18662600
2010-09-03,33.828094482421875,61.31999969482422,61.599998474121094,60.75,61.20000076293945,21982900
2010-09-07,33.403316497802734,60.54999923706055,61.06999969482422,60.45000076293945,60.88999938964844,19435700
2010-09-08,33.51365661621094,60.75,61.2599983215332,60.630001068115234,60.65999984741211,17380600
2010-09-09,33.67914581298828,61.04999923706055,61.59000015258789,60.90999984741211,61.5,16525200
2010-09-10,33.761898040771484,61.20000076293945,61.47999954223633,60.95000076293945,61.380001068115234,14488400
2010-09-13,33.65156555175781,61.0,61.52000045776367,60.540000915527344,61.38999938964844,23141800
2010-09-14,33.65708541870117,61.0099983215332,61.34000015258789,60.75,60.84000015258789,17977500
2010-09-15,33.65156555175781,61.0,61.029998779296875,60.36000061035156,60.7599983215332,18769900
2010-09-16,33.635013580322266,60.970001220703125,60.9900016784668,60.45000076293945,60.849998474121094,16432500
2010-09-17,33.53020477294922,60.779998779296875,61.29999923706055,60.630001068115234,61.189998626708984,26447200
2010-09-20,33.954994201660156,61.54999923706055,61.81999969482422,60.95000076293945,61.040000915527344,21788100
2010-09-21,33.94947052001953,61.540000915527344,61.900001525878906,61.25,61.650001525878906,20525200
2010-09-22,33.89981460571289,61.45000076293945,62.0,61.40999984741211,61.560001373291016,18207700
2010-09-23,33.73432159423828,61.150001525878906,61.56999969482422,60.900001525878906,60.9900016784668,18097800
2010-09-24,34.06532287597656,61.75,62.130001068115234,61.36000061035156,61.5099983215332,25145300
2010-09-27,34.04325485229492,61.709999084472656,62.08000183105469,61.68000030517578,61.9900016784668,16642800
2010-09-28,34.23634338378906,62.060001373291016,62.2599983215332,61.27000045776367,61.630001068115234,18806700
2010-09-29,33.977054595947266,61.59000015258789,62.02000045776367,61.27000045776367,61.77000045776367,21158000
2010-09-30,34.08738708496094,61.790000915527344,62.439998626708984,61.470001220703125,61.95000076293945,25460200
2010-10-01,34.50114440917969,62.540000915527344,62.58000183105469,61.79999923706055,62.31999969482422,24160200
2010-10-04,34.30805206298828,62.189998626708984,62.72999954223633,61.84000015258789,62.52000045776367,16902500
2010-10-05,34.89832305908203,63.2599983215332,63.400001525878906,62.43000030517578,62.59000015258789,25185400
2010-10-06,35.27347183227539,63.939998626708984,63.939998626708984,63.18000030517578,63.18000030517578,21645200
2010-10-07,35.223819732666016,63.849998474121094,64.0,63.369998931884766,63.959999084472656,19468400
2010-10-08,35.516197204589844,64.37999725341797,64.52999877929688,63.630001068115234,63.810001373291016,22370500
2010-10-11,35.60997009277344,64.55000305175781,64.80999755859375,64.30999755859375,64.36000061035156,13848900
2010-10-12,35.692718505859375,64.69999694824219,64.88999938964844,63.93000030517578,64.30999755859375,20732000
2010-10-13,35.88029479980469,65.04000091552734,65.29000091552734,64.56999969482422,64.83999633789062,22560500
2010-10-14,36.02372741699219,65.30000305175781,65.44999694824219,64.87000274658203,65.05000305175781,17778100
2010-10-15,35.963043212890625,65.19000244140625,65.6500015258789,64.81999969482422,65.63999938964844,25500700
2010-10-18,36.56435775756836,66.27999877929688,66.54000091552734,65.02999877929688,65.19000244140625,22481700
2010-10-19,35.9244270324707,65.12000274658203,66.04000091552734,64.58999633789062,65.58999633789062,25367400
2010-10-20,36.4154167175293,66.01000213623047,66.38999938964844,65.3499984741211,65.47000122070312,20543900
2010-10-21,36.5864372253418,66.31999969482422,66.80000305175781,65.6500015258789,66.29000091552734,21291200
2010-10-22,36.597469329833984,66.33999633789062,66.55000305175781,66.12999725341797,66.51000213623047,13332800
2010-10-25,36.520225524902344,66.19999694824219,66.80999755859375,66.16000366210938,66.68000030517578,16516600
2010-10-26,36.70227813720703,66.52999877929688,66.56999969482422,65.80999755859375,65.95999908447266,17652900
2010-10-27,36.227840423583984,65.66999816894531,65.98999786376953,65.08999633789062,65.94999694824219,23358900
2010-10-28,36.53126907348633,66.22000122070312,66.69999694824219,66.05000305175781,66.43000030517578,20464200
2010-10-29,36.680213928222656,66.48999786376953,66.55999755859375,65.98999786376953,66.0999984741211,19265600
2010-11-01,36.93397903442383,66.94999694824219,67.20999908447266,66.62999725341797,66.72000122070312,22372700
2010-11-02,37.424964904785156,67.83999633789062,68.25,67.20999908447266,67.31999969482422,26192200
2010-11-03,37.496681213378906,67.97000122070312,68.2699966430664,67.31999969482422,68.2300033569336,26545300
2010-11-04,38.27451705932617,69.37999725341797,69.5999984741211,68.29000091552734,68.4000015258789,31221400
2010-11-05,38.61653518676758,70.0,70.0,69.4000015258789,69.44000244140625,26531700
2010-11-08,38.793087005615234,70.31999969482422,70.41999816894531,69.45999908447266,69.48999786376953,23628000
2010-11-09,39.20944595336914,70.62999725341797,71.11000061035156,70.0999984741211,70.29000091552734,33938100
2010-11-10,39.487003326416016,71.12999725341797,71.16000366210938,70.1500015258789,70.95999908447266,25482400
2010-11-11,39.875614166259766,71.83000183105469,71.9000015258789,70.7300033569336,71.0,23788900
2010-11-12,39.409278869628906,70.98999786376953,71.4000015258789,70.43000030517578,71.37999725341797,24598100
2010-11-15,39.12617111206055,70.4800033569336,71.22000122070312,70.44000244140625,71.01000213623047,18779600
2010-11-16,38.27124786376953,68.94000244140625,69.81999969482422,68.55999755859375,69.62000274658203,27543400
2010-11-17,38.31010818481445,69.01000213623047,69.37999725341797,68.55999755859375,68.83999633789062,17471800
2010-11-18,39.03181076049805,70.30999755859375,70.38999938964844,69.63999938964844,69.6500015258789,18322900
2010-11-19,39.15948486328125,70.54000091552734,70.58999633789062,69.36000061035156,70.19999694824219,24116400
2010-11-22,38.96518325805664,70.19000244140625,70.30000305175781,68.79000091552734,70.0999984741211,18907900
2010-11-23,38.2934684753418,68.9800033569336,69.1500015258789,68.31999969482422,68.80000305175781,22672000
2010-11-24,38.7930793762207,69.87999725341797,70.0,69.19000244140625,69.25,19335600
2010-11-26,38.4322509765625,69.2300033569336,69.43000030517578,68.9000015258789,69.30000305175781,7324600
2010-11-29,38.55437469482422,69.44999694824219,69.63999938964844,68.30000305175781,68.86000061035156,20021200
2010-11-30,38.615447998046875,69.55999755859375,69.75,68.31999969482422,68.55000305175781,27524300
2010-12-01,39.59804916381836,71.33000183105469,71.55000305175781,70.37999725341797,70.37999725341797,26590200
2010-12-02,39.68132019042969,71.4800033569336,71.66000366210938,70.94999694824219,71.19000244140625,21274800
2010-12-03,39.52030944824219,71.19000244140625,71.30000305175781,70.88999938964844,71.01000213623047,19457100
2010-12-06,39.5869255065918,71.30999755859375,71.5999984741211,71.05999755859375,71.19999694824219,15985400
2010-12-07,39.670196533203125,71.45999908447266,72.18000030517578,71.41999816894531,71.91000366210938,23694600
2010-12-08,39.886722564697266,71.8499984741211,72.22000122070312,71.4800033569336,71.87000274658203,22654900
2010-12-09,39.969993591308594,72.0,72.13999938964844,71.33000183105469,72.05000305175781,17971600
2010-12-10,40.06991958618164,72.18000030517578,72.18000030517578,71.62000274658203,72.18000030517578,17699500
2010-12-13,40.169837951660156,72.36000061035156,72.75,72.06999969482422,72.41000366210938,21170500
2010-12-14,40.06991958618164,72.18000030517578,72.5,71.93000030517578,72.2300033569336,20625900
2010-12-15,39.886722564697266,71.8499984741211,72.30999755859375,71.79000091552734,71.87000274658203,20979000
2010-12-16,40.09211730957031,72.22000122070312,72.33000183105469,71.56999969482422,71.91999816894531,18513900
2010-12-17,40.06433868408203,72.16999816894531,72.38999938964844,71.77999877929688,72.11000061035156,36761300
2010-12-20,40.09211730957031,72.22000122070312,72.5,71.87999725341797,72.23999786376953,16045800
2010-12-21,40.36967849731445,72.72000122070312,72.97000122070312,72.2300033569336,72.43000030517578,21772800
2010-12-22,40.41408157348633,72.80000305175781,73.0,72.6500015258789,72.94000244140625,14606600
2010-12-23,40.63615798950195,73.19999694824219,73.19999694824219,72.83000183105469,72.94000244140625,11390900
2010-12-27,40.53067398071289,73.01000213623047,73.30000305175781,72.80999755859375,72.80999755859375,9757200
2010-12-28,40.75825881958008,73.41999816894531,73.55999755859375,72.95999908447266,73.19999694824219,14423400
2010-12-29,40.73053741455078,73.37000274658203,73.69000244140625,73.33999633789062,73.41000366210938,11797700
2010-12-30,40.72496795654297,73.36000061035156,73.51000213623047,73.05000305175781,73.29000091552734,10790400
2010-12-31,40.59173583984375,73.12000274658203,73.51000213623047,73.0199966430664,73.16000366210938,15273700
2011-01-03,41.385589599609375,74.55000305175781,74.79000091552734,73.63999938964844,73.72000122070312,23320700
2011-01-04,41.57987976074219,74.9000015258789,74.94999694824219,74.41999816894531,74.70999908447266,20028500
2011-01-05,41.468849182128906,74.69999694824219,74.87000274658203,74.13999938964844,74.66999816894531,16550800
2011-01-06,41.735313415527344,75.18000030517578,75.43000030517578,74.66999816894531,74.9000015258789,22525300
2011-01-07,41.96294021606445,75.58999633789062,75.9000015258789,75.08999633789062,75.20999908447266,19297700
2011-01-10,41.70757293701172,75.12999725341797,75.2699966430664,74.58000183105469,75.12999725341797,20766400
2011-01-11,42.01844787597656,75.69000244140625,75.86000061035156,75.0199966430664,75.0199966430664,15805400
2011-01-12,42.51252365112305,76.58000183105469,76.62000274658203,75.66999816894531,75.94000244140625,17363000
2011-01-13,42.58467102050781,76.70999908447266,76.81999969482422,75.9800033569336,76.6500015258789,20438100
2011-01-14,43.21198272705078,77.83999633789062,78.0,76.5,76.66999816894531,23478700
2011-01-18,43.69496536254883,78.70999908447266,78.8499984741211,77.72000122070312,77.79000091552734,23883600
2011-01-19,43.434043884277344,78.23999786376953,78.93000030517578,78.12999725341797,78.62999725341797,21844100
2011-01-20,43.162025451660156,77.75,78.16000366210938,76.7699966430664,77.9800033569336,29121600
2011-01-21,43.84485626220703,78.9800033569336,79.0999984741211,78.05999755859375,78.20999908447266,25084400
2011-01-24,43.62834930419922,78.58999633789062,79.18000030517578,78.08999633789062,78.8499984741211,24871600
2011-01-25,43.678306579589844,78.68000030517578,78.98999786376953,77.93000030517578,78.22000122070312,21626300
2011-01-26,44.22235107421875,79.66000366210938,79.86000061035156,78.48999786376953,78.70999908447266,25555400
2011-01-27,44.3444709777832,79.87999725341797,79.9800033569336,79.33999633789062,79.83999633789062,17003500
2011-01-28,43.850399017333984,78.98999786376953,79.88999938964844,78.87000274658203,79.77999877929688,26300600
2011-01-31,44.78858184814453,80.68000030517578,80.81999969482422,79.01000213623047,79.91999816894531,34514400
2011-02-01,46.58168029785156,83.91000366210938,83.95999908447266,81.04000091552734,81.13999938964844,40829600
2011-02-02,46.30413055419922,83.41000366210938,83.9800033569336,83.26000213623047,83.58999633789062,18176900
2011-02-03,46.32077407836914,83.44000244140625,83.55000305175781,82.45999908447266,83.05999755859375,19647700
2011-02-04,46.23192596435547,83.27999877929688,83.5199966430664,82.8499984741211,83.25,16558300
2011-02-07,46.59278869628906,83.93000030517578,84.0,83.36000061035156,83.44999694824219,15304300
2011-02-08,46.308170318603516,82.9800033569336,83.6500015258789,82.63999938964844,83.5,17463500
2011-02-09,46.068214416503906,82.55000305175781,82.77999877929688,81.7699966430664,82.44000244140625,15890900
2011-02-10,46.43093490600586,83.19999694824219,83.30999755859375,81.61000061035156,81.68000030517578,21050500
2011-02-11,46.218875885009766,82.81999969482422,83.41000366210938,82.2300033569336,82.2300033569336,15993500
2011-02-14,47.385257720947266,84.91000366210938,85.11000061035156,81.88999938964844,82.06999969482422,33108300
2011-02-15,46.30259704589844,82.97000122070312,84.88999938964844,82.66999816894531,84.79000091552734,25684600
2011-02-16,46.70439529418945,83.69000244140625,83.86000061035156,82.86000061035156,83.05999755859375,16673500
2011-02-17,46.8104133605957,83.87999725341797,83.97000122070312,83.05000305175781,83.97000122070312,17853500
2011-02-18,47.156429290771484,84.5,84.5,83.5,83.91000366210938,22839500
2011-02-22,47.6810302734375,85.44000244140625,86.69999694824219,84.7300033569336,84.97000122070312,32580400
2011-02-23,48.59065628051758,87.06999969482422,88.2300033569336,85.47000122070312,86.0,38624600
2011-02-24,47.97678756713867,85.97000122070312,87.52999877929688,85.45999908447266,87.19999694824219,28577100
2011-02-25,47.625213623046875,85.33999633789062,86.23999786376953,85.29000091552734,85.79000091552734,22230300
2011-02-28,47.731231689453125,85.52999877929688,86.55999755859375,85.48999786376953,85.87000274658203,24507000
2011-03-01,47.32383346557617,84.80000305175781,86.5,84.69999694824219,86.41000366210938,23001800
2011-03-02,47.480098724365234,85.08000183105469,85.31999969482422,83.55000305175781,84.58999633789062,17423600
2011-03-03,47.893089294433594,85.81999969482422,85.94999694824219,85.05000305175781,85.45999908447266,17153500
2011-03-04,47.480098724365234,85.08000183105469,86.0,84.69999694824219,85.91999816894531,20028600
2011-03-07,47.27918243408203,84.72000122070312,86.08000183105469,84.69000244140625,85.83999633789062,18062700
2011-03-08,47.212242126464844,84.5999984741211,85.11000061035156,83.75,84.5999984741211,17658200
2011-03-09,47.0894775390625,84.37999725341797,84.55000305175781,83.55999755859375,84.12000274658203,13306600
2011-03-10,45.41526412963867,81.37999725341797,83.80000305175781,81.19999694824219,83.80000305175781,25996300
2011-03-11,45.828243255615234,82.12000274658203,82.91000366210938,80.0999984741211,81.0199966430664,17607100
2011-03-14,45.97333526611328,82.37999725341797,82.63999938964844,81.45999908447266,81.66999816894531,16383200
2011-03-15,45.42085647583008,81.38999938964844,82.08999633789062,79.75,80.16999816894531,23191300
2011-03-16,44.26008987426758,79.30999755859375,81.80999755859375,78.80000305175781,81.2300033569336,33396500
2011-03-17,45.292503356933594,81.16000366210938,81.5,80.2300033569336,80.37999725341797,21941300
2011-03-18,45.11948776245117,80.8499984741211,82.33000183105469,80.8499984741211,81.7699966430664,28895900
2011-03-21,46.23004913330078,82.83999633789062,83.33000183105469,81.86000061035156,81.87000274658203,18207000
2011-03-22,46.07378005981445,82.55999755859375,83.2300033569336,82.33000183105469,83.0999984741211,16209700
2011-03-23,46.09610366821289,82.5999984741211,83.0,82.0,82.6500015258789,15390600
2011-03-24,46.16865539550781,82.7300033569336,83.47000122070312,82.55000305175781,82.77999877929688,17009000
2011-03-25,46.66534423828125,83.62000274658203,83.93000030517578,82.81999969482422,82.98999786376953,16497300
2011-03-28,46.58163070678711,83.47000122070312,84.01000213623047,83.44999694824219,83.86000061035156,14608200
2011-03-29,46.45885467529297,83.25,83.88999938964844,82.61000061035156,83.16000366210938,16277400
2011-03-30,47.150848388671875,84.48999786376953,84.86000061035156,83.51000213623047,83.80000305175781,15770400
2011-03-31,46.949951171875,84.12999725341797,84.94000244140625,84.11000061035156,84.81999969482422,15317800
2011-04-01,47.25685501098633,84.68000030517578,84.83999633789062,84.16999816894531,84.72000122070312,15531500
2011-04-04,47.36290740966797,84.87000274658203,84.93000030517578,84.06999969482422,84.26000213623047,13096100
2011-04-05,47.66986846923828,85.41999816894531,85.94000244140625,84.55999755859375,84.68000030517578,17122600
2011-04-06,47.535911560058594,85.18000030517578,85.88999938964844,84.95999908447266,85.7300033569336,13339700
2011-04-07,47.85960388183594,85.76000213623047,85.79000091552734,84.91000366210938,85.16000366210938,16006700
2011-04-08,47.965614318847656,85.94999694824219,86.22000122070312,85.36000061035156,86.0,15943200
2011-04-11,47.52475357055664,85.16000366210938,86.1500015258789,84.77999877929688,85.94999694824219,13026500
2011-04-12,46.419776916503906,83.18000030517578,84.25,82.66999816894531,84.23999786376953,20728800
2011-04-13,46.40864944458008,83.16000366210938,83.94999694824219,82.55999755859375,83.58000183105469,14489400
2011-04-14,46.56488037109375,83.44000244140625,83.83999633789062,82.37999725341797,82.37999725341797,15717500
2011-04-15,47.039241790771484,84.29000091552734,84.47000122070312,83.36000061035156,83.80000305175781,17022500
2011-04-18,46.375144958496094,83.0999984741211,84.0,82.44000244140625,83.11000061035156,15107300
2011-04-19,46.76578140258789,83.80000305175781,83.98999786376953,82.97000122070312,82.97000122070312,12770800
2011-04-20,47.79819107055664,85.6500015258789,85.68000030517578,84.87000274658203,85.05000305175781,15447600
2011-04-21,48.19443130493164,86.36000061035156,86.43000030517578,85.55999755859375,85.7699966430664,12797200
2011-04-25,48.116310119628906,86.22000122070312,86.5,85.88999938964844,86.29000091552734,9852800
2011-04-26,48.785972595214844,87.41999816894531,87.4800033569336,86.26000213623047,86.43000030517578,17908800
2011-04-27,48.986881256103516,87.77999877929688,87.9000015258789,86.29000091552734,87.4800033569336,17755800
2011-04-28,48.74134063720703,87.33999633789062,87.5,86.52999877929688,87.02999877929688,18705300
2011-04-29,49.09850311279297,87.9800033569336,88.0,87.02999877929688,87.43000030517578,17352300
2011-05-02,48.534854888916016,86.97000122070312,88.12999725341797,86.47000122070312,88.0999984741211,18651200
2011-05-03,47.78145980834961,85.62000274658203,86.77999877929688,85.04000091552734,86.58999633789062,18417100
2011-05-04,47.329437255859375,84.80999755859375,85.5999984741211,83.91000366210938,85.19000244140625,22867000
2011-05-05,46.10727310180664,82.62000274658203,83.98999786376953,81.58999633789062,83.5199966430664,27491200
2011-05-06,46.14634704589844,82.69000244140625,84.0999984741211,81.8499984741211,83.2699966430664,26314700
2011-05-09,46.419776916503906,83.18000030517578,83.72000122070312,82.16000366210938,83.01000213623047,18254600
2011-05-10,46.50906753540039,83.33999633789062,83.76000213623047,82.5,83.08000183105469,17695700
2011-05-11,45.52692794799805,81.12000274658203,82.69000244140625,80.44000244140625,82.51000213623047,24192000
2011-05-12,45.48765182495117,81.05000305175781,81.58999633789062,79.41999816894531,80.62000274658203,21853600
2011-05-13,45.3866081237793,80.87000274658203,81.7699966430664,80.22000122070312,81.29000091552734,17628500
2011-05-16,45.03303146362305,80.23999786376953,81.2699966430664,80.12000274658203,80.22000122070312,16435100
2011-05-17,45.12845993041992,80.41000366210938,80.79000091552734,79.5999984741211,79.98999786376953,18067800
2011-05-18,45.87489318847656,81.73999786376953,82.2699966430664,80.43000030517578,80.87999725341797,17957000
2011-05-19,46.20600891113281,82.33000183105469,82.58000183105469,81.33999633789062,82.2699966430664,15229100
2011-05-20,45.77947235107422,81.56999969482422,82.25,80.9000015258789,81.9800033569336,19003400
2011-05-23,45.27437973022461,80.66999816894531,81.01000213623047,80.06999969482422,80.22000122070312,16288500
2011-05-24,45.622344970703125,81.29000091552734,82.12000274658203,80.94000244140625,81.05000305175781,15687300
2011-05-25,45.998355865478516,81.95999908447266,82.52999877929688,80.83999633789062,80.97000122070312,19347200
2011-05-26,46.239662170410156,82.38999938964844,82.56999969482422,81.19000244140625,81.5999984741211,16873700
2011-05-27,46.3743782043457,82.62999725341797,83.12999725341797,82.1500015258789,82.73999786376953,11949100
2011-05-31,46.845829010009766,83.47000122070312,83.75,82.72000122070312,83.27999877929688,23630700
2011-06-01,46.03763198852539,82.02999877929688,83.6500015258789,81.76000213623047,83.55000305175781,19550200
2011-06-02,45.6447639465332,81.33000183105469,82.31999969482422,80.6500015258789,81.7699966430664,18152600
2011-06-03,45.560611724853516,81.18000030517578,81.79000091552734,80.18000030517578,80.23999786376953,17281200
2011-06-06,45.06111145019531,80.29000091552734,81.19000244140625,80.08000183105469,80.93000030517578,15954300
2011-06-07,44.898345947265625,80.0,81.08999633789062,79.97000122070312,80.61000061035156,16188100
2011-06-08,45.32487106323242,80.76000213623047,81.87000274658203,80.5199966430664,80.61000061035156,23567300
2011-06-09,45.560611724853516,81.18000030517578,81.68000030517578,80.95999908447266,81.23999786376953,17665100
2011-06-10,44.77488708496094,79.77999877929688,80.94999694824219,79.72000122070312,80.94999694824219,18965900
2011-06-13,44.46620178222656,79.2300033569336,80.5999984741211,78.83999633789062,80.0,17854200
2011-06-14,45.111595153808594,80.37999725341797,80.81999969482422,79.94000244140625,80.05000305175781,16443400
2011-06-15,44.14629364013672,78.66000366210938,79.88999938964844,78.37000274658203,79.52999877929688,21713900
2011-06-16,44.46059036254883,79.22000122070312,79.51000213623047,78.33000183105469,78.58999633789062,19037500
2011-06-17,44.34833526611328,79.0199966430664,79.94999694824219,78.69000244140625,79.8499984741211,25441200
2011-06-20,44.735595703125,79.70999908447266,79.94999694824219,78.62000274658203,78.6500015258789,15836400
2011-06-21,45.21825408935547,80.56999969482422,81.12000274658203,80.01000213623047,80.2300033569336,17897300
2011-06-22,44.79730987548828,79.81999969482422,80.66999816894531,79.56999969482422,80.16000366210938,18599700
2011-06-23,44.022850036621094,78.44000244140625,78.75,77.2300033569336,78.73999786376953,30032800
2011-06-24,43.0911750793457,76.77999877929688,78.62999725341797,76.77999877929688,78.55000305175781,36292700
2011-06-27,43.73099899291992,77.91999816894531,78.4800033569336,76.72000122070312,76.87999725341797,20606900
2011-06-28,44.69068145751953,79.62999725341797,79.66000366210938,78.37999725341797,78.56999969482422,18421500
2011-06-29,45.03866195678711,80.25,80.5,79.22000122070312,79.8499984741211,18899900
2011-06-30,45.6728401184082,81.37999725341797,81.41000366210938,80.2699966430664,80.38999938964844,19942100
2011-07-01,46.02643585205078,82.01000213623047,82.08999633789062,80.58999633789062,81.19000244140625,18050100
2011-07-05,45.79631423950195,81.5999984741211,82.12000274658203,81.26000213623047,81.30000305175781,18859600
2011-07-06,45.77947235107422,81.56999969482422,81.66000366210938,80.8499984741211,81.4000015258789,15042600
2011-07-07,46.22285079956055,82.36000061035156,82.5999984741211,81.87000274658203,82.2699966430664,18379200
2011-07-08,46.25652313232422,82.41999816894531,82.52999877929688,81.45999908447266,81.58000183105469,18336500
2011-07-11,45.96466827392578,81.9000015258789,82.11000061035156,81.12000274658203,81.30000305175781,20717000
2011-07-12,45.95907211303711,81.88999938964844,83.01000213623047,81.5,81.51000213623047,22639600
2011-07-13,46.290191650390625,82.4800033569336,83.45999908447266,82.08000183105469,82.2699966430664,19015100
2011-07-14,46.15550994873047,82.23999786376953,83.11000061035156,82.08999633789062,83.05000305175781,19413200
2011-07-15,46.58203125,83.0,83.08999633789062,82.26000213623047,82.41999816894531,22705100
2011-07-18,46.38558578491211,82.6500015258789,82.8499984741211,82.08000183105469,82.29000091552734,17343500
2011-07-19,46.93559646606445,83.62999725341797,83.76000213623047,82.80000305175781,82.9000015258789,16424900
2011-07-20,46.75040817260742,83.30000305175781,83.88999938964844,83.16999816894531,83.83999633789062,12808400
2011-07-21,47.7157096862793,85.0199966430664,85.23999786376953,83.75,83.86000061035156,21359700
2011-07-22,47.82796859741211,85.22000122070312,85.41000366210938,84.54000091552734,85.19999694824219,13152600
2011-07-25,47.463172912597656,84.56999969482422,85.12999725341797,84.19999694824219,84.19999694824219,14007600
2011-07-26,47.35091781616211,84.37000274658203,85.0999984741211,84.04000091552734,84.66999816894531,16226700
2011-07-27,46.756011962890625,83.30999755859375,84.25,83.23999786376953,83.79000091552734,19820600
2011-07-28,45.71772766113281,81.45999908447266,82.44999694824219,81.1500015258789,81.73999786376953,24556600
2011-07-29,44.7805061340332,79.79000091552734,80.87999725341797,79.76000213623047,80.79000091552734,26609000
2011-08-01,44.67386245727539,79.5999984741211,81.18000030517578,78.73999786376953,80.81999969482422,22864500
2011-08-02,43.68608856201172,77.83999633789062,79.61000061035156,77.81999969482422,78.9000015258789,28410500
2011-08-03,43.61875915527344,77.72000122070312,78.0999984741211,76.45999908447266,77.94000244140625,28373000
2011-08-04,41.44118881225586,73.83999633789062,77.12999725341797,73.51000213623047,76.68000030517578,42624200
2011-08-05,41.99119186401367,74.81999969482422,75.79000091552734,72.06999969482422,75.01000213623047,47167500
2011-08-08,39.39268493652344,70.19000244140625,73.44000244140625,69.9000015258789,72.73999786376953,58857600
2011-08-09,40.20647048950195,71.63999938964844,71.87000274658203,67.02999877929688,70.79000091552734,61753300
2011-08-10,38.43257141113281,68.02999877929688,70.98999786376953,67.45999908447266,70.73999786376953,47758300
2011-08-11,40.43809127807617,71.58000183105469,72.4000015258789,68.62999725341797,68.80999755859375,50328600
2011-08-12,40.675357818603516,72.0,73.0999984741211,71.5999984741211,72.36000061035156,31129000
2011-08-15,41.969058990478516,74.29000091552734,74.37999725341797,72.75,73.04000091552734,23388200
2011-08-16,41.52278137207031,73.5,74.33999633789062,72.83000183105469,73.3499984741211,26341400
2011-08-17,41.89564514160156,74.16000366210938,74.75,73.5,74.29000091552734,18269400
2011-08-18,40.0765266418457,70.94000244140625,72.79000091552734,70.20999908447266,72.41000366210938,35457700
2011-08-19,39.432498931884766,69.80000305175781,71.9800033569336,69.66999816894531,70.06999969482422,34935300
2011-08-22,39.64719772338867,70.18000030517578,72.16000366210938,69.58000183105469,72.1500015258789,27202900
2011-08-23,41.613162994384766,73.66000366210938,73.80000305175781,70.5199966430664,70.5999984741211,38059600
2011-08-24,41.54536056518555,73.54000091552734,73.86000061035156,72.2699966430664,72.95999908447266,22752900
2011-08-25,40.54543685913086,71.7699966430664,73.91999816894531,71.2699966430664,73.63999938964844,30924500
2011-08-26,41.03693389892578,72.63999938964844,73.0,70.20999908447266,70.87999725341797,26974400
2011-08-29,41.8730354309082,74.12000274658203,74.22000122070312,72.9800033569336,73.33000183105469,18967100
2011-08-30,41.75439453125,73.91000366210938,74.4000015258789,72.97000122070312,73.58999633789062,22437000
2011-08-31,41.81654357910156,74.0199966430664,74.87000274658203,73.33999633789062,74.36000061035156,29189000
2011-09-01,41.51710510253906,73.48999786376953,74.86000061035156,73.44999694824219,74.1500015258789,23393500
2011-09-02,40.75445556640625,72.13999938964844,72.69000244140625,71.5,72.11000061035156,21071800
2011-09-06,40.19518280029297,71.1500015258789,71.31999969482422,69.91000366210938,70.13999938964844,25416300
2011-09-07,41.60750961303711,73.6500015258789,73.6500015258789,71.75,72.23999786376953,23108400
2011-09-08,41.13862228393555,72.81999969482422,74.33999633789062,72.54000091552734,73.38999938964844,22434800
2011-09-09,40.11606979370117,71.01000213623047,72.56999969482422,70.58999633789062,72.16999816894531,27969100
2011-09-12,40.584964752197266,71.83999633789062,71.88999938964844,69.87000274658203,70.33999633789062,26205800
2011-09-13,40.47763442993164,71.6500015258789,71.9800033569336,70.80999755859375,71.76000213623047,22825400
2011-09-14,41.03693389892578,72.63999938964844,73.76000213623047,71.16000366210938,71.95999908447266,26042800
2011-09-15,41.8109016418457,74.01000213623047,74.05999755859375,72.68000030517578,73.43000030517578,21858300
2011-09-16,42.11595153808594,74.55000305175781,74.75,73.56999969482422,74.5199966430664,34652600
2011-09-19,41.6357536315918,73.69999694824219,74.0999984741211,72.5,72.91000366210938,19822500
2011-09-20,41.8109016418457,74.01000213623047,74.9800033569336,73.44000244140625,73.87000274658203,20420000
2011-09-21,40.65842056274414,71.97000122070312,74.29000091552734,71.83000183105469,73.87999725341797,23806200
2011-09-22,39.116153717041016,69.23999786376953,70.45999908447266,68.16999816894531,69.94000244140625,43223000
2011-09-23,39.15570831298828,69.30999755859375,70.11000061035156,67.93000030517578,68.45999908447266,26583200
2011-09-26,40.51719284057617,71.72000122070312,71.88999938964844,69.5,70.01000213623047,30342400
2011-09-27,41.189453125,72.91000366210938,74.33999633789062,72.41999816894531,73.33000183105469,26689900
2011-09-28,40.714908599853516,72.06999969482422,74.29000091552734,71.86000061035156,72.43000030517578,26026500
2011-09-29,41.7374382019043,73.87999725341797,74.04000091552734,72.66999816894531,73.12000274658203,27713900
2011-09-30,41.03127670288086,72.62999725341797,74.58999633789062,72.62999725341797,72.76000213623047,30917000
2011-10-03,40.19518280029297,71.1500015258789,73.0999984741211,71.1500015258789,72.05000305175781,31004200
2011-10-04,41.144256591796875,72.83000183105469,73.1500015258789,69.20999908447266,70.25,36500000
2011-10-05,41.7769775390625,73.94999694824219,74.0,72.20999908447266,72.66999816894531,28239800
2011-10-06,41.743072509765625,73.88999938964844,74.0,72.62999725341797,73.30000305175781,24869800
2011-10-07,41.556663513183594,73.55999755859375,74.5199966430664,73.02999877929688,74.47000122070312,23573900
2011-10-10,43.093284606933594,76.27999877929688,76.29000091552734,74.6500015258789,74.7300033569336,20465800
2011-10-11,43.08763122558594,76.2699966430664,76.66999816894531,75.70999908447266,75.77999877929688,17862100
2011-10-12,43.5904541015625,77.16000366210938,77.66000366210938,76.30999755859375,76.73999786376953,22239000
2011-10-13,43.144142150878906,76.37000274658203,76.79000091552734,75.83999633789062,76.22000122070312,19540300
2011-10-14,44.12711715698242,78.11000061035156,78.2300033569336,77.06999969482422,77.0999984741211,17870600
2011-10-17,43.76557159423828,77.47000122070312,78.48999786376953,77.12000274658203,77.87000274658203,18836200
2011-10-18,44.56776809692383,78.88999938964844,79.51000213623047,77.0199966430664,77.56999969482422,23878500
2011-10-19,44.307899475097656,78.43000030517578,79.23999786376953,77.91999816894531,78.56999969482422,20910900
2011-10-20,44.46609115600586,78.70999908447266,79.11000061035156,77.83000183105469,78.31999969482422,22227600
2011-10-21,45.26829147338867,80.12999725341797,80.16000366210938,79.18000030517578,79.58999633789062,27855300
2011-10-24,45.29088592529297,80.16999816894531,80.5,79.55000305175781,79.91999816894531,19861100
2011-10-25,44.87849807739258,79.44000244140625,80.48999786376953,79.05000305175781,79.83000183105469,23433400
2011-10-26,45.79933547973633,81.06999969482422,81.2699966430664,79.27999877929688,80.16000366210938,27170500
2011-10-27,46.25694274902344,81.87999725341797,82.19999694824219,80.69000244140625,81.91000366210938,35489500
2011-10-28,46.03094482421875,81.4800033569336,81.98999786376953,80.44000244140625,80.98999786376953,21753400
2011-10-31,44.11581802368164,78.08999633789062,80.63999938964844,78.0,80.58999633789062,30616900
2011-11-01,42.901214599609375,75.94000244140625,77.11000061035156,75.44999694824219,75.81999969482422,35835000
2011-11-02,43.70907974243164,77.37000274658203,77.58999633789062,76.5,77.37000274658203,21761300
2011-11-03,44.55081558227539,78.86000061035156,79.0,77.44000244140625,78.19000244140625,24480600
2011-11-04,44.35874557495117,78.5199966430664,78.61000061035156,77.37999725341797,78.06999969482422,18192800
2011-11-07,44.8276481628418,79.3499984741211,79.48999786376953,78.12000274658203,78.81999969482422,17998100
2011-11-08,45.3277587890625,79.76000213623047,79.87999725341797,78.62999725341797,79.25,19023800
2011-11-09,43.980865478515625,77.38999938964844,78.91999816894531,77.02999877929688,77.9000015258789,24130100
2011-11-10,44.725341796875,78.69999694824219,79.0199966430664,77.63999938964844,78.52999877929688,18668800
2011-11-11,45.30500793457031,79.72000122070312,79.94999694824219,79.33999633789062,79.62999725341797,15134500
2011-11-14,44.873104095458984,78.95999908447266,79.75,78.38999938964844,79.52999877929688,13589900
2011-11-15,44.94697570800781,79.08999633789062,79.8499984741211,78.5,78.86000061035156,19475000
2011-11-16,44.46962356567383,78.25,79.75,78.05999755859375,78.23999786376953,20376800
2011-11-17,44.24797821044922,77.86000061035156,79.43000030517578,77.0999984741211,78.12000274658203,25964300
2011-11-18,44.27070617675781,77.9000015258789,78.68000030517578,77.11000061035156,78.22000122070312,23104500
2011-11-21,43.708091735839844,76.91000366210938,77.33000183105469,76.05999755859375,76.52999877929688,20204200
2011-11-22,43.2079963684082,76.02999877929688,77.0999984741211,75.87999725341797,76.37999725341797,18925100
2011-11-23,42.383941650390625,74.58000183105469,75.31999969482422,74.52999877929688,75.02999877929688,23331800
2011-11-25,41.99750518798828,73.9000015258789,75.19999694824219,73.9000015258789,74.51000213623047,10254500
2011-11-28,43.100006103515625,75.83999633789062,76.51000213623047,75.33000183105469,75.83999633789062,20148600
2011-11-29,43.71945571899414,76.93000030517578,77.5,76.13999938964844,76.41000366210938,19768400
2011-11-30,45.71418380737305,80.44000244140625,80.52999877929688,78.37000274658203,78.41999816894531,33953000
2011-12-01,45.34480667114258,79.79000091552734,80.3499984741211,79.37000274658203,80.19999694824219,17261100
2011-12-02,45.34480667114258,79.79000091552734,80.73999786376953,79.6500015258789,80.66999816894531,19461300
2011-12-05,45.719879150390625,80.44999694824219,81.18000030517578,79.80000305175781,80.87999725341797,18295000
2011-12-06,45.930145263671875,80.81999969482422,81.63999938964844,80.29000091552734,80.62999725341797,20122700
2011-12-07,46.07792282104492,81.08000183105469,81.86000061035156,80.3499984741211,80.61000061035156,19643400
2011-12-08,45.3902702331543,79.87000274658203,80.8499984741211,79.55000305175781,80.75,18443600
2011-12-09,46.22566223144531,81.33999633789062,81.75,80.33999633789062,80.62999725341797,21842300
2011-12-12,45.49254608154297,80.05000305175781,81.08999633789062,79.20999908447266,80.7300033569336,17846500
2011-12-13,45.765342712402344,80.52999877929688,81.80999755859375,80.13999938964844,80.61000061035156,21873600
2011-12-14,45.14589309692383,79.44000244140625,80.16999816894531,78.66000366210938,79.58999633789062,23934400
2011-12-15,45.481170654296875,80.02999877929688,80.5999984741211,79.77999877929688,79.93000030517578,17954200
2011-12-16,45.55506896972656,80.16000366210938,80.91000366210938,79.87999725341797,80.73999786376953,33465700
2011-12-19,45.19704055786133,79.52999877929688,80.45999908447266,79.37999725341797,80.23999786376953,16048400
2011-12-20,46.600746154785156,82.0,82.0,80.61000061035156,80.66000366210938,21163300
2011-12-21,47.237247467041016,83.12000274658203,83.33999633789062,82.0,82.0199966430664,19160300
2011-12-22,47.90214920043945,84.29000091552734,84.83000183105469,83.30000305175781,83.55999755859375,19841300
2011-12-23,48.43067169189453,85.22000122070312,85.2300033569336,84.20999908447266,84.27999877929688,10243800
2011-12-27,48.46478271484375,85.27999877929688,85.62999725341797,84.94999694824219,84.97000122070312,10147100
2011-12-28,47.83964157104492,84.18000030517578,85.44000244140625,84.01000213623047,85.1500015258789,12767500
2011-12-29,48.4590950012207,85.2699966430664,85.33000183105469,84.08999633789062,84.08999633789062,10865900
2011-12-30,48.16926574707031,84.76000213623047,85.29000091552734,84.56999969482422,85.16000366210938,9768900
2012-01-03,48.87395477294922,86.0,86.66999816894531,85.9000015258789,85.97000122070312,20906800
2012-01-04,48.88530731201172,86.0199966430664,86.1500015258789,85.0999984741211,85.79000091552734,16130900
2012-01-05,48.7375373840332,85.76000213623047,85.94999694824219,84.91999816894531,85.63999938964844,17452800
2012-01-06,48.373844146728516,85.12000274658203,86.0,85.11000061035156,85.91999816894531,15942100
2012-01-09,48.58980178833008,85.5,85.63999938964844,84.97000122070312,85.0,11664200
2012-01-10,48.714839935302734,85.72000122070312,86.20999908447266,85.37999725341797,86.06999969482422,13080800
2012-01-11,48.351104736328125,85.08000183105469,85.4000015258789,84.47000122070312,85.0999984741211,14831400
2012-01-12,48.15787887573242,84.73999786376953,84.91999816894531,83.94000244140625,84.38999938964844,17357200
2012-01-13,48.237449645996094,84.87999725341797,84.91999816894531,83.81999969482422,84.16000366210938,15551600
2012-01-17,48.697776794433594,85.69000244140625,86.12999725341797,85.4000015258789,85.75,15627900
2012-01-18,49.12968444824219,86.44999694824219,86.5,84.95999908447266,85.30000305175781,16754200
2012-01-19,49.459293365478516,87.02999877929688,87.23999786376953,85.7699966430664,86.33999633789062,16383500
2012-01-20,49.720733642578125,87.48999786376953,87.48999786376953,86.72000122070312,87.08000183105469,19220300
2012-01-23,49.70936584472656,87.47000122070312,87.94000244140625,87.02999877929688,87.5,15348400
2012-01-24,49.544559478759766,87.18000030517578,87.22000122070312,86.66000366210938,87.08000183105469,12363800
2012-01-25,49.567283630371094,87.22000122070312,87.37999725341797,85.80999755859375,86.7699966430664,18202300
2012-01-26,49.31154251098633,86.7699966430664,87.70999908447266,86.51000213623047,87.63999938964844,15658200
2012-01-27,48.77734375,85.83000183105469,86.5,85.7699966430664,86.23999786376953,15976700
2012-01-30,48.5841178894043,85.48999786376953,85.5,84.58999633789062,85.2699966430664,17867000
2012-01-31,47.58959197998047,83.73999786376953,85.33999633789062,83.45999908447266,84.91999816894531,27225800
2012-02-01,47.720314025878906,83.97000122070312,84.55999755859375,83.37999725341797,84.2300033569336,22266100
2012-02-02,47.470245361328125,83.52999877929688,84.33999633789062,83.19000244140625,84.27999877929688,18020500
2012-02-03,48.260169982910156,84.91999816894531,85.0,84.05000305175781,84.23999786376953,16145400
2012-02-06,48.73189163208008,85.75,85.8499984741211,84.48999786376953,84.87000274658203,15000900
2012-02-07,49.067176818847656,86.33999633789062,86.44000244140625,84.94000244140625,85.22000122070312,15818400
2012-02-08,48.7529182434082,85.31999969482422,86.22000122070312,84.7300033569336,85.83000183105469,14762600
2012-02-09,48.501487731933594,84.87999725341797,85.69000244140625,84.66999816894531,85.33000183105469,17073400
2012-02-10,47.884361267089844,83.80000305175781,84.0999984741211,83.3499984741211,84.0199966430664,15328900
2012-02-13,48.2386360168457,84.41999816894531,84.5999984741211,83.88999938964844,84.33999633789062,11473700
2012-02-14,48.38149642944336,84.66999816894531,84.70999908447266,83.8499984741211,84.41999816894531,12961900
2012-02-15,48.06721496582031,84.12000274658203,84.91999816894531,83.91000366210938,84.86000061035156,13911600
2012-02-16,48.80430603027344,85.41000366210938,85.62000274658203,84.08000183105469,84.44999694824219,14769600
2012-02-17,48.92432403564453,85.62000274658203,86.12000274658203,84.91999816894531,86.06999969482422,16597200
2012-02-21,49.467159271240234,86.56999969482422,86.77999877929688,86.04000091552734,86.04000091552734,15481300
2012-02-22,49.66714859008789,86.91999816894531,87.25,86.6500015258789,86.83999633789062,11983200
2012-02-23,49.72431182861328,87.0199966430664,87.16999816894531,86.47000122070312,86.58000183105469,12404600
2012-02-24,49.90715026855469,87.33999633789062,87.47000122070312,87.01000213623047,87.37000274658203,10767100
2012-02-27,49.84431838989258,87.2300033569336,87.83000183105469,86.77999877929688,87.1500015258789,13323500
2012-02-28,49.79286193847656,87.13999938964844,87.44000244140625,86.55000305175781,87.2300033569336,14317600
2012-02-29,49.42717361450195,86.5,87.48999786376953,86.20999908447266,87.44999694824219,18293200
2012-03-01,49.615726470947266,86.83000183105469,87.18000030517578,86.41000366210938,86.47000122070312,12638500
2012-03-02,49.33003234863281,86.33000183105469,86.75,85.8499984741211,86.66000366210938,11343400
2012-03-05,49.71858215332031,87.01000213623047,87.08999633789062,85.91000366210938,86.16999816894531,12803100
2012-03-06,49.06145477294922,85.86000061035156,86.4800033569336,85.41999816894531,86.23999786376953,16507900
2012-03-07,49.04432678222656,85.83000183105469,86.12000274658203,85.19000244140625,86.01000213623047,14767700
2012-03-08,48.4729118347168,84.83000183105469,85.47000122070312,84.62999725341797,85.0,19032000
2012-03-09,48.17005920410156,84.30000305175781,85.12999725341797,84.05000305175781,85.05999755859375,17042500
2012-03-12,48.88431930541992,85.55000305175781,85.75,84.12999725341797,84.5,19014000
2012-03-13,49.632877349853516,86.86000061035156,86.93000030517578,85.61000061035156,85.88999938964844,16853300
2012-03-14,49.15290832519531,86.0199966430664,86.83000183105469,85.73999786376953,86.58999633789062,16187300
2012-03-15,49.19288635253906,86.08999633789062,86.19999694824219,85.25,85.88999938964844,14523600
2012-03-16,49.39287567138672,86.44000244140625,86.88999938964844,85.91999816894531,86.19999694824219,30991300
2012-03-19,49.707157135009766,86.98999786376953,87.18000030517578,86.02999877929688,86.08000183105469,10770400
2012-03-20,49.48431396484375,86.5999984741211,87.0999984741211,86.31999969482422,86.45999908447266,13613800
2012-03-21,49.14716339111328,86.01000213623047,86.58999633789062,85.7699966430664,86.58999633789062,14212400
2012-03-22,48.758609771728516,85.33000183105469,85.94000244140625,85.0999984741211,85.4800033569336,13884400
2012-03-23,48.88431930541992,85.55000305175781,85.9800033569336,85.0199966430664,85.36000061035156,12557700
2012-03-26,49.72999954223633,87.02999877929688,87.25,86.06999969482422,86.18000030517578,17336800
2012-03-27,49.49573516845703,86.62000274658203,87.25,86.54000091552734,87.13999938964844,12509200
2012-03-28,49.06145477294922,85.86000061035156,86.4800033569336,85.13999938964844,86.36000061035156,16155300
2012-03-29,49.18717956542969,86.08000183105469,86.12999725341797,84.91000366210938,85.31999969482422,13199700
2012-03-30,49.55859375,86.7300033569336,86.76000213623047,86.08999633789062,86.4800033569336,12968300
2012-04-02,49.75286865234375,87.06999969482422,87.66999816894531,86.30999755859375,86.5999984741211,13853300
2012-04-03,49.04432678222656,85.83000183105469,86.77999877929688,85.0,86.75,17714900
2012-04-04,48.558624267578125,84.9800033569336,85.36000061035156,84.48999786376953,85.30000305175781,17112800
2012-04-05,48.467201232910156,84.81999969482422,85.37999725341797,84.3499984741211,84.55999755859375,11954700
2012-04-09,47.93006134033203,83.87999725341797,84.36000061035156,83.68000030517578,83.9800033569336,11027000
2012-04-10,46.952938079833984,82.16999816894531,83.75,81.87999725341797,83.75,19993700
2012-04-11,47.25579833984375,82.69999694824219,83.3499984741211,82.1500015258789,83.11000061035156,15856200
2012-04-12,47.77007293701172,83.5999984741211,83.7300033569336,82.36000061035156,82.6500015258789,15266200
2012-04-13,47.398651123046875,82.94999694824219,83.69000244140625,82.86000061035156,82.97000122070312,13856500
2012-04-16,48.00434112548828,84.01000213623047,84.38999938964844,83.12999725341797,83.23999786376953,17526100
2012-04-17,48.82718276977539,85.44999694824219,85.5999984741211,84.56999969482422,84.6500015258789,14208000
2012-04-18,48.99861526489258,85.75,86.05000305175781,85.0199966430664,85.05999755859375,12997500
2012-04-19,48.73004913330078,85.27999877929688,85.91999816894531,84.9800033569336,85.51000213623047,15973800
2012-04-20,48.74147033691406,85.30000305175781,85.91999816894531,85.02999877929688,85.55000305175781,17216600
2012-04-23,48.96432876586914,85.69000244140625,85.93000030517578,84.38999938964844,84.52999877929688,15197200
2012-04-24,49.318599700927734,86.30999755859375,86.38999938964844,85.63999938964844,85.63999938964844,11632500
2012-04-25,49.627159118652344,86.8499984741211,87.18000030517578,85.72000122070312,86.6500015258789,18476800
2012-04-26,49.181453704833984,86.06999969482422,86.19999694824219,85.1500015258789,85.27999877929688,17262400
2012-04-27,49.18717956542969,86.08000183105469,86.69000244140625,85.95999908447266,86.5,11372900
2012-04-30,49.33573913574219,86.33999633789062,86.80000305175781,85.87000274658203,85.95999908447266,11735400
2012-05-01,49.73572540283203,87.04000091552734,87.5199966430664,86.12999725341797,86.45999908447266,13816900
2012-05-02,49.25574493408203,86.19999694824219,86.6500015258789,85.83000183105469,86.55999755859375,11108700
2012-05-03,48.941471099853516,85.6500015258789,86.38999938964844,85.30999755859375,86.36000061035156,9998600
2012-05-04,48.32433319091797,84.56999969482422,85.30999755859375,84.4000015258789,85.11000061035156,15055500
2012-05-07,48.27292251586914,84.4800033569336,84.79000091552734,84.0999984741211,84.29000091552734,12018100
2012-05-08,48.010074615478516,84.0199966430664,84.26000213623047,82.91999816894531,83.75,19602400
2012-05-09,47.6043586730957,83.30999755859375,84.06999969482422,82.87999725341797,83.04000091552734,17424000
2012-05-10,47.66188430786133,82.83999633789062,83.58999633789062,82.55000305175781,83.37000274658203,13234600
2012-05-11,47.81147766113281,83.0999984741211,83.79000091552734,82.54000091552734,82.69000244140625,12061700
2012-05-14,47.24766540527344,82.12000274658203,82.45999908447266,81.95999908447266,82.2699966430664,12675900
2012-05-15,47.05778121948242,81.79000091552734,82.7300033569336,81.52999877929688,82.0,15757400
2012-05-16,47.276397705078125,82.16999816894531,83.1500015258789,81.79000091552734,81.95999908447266,15034500
2012-05-17,47.12682342529297,81.91000366210938,82.61000061035156,81.68000030517578,82.1500015258789,17698200
2012-05-18,46.8736572265625,81.47000122070312,82.72000122070312,81.02999877929688,82.37000274658203,21747200
2012-05-21,47.20161056518555,82.04000091552734,82.12999725341797,81.06999969482422,81.41999816894531,13730400
2012-05-22,47.14984130859375,81.94999694824219,82.83999633789062,81.5199966430664,82.13999938964844,13790000
2012-05-23,47.20161056518555,82.04000091552734,82.08000183105469,79.95999908447266,81.79000091552734,17582200
2012-05-24,47.52956771850586,82.61000061035156,82.77999877929688,81.70999908447266,82.29000091552734,14113600
2012-05-25,47.22463607788086,82.08000183105469,82.95999908447266,81.68000030517578,82.86000061035156,12756500
2012-05-29,47.138328552246094,81.93000030517578,82.63999938964844,81.31999969482422,82.63999938964844,15931100
2012-05-30,45.907081604003906,79.79000091552734,81.37999725341797,79.58999633789062,81.08000183105469,19593100
2012-05-31,45.239681243896484,78.62999725341797,80.13999938964844,78.41000366210938,79.87999725341797,38954600
2012-06-01,44.831172943115234,77.91999816894531,78.55999755859375,77.47000122070312,77.87000274658203,22870900
2012-06-04,44.77939224243164,77.83000183105469,78.25,77.19999694824219,78.08999633789062,17711200
2012-06-05,44.647064208984375,77.5999984741211,78.29000091552734,77.12999725341797,77.58999633789062,17715600
2012-06-06,46.13146209716797,80.18000030517578,80.23999786376953,78.08000183105469,78.37000274658203,23880900
2012-06-07,46.42490005493164,80.69000244140625,81.2300033569336,80.3499984741211,80.9800033569336,18409400
2012-06-08,46.51118469238281,80.83999633789062,80.91999816894531,79.45999908447266,80.08000183105469,18150000
2012-06-11,46.183250427246094,80.2699966430664,81.8499984741211,80.16999816894531,81.62000274658203,18031800
2012-06-12,46.75285339355469,81.26000213623047,81.51000213623047,80.62000274658203,80.73999786376953,14162100
2012-06-13,46.39036560058594,80.62999725341797,81.63999938964844,80.27999877929688,80.94000244140625,15098100
2012-06-14,47.25340270996094,82.12999725341797,82.5,80.7300033569336,80.86000061035156,16942300
2012-06-15,47.880516052246094,83.22000122070312,83.44999694824219,82.22000122070312,82.56999969482422,27342800
2012-06-18,47.81722640991211,83.11000061035156,83.18000030517578,82.3499984741211,82.51000213623047,13885100
2012-06-19,48.6054801940918,84.4800033569336,84.62999725341797,83.30999755859375,83.7300033569336,21053300
2012-06-20,48.887386322021484,84.97000122070312,85.38999938964844,84.05999755859375,84.4000015258789,23274300
2012-06-21,47.24188232421875,82.11000061035156,85.37000274658203,82.05000305175781,85.04000091552734,33751900
2012-06-22,47.24188232421875,82.11000061035156,83.22000122070312,82.11000061035156,82.68000030517578,84747800
2012-06-25,46.74132537841797,81.23999786376953,81.43000030517578,79.77999877929688,81.22000122070312,28761600
2012-06-26,47.40873336791992,82.4000015258789,82.97000122070312,81.20999908447266,81.51000213623047,22853700
2012-06-27,47.86901092529297,83.19999694824219,83.66000366210938,82.70999908447266,82.80999755859375,15301400
2012-06-28,47.81147766113281,83.0999984741211,83.45999908447266,82.0199966430664,82.66000366210938,19140300
2012-06-29,49.232601165771484,85.56999969482422,85.69999694824219,84.45999908447266,84.77999877929688,24906300
2012-07-02,49.100284576416016,85.33999633789062,85.47000122070312,84.54000091552734,85.44000244140625,14447800
2012-07-03,49.64109420776367,86.27999877929688,86.27999877929688,85.62000274658203,85.69000244140625,9787700
2012-07-05,49.232601165771484,85.56999969482422,86.04000091552734,85.1500015258789,85.33000183105469,10797100
2012-07-06,48.78959655761719,84.80000305175781,85.04000091552734,84.19999694824219,84.26000213623047,13259400
2012-07-09,48.12793731689453,83.6500015258789,84.55000305175781,83.0199966430664,84.5199966430664,22361600
2012-07-10,47.81722640991211,83.11000061035156,84.38999938964844,82.83000183105469,84.08000183105469,14106100
2012-07-11,48.54792785644531,84.37999725341797,84.68000030517578,83.23999786376953,83.4800033569336,18337600
2012-07-12,48.398345947265625,84.12000274658203,84.55000305175781,83.31999969482422,83.41000366210938,15566400
2012-07-13,49.175052642822266,85.47000122070312,85.56999969482422,84.26000213623047,84.44999694824219,13642000
2012-07-16,48.933387756347656,85.05000305175781,85.41999816894531,84.66000366210938,84.83000183105469,11269200
2012-07-17,49.32465744018555,85.7300033569336,85.81999969482422,84.0999984741211,85.18000030517578,14059400
2012-07-18,49.600807189941406,86.20999908447266,86.22000122070312,85.06999969482422,85.33999633789062,14203500
2012-07-19,49.600807189941406,86.20999908447266,86.37999725341797,85.62000274658203,86.0199966430664,14902300
2012-07-20,49.451229095458984,85.94999694824219,86.1500015258789,85.2699966430664,85.87000274658203,16838300
2012-07-23,49.02547073364258,85.20999908447266,85.45999908447266,84.33000183105469,84.80000305175781,13597800
2012-07-24,48.66300964355469,84.58000183105469,85.26000213623047,83.5,85.20999908447266,13948300
2012-07-25,49.042728424072266,85.23999786376953,85.55000305175781,84.66000366210938,85.13999938964844,16566000
2012-07-26,49.7791862487793,86.5199966430664,86.69999694824219,85.26000213623047,85.55999755859375,19149300
2012-07-27,50.31422424316406,87.44999694824219,87.8499984741211,85.5,86.58999633789062,24079300
2012-07-30,50.37753677368164,87.55999755859375,87.83000183105469,87.08000183105469,87.27999877929688,11183500
2012-07-31,49.96903991699219,86.8499984741211,87.66000366210938,86.79000091552734,87.37000274658203,12212200
2012-08-01,50.003562927246094,86.91000366210938,87.44999694824219,86.18000030517578,87.0199966430664,14312300
2012-08-02,49.410945892333984,85.87999725341797,86.75,85.5,86.0999984741211,14530100
2012-08-03,50.37176513671875,87.55000305175781,87.88999938964844,86.80000305175781,87.06999969482422,13982500
2012-08-06,50.31422424316406,87.44999694824219,87.87999725341797,87.37000274658203,87.55000305175781,9626400
2012-08-07,50.584659576416016,87.91999816894531,88.0,87.68000030517578,87.87999725341797,12399800
2012-08-08,50.79177474975586,88.27999877929688,88.5,87.68000030517578,87.75,12864500
2012-08-09,51.07555389404297,88.19999694824219,88.4800033569336,87.51000213623047,87.83999633789062,12213700
2012-08-10,51.21452713012695,88.44000244140625,88.48999786376953,87.1500015258789,87.66999816894531,11149000
2012-08-13,51.0407829284668,88.13999938964844,88.23999786376953,87.7699966430664,88.0999984741211,8716300
2012-08-14,51.07555389404297,88.19999694824219,88.63999938964844,87.9000015258789,88.16999816894531,8675700
2012-08-15,50.9597282409668,88.0,88.66999816894531,87.91000366210938,88.19000244140625,8510100
2012-08-16,51.34770965576172,88.66999816894531,88.87000274658203,87.95999908447266,88.19000244140625,11311300
2012-08-17,51.19136047363281,88.4000015258789,88.91000366210938,88.16000366210938,88.88999938964844,11177700
2012-08-20,50.93077087402344,87.94999694824219,88.22000122070312,87.62999725341797,88.06999969482422,8813700
2012-08-21,50.64702224731445,87.45999908447266,88.41000366210938,87.26000213623047,88.13999938964844,10767100
2012-08-22,50.80336380004883,87.7300033569336,87.91000366210938,87.0199966430664,87.19999694824219,10160400
2012-08-23,50.560157775878906,87.30999755859375,87.79000091552734,86.9800033569336,87.79000091552734,9666300
2012-08-24,50.98868179321289,88.05000305175781,88.30000305175781,86.93000030517578,87.16000366210938,9762300
2012-08-27,50.80916976928711,87.73999786376953,88.19999694824219,87.61000061035156,88.06999969482422,8252100
2012-08-28,51.01762390136719,88.0999984741211,88.4000015258789,87.41999816894531,87.56999969482422,9646800
2012-08-29,50.90179443359375,87.9000015258789,88.19000244140625,87.73999786376953,88.06999969482422,8377300
2012-08-30,50.4964599609375,87.19999694824219,87.7300033569336,87.0199966430664,87.37999725341797,8915800
2012-08-31,50.55436706542969,87.30000305175781,87.8499984741211,87.13999938964844,87.61000061035156,14178800
2012-09-04,50.45014190673828,87.12000274658203,87.45999908447266,86.5199966430664,87.33000183105469,10602900
2012-09-05,50.57174301147461,87.33000183105469,87.6500015258789,87.05999755859375,87.5199966430664,10113100
2012-09-06,51.53300857543945,88.98999786376953,89.25,87.8499984741211,87.88999938964844,15713500
2012-09-07,52.071598052978516,89.91999816894531,90.0,89.2699966430664,89.2699966430664,15623900
2012-09-10,51.8167839050293,89.4800033569336,90.0,89.4000015258789,89.81999969482422,10750700
2012-09-11,51.89783477783203,89.62000274658203,89.94999694824219,89.55000305175781,89.75,9349400
2012-09-12,51.857322692871094,89.55000305175781,89.9000015258789,89.41000366210938,89.62999725341797,9982900
2012-09-13,52.8301887512207,91.2300033569336,91.55999755859375,89.43000030517578,89.70999908447266,19870900
2012-09-14,53.4498176574707,92.30000305175781,92.4000015258789,91.25,91.5,21388800
2012-09-17,53.223968505859375,91.91000366210938,92.5,91.55000305175781,91.91999816894531,11893700
2012-09-18,53.073394775390625,91.6500015258789,92.22000122070312,91.4000015258789,91.43000030517578,10950100
2012-09-19,52.44798278808594,90.56999969482422,91.75,90.56999969482422,91.4800033569336,16302100
2012-09-20,52.99809646606445,91.5199966430664,91.69000244140625,90.08999633789062,90.13999938964844,12238400
2012-09-21,53.22976303100586,91.91999816894531,92.2300033569336,91.63999938964844,92.02999877929688,19599100
2012-09-24,53.20659637451172,91.87999725341797,92.20999908447266,91.30000305175781,91.30999755859375,11023700
2012-09-25,53.12552261352539,91.73999786376953,92.56999969482422,91.54000091552734,92.11000061035156,14035800
2012-09-26,52.8301887512207,91.2300033569336,92.04000091552734,91.0999984741211,91.72000122070312,11616500
2012-09-27,53.16025161743164,91.80000305175781,92.25,91.19000244140625,91.83000183105469,10632700
2012-09-28,52.957576751708984,91.44999694824219,91.6500015258789,90.93000030517578,91.4800033569336,12507600
2012-10-01,53.16025161743164,91.80000305175781,92.5,91.5999984741211,91.79000091552734,10343500
2012-10-02,53.113929748535156,91.72000122070312,92.18000030517578,91.27999877929688,92.12000274658203,9507800
2012-10-03,53.102352142333984,91.69999694824219,91.80999755859375,91.16999816894531,91.6500015258789,10328100
2012-10-04,53.40349197387695,92.22000122070312,92.54000091552734,91.91000366210938,92.08000183105469,11507100
2012-10-05,53.594581604003906,92.55000305175781,93.0,92.2300033569336,92.58999633789062,9890100
2012-10-08,53.66985321044922,92.68000030517578,92.87000274658203,92.04000091552734,92.1500015258789,8765200
2012-10-09,53.351348876953125,92.12999725341797,93.36000061035156,92.11000061035156,92.83000183105469,13799200
2012-10-10,52.71436309814453,91.02999877929688,92.0199966430664,90.66999816894531,91.80000305175781,15332500
2012-10-11,52.79544448852539,91.16999816894531,91.87999725341797,91.16999816894531,91.56999969482422,9789900
2012-10-12,52.71436309814453,91.02999877929688,91.72000122070312,90.51000213623047,91.51000213623047,9943700
2012-10-15,52.992347717285156,91.51000213623047,91.69000244140625,90.54000091552734,91.3499984741211,10651100
2012-10-16,53.49612808227539,92.37999725341797,92.4800033569336,91.80000305175781,91.88999938964844,9069300
2012-10-17,54.08100509643555,93.38999938964844,93.54000091552734,92.61000061035156,92.62000274658203,10759100
2012-10-18,54.13311767578125,93.4800033569336,93.56999969482422,92.97000122070312,92.97000122070312,11815500
2012-10-19,53.362945556640625,92.1500015258789,93.66999816894531,91.75,93.56999969482422,15928100
2012-10-22,53.3861198425293,92.19000244140625,92.26000213623047,91.08000183105469,91.66999816894531,11445400
2012-10-23,52.22214126586914,90.18000030517578,91.37999725341797,90.01000213623047,91.12999725341797,14085500
2012-10-24,52.048404693603516,89.87999725341797,90.62000274658203,89.7699966430664,90.45999908447266,11332500
2012-10-25,52.366886138916016,90.43000030517578,90.80000305175781,89.68000030517578,90.62999725341797,10387200
2012-10-26,52.47693634033203,90.62000274658203,91.06999969482422,90.01000213623047,90.55999755859375,11583000
2012-10-31,52.79544448852539,91.16999816894531,91.41000366210938,90.11000061035156,91.02999877929688,14848500
2012-11-01,53.0444450378418,91.5999984741211,91.66999816894531,90.19999694824219,90.25,15771900
2012-11-02,52.274269104003906,90.2699966430664,91.94000244140625,90.05999755859375,91.76000213623047,12742400
2012-11-05,52.482749938964844,90.62999725341797,90.80999755859375,89.69999694824219,90.04000091552734,11222600
2012-11-06,53.05024337768555,91.61000061035156,92.05000305175781,90.7300033569336,90.86000061035156,12026500
2012-11-07,51.38365936279297,88.18000030517578,90.23999786376953,87.69999694824219,90.23999786376953,19423500
2012-11-08,50.73686218261719,87.06999969482422,88.43000030517578,87.02999877929688,88.2699966430664,13743000
2012-11-09,50.81843948364258,87.20999908447266,87.94999694824219,86.61000061035156,86.61000061035156,13407000
2012-11-12,50.88254165649414,87.31999969482422,87.69000244140625,86.94999694824219,87.2699966430664,9004300
2012-11-13,50.387229919433594,86.47000122070312,87.98999786376953,86.44000244140625,86.75,12260300
2012-11-14,50.15414047241211,86.06999969482422,87.11000061035156,85.87999725341797,86.75,14524100
2012-11-15,50.194942474365234,86.13999938964844,86.55999755859375,85.37000274658203,86.08999633789062,13783600
2012-11-16,50.375579833984375,86.44999694824219,86.70999908447266,85.05999755859375,86.13999938964844,17405200
2012-11-19,51.08647918701172,87.66999816894531,88.19999694824219,87.08999633789062,87.4000015258789,12911000
2012-11-20,50.9874267578125,87.5,87.87999725341797,86.7699966430664,87.51000213623047,10288100
2012-11-21,51.28462219238281,88.01000213623047,88.0199966430664,87.4800033569336,87.80999755859375,13905300
2012-11-23,51.91393280029297,89.08999633789062,89.08999633789062,88.01000213623047,88.25,11931000
2012-11-26,51.640071868896484,88.62000274658203,88.62999725341797,88.02999877929688,88.31999969482422,16423600
2012-11-27,50.9000244140625,87.3499984741211,88.54000091552734,87.23999786376953,88.4000015258789,11841600
2012-11-28,51.337032318115234,88.0999984741211,88.19000244140625,86.27999877929688,86.52999877929688,15959900
2012-11-29,51.34871292114258,88.12000274658203,88.69000244140625,87.62999725341797,88.37000274658203,11579100
2012-11-30,51.360347747802734,88.13999938964844,88.4000015258789,87.81999969482422,88.06999969482422,15522100
2012-12-03,51.051544189453125,87.61000061035156,88.58000183105469,87.47000122070312,88.55000305175781,10937300
2012-12-04,50.80677795410156,87.19000244140625,87.97000122070312,87.19000244140625,87.37999725341797,11980000
2012-12-05,51.12144470214844,87.7300033569336,88.2699966430664,87.0999984741211,87.2699966430664,12717800
2012-12-06,51.27878189086914,88.0,88.05999755859375,87.23999786376953,87.76000213623047,12077000
2012-12-07,51.6284065246582,88.5999984741211,88.63999938964844,87.7699966430664,88.16999816894531,10603100
2012-12-10,51.5177116394043,88.41000366210938,88.94999694824219,88.23999786376953,88.58000183105469,11549400
2012-12-11,51.855655670166016,88.98999786376953,89.48999786376953,88.4000015258789,88.61000061035156,12634600
2012-12-12,52.123714447021484,89.44999694824219,90.37000274658203,88.91000366210938,89.08999633789062,14729500
2012-12-13,51.61675262451172,88.58000183105469,89.44999694824219,88.2699966430664,89.16000366210938,12290300
2012-12-14,51.32538604736328,88.08000183105469,88.44999694824219,87.91999816894531,88.0,13363600
2012-12-17,51.785743713378906,88.87000274658203,88.94000244140625,88.0999984741211,88.36000061035156,15672500
2012-12-18,52.18780517578125,89.55999755859375,89.73999786376953,88.55999755859375,88.75,15396600
2012-12-19,51.53518295288086,88.44000244140625,89.61000061035156,88.37999725341797,89.54000091552734,15092500
2012-12-20,51.79737854003906,88.88999938964844,88.94000244140625,87.9800033569336,88.37999725341797,15789000
2012-12-21,50.83011245727539,87.2300033569336,88.5999984741211,87.01000213623047,87.66000366210938,33057000
2012-12-24,50.64944076538086,86.91999816894531,87.31999969482422,86.80000305175781,87.12999725341797,6385200
2012-12-26,50.73686218261719,87.06999969482422,87.68000030517578,86.56999969482422,87.20999908447266,10737800
2012-12-27,50.61449432373047,86.86000061035156,87.23999786376953,85.75,87.05000305175781,14258500
2012-12-28,49.58892822265625,85.0999984741211,86.29000091552734,85.06999969482422,86.0999984741211,13358700
2012-12-31,50.433860778808594,86.55000305175781,86.66000366210938,84.69999694824219,85.04000091552734,19810800
2013-01-02,51.6925048828125,88.70999908447266,88.72000122070312,87.23999786376953,87.79000091552734,16143700
2013-01-03,51.59926986694336,88.55000305175781,88.88999938964844,88.16000366210938,88.45999908447266,13268200
2013-01-04,51.83818054199219,88.95999908447266,89.08999633789062,88.37000274658203,88.5,11427900
2013-01-07,51.23798370361328,87.93000030517578,88.48999786376953,87.56999969482422,88.30999755859375,11799800
2013-01-08,51.558494567871094,88.4800033569336,88.4800033569336,87.29000091552734,87.81999969482422,14226400
2013-01-09,51.360347747802734,88.13999938964844,88.54000091552734,87.75,88.4000015258789,10892200
2013-01-10,51.919761657714844,89.0999984741211,89.4800033569336,88.37000274658203,88.75,13099600
2013-01-11,52.216949462890625,89.61000061035156,89.70999908447266,88.86000061035156,88.97000122070312,11645600
2013-01-14,52.19947052001953,89.58000183105469,89.75,89.31999969482422,89.45999908447266,9606700
2013-01-15,52.17031478881836,89.52999877929688,89.61000061035156,89.0,89.18000030517578,9195400
2013-01-16,52.1353645324707,89.47000122070312,89.4800033569336,89.06999969482422,89.16000366210938,9645000
2013-01-17,52.56075668334961,90.19999694824219,90.94000244140625,89.5999984741211,89.76000213623047,13400300
2013-01-18,52.9103889465332,90.80000305175781,90.83000183105469,89.83000183105469,90.08999633789062,17196000
2013-01-22,52.98029327392578,90.91999816894531,90.94000244140625,90.20999908447266,90.2699966430664,11897500
2013-01-23,52.852115631103516,90.69999694824219,90.87999725341797,90.41999816894531,90.5,10906800
2013-01-24,53.230873107910156,91.3499984741211,91.72000122070312,90.75,90.87999725341797,11100000
2013-01-25,53.452308654785156,91.7300033569336,91.80000305175781,91.12999725341797,91.56999969482422,11090600
2013-01-28,53.09101867675781,91.11000061035156,91.66999816894531,90.7699966430664,91.66999816894531,11617500
2013-01-29,53.46977615356445,91.76000213623047,91.93000030517578,91.19999694824219,91.20999908447266,11700600
2013-01-30,52.834632873535156,90.66999816894531,91.72000122070312,90.37999725341797,91.16999816894531,15645400
2013-01-31,52.42675018310547,89.97000122070312,91.20999908447266,89.73999786376953,90.69000244140625,15991500
2013-02-01,52.46751403808594,90.04000091552734,90.5,89.36000061035156,90.44000244140625,15699200
2013-02-04,51.948890686035156,89.1500015258789,89.62000274658203,88.83999633789062,89.41000366210938,13347300
2013-02-05,52.29271697998047,89.73999786376953,90.19000244140625,89.41999816894531,89.87999725341797,11679700
2013-02-06,52.32185745239258,89.79000091552734,89.88999938964844,89.16000366210938,89.37000274658203,11768700
2013-02-07,51.75298309326172,88.25,89.22000122070312,87.61000061035156,89.20999908447266,13463300
2013-02-08,51.96410369873047,88.61000061035156,88.80000305175781,88.11000061035156,88.5,11412300
2013-02-11,51.77058029174805,88.27999877929688,88.51000213623047,87.97000122070312,88.3499984741211,8764700
2013-02-12,51.876121520996094,88.45999908447266,88.62000274658203,87.91999816894531,88.25,9752100
2013-02-13,51.999298095703125,88.66999816894531,88.7699966430664,88.23999786376953,88.45999908447266,8940300
2013-02-14,51.91132354736328,88.5199966430664,88.80999755859375,88.05999755859375,88.33999633789062,13238900
2013-02-15,51.81748962402344,88.36000061035156,88.61000061035156,87.80000305175781,88.56999969482422,15696900
2013-02-19,52.38046646118164,89.31999969482422,89.41000366210938,88.37999725341797,88.54000091552734,12158900
2013-02-20,52.17521286010742,88.97000122070312,89.81999969482422,88.9000015258789,89.13999938964844,13936400
2013-02-21,51.95238494873047,88.58999633789062,89.0199966430664,88.36000061035156,88.79000091552734,10939800
2013-02-22,52.31010055541992,89.19999694824219,89.27999877929688,88.4000015258789,89.0199966430664,10260200
2013-02-25,51.43046188354492,87.69999694824219,90.19000244140625,87.69999694824219,89.87999725341797,15302900
2013-02-26,51.90547561645508,88.51000213623047,88.9800033569336,87.76000213623047,88.5,15073200
2013-02-27,52.503623962402344,89.52999877929688,89.6500015258789,88.30999755859375,88.5,11195200
2013-02-28,52.515377044677734,89.55000305175781,89.80999755859375,89.02999877929688,89.66999816894531,14552000
2013-03-01,52.444984436035156,89.43000030517578,89.68000030517578,88.91999816894531,89.06999969482422,11301600
2013-03-04,52.163509368896484,88.94999694824219,89.25,88.45999908447266,89.12999725341797,10994000
2013-03-05,52.55054473876953,89.61000061035156,90.1500015258789,89.29000091552734,89.4800033569336,13072600
2013-03-06,52.52122116088867,89.55999755859375,89.94999694824219,89.05000305175781,89.5999984741211,13234400
2013-03-07,52.02275085449219,88.70999908447266,89.76000213623047,88.68000030517578,89.62999725341797,12905300
2013-03-08,52.17521286010742,88.97000122070312,89.2300033569336,88.3499984741211,89.01000213623047,11896300
2013-03-11,52.28667449951172,89.16000366210938,89.55000305175781,88.54000091552734,89.01000213623047,12454800
2013-03-12,52.28667449951172,89.16000366210938,89.91000366210938,89.01000213623047,89.44999694824219,11470000
2013-03-13,52.34529495239258,89.26000213623047,89.5,88.83000183105469,89.0199966430664,10539900
2013-03-14,52.679569244384766,89.83000183105469,89.91000366210938,89.41000366210938,89.41000366210938,13775500
2013-03-15,52.40981674194336,89.37000274658203,89.61000061035156,88.79000091552734,89.19999694824219,29240100
2013-03-18,52.05793380737305,88.7699966430664,89.38999938964844,88.55000305175781,88.73999786376953,11553700
2013-03-19,51.94651794433594,88.58000183105469,89.08999633789062,88.0199966430664,88.88999938964844,11987900
2013-03-20,51.975833892822266,88.62999725341797,89.20999908447266,88.30000305175781,88.94999694824219,11319000
2013-03-21,51.70607376098633,88.16999816894531,88.63999938964844,87.9000015258789,88.12000274658203,13447500
2013-03-22,52.36290740966797,89.29000091552734,89.29000091552734,88.31999969482422,88.4000015258789,10786600
2013-03-25,52.20455551147461,89.0199966430664,89.9000015258789,88.66000366210938,89.5,12900800
2013-03-26,52.85548782348633,90.12999725341797,90.30000305175781,89.36000061035156,89.41000366210938,12329600
2013-03-27,53.11940002441406,90.58000183105469,90.73999786376953,89.47000122070312,89.55999755859375,12350800
2013-03-28,52.84376525878906,90.11000061035156,90.9800033569336,89.98999786376953,90.63999938964844,17485200
2013-04-01,53.23081588745117,90.7699966430664,90.98999786376953,89.9800033569336,90.12999725341797,9414200
2013-04-02,53.11940002441406,90.58000183105469,90.91999816894531,90.27999877929688,90.58999633789062,9991800
2013-04-03,52.738197326660156,89.93000030517578,90.83000183105469,89.86000061035156,90.6500015258789,12197100
2013-04-04,52.64437484741211,89.7699966430664,90.33000183105469,89.22000122070312,90.0999984741211,11582000
2013-04-05,52.19869613647461,89.01000213623047,89.20999908447266,88.4000015258789,88.61000061035156,12771600
2013-04-08,51.95824432373047,88.5999984741211,89.11000061035156,88.1500015258789,89.11000061035156,11013900
2013-04-09,52.05793380737305,88.7699966430664,89.33999633789062,88.58999633789062,88.69000244140625,10753400
2013-04-10,52.00518798828125,88.68000030517578,89.16000366210938,88.19999694824219,88.44999694824219,14823700
2013-04-11,52.321834564208984,89.22000122070312,89.2699966430664,88.2300033569336,88.94999694824219,14979900
2013-04-12,52.18695068359375,88.98999786376953,89.19000244140625,88.41000366210938,88.87999725341797,11505100
2013-04-15,50.72087860107422,86.48999786376953,88.66999816894531,86.2699966430664,88.29000091552734,19626200
2013-04-16,50.79124069213867,86.61000061035156,87.2300033569336,86.08999633789062,87.19000244140625,14578800
2013-04-17,50.48043441772461,86.08000183105469,86.37999725341797,85.0199966430664,86.20999908447266,17341200
2013-04-18,50.797096252441406,86.62000274658203,87.08000183105469,85.77999877929688,86.27999877929688,14730400
2013-04-19,51.28382110595703,87.44999694824219,87.48999786376953,86.43000030517578,87.2699966430664,18393300
2013-04-22,51.659175872802734,88.08999633789062,88.31999969482422,87.29000091552734,87.61000061035156,11262000
2013-04-23,52.36875915527344,89.30000305175781,89.48999786376953,87.94000244140625,88.38999938964844,15567700
2013-04-24,52.444984436035156,89.43000030517578,89.88999938964844,89.3499984741211,89.44999694824219,13028800
2013-04-25,51.64741897583008,88.06999969482422,88.9000015258789,87.6500015258789,88.88999938964844,16328700
2013-04-26,51.606388092041016,88.0,88.27999877929688,87.5999984741211,87.80999755859375,10791800
2013-04-29,51.729530334472656,88.20999908447266,88.83000183105469,88.01000213623047,88.26000213623047,11093000
2013-04-30,52.18695068359375,88.98999786376953,88.98999786376953,87.76000213623047,88.26000213623047,14572600
2013-05-01,51.31904220581055,87.51000213623047,88.83999633789062,87.4800033569336,88.5199966430664,11616500
2013-05-02,51.975833892822266,88.62999725341797,88.83999633789062,87.73999786376953,87.9800033569336,11330100
2013-05-03,52.79099655151367,90.0199966430664,90.19000244140625,88.91999816894531,89.0,13036600
2013-05-06,53.11940002441406,90.58000183105469,90.87999725341797,89.93000030517578,90.25,10613400
2013-05-07,53.45366668701172,91.1500015258789,91.1500015258789,90.13999938964844,90.62000274658203,11088900
2013-05-08,53.77619552612305,91.69999694824219,91.8499984741211,91.02999877929688,91.05000305175781,13638300
2013-05-09,53.752593994140625,91.02999877929688,91.55999755859375,90.69000244140625,91.13999938964844,13771900
2013-05-10,53.227054595947266,90.13999938964844,90.94999694824219,89.79000091552734,90.87000274658203,10975400
2013-05-13,53.20343017578125,90.0999984741211,90.13999938964844,89.43000030517578,89.80000305175781,9810100
2013-05-14,53.799808502197266,91.11000061035156,91.19000244140625,90.0199966430664,90.1500015258789,9890300
2013-05-15,53.87657928466797,91.23999786376953,91.31999969482422,90.41000366210938,90.63999938964844,10399400
2013-05-16,53.5577392578125,90.69999694824219,91.29000091552734,90.5,90.80000305175781,10469600
2013-05-17,54.183631896972656,91.76000213623047,91.87999725341797,90.52999877929688,91.06999969482422,12721300
2013-05-20,54.63241195678711,92.5199966430664,92.69000244140625,91.45999908447266,91.61000061035156,12417700
2013-05-21,54.797760009765625,92.80000305175781,93.43000030517578,92.37999725341797,92.66999816894531,12519900
2013-05-22,54.437557220458984,92.19000244140625,93.5,91.80999755859375,92.83000183105469,19253300
2013-05-23,54.201358795166016,91.79000091552734,92.36000061035156,91.36000061035156,91.55999755859375,15357300
2013-05-24,54.04783630371094,91.52999877929688,91.7699966430664,91.0,91.37999725341797,12771900
2013-05-28,54.549739837646484,92.37999725341797,93.18000030517578,91.76000213623047,92.94000244140625,15197800
2013-05-29,54.37258529663086,92.08000183105469,92.41999816894531,91.58999633789062,91.76000213623047,11563200
2013-05-30,54.378501892089844,92.08999633789062,92.68000030517578,91.5999984741211,91.97000122070312,9734700
2013-05-31,53.4218864440918,90.47000122070312,92.37000274658203,90.45999908447266,91.94999694824219,17917400
2013-06-03,54.006492614746094,91.45999908447266,91.51000213623047,90.4800033569336,90.52999877929688,14177500
2013-06-04,53.61085510253906,90.79000091552734,91.48999786376953,90.22000122070312,91.18000030517578,12481300
2013-06-05,52.93769836425781,89.6500015258789,91.12000274658203,89.61000061035156,90.68000030517578,12888000
2013-06-06,53.280174255371094,90.2300033569336,90.2300033569336,89.0,89.44999694824219,15393300
2013-06-07,54.000579833984375,91.44999694824219,91.5,90.48999786376953,90.88999938964844,12504700
2013-06-10,53.80571365356445,91.12000274658203,91.94000244140625,90.87000274658203,91.93000030517578,10372300
2013-06-11,53.416015625,90.45999908447266,91.04000091552734,90.2300033569336,90.37999725341797,10739400
2013-06-12,52.990848541259766,89.73999786376953,91.31999969482422,89.58999633789062,91.12999725341797,10864500
2013-06-13,53.92973327636719,91.33000183105469,91.70999908447266,89.61000061035156,89.62999725341797,13501300
2013-06-14,53.486854553222656,90.58000183105469,91.30000305175781,90.29000091552734,91.16000366210938,12158400
2013-06-17,54.0360221862793,91.51000213623047,91.7699966430664,90.7699966430664,90.97000122070312,12026400
2013-06-18,54.284027099609375,91.93000030517578,92.05999755859375,91.26000213623047,91.36000061035156,10678200
2013-06-19,53.734867095947266,91.0,92.2699966430664,91.0,91.79000091552734,14189500
2013-06-20,52.58339309692383,89.05000305175781,90.5199966430664,88.79000091552734,90.23999786376953,21077700
2013-06-21,52.83733367919922,89.4800033569336,90.13999938964844,88.8499984741211,89.76000213623047,25493800
2013-06-24,52.246822357177734,88.4800033569336,89.5,88.0199966430664,88.94999694824219,17653000
2013-06-25,52.61882400512695,89.11000061035156,89.62000274658203,88.4800033569336,89.58000183105469,15790100
2013-06-26,53.02629089355469,89.80000305175781,89.97000122070312,88.7300033569336,89.41999816894531,14446000
2013-06-27,53.16800308227539,90.04000091552734,90.66999816894531,90.02999877929688,90.23999786376953,12348000
2013-06-28,53.351051330566406,90.3499984741211,90.75,89.55999755859375,89.8499984741211,22984200
2013-07-01,53.321529388427734,90.30000305175781,91.12999725341797,89.95999908447266,90.38999938964844,13182200
2013-07-02,53.52229309082031,90.63999938964844,91.0999984741211,90.12000274658203,90.37000274658203,12320700
2013-07-03,53.55181121826172,90.69000244140625,90.87000274658203,90.13999938964844,90.62999725341797,5674000
2013-07-05,54.07145309448242,91.56999969482422,91.61000061035156,90.56999969482422,91.0999984741211,8917900
2013-07-08,54.47297286987305,92.25,92.52999877929688,91.9000015258789,91.95999908447266,12086700
2013-07-09,55.11661911010742,93.33999633789062,93.44000244140625,92.25,92.63999938964844,12940000
2013-07-10,54.80956268310547,92.81999969482422,93.38999938964844,92.37999725341797,93.27999877929688,12430000
2013-07-11,55.07528305053711,93.2699966430664,93.80999755859375,93.04000091552734,93.80000305175781,16184700
2013-07-12,55.15205764770508,93.4000015258789,93.44999694824219,92.72000122070312,93.25,11370300
2013-07-15,55.0634651184082,93.25,93.5,93.08999633789062,93.19000244140625,8256200
2013-07-16,55.09300994873047,93.30000305175781,93.47000122070312,92.7699966430664,93.19000244140625,11413500
2013-07-17,55.18748092651367,93.45999908447266,93.73999786376953,93.13999938964844,93.55999755859375,9393300
2013-07-18,55.73072814941406,94.37999725341797,94.83999633789062,93.70999908447266,93.80000305175781,10555400
2013-07-19,56.19720458984375,95.16999816894531,95.25,94.41000366210938,94.69000244140625,14431700
2013-07-22,55.9964485168457,94.83000183105469,95.19999694824219,94.77999877929688,94.87000274658203,9530400
2013-07-23,56.21493911743164,95.19999694824219,95.48999786376953,94.83999633789062,94.86000061035156,7377400
2013-07-24,56.090919494628906,94.98999786376953,95.30999755859375,94.41999816894531,95.30999755859375,8222800
2013-07-25,56.07912826538086,94.97000122070312,95.30999755859375,94.41999816894531,94.69000244140625,10059800
2013-07-26,55.972835540771484,94.79000091552734,94.86000061035156,93.83999633789062,94.7699966430664,9721000
2013-07-29,55.52406692504883,94.02999877929688,94.5199966430664,93.61000061035156,94.51000213623047,8844700
2013-07-30,55.39415740966797,93.80999755859375,94.33000183105469,93.45999908447266,94.22000122070312,10470700
2013-07-31,55.358734130859375,93.75,94.5999984741211,93.37999725341797,93.93000030517578,14400800
2013-08-01,54.75641632080078,92.7300033569336,93.0999984741211,91.25,92.69000244140625,23117700
2013-08-02,54.29581832885742,91.94999694824219,92.52999877929688,91.33999633789062,92.45999908447266,14408600
2013-08-05,54.08324432373047,91.58999633789062,91.76000213623047,91.01000213623047,91.41999816894531,12625900
2013-08-06,54.01239013671875,91.47000122070312,91.91000366210938,91.27999877929688,91.33000183105469,11689200
2013-08-07,53.93562698364258,91.33999633789062,91.55000305175781,91.12999725341797,91.18000030517578,8163800
2013-08-08,54.195457458496094,91.77999877929688,91.97000122070312,91.27999877929688,91.93000030517578,11529500
2013-08-09,53.93978500366211,90.72000122070312,91.36000061035156,90.43000030517578,91.19999694824219,9467800
2013-08-12,53.4463005065918,89.88999938964844,90.43000030517578,89.69000244140625,90.43000030517578,10133700
2013-08-13,53.154945373535156,89.4000015258789,89.91999816894531,89.13999938964844,89.8499984741211,10892700
2013-08-14,52.88738250732422,88.94999694824219,89.4800033569336,88.9000015258789,89.33999633789062,9797300
2013-08-15,52.41767120361328,88.16000366210938,88.87000274658203,88.05999755859375,88.66000366210938,11273400
2013-08-16,52.269046783447266,87.91000366210938,88.48999786376953,87.6500015258789,88.01000213623047,11872500
2013-08-19,51.68040084838867,86.91999816894531,87.87000274658203,86.77999877929688,87.81999969482422,11745600
2013-08-20,51.62689971923828,86.83000183105469,87.87000274658203,86.83000183105469,87.12999725341797,16498800
2013-08-21,51.383121490478516,86.41999816894531,87.3499984741211,86.38999938964844,86.94999694824219,12766900
2013-08-22,51.7160758972168,86.9800033569336,87.41999816894531,86.44999694824219,86.58000183105469,10199900
2013-08-23,52.03714370727539,87.5199966430664,87.69000244140625,86.76000213623047,87.1500015258789,9206400
2013-08-26,51.781471252441406,87.08999633789062,87.69999694824219,86.81999969482422,87.5,10654700
2013-08-27,51.620941162109375,86.81999969482422,87.48999786376953,86.58000183105469,86.62000274658203,13960200
2013-08-28,52.821990966796875,88.83999633789062,88.98999786376953,87.27999877929688,87.27999877929688,17738800
2013-08-29,51.888484954833984,87.2699966430664,88.62999725341797,87.2300033569336,88.62999725341797,11407800
2013-08-30,51.8231086730957,87.16000366210938,87.55000305175781,86.79000091552734,87.38999938964844,12480400
2013-09-03,51.81716537475586,87.1500015258789,88.0,86.83000183105469,87.69999694824219,10546700
2013-09-04,52.17982482910156,87.76000213623047,87.9800033569336,86.9000015258789,87.01000213623047,9822300
2013-09-05,51.936065673828125,87.3499984741211,88.30000305175781,87.33000183105469,88.05999755859375,11740100
2013-09-06,51.876609802246094,87.25,87.7300033569336,86.80000305175781,87.48999786376953,12950600
2013-09-09,52.346309661865234,88.04000091552734,88.19000244140625,87.30999755859375,87.33999633789062,9297000
2013-09-10,52.21552276611328,87.81999969482422,88.4000015258789,87.27999877929688,88.4000015258789,11823100
2013-09-11,52.821990966796875,88.83999633789062,88.8499984741211,87.87999725341797,87.87999725341797,11201200
2013-09-12,52.31065368652344,87.9800033569336,88.80000305175781,87.86000061035156,88.58999633789062,10917200
2013-09-13,52.56037521362305,88.4000015258789,88.87999725341797,88.1500015258789,88.1500015258789,8254200
2013-09-16,52.720916748046875,88.66999816894531,89.18000030517578,88.48999786376953,88.87999725341797,9421300
2013-09-17,52.88144302368164,88.94000244140625,89.3499984741211,88.6500015258789,88.70999908447266,8941200
2013-09-18,53.26197052001953,89.58000183105469,89.87000274658203,88.37000274658203,88.91000366210938,15134700
2013-09-19,53.0836067199707,89.27999877929688,89.73999786376953,88.9800033569336,89.63999938964844,11757500
2013-09-20,52.7149543762207,88.66000366210938,89.75,88.58999633789062,89.52999877929688,20651100
2013-09-23,52.17388916015625,87.75,88.91000366210938,87.63999938964844,88.29000091552734,12227700
2013-09-24,51.942012786865234,87.36000061035156,88.06999969482422,87.27999877929688,87.58999633789062,12129200
2013-09-25,51.81121826171875,87.13999938964844,87.5999984741211,86.93000030517578,87.58999633789062,13577400
2013-09-26,51.76958084106445,87.06999969482422,87.44999694824219,86.80999755859375,87.4000015258789,9787100
2013-09-27,51.66851806640625,86.9000015258789,87.01000213623047,86.61000061035156,86.8499984741211,10867100
2013-09-30,51.15717697143555,86.04000091552734,86.69999694824219,85.61000061035156,86.05999755859375,17486100
2013-10-01,51.13338851928711,86.0,86.33999633789062,85.77999877929688,85.98999786376953,11885100
2013-10-02,51.18096923828125,86.08000183105469,86.11000061035156,85.27999877929688,85.75,11841400
2013-10-03,50.836097717285156,85.5,86.05000305175781,85.33999633789062,86.04000091552734,13923400
2013-10-04,51.32365798950195,86.31999969482422,86.41999816894531,85.68000030517578,86.30999755859375,11325500
2013-10-07,51.073944091796875,85.9000015258789,86.29000091552734,85.2699966430664,85.56999969482422,10985800
2013-10-08,50.842044830322266,85.51000213623047,85.94999694824219,85.47000122070312,85.86000061035156,15335700
2013-10-09,50.63395690917969,85.16000366210938,85.58999633789062,84.83000183105469,85.3499984741211,13575100
2013-10-10,51.15717697143555,86.04000091552734,86.04000091552734,84.79000091552734,85.5199966430664,17532400
2013-10-11,51.698246002197266,86.94999694824219,86.94999694824219,85.5,85.9000015258789,12661800
2013-10-14,52.08470153808594,87.5999984741211,87.73999786376953,86.51000213623047,86.51000213623047,9742100
2013-10-15,51.60310745239258,86.79000091552734,87.58000183105469,86.63999938964844,87.47000122070312,12018000
2013-10-16,51.91228103637695,87.30999755859375,87.86000061035156,86.72000122070312,87.4800033569336,11668100
2013-10-17,52.01336669921875,87.4800033569336,87.5,87.01000213623047,87.12999725341797,10438200
2013-10-18,52.05496597290039,87.55000305175781,87.73999786376953,87.30000305175781,87.69000244140625,12425100
2013-10-21,51.86471939086914,87.2300033569336,87.6500015258789,86.83999633789062,87.5,10730900
2013-10-22,52.31065368652344,87.9800033569336,88.1500015258789,87.12999725341797,87.29000091552734,12710600
2013-10-23,52.090675354003906,87.61000061035156,87.6500015258789,86.94999694824219,87.5199966430664,11449100
2013-10-24,52.5722541809082,88.41999816894531,88.7300033569336,87.97000122070312,87.9800033569336,12288900
2013-10-25,52.30471420288086,87.97000122070312,88.6500015258789,87.81999969482422,88.2300033569336,11382000
2013-10-28,52.45928955078125,88.2300033569336,88.45999908447266,87.61000061035156,87.83000183105469,9921900
2013-10-29,52.8754768371582,88.93000030517578,89.02999877929688,88.44000244140625,88.44999694824219,10340000
2013-10-30,52.804141998291016,88.80999755859375,89.4800033569336,88.69000244140625,88.97000122070312,14305900
2013-10-31,53.28575134277344,89.62000274658203,90.95999908447266,89.19999694824219,89.44999694824219,19185200
2013-11-01,53.40468215942383,89.81999969482422,90.04000091552734,88.2699966430664,89.73999786376953,19023500
2013-11-04,54.76029968261719,92.0999984741211,92.2699966430664,90.0,90.0,20591600
2013-11-05,54.694881439208984,91.98999786376953,93.25,91.23999786376953,91.33999633789062,21122500
2013-11-06,55.42620849609375,93.22000122070312,93.27999877929688,92.12000274658203,92.41999816894531,13464600
2013-11-07,55.04907989501953,91.95999908447266,92.9800033569336,91.76000213623047,92.63999938964844,16572100
2013-11-08,55.51002502441406,92.7300033569336,92.81999969482422,91.4800033569336,91.80000305175781,12330100
2013-11-11,55.647708892822266,92.95999908447266,93.2300033569336,92.5,92.8499984741211,7924700
2013-11-12,55.47410202026367,92.66999816894531,93.31999969482422,92.5,92.66999816894531,10727300
2013-11-13,55.42621612548828,92.58999633789062,92.73999786376953,92.06999969482422,92.22000122070312,9280000
2013-11-14,55.803348541259766,93.22000122070312,93.41999816894531,92.68000030517578,92.68000030517578,7909200
2013-11-15,57.030517578125,95.2699966430664,95.29000091552734,94.02999877929688,94.1500015258789,18374500
2013-11-18,57.13825988769531,95.44999694824219,96.0,95.05999755859375,95.9800033569336,14243700
2013-11-19,57.12031936645508,95.41999816894531,95.79000091552734,95.16000366210938,95.4000015258789,12697300
2013-11-20,56.677330017089844,94.68000030517578,95.94999694824219,94.37000274658203,95.75,10455400
2013-11-21,56.68330764770508,94.69000244140625,95.38999938964844,94.62999725341797,94.8499984741211,9128400
2013-11-22,56.87488555908203,95.01000213623047,95.06999969482422,94.29000091552734,94.95999908447266,8534700
2013-11-25,56.92277908325195,95.08999633789062,95.75,94.83000183105469,95.20999908447266,10515100
2013-11-26,56.4318962097168,94.2699966430664,94.80999755859375,94.1500015258789,94.75,11857900
2013-11-27,56.150543212890625,93.80000305175781,94.41999816894531,93.4800033569336,94.36000061035156,8828100
2013-11-29,55.95900344848633,93.4800033569336,94.22000122070312,93.30000305175781,93.6500015258789,6770500
2013-12-02,55.98292541503906,93.5199966430664,94.04000091552734,92.91999816894531,93.2699966430664,9310500
2013-12-03,56.50374221801758,94.38999938964844,94.4800033569336,93.2300033569336,93.5999984741211,12599500
2013-12-04,56.671348571777344,94.66999816894531,94.9000015258789,93.91999816894531,94.19000244140625,13074000
2013-12-05,56.348087310791016,94.12999725341797,94.6500015258789,93.91999816894531,94.06999969482422,10586000
2013-12-06,57.25800323486328,95.6500015258789,95.70999908447266,94.58999633789062,94.97000122070312,12063400
2013-12-09,57.37174606323242,95.83999633789062,96.25,95.5999984741211,95.94999694824219,15516700
2013-12-10,57.29392623901367,95.70999908447266,95.9800033569336,95.38999938964844,95.9000015258789,9868100
2013-12-11,56.42591857910156,94.26000213623047,95.54000091552734,94.16000366210938,95.37999725341797,12811800
2013-12-12,57.084373474121094,95.36000061035156,95.87999725341797,94.27999877929688,94.5,15562600
2013-12-13,57.05446243286133,95.30999755859375,95.91999816894531,94.66000366210938,95.12999725341797,10629500
2013-12-16,58.19783401489258,97.22000122070312,98.87999725341797,96.12999725341797,96.27999877929688,23226000
2013-12-17,57.9164924621582,96.75,97.12999725341797,96.02999877929688,97.0199966430664,14920900
2013-12-18,59.58662414550781,99.54000091552734,99.94999694824219,97.01000213623047,97.43000030517578,21331300
2013-12-19,59.52079772949219,99.43000030517578,99.5999984741211,99.0,99.5,12905900
2013-12-20,59.07182312011719,98.68000030517578,99.5999984741211,98.5999984741211,99.38999938964844,23331000
2013-12-23,58.970062255859375,98.51000213623047,99.29000091552734,98.38999938964844,99.0,10127600
2013-12-24,59.395076751708984,99.22000122070312,99.44000244140625,98.33000183105469,98.33000183105469,4168300
2013-12-26,60.400794982910156,100.9000015258789,101.02999877929688,99.37999725341797,99.41999816894531,9531200
2013-12-27,60.76588821411133,101.51000213623047,101.73999786376953,100.98999786376953,101.23999786376953,10209000
2013-12-30,60.04756164550781,100.30999755859375,101.55000305175781,100.30999755859375,101.52999877929688,9007900
2013-12-31,60.58036422729492,101.19999694824219,101.38999938964844,100.43000030517578,100.48999786376953,8509600
2014-01-02,59.71235656738281,99.75,100.76000213623047,99.38999938964844,100.5999984741211,11028100
2014-01-03,59.56867599487305,99.51000213623047,100.16999816894531,99.13999938964844,99.7699966430664,9295600
2014-01-06,59.658451080322266,99.66000366210938,100.13999938964844,98.88999938964844,99.94000244140625,11848500
2014-01-07,60.50250244140625,101.06999969482422,101.22000122070312,99.41999816894531,99.61000061035156,11187000
2014-01-08,60.30495071411133,100.73999786376953,101.19000244140625,100.1500015258789,101.19000244140625,11180400
2014-01-09,59.71832275390625,99.76000213623047,100.38999938964844,99.02999877929688,100.19999694824219,11674300
2014-01-10,60.17328643798828,100.5199966430664,100.62999725341797,99.12000274658203,99.98999786376953,10535400
2014-01-13,58.99399948120117,98.55000305175781,100.0999984741211,98.2699966430664,99.91000366210938,12110900
2014-01-14,59.33521270751953,99.12000274658203,99.2699966430664,98.6500015258789,98.80000305175781,9265000
2014-01-15,59.13166046142578,98.77999877929688,99.3499984741211,98.62999725341797,99.16000366210938,9425500
2014-01-16,59.22745132446289,98.94000244140625,99.04000091552734,98.25,98.79000091552734,9421700
2014-01-17,59.35914611816406,99.16000366210938,100.33999633789062,98.66999816894531,99.18000030517578,15998000
2014-01-21,58.96405029296875,98.5,98.88999938964844,98.04000091552734,98.56999969482422,13847300
2014-01-22,58.59291458129883,97.87999725341797,98.94999694824219,97.83999633789062,98.87999725341797,11642800
2014-01-23,58.048187255859375,96.97000122070312,97.38999938964844,96.01000213623047,97.25,15393200
2014-01-24,56.779090881347656,94.8499984741211,96.25,94.81999969482422,96.18000030517578,14584300
2014-01-27,56.82102966308594,94.91999816894531,95.58000183105469,94.75,95.08000183105469,12474600
2014-01-28,57.25800323486328,95.6500015258789,95.91999816894531,94.7699966430664,95.3499984741211,10773600
2014-01-29,56.934722900390625,95.11000061035156,96.19999694824219,94.6500015258789,94.93000030517578,13191500
2014-01-30,56.26428985595703,93.98999786376953,94.94999694824219,93.05999755859375,94.0,14628400
2014-01-31,55.168819427490234,92.16000366210938,93.27999877929688,91.69999694824219,92.8499984741211,17361400
2014-02-03,53.90574264526367,90.05000305175781,92.30999755859375,89.63999938964844,91.91999816894531,20377900
2014-02-04,53.88777160644531,90.0199966430664,90.63999938964844,89.38999938964844,90.37000274658203,17414400
2014-02-05,53.62434768676758,89.58000183105469,90.61000061035156,89.37999725341797,90.30999755859375,16393600
2014-02-06,54.13682174682617,89.80000305175781,90.18000030517578,89.25,89.51000213623047,13646100
2014-02-07,54.60704803466797,90.58000183105469,90.62999725341797,89.75,90.12000274658203,12573800
2014-02-10,53.968017578125,89.5199966430664,90.52999877929688,89.36000061035156,90.44999694824219,12237700
2014-02-11,54.76375961303711,90.83999633789062,91.0,89.4000015258789,89.55999755859375,13422800
2014-02-12,54.908470153808594,91.08000183105469,91.86000061035156,90.63999938964844,91.01000213623047,10752400
2014-02-13,55.119476318359375,91.43000030517578,91.6500015258789,90.4000015258789,90.58999633789062,9775300
2014-02-14,56.735130310058594,94.11000061035156,94.43000030517578,91.5999984741211,91.80999755859375,18260400
2014-02-18,56.71101760864258,94.06999969482422,94.72000122070312,93.36000061035156,94.06999969482422,12979300
2014-02-19,56.638668060302734,93.94999694824219,95.29000091552734,93.80000305175781,93.80000305175781,12227800
2014-02-20,57.49472427368164,95.37000274658203,95.7699966430664,93.75,93.8499984741211,14424300
2014-02-21,57.289764404296875,95.02999877929688,95.58000183105469,94.94000244140625,95.4800033569336,11282200
2014-02-24,58.139793395996094,96.44000244140625,97.25,95.41000366210938,95.61000061035156,16012500
2014-02-25,58.0614013671875,96.30999755859375,96.97000122070312,95.95999908447266,96.54000091552734,10663000
2014-02-26,57.74794387817383,95.79000091552734,96.86000061035156,95.52999877929688,96.55999755859375,9087600
2014-02-27,57.7780876159668,95.83999633789062,96.05000305175781,95.16000366210938,95.58000183105469,9101200
2014-02-28,58.03730392456055,96.2699966430664,96.83000183105469,95.77999877929688,95.95999908447266,12651400
2014-03-03,57.57311248779297,95.5,96.54000091552734,94.83000183105469,95.76000213623047,11896700
2014-03-04,58.18799591064453,96.5199966430664,96.86000061035156,95.87000274658203,96.58999633789062,12566100
2014-03-05,56.54823684692383,93.80000305175781,95.29000091552734,93.4000015258789,95.19999694824219,19829600
2014-03-06,56.52412796020508,93.76000213623047,93.94000244140625,93.2699966430664,93.66999816894531,12610400
2014-03-07,57.26564407348633,94.98999786376953,95.05999755859375,93.98999786376953,94.37000274658203,12659100
2014-03-10,57.57311248779297,95.5,95.55000305175781,94.66000366210938,95.1500015258789,9964500
2014-03-11,56.67485427856445,94.01000213623047,95.58999633789062,93.5199966430664,95.36000061035156,12143600
2014-03-12,56.7954216003418,94.20999908447266,94.47000122070312,93.55000305175781,93.63999938964844,9705400
2014-03-13,56.4517822265625,93.63999938964844,94.56999969482422,93.33000183105469,94.44000244140625,9872500
2014-03-14,56.349300384521484,93.47000122070312,94.22000122070312,93.29000091552734,93.58000183105469,11723300
2014-03-17,56.86172866821289,94.31999969482422,94.52999877929688,93.75,93.94999694824219,8676100
2014-03-18,57.096839904785156,94.70999908447266,95.25,94.06999969482422,94.41000366210938,8757300
2014-03-19,56.506065368652344,93.7300033569336,95.30000305175781,93.12999725341797,94.6500015258789,9914700
2014-03-20,57.01847457885742,94.58000183105469,94.73999786376953,93.01000213623047,93.44000244140625,10405000
2014-03-21,56.85570526123047,94.30999755859375,95.98999786376953,94.30999755859375,95.0999984741211,24479800
2014-03-24,57.05464553833008,94.63999938964844,95.0999984741211,94.4800033569336,94.76000213623047,9539800
2014-03-25,57.217430114746094,94.91000366210938,95.81999969482422,94.80000305175781,95.0999984741211,9796600
2014-03-26,57.09082794189453,94.69999694824219,95.58000183105469,94.41000366210938,95.55999755859375,11033300
2014-03-27,58.01921844482422,96.23999786376953,96.5,94.05999755859375,94.61000061035156,15427500
2014-03-28,58.899383544921875,97.69999694824219,97.97000122070312,96.47000122070312,96.47000122070312,12321800
2014-03-31,58.88733673095703,97.68000030517578,98.8499984741211,97.31999969482422,98.48999786376953,12375200
2014-04-01,58.91748046875,97.7300033569336,97.93000030517578,97.27999877929688,97.6500015258789,9475300
2014-04-02,59.05010986328125,97.94999694824219,98.05999755859375,97.18000030517578,97.52999877929688,9551000
2014-04-03,59.03805160522461,97.93000030517578,98.54000091552734,97.55999755859375,97.83000183105469,10113000
2014-04-04,58.69443130493164,97.36000061035156,98.70999908447266,97.27999877929688,98.30000305175781,12496100
2014-04-07,58.34477996826172,96.77999877929688,97.52999877929688,96.75,97.25,10120700
2014-04-08,58.748680114746094,97.44999694824219,97.87999725341797,96.75,97.01000213623047,10243000
2014-04-09,58.67634582519531,97.33000183105469,97.79000091552734,96.62999725341797,97.75,10463900
2014-04-10,58.34477996826172,96.77999877929688,97.77999877929688,96.23999786376953,96.9800033569336,13443400
2014-04-11,58.3085823059082,96.72000122070312,97.44000244140625,96.27999877929688,96.51000213623047,13352500
2014-04-14,58.99583435058594,97.86000061035156,98.05999755859375,96.73999786376953,97.48999786376953,9610200
2014-04-15,59.49020767211914,98.68000030517578,98.69999694824219,97.06999969482422,97.58000183105469,12961600
2014-04-16,60.24980545043945,99.94000244140625,100.0999984741211,98.97000122070312,99.05000305175781,12508100
2014-04-17,60.53917694091797,100.41999816894531,100.97000122070312,99.69000244140625,99.69000244140625,15435700
2014-04-21,60.84663391113281,100.93000030517578,100.93000030517578,99.88999938964844,100.02999877929688,8002100
2014-04-22,60.509029388427734,100.37000274658203,100.86000061035156,100.22000122070312,100.52999877929688,8212100
2014-04-23,60.587398529052734,100.5,100.94999694824219,100.33000183105469,100.58999633789062,8686000
2014-04-24,60.29203414916992,100.01000213623047,100.5999984741211,99.86000061035156,100.4800033569336,9057800
2014-04-25,60.533145904541016,100.41000366210938,100.56999969482422,99.93000030517578,99.98999786376953,10391500
2014-04-28,60.99132537841797,101.16999816894531,101.45999908447266,100.30999755859375,100.72000122070312,12710800
2014-04-29,61.160125732421875,101.44999694824219,102.56999969482422,101.2300033569336,101.56999969482422,10094600
2014-04-30,61.7388801574707,102.41000366210938,102.41000366210938,100.70999908447266,101.12999725341797,13966700
2014-05-01,61.13600540161133,101.41000366210938,102.38999938964844,101.19999694824219,101.95999908447266,11161700
2014-05-02,61.49771499633789,102.01000213623047,102.91000366210938,100.9800033569336,101.27999877929688,11168100
2014-05-05,62.04030990600586,102.91000366210938,103.12999725341797,101.58000183105469,101.69000244140625,7614200
2014-05-06,61.8956184387207,102.66999816894531,103.30000305175781,102.41000366210938,102.5999984741211,9669800
2014-05-07,62.16086959838867,103.11000061035156,103.44999694824219,102.79000091552734,103.12000274658203,11007400
2014-05-08,61.684593200683594,102.31999969482422,103.29000091552734,102.16999816894531,103.08999633789062,8922500
2014-05-09,61.87882995605469,101.94999694824219,102.18000030517578,101.26000213623047,101.70999908447266,8948800
2014-05-12,62.04877853393555,102.2300033569336,102.3499984741211,101.52999877929688,102.33000183105469,8830500
2014-05-13,62.127685546875,102.36000061035156,102.70999908447266,101.94000244140625,102.18000030517578,7528800
2014-05-14,62.08518981933594,102.29000091552734,102.68000030517578,102.11000061035156,102.36000061035156,6999200
2014-05-15,61.1686897277832,100.77999877929688,102.41999816894531,100.33000183105469,102.0,13658700
2014-05-16,61.14441680908203,100.73999786376953,101.0,100.31999969482422,100.58999633789062,10369200
2014-05-19,61.22334671020508,100.87000274658203,101.11000061035156,100.41999816894531,100.41999816894531,5851400
2014-05-20,61.1019287109375,100.66999816894531,101.08000183105469,100.44999694824219,100.69000244140625,6134100
2014-05-21,61.92738723754883,102.02999877929688,102.22000122070312,100.72000122070312,100.8499984741211,7747900
2014-05-22,61.605712890625,101.5,101.97000122070312,101.47000122070312,101.80999755859375,5304300
2014-05-23,61.4964485168457,101.31999969482422,101.93000030517578,101.2699966430664,101.55000305175781,5410900
2014-05-27,61.52071762084961,101.36000061035156,101.9000015258789,100.93000030517578,101.61000061035156,8359700
2014-05-28,61.338645935058594,101.05999755859375,102.06999969482422,101.05000305175781,101.2300033569336,7586700
2014-05-29,61.46609878540039,101.2699966430664,101.6500015258789,101.0199966430664,101.54000091552734,6113700
2014-05-30,61.0169563293457,100.52999877929688,101.1500015258789,100.37000274658203,100.80000305175781,11499000
2014-06-02,60.658870697021484,99.94000244140625,100.87999725341797,99.66999816894531,100.52999877929688,7761300
2014-06-03,60.93199157714844,100.38999938964844,100.69000244140625,99.58999633789062,99.58999633789062,9384200
2014-06-04,60.71956253051758,100.04000091552734,100.45999908447266,99.95999908447266,100.20999908447266,7148800
2014-06-05,61.02909469604492,100.55000305175781,100.83000183105469,99.95999908447266,100.0999984741211,12296100
2014-06-06,61.66640090942383,101.5999984741211,101.62999725341797,100.5999984741211,100.61000061035156,9340900
2014-06-09,61.61782455444336,101.5199966430664,101.95999908447266,101.19000244140625,101.44999694824219,6404800
2014-06-10,61.58142852783203,101.45999908447266,101.7300033569336,101.0,101.4800033569336,7917500
2014-06-11,61.87882995605469,101.94999694824219,102.33000183105469,101.0,101.19000244140625,10270300
2014-06-12,61.70282745361328,101.66000366210938,102.94999694824219,101.56999969482422,102.45999908447266,11421000
2014-06-13,62.3036994934082,102.6500015258789,102.66000366210938,101.62999725341797,101.93000030517578,8240300
2014-06-16,62.46757507324219,102.91999816894531,103.25,102.16999816894531,102.56999969482422,8977600
2014-06-17,62.16408157348633,102.41999816894531,102.58999633789062,101.44999694824219,102.58000183105469,9355400
2014-06-18,62.35225296020508,102.7300033569336,102.94999694824219,102.05999755859375,102.56999969482422,9575100
2014-06-19,62.29157257080078,102.62999725341797,102.83999633789062,101.68000030517578,102.61000061035156,11105600
2014-06-20,63.01990509033203,103.83000183105469,104.05999755859375,102.94000244140625,103.27999877929688,17674400
2014-06-23,63.353729248046875,104.37999725341797,104.61000061035156,103.87999725341797,104.11000061035156,8553700
2014-06-24,62.35225296020508,102.7300033569336,104.47000122070312,102.47000122070312,104.18000030517578,9708400
2014-06-25,61.99415588378906,102.13999938964844,102.62000274658203,101.52999877929688,102.33999633789062,10714800
2014-06-26,61.92738723754883,102.02999877929688,102.37999725341797,100.8499984741211,101.94000244140625,8424200
2014-06-27,61.429683685302734,101.20999908447266,101.79000091552734,100.66000366210938,101.66999816894531,15147400
2014-06-30,61.108009338378906,100.68000030517578,101.2699966430664,100.5199966430664,101.20999908447266,9454800
2014-07-01,61.52071762084961,101.36000061035156,101.58999633789062,100.79000091552734,101.1500015258789,8399600
2014-07-02,61.64818572998047,101.56999969482422,101.63999938964844,101.04000091552734,101.1500015258789,6954400
2014-07-03,62.26726531982422,102.58999633789062,103.2699966430664,101.68000030517578,101.94999694824219,6922600
2014-07-07,62.3036994934082,102.6500015258789,102.6500015258789,102.0199966430664,102.33000183105469,7979600
2014-07-08,62.412940979003906,102.83000183105469,103.2300033569336,102.16999816894531,102.33000183105469,9613600
2014-07-09,62.84995651245117,103.55000305175781,103.69000244140625,102.80999755859375,102.95999908447266,7655300
2014-07-10,62.25513458251953,102.56999969482422,103.06999969482422,102.04000091552734,102.87999725341797,8533700
2014-07-11,61.751365661621094,101.73999786376953,102.5,101.31999969482422,102.4000015258789,7680800
2014-07-14,62.321895599365234,102.68000030517578,103.08000183105469,102.16000366210938,102.16999816894531,8253100
2014-07-15,62.145896911621094,102.38999938964844,102.5999984741211,101.73999786376953,102.52999877929688,8755800
2014-07-16,62.983482360839844,103.7699966430664,103.79000091552734,102.54000091552734,102.55999755859375,8870200
2014-07-17,62.097328186035156,102.30999755859375,103.88999938964844,102.29000091552734,103.37999725341797,8145700
2014-07-18,62.35225296020508,102.7300033569336,102.95999908447266,101.86000061035156,102.69000244140625,8208300
2014-07-21,62.56467819213867,103.08000183105469,103.19000244140625,102.05999755859375,102.36000061035156,6632400
2014-07-22,62.8438720703125,103.54000091552734,104.19000244140625,103.5,103.63999938964844,7426300
2014-07-23,63.274818420410156,104.25,104.44999694824219,103.52999877929688,103.63999938964844,7007200
2014-07-24,63.29302978515625,104.27999877929688,104.72000122070312,103.94999694824219,104.41999816894531,7943000
2014-07-25,62.6253662109375,103.18000030517578,103.98999786376953,102.95999908447266,103.93000030517578,7775500
2014-07-28,63.34767532348633,104.37000274658203,104.5199966430664,102.83000183105469,103.29000091552734,9197800
2014-07-29,62.84995651245117,103.55000305175781,104.76000213623047,103.5199966430664,104.20999908447266,8055400
2014-07-30,62.667884826660156,103.25,104.1500015258789,102.56999969482422,103.7300033569336,11072100
2014-07-31,60.051902770996094,98.94000244140625,101.9800033569336,98.93000030517578,101.9800033569336,18291800
2014-08-01,59.96693801879883,98.80000305175781,99.55000305175781,98.18000030517578,98.62000274658203,14915000
2014-08-04,60.7741813659668,100.12999725341797,100.43000030517578,98.30999755859375,98.73999786376953,12148200
2014-08-05,59.602752685546875,98.19999694824219,99.54000091552734,97.77999877929688,99.4800033569336,13069400
2014-08-06,60.0761833190918,98.9800033569336,99.6500015258789,98.19999694824219,98.19999694824219,9911300
2014-08-07,59.64524841308594,98.2699966430664,99.83999633789062,97.62999725341797,99.7699966430664,10017100
2014-08-08,60.53744888305664,99.73999786376953,99.79000091552734,98.31999969482422,98.80999755859375,11199300
2014-08-11,60.34187698364258,98.7300033569336,99.41999816894531,98.54000091552734,99.27999877929688,8589600
2014-08-12,60.1952018737793,98.48999786376953,98.69000244140625,97.81999969482422,98.20999908447266,9583700
2014-08-13,60.56193161010742,99.08999633789062,99.30999755859375,98.4800033569336,98.81999969482422,7645800
2014-08-14,60.56193161010742,99.08999633789062,99.27999877929688,98.5999984741211,99.0999984741211,6547300
2014-08-15,60.525238037109375,99.02999877929688,99.43000030517578,98.13999938964844,99.23999786376953,9226900
2014-08-18,60.824710845947266,99.5199966430664,99.52999877929688,99.0999984741211,99.27999877929688,7135400
2014-08-19,60.8064079284668,99.48999786376953,99.94999694824219,99.43000030517578,99.5,8888100
2014-08-20,60.934730529785156,99.69999694824219,99.9000015258789,99.04000091552734,99.55000305175781,6751800
2014-08-21,60.67805480957031,99.27999877929688,100.06999969482422,99.26000213623047,99.80000305175781,6826200
2014-08-22,60.201316833496094,98.5,98.9800033569336,98.08000183105469,98.88999938964844,8095000
2014-08-25,60.354122161865234,98.75,98.9000015258789,98.5,98.80999755859375,7569800
2014-08-26,60.89805603027344,99.63999938964844,100.30999755859375,99.0199966430664,99.12000274658203,8536500
2014-08-27,60.830810546875,99.52999877929688,99.95999908447266,99.08999633789062,99.77999877929688,5848700
2014-08-28,60.855289459228516,99.56999969482422,99.73999786376953,99.01000213623047,99.04000091552734,6072700
2014-08-29,60.78803253173828,99.45999908447266,99.66999816894531,98.72000122070312,99.37999725341797,8873700
2014-09-02,60.1952018737793,98.48999786376953,99.58999633789062,97.80999755859375,99.43000030517578,8957100
2014-09-03,60.574119567871094,99.11000061035156,99.58999633789062,98.86000061035156,98.86000061035156,8475100
2014-09-04,60.11575698852539,98.36000061035156,99.44999694824219,97.97000122070312,99.0,9662900
2014-09-05,60.665802001953125,99.26000213623047,99.30000305175781,98.11000061035156,98.73999786376953,9476900
2014-09-08,59.755165100097656,97.7699966430664,98.91999816894531,97.44999694824219,98.91999816894531,10080100
2014-09-09,59.52291488647461,97.38999938964844,98.02999877929688,96.95999908447266,97.69000244140625,9756400
2014-09-10,59.168418884277344,96.80999755859375,97.52999877929688,95.83000183105469,97.36000061035156,12113700
2014-09-11,59.3028678894043,97.02999877929688,97.12000274658203,95.81999969482422,96.31999969482422,10181100
2014-09-12,58.53889846801758,95.77999877929688,96.58999633789062,95.62999725341797,96.52999877929688,10257500
2014-09-15,58.85059356689453,96.29000091552734,96.4000015258789,95.4000015258789,95.7300033569336,10689400
2014-09-16,59.54735565185547,97.43000030517578,98.05000305175781,96.0199966430664,96.2300033569336,11574100
2014-09-17,59.33344268798828,97.08000183105469,97.93000030517578,96.80000305175781,97.91000366210938,8774200
2014-09-18,59.046180725097656,96.61000061035156,97.31999969482422,96.4800033569336,97.1500015258789,8636600
2014-09-19,59.357887268066406,97.12000274658203,97.55999755859375,96.87000274658203,97.08000183105469,18178100
2014-09-22,59.003414154052734,96.54000091552734,97.0,96.2699966430664,96.9000015258789,8816900
2014-09-23,58.691707611083984,96.02999877929688,97.16000366210938,96.02999877929688,96.27999877929688,10300700
2014-09-24,58.56332778930664,95.81999969482422,96.25,94.83999633789062,95.87000274658203,12200000
2014-09-25,57.60380172729492,94.25,95.88999938964844,94.19999694824219,95.66000366210938,12854200
2014-09-26,58.32500076293945,95.43000030517578,95.76000213623047,93.80000305175781,94.33000183105469,11256800
2014-09-29,57.71381378173828,94.43000030517578,94.77999877929688,93.80000305175781,94.70999908447266,14015000
2014-09-30,57.4815673828125,94.05000305175781,94.80999755859375,93.62000274658203,94.11000061035156,15576500
2014-10-01,56.754241943359375,92.86000061035156,94.54000091552734,92.72000122070312,94.11000061035156,14028600
2014-10-02,57.023193359375,93.30000305175781,93.9000015258789,92.05999755859375,92.38999938964844,13756500
2014-10-03,57.4021110534668,93.91999816894531,94.11000061035156,92.58000183105469,93.5999984741211,11563000
2014-10-06,57.76881408691406,94.5199966430664,95.33000183105469,93.91000366210938,94.01000213623047,10595400
2014-10-07,57.065975189208984,93.37000274658203,95.19000244140625,93.33000183105469,94.2699966430664,10787900
2014-10-08,57.82384490966797,94.61000061035156,94.83000183105469,92.41999816894531,93.41999816894531,15583700
2014-10-09,56.11862564086914,91.81999969482422,94.48999786376953,91.62999725341797,94.05000305175781,17915600
2014-10-10,55.98417282104492,91.5999984741211,93.2699966430664,90.9000015258789,92.44000244140625,18173100
2014-10-13,55.519676208496094,90.83999633789062,92.52999877929688,90.76000213623047,91.31999969482422,14451100
2014-10-14,55.34245681762695,90.55000305175781,92.2300033569336,90.05999755859375,91.48999786376953,23120500
2014-10-15,55.1407585144043,90.22000122070312,90.61000061035156,86.91000366210938,89.0,24703500
2014-10-16,55.37299728393555,90.5999984741211,91.2699966430664,88.18000030517578,88.58000183105469,25212600
2014-10-17,55.745811462402344,91.20999908447266,92.25,90.5,91.12999725341797,18189200
2014-10-20,56.08808135986328,91.7699966430664,91.88999938964844,90.62999725341797,90.62999725341797,10821700
2014-10-21,57.237083435058594,93.6500015258789,94.02999877929688,92.36000061035156,92.86000061035156,15757000
2014-10-22,56.919273376464844,93.12999725341797,94.58999633789062,92.9800033569336,93.95999908447266,12733600
2014-10-23,57.51822280883789,94.11000061035156,94.9800033569336,93.87000274658203,94.30999755859375,11345100
2014-10-24,57.7504768371582,94.48999786376953,94.52999877929688,93.22000122070312,94.19000244140625,9734100
2014-10-27,57.27375793457031,93.70999908447266,93.8499984741211,92.7699966430664,93.8499984741211,11387700
2014-10-28,58.12329864501953,95.0999984741211,95.19999694824219,93.93000030517578,94.44000244140625,12564100
2014-10-29,57.811607360839844,94.58999633789062,95.9800033569336,93.62000274658203,95.41999816894531,12409100
2014-10-30,57.726043701171875,94.44999694824219,94.66999816894531,93.22000122070312,93.87000274658203,9767900
2014-10-31,59.10729217529297,96.70999908447266,96.88999938964844,94.30999755859375,94.98999786376953,17493700
2014-11-03,58.22109603881836,95.26000213623047,97.0999984741211,94.80000305175781,96.55999755859375,13410000
2014-11-04,57.76881408691406,94.5199966430664,94.88999938964844,93.88999938964844,94.5,13498500
2014-11-05,58.10499954223633,95.06999969482422,95.7699966430664,94.6500015258789,95.36000061035156,12480000
2014-11-06,58.83229064941406,96.26000213623047,96.41999816894531,94.27999877929688,95.18000030517578,14731400
2014-11-07,59.46017837524414,96.58999633789062,97.16000366210938,95.72000122070312,95.80000305175781,13233500
2014-11-10,59.26933670043945,96.27999877929688,97.0999984741211,96.06999969482422,96.87000274658203,9087600
2014-11-11,59.34938430786133,96.41000366210938,96.51000213623047,95.61000061035156,95.77999877929688,7990000
2014-11-12,58.71531295776367,95.37999725341797,96.4000015258789,95.11000061035156,95.9000015258789,11592800
2014-11-13,58.2720832824707,94.66000366210938,95.20999908447266,93.83000183105469,94.95999908447266,12355400
2014-11-14,58.53679656982422,95.08999633789062,95.11000061035156,94.6500015258789,94.87000274658203,9352500
2014-11-17,58.549095153808594,95.11000061035156,95.13999938964844,94.19000244140625,94.8499984741211,8704400
2014-11-18,58.40134811401367,94.87000274658203,95.75,94.52999877929688,95.08000183105469,9263200
2014-11-19,58.856895446777344,95.61000061035156,95.73999786376953,94.12999725341797,95.08000183105469,8333200
2014-11-20,58.986167907714844,95.81999969482422,95.9000015258789,95.26000213623047,95.37000274658203,8422400
2014-11-21,59.59562683105469,96.80999755859375,97.19999694824219,96.0999984741211,97.19999694824219,12374900
2014-11-24,58.924617767333984,95.72000122070312,96.80000305175781,95.25,96.33999633789062,10172400
2014-11-25,58.34596633911133,94.77999877929688,96.02999877929688,94.37000274658203,96.01000213623047,13747400
2014-11-26,58.161285400390625,94.4800033569336,95.12999725341797,94.36000061035156,94.63999938964844,9822100
2014-11-28,55.73585891723633,90.54000091552734,91.8499984741211,90.11000061035156,91.5,19556700
2014-12-01,56.850074768066406,92.3499984741211,92.87000274658203,90.27999877929688,90.36000061035156,27584200
2014-12-02,57.982757568359375,94.19000244140625,94.66999816894531,92.01000213623047,92.31999969482422,20885300
2014-12-03,58.45061492919922,94.94999694824219,95.33000183105469,94.0,94.66999816894531,16220400
2014-12-04,58.093570709228516,94.37000274658203,94.61000061035156,93.06999969482422,94.12999725341797,12868600
2014-12-05,57.75499725341797,93.81999969482422,94.58999633789062,93.3499984741211,93.94999694824219,11831900
2014-12-08,56.44990539550781,91.69999694824219,93.12999725341797,91.37000274658203,92.9000015258789,15735900
2014-12-09,56.2529411315918,91.37999725341797,92.05999755859375,90.76000213623047,91.2300033569336,15883800
2014-12-10,54.584678649902344,88.66999816894531,90.7300033569336,88.19999694824219,90.72000122070312,22279400
2014-12-11,54.91096115112305,89.19999694824219,91.54000091552734,88.8499984741211,88.86000061035156,21522200
2014-12-12,53.31039810180664,86.5999984741211,89.0,86.5999984741211,88.70999908447266,24568300
2014-12-15,53.495086669921875,86.9000015258789,88.5999984741211,86.5,87.52999877929688,21373600
2014-12-16,53.19342041015625,86.41000366210938,89.19999694824219,86.19000244140625,86.37999725341797,26372400
2014-12-17,54.800140380859375,89.0199966430664,89.9000015258789,87.1500015258789,87.23999786376953,23323000
2014-12-18,56.11751174926758,91.16000366210938,91.16000366210938,88.4000015258789,90.37000274658203,22882700
2014-12-19,57.64418411254883,93.63999938964844,93.63999938964844,89.61000061035156,90.20999908447266,38469000
2014-12-22,57.45335388183594,93.33000183105469,93.66999816894531,92.44999694824219,92.95999908447266,17871800
2014-12-23,58.22899627685547,94.58999633789062,95.18000030517578,93.05000305175781,93.5199966430664,13706500
2014-12-24,57.73036193847656,93.77999877929688,94.25,92.9800033569336,94.22000122070312,6875700
2014-12-26,57.37947463989258,93.20999908447266,94.43000030517578,92.62000274658203,93.98999786376953,10585000
2014-12-29,57.293304443359375,93.06999969482422,93.86000061035156,92.88999938964844,93.33000183105469,9892100
2014-12-30,57.26250457763672,93.0199966430664,93.38999938964844,92.51000213623047,92.7699966430664,8743400
2014-12-31,56.91162872314453,92.44999694824219,93.12999725341797,92.05999755859375,92.41999816894531,11337200
2015-01-02,57.145545959472656,92.83000183105469,93.05000305175781,91.80999755859375,92.25,10220400
2015-01-05,55.581947326660156,90.29000091552734,92.4000015258789,89.5,92.0999984741211,18502400
2015-01-06,55.28644943237305,89.80999755859375,91.41000366210938,89.0199966430664,90.23999786376953,16670700
2015-01-07,55.84664535522461,90.72000122070312,91.4800033569336,90.0,90.6500015258789,13590700
2015-01-08,56.77619934082031,92.2300033569336,92.2699966430664,91.0,91.25,15487500
2015-01-09,56.696170806884766,92.0999984741211,92.77999877929688,91.37000274658203,92.30000305175781,14488400
2015-01-12,55.606563568115234,90.33000183105469,91.33999633789062,89.81999969482422,91.23999786376953,15176300
2015-01-13,55.40342712402344,90.0,91.43000030517578,89.11000061035156,90.87999725341797,17469000
2015-01-14,55.24336624145508,89.73999786376953,89.88999938964844,87.26000213623047,88.94999694824219,23272100
2015-01-15,54.76319122314453,88.95999908447266,90.66000366210938,88.51000213623047,90.43000030517578,18759600
2015-01-16,56.0928840637207,91.12000274658203,91.19000244140625,88.9800033569336,88.9800033569336,17713100
2015-01-20,56.07440948486328,91.08999633789062,91.77999877929688,90.37999725341797,91.13999938964844,16761000
2015-01-21,56.55457305908203,91.87000274658203,91.98999786376953,91.01000213623047,91.73999786376953,14276400
2015-01-22,57.170162200927734,92.87000274658203,92.97000122070312,91.31999969482422,92.30999755859375,13559000
2015-01-23,55.95131301879883,90.88999938964844,92.4800033569336,90.79000091552734,92.27999877929688,14706300
2015-01-26,56.48686599731445,91.76000213623047,91.94000244140625,90.47000122070312,90.61000061035156,10672500
2015-01-27,55.98823165893555,90.94999694824219,91.5999984741211,90.5999984741211,91.23999786376953,12301500
2015-01-28,54.14146423339844,87.94999694824219,90.93000030517578,87.81999969482422,90.87999725341797,17829700
2015-01-29,53.91368103027344,87.58000183105469,88.26000213623047,86.02999877929688,88.22000122070312,22683000
2015-01-30,53.81520080566406,87.41999816894531,88.41999816894531,86.25,87.16000366210938,22679900
2015-02-02,55.144874572753906,89.58000183105469,89.58999633789062,87.5,87.8499984741211,20306300
2015-02-03,56.78852081298828,92.25,92.33000183105469,90.80999755859375,90.9000015258789,21900900
2015-02-04,56.302181243896484,91.45999908447266,92.2699966430664,90.51000213623047,91.63999938964844,19632200
2015-02-05,56.856231689453125,92.36000061035156,92.54000091552734,91.69999694824219,92.38999938964844,12809000
2015-02-06,56.75079345703125,91.5,92.27999877929688,90.95999908447266,92.0999984741211,12331200
2015-02-09,56.78799819946289,91.55999755859375,92.29000091552734,91.23999786376953,91.4000015258789,11360700
2015-02-10,56.4468879699707,91.01000213623047,91.73999786376953,90.30000305175781,91.73999786376953,12952900
2015-02-11,56.19258499145508,90.5999984741211,90.83000183105469,89.79000091552734,90.0199966430664,12240600
2015-02-12,57.29038619995117,92.37000274658203,92.66000366210938,91.0199966430664,91.45999908447266,14843000
2015-02-13,57.91061782836914,93.37000274658203,93.44999694824219,92.27999877929688,92.69999694824219,12061000
2015-02-17,57.71214294433594,93.05000305175781,93.06999969482422,92.29000091552734,92.75,11758700
2015-02-18,56.4468879699707,91.01000213623047,91.98999786376953,90.38999938964844,91.98999786376953,19177900
2015-02-19,55.47312545776367,89.44000244140625,90.41999816894531,88.58000183105469,89.63999938964844,19350600
2015-02-20,55.770816802978516,89.91999816894531,89.94000244140625,88.8499984741211,89.4000015258789,15959900
2015-02-23,55.20641326904297,89.01000213623047,89.55000305175781,88.73999786376953,89.26000213623047,12771800
2015-02-24,55.460716247558594,89.41999816894531,89.77999877929688,89.12999725341797,89.33000183105469,9990700
2015-02-25,55.57236099243164,89.5999984741211,89.69999694824219,89.08000183105469,89.56999969482422,9925700
2015-02-26,54.98312759399414,88.6500015258789,89.18000030517578,88.08000183105469,89.12999725341797,13984000
2015-02-27,54.91489791870117,88.54000091552734,89.27999877929688,88.33999633789062,88.88999938964844,13090600
2015-03-02,54.604801177978516,88.04000091552734,88.5199966430664,87.3499984741211,88.33999633789062,13793700
2015-03-03,54.344295501708984,87.62000274658203,88.0199966430664,87.12999725341797,87.93000030517578,13493800
2015-03-04,54.0713996887207,87.18000030517578,87.95999908447266,86.93000030517578,87.95999908447266,13467600
2015-03-05,53.79850387573242,86.73999786376953,87.19000244140625,86.5199966430664,87.06999969482422,12527600
2015-03-06,53.11004638671875,85.62999725341797,86.5999984741211,85.31999969482422,86.41000366210938,16070500
2015-03-09,52.81855010986328,85.16000366210938,86.37999725341797,85.12000274658203,86.12000274658203,14503800
2015-03-10,52.26033020019531,84.26000213623047,85.52999877929688,84.23999786376953,84.81999969482422,17195500
2015-03-11,52.111488342285156,84.0199966430664,84.93000030517578,84.0,84.93000030517578,13004700
2015-03-12,52.23552322387695,84.22000122070312,84.72000122070312,84.05999755859375,84.43000030517578,10792900
2015-03-13,52.01844024658203,83.87000274658203,84.18000030517578,82.68000030517578,83.9000015258789,16799900
2015-03-16,52.570457458496094,84.76000213623047,84.86000061035156,83.2699966430664,83.70999908447266,13516200
2015-03-17,52.148704528808594,84.08000183105469,84.8499984741211,84.0199966430664,84.54000091552734,12979700
2015-03-18,53.38295364379883,86.06999969482422,86.37000274658203,83.43000030517578,83.54000091552734,18745700
2015-03-19,52.35337448120117,84.41000366210938,85.5,84.33000183105469,85.19000244140625,12738500
2015-03-20,52.433990478515625,84.54000091552734,85.4000015258789,84.38999938964844,84.66999816894531,36083500
2015-03-23,52.98601531982422,85.43000030517578,85.77999877929688,85.01000213623047,85.0199966430664,17450700
2015-03-24,52.421607971191406,84.5199966430664,85.77999877929688,84.5,85.30000305175781,10174300
2015-03-25,52.632476806640625,84.86000061035156,85.56999969482422,84.7699966430664,85.05000305175781,11934700
2015-03-26,52.29755401611328,84.31999969482422,85.56999969482422,84.08999633789062,85.30000305175781,14400700
2015-03-27,51.838584899902344,83.58000183105469,84.05000305175781,83.33000183105469,84.04000091552734,11579300
2015-03-30,53.11004638671875,85.62999725341797,85.81999969482422,84.25,84.2699966430664,15653200
2015-03-31,52.71931457519531,85.0,85.33999633789062,84.45999908447266,84.8499984741211,13354000
2015-04-01,52.38438034057617,84.45999908447266,86.0,84.26000213623047,85.69999694824219,14522300
2015-04-02,52.285152435302734,84.30000305175781,84.94000244140625,83.8499984741211,84.08999633789062,11297400
2015-04-06,52.79993438720703,85.12999725341797,85.63999938964844,84.19999694824219,85.1500015258789,10916400
2015-04-07,53.184471130371094,85.75,86.16999816894531,84.76000213623047,85.01000213623047,11836100
2015-04-08,52.136287689208984,84.05999755859375,85.9000015258789,84.0199966430664,85.80000305175781,16257100
2015-04-09,52.502227783203125,84.6500015258789,84.7300033569336,83.80999755859375,84.0,13281800
2015-04-10,53.066619873046875,85.55999755859375,86.04000091552734,84.7699966430664,85.37000274658203,13372400
2015-04-13,52.9301872253418,85.33999633789062,86.25,85.23999786376953,85.91999816894531,9880500
2015-04-14,53.73026657104492,86.62999725341797,87.4800033569336,85.52999877929688,85.5999984741211,15693800
2015-04-15,54.62962341308594,88.08000183105469,88.52999877929688,87.13999938964844,87.13999938964844,15332800
2015-04-16,54.41252517700195,87.7300033569336,88.16000366210938,87.11000061035156,87.87999725341797,9570800
2015-04-17,53.916343688964844,86.93000030517578,87.36000061035156,86.16000366210938,87.13999938964844,14430100
2015-04-20,54.1086311340332,87.23999786376953,88.0999984741211,87.08000183105469,87.12999725341797,11593600
2015-04-21,53.88533401489258,86.87999725341797,87.62000274658203,86.69000244140625,87.37999725341797,10100500
2015-04-22,54.24506759643555,87.45999908447266,87.80000305175781,86.33999633789062,87.04000091552734,8663600
2015-04-23,54.294681549072266,87.54000091552734,88.37999725341797,87.30999755859375,87.36000061035156,9866100
2015-04-24,53.941165924072266,86.97000122070312,87.36000061035156,86.66000366210938,87.19000244140625,8405700
2015-04-27,53.96597671508789,87.01000213623047,87.5999984741211,86.76000213623047,87.41000366210938,10534600
2015-04-28,54.455963134765625,87.80000305175781,87.86000061035156,87.04000091552734,87.22000122070312,9633800
2015-04-29,54.499366760253906,87.87000274658203,88.06999969482422,86.95999908447266,87.5,12534100
2015-04-30,54.189266204833984,87.37000274658203,88.66999816894531,87.22000122070312,88.66999816894531,13947700
2015-05-01,55.107181549072266,88.8499984741211,88.94999694824219,87.69999694824219,87.8499984741211,12257100
2015-05-04,55.26844787597656,89.11000061035156,89.87999725341797,88.94999694824219,89.41999816894531,10343700
2015-05-05,54.95832061767578,88.61000061035156,90.08999633789062,88.5199966430664,89.97000122070312,11895000
2015-05-06,54.697837829589844,88.19000244140625,89.95999908447266,87.79000091552734,89.6500015258789,11273500
2015-05-07,54.331878662109375,87.5999984741211,88.0999984741211,86.91999816894531,88.0,9992500
2015-05-08,55.19400405883789,88.98999786376953,89.06999969482422,87.81999969482422,88.47000122070312,11390300
2015-05-11,54.268489837646484,86.77999877929688,88.56999969482422,86.6500015258789,88.52999877929688,11997800
2015-05-12,54.41856384277344,87.0199966430664,87.45999908447266,86.41999816894531,86.88999938964844,9788900
2015-05-13,54.13090133666992,86.55999755859375,87.7300033569336,86.4000015258789,87.27999877929688,8629400
2015-05-14,54.38730239868164,86.97000122070312,87.33999633789062,86.75,86.93000030517578,8791300
2015-05-15,54.624935150146484,87.3499984741211,87.62000274658203,86.5999984741211,86.80000305175781,8422200
2015-05-18,54.312259674072266,86.8499984741211,87.45999908447266,86.77999877929688,87.30999755859375,6395400
2015-05-19,54.399803161621094,86.98999786376953,87.20999908447266,86.20999908447266,86.47000122070312,9777100
2015-05-20,54.48734664916992,87.12999725341797,87.4000015258789,86.91000366210938,87.38999938964844,7276600
2015-05-21,54.537384033203125,87.20999908447266,87.44000244140625,86.95999908447266,87.27999877929688,8357400
2015-05-22,54.10590362548828,86.5199966430664,87.0999984741211,86.5,86.98999786376953,7598400
2015-05-26,53.37423324584961,85.3499984741211,86.37000274658203,85.02999877929688,86.04000091552734,11289000
2015-05-27,53.224151611328125,85.11000061035156,85.88999938964844,84.7699966430664,85.30000305175781,10778300
2015-05-28,53.224151611328125,85.11000061035156,85.56999969482422,84.81999969482422,85.11000061035156,8038900
2015-05-29,53.280399322509766,85.19999694824219,85.58000183105469,84.87999725341797,85.0999984741211,14631300
2015-06-01,53.23664474487305,85.12999725341797,85.47000122070312,84.80000305175781,85.25,9077500
2015-06-02,53.24291229248047,85.13999938964844,85.58999633789062,84.91000366210938,85.12000274658203,9328300
2015-06-03,53.12406921386719,84.94999694824219,85.83999633789062,84.86000061035156,85.2300033569336,8179500
2015-06-04,52.66755294799805,84.22000122070312,84.88999938964844,83.77999877929688,84.69999694824219,12607300
2015-06-05,52.70509719848633,84.27999877929688,85.0,83.9800033569336,84.12999725341797,11388500
2015-06-08,53.0615348815918,84.8499984741211,85.20999908447266,83.93000030517578,84.18000030517578,12244700
2015-06-09,52.892704010009766,84.58000183105469,85.43000030517578,84.48999786376953,85.29000091552734,8105500
2015-06-10,53.28667449951172,85.20999908447266,85.97000122070312,85.0,85.83999633789062,10147000
2015-06-11,53.21162796020508,85.08999633789062,85.69999694824219,84.88999938964844,85.30000305175781,7759300
2015-06-12,52.54250717163086,84.0199966430664,84.68000030517578,83.86000061035156,84.58000183105469,8347300
2015-06-15,52.35491180419922,83.72000122070312,83.9800033569336,83.19000244140625,83.52999877929688,9563900
2015-06-16,52.95521545410156,84.68000030517578,84.75,83.4000015258789,83.80999755859375,9100100
2015-06-17,52.98649597167969,84.7300033569336,85.12999725341797,84.41000366210938,85.02999877929688,9090200
2015-06-18,53.45552444458008,85.4800033569336,85.95999908447266,84.72000122070312,84.80000305175781,10247800
2015-06-19,53.28667449951172,85.20999908447266,85.4800033569336,84.91999816894531,84.91999816894531,16129600
2015-06-22,53.26166534423828,85.16999816894531,85.5999984741211,84.97000122070312,85.38999938964844,9465100
2015-06-23,53.199127197265625,85.06999969482422,85.27999877929688,84.58999633789062,85.22000122070312,10223900
2015-06-24,52.95521545410156,84.68000030517578,85.33999633789062,84.66000366210938,84.88999938964844,11800100
2015-06-25,52.486228942871094,83.93000030517578,84.8499984741211,83.93000030517578,84.8499984741211,10259400
2015-06-26,52.442440032958984,83.86000061035156,84.0999984741211,83.48999786376953,83.83000183105469,19023300
2015-06-29,51.79207229614258,82.81999969482422,83.44999694824219,82.80000305175781,83.05000305175781,11739200
2015-06-30,52.02970504760742,83.19999694824219,84.9000015258789,82.80000305175781,83.73999786376953,14981100
2015-07-01,51.510658264160156,82.37000274658203,83.52999877929688,82.11000061035156,83.27999877929688,13529100
2015-07-02,51.99217987060547,83.13999938964844,83.27999877929688,82.55000305175781,82.79000091552734,9188000
2015-07-06,51.6107063293457,82.52999877929688,83.05999755859375,82.12000274658203,82.41999816894531,11694400
2015-07-07,51.82334518432617,82.87000274658203,83.2300033569336,81.48999786376953,82.19000244140625,15641500
2015-07-08,51.26052474975586,81.97000122070312,82.9800033569336,81.91000366210938,82.25,10057000
2015-07-09,51.029109954833984,81.5999984741211,83.1500015258789,81.58000183105469,82.87000274658203,11980500
2015-07-10,51.41685485839844,82.22000122070312,82.48999786376953,81.72000122070312,82.08999633789062,8628700
2015-07-13,51.54192352294922,82.41999816894531,82.61000061035156,82.06999969482422,82.11000061035156,8026700
2015-07-14,51.973411560058594,83.11000061035156,83.31999969482422,82.26000213623047,82.37999725341797,9310200
2015-07-15,51.75455093383789,82.76000213623047,83.41999816894531,82.4000015258789,82.61000061035156,9289200
2015-07-16,51.84835433959961,82.91000366210938,83.4800033569336,82.80000305175781,83.18000030517578,8267600
2015-07-17,51.66073226928711,82.61000061035156,82.83999633789062,81.79000091552734,82.51000213623047,12156000
2015-07-20,51.12919998168945,81.76000213623047,82.41000366210938,81.5999984741211,82.1500015258789,12957100
2015-07-21,51.066654205322266,81.66000366210938,82.43000030517578,81.43000030517578,81.93000030517578,8677100
2015-07-22,51.147972106933594,81.79000091552734,82.47000122070312,81.58000183105469,82.3499984741211,13181500
2015-07-23,50.7414665222168,81.13999938964844,81.97000122070312,80.97000122070312,81.7300033569336,10496100
2015-07-24,49.99104309082031,79.94000244140625,81.16000366210938,79.72000122070312,81.16000366210938,14888500
2015-07-27,49.565799713134766,79.26000213623047,80.12999725341797,78.97000122070312,79.2300033569336,14996100
2015-07-28,51.5794563293457,82.4800033569336,82.66999816894531,79.56999969482422,79.69999694824219,19777300
2015-07-29,51.99217987060547,83.13999938964844,83.19999694824219,81.91000366210938,82.18000030517578,13913800
2015-07-30,51.9109001159668,83.01000213623047,83.31999969482422,82.41999816894531,83.18000030517578,11139900
2015-07-31,49.53453826904297,79.20999908447266,81.66999816894531,78.93000030517578,81.66999816894531,26232700
2015-08-03,48.815364837646484,78.05999755859375,78.93000030517578,77.62999725341797,78.69999694824219,15767700
2015-08-04,48.25881576538086,77.16999816894531,78.61000061035156,76.93000030517578,77.87999725341797,18874400
2015-08-05,48.25881576538086,77.16999816894531,78.2300033569336,76.9000015258789,77.87000274658203,16544400
2015-08-06,48.83413314819336,78.08999633789062,78.26000213623047,76.91000366210938,76.94000244140625,13005200
2015-08-07,48.046173095703125,76.83000183105469,77.97000122070312,76.62000274658203,77.55000305175781,12187600
2015-08-10,49.246864318847656,78.75,78.75,77.08999633789062,77.08999633789062,14876000
2015-08-11,48.912330627441406,77.48999786376953,78.06999969482422,76.33000183105469,77.01000213623047,14486400
2015-08-12,49.7328987121582,78.79000091552734,78.87000274658203,76.95999908447266,77.44000244140625,16492400
2015-08-13,49.64453125,78.6500015258789,79.29000091552734,78.2699966430664,78.31999969482422,13154100
2015-08-14,49.46147155761719,78.36000061035156,79.27999877929688,78.25,78.63999938964844,9129300
2015-08-17,49.72027587890625,78.7699966430664,79.18000030517578,77.44999694824219,77.93000030517578,9365400
2015-08-18,49.17112350463867,77.9000015258789,78.66999816894531,77.58000183105469,78.52999877929688,9815300
2015-08-19,48.11701202392578,76.2300033569336,77.58000183105469,75.93000030517578,77.51000213623047,17010100
2015-08-20,47.069210052490234,74.56999969482422,76.18000030517578,74.56999969482422,76.0,17811200
2015-08-21,45.529052734375,72.12999725341797,74.88999938964844,72.06999969482422,74.0999984741211,25488800
2015-08-24,43.37661361694336,68.72000122070312,71.37999725341797,66.55000305175781,67.98999786376953,35531200
2015-08-25,43.370323181152344,68.70999908447266,71.44000244140625,68.19999694824219,71.30999755859375,30409700
2015-08-26,45.76258850097656,72.5,72.75,69.1500015258789,70.62999725341797,34436000
2015-08-27,47.24594497680664,74.8499984741211,74.88999938964844,73.01000213623047,73.80000305175781,24571000
2015-08-28,47.384796142578125,75.06999969482422,75.9800033569336,74.41000366210938,74.70999908447266,18997300
2015-08-31,47.492095947265625,75.23999786376953,75.55000305175781,73.30000305175781,74.27999877929688,19570100
2015-09-01,45.497493743896484,72.08000183105469,73.3499984741211,71.51000213623047,73.30000305175781,24092900
2015-09-02,46.2233772277832,73.2300033569336,73.23999786376953,72.0,73.05999755859375,16936900
2015-09-03,46.57685089111328,73.79000091552734,74.91000366210938,73.33999633789062,73.63999938964844,13451900
2015-09-04,45.737361907958984,72.45999908447266,73.13999938964844,72.25,72.93000030517578,14902500
2015-09-08,46.393798828125,73.5,73.72000122070312,72.97000122070312,73.72000122070312,13626900
2015-09-09,45.44699478149414,72.0,74.68000030517578,71.8499984741211,74.37000274658203,17246200
2015-09-10,45.77521896362305,72.5199966430664,72.9800033569336,71.80000305175781,72.80999755859375,12353900
2015-09-11,45.88252639770508,72.69000244140625,72.72000122070312,72.01000213623047,72.4000015258789,12172300
2015-09-14,45.75627517700195,72.48999786376953,72.58000183105469,71.76000213623047,72.30999755859375,10738500
2015-09-15,45.98984146118164,72.86000061035156,73.30999755859375,72.41000366210938,72.44000244140625,11979800
2015-09-16,46.89876937866211,74.30000305175781,74.69999694824219,73.37000274658203,73.51000213623047,15214200
2015-09-17,46.999755859375,74.45999908447266,75.47000122070312,73.8499984741211,74.41000366210938,15603000
2015-09-18,45.87621307373047,72.68000030517578,73.55999755859375,72.12000274658203,73.26000213623047,23180200
2015-09-21,46.32435989379883,73.38999938964844,73.61000061035156,72.7300033569336,73.0999984741211,10853000
2015-09-22,45.914093017578125,72.73999786376953,73.5199966430664,72.0199966430664,72.3499984741211,14245200
2015-09-23,45.636348724365234,72.30000305175781,73.19999694824219,72.29000091552734,72.87000274658203,13784800
2015-09-24,45.90778350830078,72.7300033569336,73.1500015258789,71.72000122070312,72.0,14584200
2015-09-25,46.2233772277832,73.2300033569336,73.52999877929688,72.76000213623047,73.29000091552734,15175300
2015-09-28,45.825706481933594,72.5999984741211,73.45999908447266,72.4000015258789,72.62000274658203,14571900
2015-09-29,46.05926513671875,72.97000122070312,73.19000244140625,72.13999938964844,72.6500015258789,13754400
2015-09-30,46.93034362792969,74.3499984741211,74.3499984741211,73.33000183105469,73.4000015258789,18176500
2015-10-01,46.74727249145508,74.05999755859375,75.58000183105469,73.30000305175781,75.19999694824219,14397800
2015-10-02,47.896080017089844,75.87999725341797,75.9000015258789,73.02999877929688,73.38999938964844,18811300
2015-10-05,48.483116149902344,76.80999755859375,77.1500015258789,75.79000091552734,76.6500015258789,18486700
2015-10-06,49.164794921875,77.88999938964844,78.55999755859375,76.26000213623047,76.95999908447266,18757900
2015-10-07,49.99169158935547,79.19999694824219,79.29000091552734,77.52999877929688,78.97000122070312,18666300
2015-10-08,50.515602111816406,80.02999877929688,80.11000061035156,78.54000091552734,79.30999755859375,14344700
2015-10-09,50.029563903808594,79.26000213623047,80.16999816894531,78.62000274658203,80.05000305175781,17384700
2015-10-12,50.05482482910156,79.30000305175781,79.58999633789062,78.72000122070312,79.58999633789062,9931800
2015-10-13,49.96644973754883,79.16000366210938,79.55000305175781,78.48999786376953,78.72000122070312,12326600
2015-10-14,50.59765625,80.16000366210938,80.4800033569336,78.77999877929688,78.97000122070312,14486000
2015-10-15,51.430850982666016,81.4800033569336,81.52999877929688,79.9000015258789,80.19000244140625,13640900
2015-10-16,52.062042236328125,82.4800033569336,82.5,81.44999694824219,82.26000213623047,14304400
2015-10-19,51.12154769897461,80.98999786376953,82.16999816894531,80.76000213623047,82.01000213623047,14155800
2015-10-20,51.02056121826172,80.83000183105469,81.05999755859375,80.19999694824219,80.55000305175781,12340100
2015-10-21,50.62921142578125,80.20999908447266,81.1500015258789,80.11000061035156,80.86000061035156,10274900
2015-10-22,52.32085418701172,82.88999938964844,82.95999908447266,80.66000366210938,80.68000030517578,14823500
2015-10-23,52.37767028808594,82.9800033569336,83.0,81.88999938964844,82.41000366210938,13215700
2015-10-26,51.266719818115234,81.22000122070312,82.7300033569336,81.16999816894531,82.5199966430664,12576400
2015-10-27,51.184669494628906,81.08999633789062,81.16000366210938,79.7300033569336,80.56999969482422,13579400
2015-10-28,51.93581771850586,82.27999877929688,82.58000183105469,80.93000030517578,81.30999755859375,12473000
2015-10-29,51.90424346923828,82.2300033569336,83.22000122070312,81.79000091552734,81.79000091552734,10341200
2015-10-30,52.22616195678711,82.73999786376953,83.87999725341797,81.26000213623047,82.47000122070312,18758600
2015-11-02,53.82943344116211,85.27999877929688,85.93000030517578,82.08999633789062,82.30000305175781,21266500
2015-11-03,54.820438385009766,86.8499984741211,87.44000244140625,85.58000183105469,85.66000366210938,20115900
2015-11-04,54.27128219604492,85.9800033569336,87.08000183105469,85.69999694824219,86.7699966430664,14245400
2015-11-05,53.53277587890625,84.80999755859375,86.2300033569336,84.5,85.55000305175781,12291100
2015-11-06,53.31815719604492,84.47000122070312,84.47000122070312,83.22000122070312,83.93000030517578,12491700
2015-11-09,52.17845916748047,81.94999694824219,83.5999984741211,81.80000305175781,83.55999755859375,13551200
2015-11-10,52.433135986328125,82.3499984741211,82.61000061035156,81.86000061035156,81.93000030517578,14238000
2015-11-11,51.96833419799805,81.62000274658203,82.55999755859375,81.4000015258789,82.41999816894531,9598000
2015-11-12,50.561214447021484,79.41000366210938,81.27999877929688,79.31999969482422,80.56999969482422,16050600
2015-11-13,49.72710418701172,78.0999984741211,79.58000183105469,77.94000244140625,79.27999877929688,17527300
2015-11-16,51.50990676879883,80.9000015258789,80.98999786376953,77.91000366210938,77.94000244140625,14548100
2015-11-17,50.91139221191406,79.95999908447266,80.87999725341797,79.62999725341797,80.70999908447266,10011700
2015-11-18,51.40802001953125,80.73999786376953,80.9000015258789,79.58999633789062,79.88999938964844,10884600
2015-11-19,51.12786865234375,80.30000305175781,80.77999877929688,80.04000091552734,80.51000213623047,9453300
2015-11-20,50.80314636230469,79.79000091552734,80.94000244140625,79.6500015258789,80.56999969482422,10144400
2015-11-23,51.115135192871094,80.27999877929688,80.70999908447266,79.05999755859375,79.5999984741211,11868400
2015-11-24,52.133880615234375,81.87999725341797,82.3499984741211,80.19999694824219,80.3499984741211,15055500
2015-11-25,51.732765197753906,81.25,82.16999816894531,81.0999984741211,81.30000305175781,8980400
2015-11-27,51.72003173828125,81.2300033569336,81.26000213623047,80.45999908447266,80.58000183105469,4156600
2015-11-30,51.993797302246094,81.66000366210938,82.6500015258789,81.25,81.41999816894531,17729200
2015-12-01,52.140262603759766,81.88999938964844,82.12999725341797,81.2699966430664,81.76000213623047,13917000
2015-12-02,50.650352478027344,79.55000305175781,81.63999938964844,79.41999816894531,81.30999755859375,16300000
2015-12-03,49.92448425292969,78.41000366210938,79.8499984741211,78.0199966430664,79.72000122070312,14870300
2015-12-04,50.21101760864258,78.86000061035156,78.9800033569336,77.02999877929688,77.3499984741211,20156400
2015-12-07,48.89939880371094,76.80000305175781,77.5,75.75,77.33000183105469,17676100
2015-12-08,47.51772689819336,74.62999725341797,76.3499984741211,73.79000091552734,75.2699966430664,24217600
2015-12-09,48.1544303894043,75.62999725341797,77.19000244140625,74.7300033569336,74.83999633789062,22036300
2015-12-10,48.192630767822266,75.69000244140625,77.5,75.5199966430664,75.80000305175781,20142400
2015-12-11,47.33308029174805,74.33999633789062,75.54000091552734,74.33999633789062,74.81999969482422,20473100
2015-12-14,48.409114837646484,76.02999877929688,76.22000122070312,74.08999633789062,74.30000305175781,21976500
2015-12-15,50.57392883300781,79.43000030517578,79.5999984741211,77.33000183105469,77.43000030517578,24366800
2015-12-16,50.395652770996094,79.1500015258789,79.61000061035156,78.0,79.04000091552734,17233900
2015-12-17,49.63798141479492,77.95999908447266,79.2300033569336,77.94999694824219,79.0199966430664,17362900
2015-12-18,49.205013275146484,77.27999877929688,78.77999877929688,77.05999755859375,77.56999969482422,28836000
2015-12-21,49.19226837158203,77.26000213623047,78.0999984741211,76.6500015258789,77.79000091552734,14460500
2015-12-22,49.440589904785156,77.6500015258789,77.9000015258789,77.20999908447266,77.69999694824219,13855800
2015-12-23,51.05783462524414,80.19000244140625,80.22000122070312,78.31999969482422,78.68000030517578,15184200
2015-12-24,50.510257720947266,79.33000183105469,80.2699966430664,79.12000274658203,80.2699966430664,5848300
2015-12-28,50.13460159301758,78.73999786376953,78.86000061035156,77.91000366210938,78.12000274658203,9715800
2015-12-29,50.40202331542969,79.16000366210938,80.08000183105469,78.83999633789062,79.98999786376953,8839000
2015-12-30,49.73346710205078,78.11000061035156,78.98999786376953,77.97000122070312,78.31999969482422,9314600
2015-12-31,49.631614685058594,77.94999694824219,78.44000244140625,77.43000030517578,77.51000213623047,10285500
2016-01-04,49.31961441040039,77.45999908447266,77.94000244140625,76.45999908447266,77.5,20400100
2016-01-05,49.7398567199707,78.12000274658203,78.13999938964844,76.91999816894531,77.19000244140625,11993500
2016-01-06,49.325984954833984,77.47000122070312,77.63999938964844,76.58999633789062,76.63999938964844,18826900
2016-01-07,48.536460876464844,76.2300033569336,77.98999786376953,75.9000015258789,76.05999755859375,21263800
2016-01-08,47.55591583251953,74.69000244140625,76.6500015258789,74.5,76.3499984741211,19033600
2016-01-11,46.919212341308594,73.69000244140625,75.12000274658203,72.55999755859375,75.01000213623047,21353000
2016-01-12,47.880653381347656,75.19999694824219,75.41999816894531,73.1500015258789,74.12000274658203,21864100
2016-01-13,48.16716384887695,75.6500015258789,77.05999755859375,74.94000244140625,75.8499984741211,26052700
2016-01-14,50.376556396484375,79.12000274658203,79.91999816894531,75.80000305175781,76.20999908447266,33806700
2016-01-15,49.39601516723633,77.58000183105469,78.16999816894531,76.30000305175781,76.33000183105469,28342100
2016-01-19,48.64470291137695,76.4000015258789,78.23999786376953,75.19000244140625,77.93000030517578,22684500
2016-01-20,46.594505310058594,73.18000030517578,75.72000122070312,71.55000305175781,75.06999969482422,33300800
2016-01-21,47.180259704589844,74.0999984741211,74.98999786376953,72.61000061035156,73.16000366210938,22265600
2016-01-22,48.75294876098633,76.56999969482422,76.7699966430664,74.72000122070312,76.41999816894531,22530300
2016-01-25,47.103878021240234,73.9800033569336,76.33999633789062,73.9000015258789,75.75,17086600
2016-01-26,48.835731506347656,76.69999694824219,76.7699966430664,74.25,74.7699966430664,18724700
2016-01-27,47.93793869018555,75.29000091552734,77.47000122070312,74.72000122070312,76.0,18106100
2016-01-28,49.02035903930664,76.98999786376953,77.66000366210938,75.62000274658203,77.3499984741211,16157700
2016-01-29,49.567935943603516,77.8499984741211,77.8499984741211,76.25,76.7300033569336,25161900
2016-02-01,48.574684143066406,76.29000091552734,76.79000091552734,75.44000244140625,76.66000366210938,16754200
2016-02-02,47.49225616455078,74.58999633789062,75.62000274658203,73.55000305175781,74.19000244140625,21404200
2016-02-03,49.96906280517578,78.4800033569336,78.52999877929688,74.26000213623047,75.52999877929688,25873700
2016-02-04,50.82861328125,79.83000183105469,80.0,77.55999755859375,78.58000183105469,23658700
2016-02-05,50.98781204223633,80.08000183105469,80.0999984741211,78.56999969482422,79.4000015258789,26719900
2016-02-08,51.675437927246094,81.16000366210938,81.77999877929688,78.91000366210938,79.30000305175781,26601200
2016-02-09,51.45058822631836,80.08000183105469,80.66999816894531,78.69000244140625,79.9800033569336,18418100
2016-02-10,50.981571197509766,79.3499984741211,81.44999694824219,79.27999877929688,79.7699966430664,16610900
2016-02-11,51.142173767089844,79.5999984741211,80.1500015258789,77.58000183105469,78.33999633789062,19331600
2016-02-12,52.060943603515625,81.02999877929688,81.06999969482422,79.80999755859375,80.08000183105469,16767200
2016-02-16,52.18301010131836,81.22000122070312,81.8499984741211,80.27999877929688,81.69999694824219,15912200
2016-02-17,52.68416213989258,82.0,82.77999877929688,81.16000366210938,81.6500015258789,17006700
2016-02-18,52.97328186035156,82.44999694824219,83.05999755859375,81.86000061035156,82.9000015258789,14873700
2016-02-19,53.00540542602539,82.5,82.55000305175781,80.91000366210938,82.19000244140625,13615900
2016-02-22,52.93471908569336,82.38999938964844,83.44000244140625,82.19999694824219,82.5,14595200
2016-02-23,52.189453125,81.2300033569336,82.37000274658203,80.87999725341797,81.98999786376953,11041600
2016-02-24,52.37576675415039,81.5199966430664,81.7699966430664,79.66999816894531,79.91000366210938,13777500
2016-02-25,52.690574645996094,82.01000213623047,82.06999969482422,80.0199966430664,81.55999755859375,13706400
2016-02-26,52.52355194091797,81.75,83.08000183105469,81.69000244140625,82.88999938964844,14343300
2016-02-29,51.49554443359375,80.1500015258789,82.4000015258789,80.05000305175781,81.87999725341797,18903600
2016-03-01,52.2215576171875,81.27999877929688,81.7699966430664,80.31999969482422,80.55999755859375,15730600
2016-03-02,53.133888244628906,82.69999694824219,82.72000122070312,80.30999755859375,80.94999694824219,14094400
2016-03-03,52.941165924072266,82.4000015258789,82.72000122070312,81.54000091552734,82.66000366210938,13216200
2016-03-04,52.87049865722656,82.29000091552734,82.97000122070312,81.76000213623047,82.66000366210938,18402700
2016-03-07,54.264678955078125,84.45999908447266,84.45999908447266,82.20999908447266,82.30999755859375,18945600
2016-03-08,53.08893585205078,82.62999725341797,84.20999908447266,82.4800033569336,84.0,14003900
2016-03-09,52.941165924072266,82.4000015258789,83.8499984741211,82.23999786376953,83.22000122070312,14139300
2016-03-10,52.7997932434082,82.18000030517578,82.66000366210938,80.93000030517578,82.41999816894531,15898300
2016-03-11,52.806209564208984,82.19000244140625,83.52999877929688,82.01000213623047,83.22000122070312,15370200
2016-03-14,52.94758605957031,82.41000366210938,82.63999938964844,81.0199966430664,81.4800033569336,13344600
2016-03-15,53.21099853515625,82.81999969482422,82.8499984741211,81.5199966430664,81.5999984741211,9213000
2016-03-16,53.24313735961914,82.87000274658203,83.16000366210938,81.94000244140625,83.0199966430664,11492100
2016-03-17,54.03339385986328,84.0999984741211,84.68000030517578,82.72000122070312,83.68000030517578,13673900
2016-03-18,54.09762191772461,84.19999694824219,84.5999984741211,83.25,84.58999633789062,19637000
2016-03-21,53.72499084472656,83.62000274658203,84.13999938964844,83.5,83.83999633789062,8385400
2016-03-22,54.04623794555664,84.12000274658203,84.86000061035156,83.01000213623047,83.08000183105469,13005100
2016-03-23,53.80851364135742,83.75,84.30000305175781,83.5199966430664,83.86000061035156,12748900
2016-03-24,53.956298828125,83.9800033569336,84.02999877929688,82.93000030517578,82.94000244140625,9368300
2016-03-28,54.11048889160156,84.22000122070312,84.36000061035156,83.69999694824219,84.02999877929688,7490400
2016-03-29,54.309635162353516,84.52999877929688,84.61000061035156,83.16000366210938,83.66999816894531,9977900
2016-03-30,54.303218841552734,84.5199966430664,85.05000305175781,84.0,85.02999877929688,10807000
2016-03-31,53.70570373535156,83.58999633789062,85.0999984741211,83.58999633789062,84.06999969482422,13896900
2016-04-01,53.300933837890625,82.95999908447266,83.38999938964844,82.38999938964844,82.4000015258789,12235300
2016-04-04,53.42941665649414,83.16000366210938,83.9000015258789,82.77999877929688,83.05999755859375,8050200
2016-04-05,52.81907653808594,82.20999908447266,83.12999725341797,81.98999786376953,82.61000061035156,10446800
2016-04-06,53.52581024169922,83.30999755859375,83.45999908447266,82.30000305175781,82.69000244140625,9320200
2016-04-07,52.92189407348633,82.37000274658203,83.16999816894531,82.05000305175781,82.76000213623047,8267100
2016-04-08,53.46157455444336,83.20999908447266,83.44999694824219,82.8499984741211,83.30000305175781,9376200
2016-04-11,53.53224563598633,83.31999969482422,84.23999786376953,83.27999877929688,83.33000183105469,9925000
2016-04-12,54.194000244140625,84.3499984741211,84.62999725341797,83.37000274658203,83.69000244140625,9986100
2016-04-13,54.502403259277344,84.83000183105469,84.91000366210938,84.04000091552734,84.5,9235700
2016-04-14,54.88789749145508,85.43000030517578,85.9000015258789,84.76000213623047,85.0,10625800
2016-04-15,54.592350006103516,84.97000122070312,85.66000366210938,84.77999877929688,85.30000305175781,11280200
2016-04-18,55.112770080566406,85.77999877929688,85.86000061035156,83.86000061035156,84.97000122070312,9097000
2016-04-19,55.389041900634766,86.20999908447266,86.30999755859375,85.22000122070312,85.8499984741211,10354500
2016-04-20,55.76810836791992,86.80000305175781,87.44000244140625,85.97000122070312,86.2300033569336,15247100
2016-04-21,55.761695861816406,86.79000091552734,87.83999633789062,86.56999969482422,86.58999633789062,12075300
2016-04-22,56.23713684082031,87.52999877929688,87.63999938964844,86.81999969482422,87.23999786376953,9150800
2016-04-25,56.1086311340332,87.33000183105469,87.4000015258789,86.3499984741211,87.08999633789062,8076400
2016-04-26,56.30137252807617,87.62999725341797,87.94000244140625,87.05999755859375,87.75,9425900
2016-04-27,56.83464050292969,88.45999908447266,88.72000122070312,87.33000183105469,87.94999694824219,10463500
2016-04-28,56.55836486816406,88.02999877929688,88.77999877929688,87.5,87.86000061035156,11276200
2016-04-29,56.796085357666016,88.4000015258789,89.77999877929688,87.73999786376953,88.68000030517578,17885900
2016-05-02,57.26510238647461,89.12999725341797,89.4800033569336,88.08000183105469,88.23999786376953,10273700
2016-05-03,56.60976791381836,88.11000061035156,88.62999725341797,87.36000061035156,88.4000015258789,10137400
2016-05-04,56.50053405761719,87.94000244140625,88.73999786376953,87.5999984741211,88.30000305175781,10601100
2016-05-05,56.564788818359375,88.04000091552734,88.97000122070312,87.62000274658203,88.76000213623047,8721100
2016-05-06,56.86676025390625,88.51000213623047,88.68000030517578,87.45999908447266,87.45999908447266,7968400
2016-05-09,56.905296325683594,88.56999969482422,88.76000213623047,87.2300033569336,88.5999984741211,11159500
2016-05-10,57.817649841308594,89.98999786376953,90.0,88.81999969482422,88.9000015258789,12509100
2016-05-11,57.53903579711914,88.80999755859375,89.68000030517578,88.72000122070312,89.16000366210938,11660200
2016-05-12,58.09623336791992,89.66999816894531,89.93000030517578,89.1500015258789,89.80000305175781,10720500
2016-05-13,57.44187927246094,88.66000366210938,89.66000366210938,88.51000213623047,89.27999877929688,9721100
2016-05-16,58.03144073486328,89.56999969482422,89.66999816894531,89.0,89.19999694824219,8638700
2016-05-17,58.005523681640625,89.52999877929688,89.91000366210938,89.16000366210938,89.2699966430664,9835600
2016-05-18,57.88889694213867,89.3499984741211,90.0,88.6500015258789,89.80000305175781,9680300
2016-05-19,58.38132095336914,90.11000061035156,90.16000366210938,88.44999694824219,88.61000061035156,14397900
2016-05-20,58.141578674316406,89.73999786376953,90.4000015258789,89.37999725341797,90.38999938964844,13191900
2016-05-23,58.050880432128906,89.5999984741211,89.9000015258789,88.81999969482422,89.0,11766100
2016-05-24,58.09623336791992,89.66999816894531,90.4000015258789,89.55000305175781,89.88999938964844,10056600
2016-05-25,58.478477478027344,90.26000213623047,90.37000274658203,89.58999633789062,89.8499984741211,9578400
2016-05-26,58.180458068847656,89.80000305175781,90.45999908447266,89.2699966430664,90.25,7867900
2016-05-27,58.31652069091797,90.01000213623047,90.05000305175781,89.31999969482422,89.4000015258789,7505900
2016-05-31,57.67512130737305,89.0199966430664,90.19999694824219,88.7300033569336,90.0,13178800
2016-06-01,57.817649841308594,89.23999786376953,89.44999694824219,88.12999725341797,88.43000030517578,7994800
2016-06-02,57.35764694213867,88.52999877929688,88.52999877929688,87.61000061035156,88.20999908447266,9837500
2016-06-03,57.25397491455078,88.37000274658203,88.83000183105469,88.02999877929688,88.44000244140625,9367100
2016-06-06,57.88243103027344,89.33999633789062,89.5,88.69000244140625,88.87000274658203,8573000
2016-06-07,58.77005386352539,90.70999908447266,90.91999816894531,89.70999908447266,89.75,12889100
2016-06-08,58.821876525878906,90.79000091552734,91.30000305175781,90.52999877929688,91.02999877929688,9983000
2016-06-09,58.74412155151367,90.66999816894531,91.02999877929688,90.11000061035156,90.18000030517578,8974300
2016-06-10,58.297088623046875,89.9800033569336,90.91999816894531,89.77999877929688,90.4000015258789,10353800
2016-06-13,58.692298889160156,90.58999633789062,91.43000030517578,89.69999694824219,89.91999816894531,11370000
2016-06-14,58.588645935058594,90.43000030517578,90.87000274658203,89.8499984741211,90.44999694824219,10161000
2016-06-15,58.413700103759766,90.16000366210938,90.9000015258789,90.0,90.2300033569336,10655800
2016-06-16,59.1004638671875,91.22000122070312,91.38999938964844,89.11000061035156,89.69999694824219,12824800
2016-06-17,58.77652359008789,90.72000122070312,91.58999633789062,90.19000244140625,91.48999786376953,17483200
2016-06-20,59.03568649291992,91.12000274658203,91.58999633789062,91.06999969482422,91.29000091552734,9388500
2016-06-21,59.30131530761719,91.52999877929688,91.63999938964844,90.25,90.72000122070312,8557500
2016-06-22,59.06808853149414,91.16999816894531,91.93000030517578,91.01000213623047,91.83999633789062,8785400
2016-06-23,59.47624588012695,91.80000305175781,92.06999969482422,91.19000244140625,91.93000030517578,9464500
2016-06-24,57.914825439453125,89.38999938964844,90.80000305175781,89.1500015258789,89.87999725341797,20010500
2016-06-27,57.57145309448242,88.86000061035156,89.0999984741211,88.11000061035156,88.9000015258789,14169400
2016-06-28,58.89961624145508,90.91000366210938,90.93000030517578,89.5199966430664,89.7300033569336,13254300
2016-06-29,59.90385437011719,92.45999908447266,92.69999694824219,91.12000274658203,91.41000366210938,13920600
2016-06-30,60.733150482177734,93.73999786376953,93.83000183105469,92.30000305175781,92.33000183105469,14073700
2016-07-01,60.79793930053711,93.83999633789062,93.9800033569336,93.06999969482422,93.36000061035156,9946300
2016-07-05,60.266666412353516,93.0199966430664,93.5999984741211,92.25,93.12000274658203,10744100
2016-07-06,60.959922790527344,94.08999633789062,94.12000274658203,92.44000244140625,93.3499984741211,13144400
2016-07-07,60.227787017822266,92.95999908447266,94.48999786376953,92.3499984741211,94.33999633789062,12240700
2016-07-08,60.60355758666992,93.54000091552734,93.77999877929688,92.91999816894531,93.38999938964844,9807600
2016-07-11,60.8303337097168,93.88999938964844,94.41000366210938,93.6500015258789,93.75,8335700
2016-07-12,61.51708221435547,94.94999694824219,94.94999694824219,94.08999633789062,94.66999816894531,9870800
2016-07-13,61.471763610839844,94.87999725341797,94.91999816894531,94.11000061035156,94.6500015258789,9458200
2016-07-14,61.51708221435547,94.94999694824219,95.52999877929688,94.62000274658203,95.05000305175781,9293500
2016-07-15,61.627262115478516,95.12000274658203,95.55000305175781,94.63999938964844,95.44000244140625,10334500
2016-07-18,61.432884216308594,94.81999969482422,95.1500015258789,94.4000015258789,94.91999816894531,9865900
2016-07-19,61.206111907958984,94.47000122070312,94.94000244140625,94.19999694824219,94.76000213623047,5901800
2016-07-20,60.85626220703125,93.93000030517578,94.41999816894531,93.80000305175781,94.25,7383800
2016-07-21,60.804420471191406,93.8499984741211,94.26000213623047,93.45999908447266,93.88999938964844,6854600
2016-07-22,60.908084869384766,94.01000213623047,94.29000091552734,93.72000122070312,94.11000061035156,7139700
2016-07-25,59.73541259765625,92.19999694824219,93.62000274658203,91.76000213623047,93.47000122070312,10845900
2016-07-26,59.30131530761719,91.52999877929688,92.02999877929688,91.11000061035156,91.62999725341797,12143500
2016-07-27,58.89961624145508,90.91000366210938,91.80999755859375,90.62999725341797,91.51000213623047,10037900
2016-07-28,58.43960189819336,90.19999694824219,90.7300033569336,89.61000061035156,90.54000091552734,12439200
2016-07-29,57.629764556884766,88.94999694824219,89.01000213623047,86.12000274658203,87.61000061035156,23928100
2016-08-01,55.62779235839844,85.86000061035156,88.1500015258789,85.58999633789062,88.08000183105469,22908400
2016-08-02,56.39231491088867,87.04000091552734,87.31999969482422,85.58000183105469,86.44999694824219,18919200
2016-08-03,56.6838264465332,87.48999786376953,87.48999786376953,86.5999984741211,87.01000213623047,14632900
2016-08-04,56.67737579345703,87.4800033569336,87.6500015258789,87.02999877929688,87.5,13451400
2016-08-05,56.72921371459961,87.55999755859375,87.83000183105469,87.1500015258789,87.7300033569336,9617300
2016-08-08,57.39650344848633,88.58999633789062,88.88999938964844,88.02999877929688,88.05000305175781,10492700
2016-08-09,57.467777252197266,88.69999694824219,88.76000213623047,88.18000030517578,88.62000274658203,9654600
2016-08-10,56.46153259277344,86.41000366210938,87.91999816894531,86.01000213623047,87.77999877929688,12714800
2016-08-11,56.66409683227539,86.72000122070312,87.2699966430664,86.26000213623047,86.69000244140625,11616000
2016-08-12,57.402435302734375,87.8499984741211,87.9800033569336,86.9000015258789,86.95999908447266,9986900
2016-08-15,57.37630844116211,87.80999755859375,88.5,87.63999938964844,88.41999816894531,6432600
2016-08-16,57.44818115234375,87.91999816894531,88.18000030517578,87.37000274658203,87.83000183105469,6817900
2016-08-17,57.572349548339844,88.11000061035156,88.18000030517578,87.66000366210938,87.91999816894531,7104600
2016-08-18,58.09505844116211,88.91000366210938,88.94000244140625,88.12000274658203,88.37999725341797,10342700
2016-08-19,57.36977767944336,87.80000305175781,88.73999786376953,87.79000091552734,88.62999725341797,8615300
2016-08-22,57.493919372558594,87.98999786376953,88.0999984741211,86.8499984741211,87.30999755859375,8235400
2016-08-23,57.31751251220703,87.72000122070312,88.0199966430664,87.55999755859375,87.83999633789062,6514800
2016-08-24,57.513526916503906,88.0199966430664,88.16000366210938,87.3499984741211,87.5,7985400
2016-08-25,57.147621154785156,87.45999908447266,88.02999877929688,87.23999786376953,88.0199966430664,6935300
2016-08-26,57.023460388183594,87.2699966430664,88.11000061035156,87.0,87.62999725341797,6474400
2016-08-29,57.395896911621094,87.83999633789062,87.91999816894531,87.04000091552734,87.04000091552734,7027200
2016-08-30,57.186824798583984,87.5199966430664,88.25,87.37000274658203,87.87000274658203,6441100
2016-08-31,56.938533782958984,87.13999938964844,87.20999908447266,86.22000122070312,87.13999938964844,12491400
2016-09-01,56.74250030517578,86.83999633789062,86.83999633789062,86.08999633789062,86.72000122070312,8434700
2016-09-02,57.12146759033203,87.41999816894531,87.58000183105469,86.93000030517578,87.41999816894531,7099600
2016-09-06,57.872894287109375,88.56999969482422,88.63999938964844,87.66000366210938,87.83999633789062,9851200
2016-09-07,57.65727615356445,88.23999786376953,88.66999816894531,87.97000122070312,88.6500015258789,7470400
2016-09-08,58.186553955078125,89.05000305175781,89.37000274658203,88.04000091552734,88.55000305175781,9579500
2016-09-09,56.74250030517578,86.83999633789062,88.66000366210938,86.80000305175781,88.66000366210938,12820200
2016-09-12,57.03652572631836,87.29000091552734,87.70999908447266,86.62999725341797,86.77999877929688,10889000
2016-09-13,55.67743682861328,85.20999908447266,86.47000122070312,85.08000183105469,86.45999908447266,13214300
2016-09-14,55.278839111328125,84.5999984741211,85.83000183105469,84.2699966430664,85.04000091552734,13957000
2016-09-15,55.592491149902344,85.08000183105469,85.6500015258789,84.5199966430664,84.66999816894531,9062600
2016-09-16,54.90639877319336,84.02999877929688,85.05000305175781,83.55999755859375,84.51000213623047,21538400
2016-09-19,54.77570724487305,83.83000183105469,84.62000274658203,83.80999755859375,84.58000183105469,7929100
2016-09-20,53.93281173706055,82.54000091552734,83.94999694824219,82.54000091552734,83.7300033569336,17522000
2016-09-21,54.42940902709961,83.30000305175781,83.62000274658203,82.30999755859375,82.81999969482422,15055900
2016-09-22,54.58623123168945,83.54000091552734,84.55000305175781,83.37999725341797,84.27999877929688,10738500
2016-09-23,54.52743148803711,83.44999694824219,84.30999755859375,82.58999633789062,82.68000030517578,12667100
2016-09-26,54.2725944519043,83.05999755859375,84.5,82.93000030517578,83.5199966430664,10860300
2016-09-27,54.39019775390625,83.23999786376953,83.33999633789062,82.29000091552734,82.58999633789062,9595000
2016-09-28,56.78169250488281,86.9000015258789,87.2300033569336,83.33999633789062,83.45999908447266,28117900
2016-09-29,56.494197845458984,86.45999908447266,87.19999694824219,85.68000030517578,86.97000122070312,19082900
2016-09-30,57.029991149902344,87.27999877929688,87.80999755859375,86.6500015258789,86.83999633789062,15961500
2016-10-03,56.87971878051758,87.05000305175781,87.19999694824219,86.54000091552734,86.94000244140625,7111200
2016-10-04,56.35698318481445,86.25,87.5,86.06999969482422,87.37999725341797,8222000
2016-10-05,56.847049713134766,87.0,87.16999816894531,86.69999694824219,86.83000183105469,8796200
2016-10-06,56.873199462890625,87.04000091552734,87.47000122070312,86.44000244140625,87.25,7718300
2016-10-07,56.67714309692383,86.73999786376953,87.4000015258789,86.41999816894531,86.94999694824219,6614900
2016-10-10,57.7879638671875,88.44000244140625,88.66999816894531,87.51000213623047,87.54000091552734,10060000
2016-10-11,57.33056640625,87.73999786376953,88.19000244140625,87.30000305175781,88.08000183105469,9309000
2016-10-12,56.93196487426758,87.12999725341797,87.72000122070312,86.66999816894531,87.22000122070312,8172600
2016-10-13,56.55953598022461,86.55999755859375,86.87000274658203,85.43000030517578,86.3499984741211,9890300
2016-10-14,56.54647445678711,86.54000091552734,87.54000091552734,86.4800033569336,87.19000244140625,7991700
2016-10-17,56.54647445678711,86.54000091552734,86.79000091552734,86.06999969482422,86.4800033569336,7263100
2016-10-18,56.69676208496094,86.7699966430664,87.33000183105469,86.37999725341797,87.16999816894531,5429300
2016-10-19,56.958133697509766,87.16999816894531,87.8499984741211,86.87999725341797,87.19000244140625,9373400
2016-10-20,56.9842529296875,87.20999908447266,87.5,86.5999984741211,86.79000091552734,6866900
2016-10-21,56.5987548828125,86.62000274658203,86.81999969482422,85.69999694824219,86.41999816894531,10736200
2016-10-24,56.788230895996094,86.91000366210938,87.31999969482422,86.06999969482422,86.73999786376953,8354900
2016-10-25,56.66409683227539,86.72000122070312,87.6500015258789,86.5999984741211,86.66999816894531,6835900
2016-10-26,56.90586853027344,87.08999633789062,87.44999694824219,85.94999694824219,86.25,8488100
2016-10-27,56.794769287109375,86.91999816894531,87.66000366210938,86.80000305175781,87.27999877929688,9071100
2016-10-28,55.396446228027344,84.77999877929688,86.36000061035156,84.13999938964844,85.27999877929688,19072200
2016-10-31,54.44247817993164,83.31999969482422,84.4000015258789,82.98999786376953,83.87999725341797,16663800
2016-11-01,54.658119201660156,83.6500015258789,83.91999816894531,83.2699966430664,83.5,13050600
2016-11-02,54.52743148803711,83.44999694824219,83.87999725341797,82.94000244140625,83.30000305175781,11226100
2016-11-03,54.66464614868164,83.66000366210938,83.87999725341797,83.05000305175781,83.68000030517578,8836500
2016-11-04,54.6058235168457,83.56999969482422,84.33000183105469,82.76000213623047,83.62999725341797,13877100
2016-11-07,55.834251403808594,85.44999694824219,85.47000122070312,84.4000015258789,84.48999786376953,13576200
2016-11-08,56.23637771606445,85.30999755859375,85.83000183105469,84.48999786376953,84.7300033569336,9735200
2016-11-09,56.85601043701172,86.25,86.70999908447266,83.66000366210938,84.05000305175781,15901300
2016-11-10,57.38337707519531,87.05000305175781,87.98999786376953,85.66000366210938,85.91000366210938,14106100
2016-11-11,56.47366714477539,85.66999816894531,86.7300033569336,84.88999938964844,86.52999877929688,13812200
2016-11-14,56.216583251953125,85.27999877929688,85.6500015258789,84.33000183105469,85.30000305175781,12607500
2016-11-15,57.23176574707031,86.81999969482422,87.05999755859375,85.7699966430664,85.7699966430664,12883500
2016-11-16,56.52641677856445,85.75,86.77999877929688,85.58000183105469,86.73999786376953,8201200
2016-11-17,56.183650970458984,85.2300033569336,86.87999725341797,85.0199966430664,86.44000244140625,8200500
2016-11-18,56.216583251953125,85.27999877929688,85.6500015258789,84.83000183105469,85.20999908447266,8457800
2016-11-21,57.01422119140625,86.48999786376953,86.69000244140625,86.13999938964844,86.44000244140625,8861500
2016-11-22,57.13945770263672,86.68000030517578,87.23999786376953,85.97000122070312,86.69000244140625,9390200
2016-11-23,57.29767608642578,86.91999816894531,87.08000183105469,86.30999755859375,86.54000091552734,5996300
2016-11-25,57.42951202392578,87.12000274658203,87.13999938964844,86.54000091552734,86.70999908447266,5042300
2016-11-28,57.00102615356445,86.47000122070312,87.12999725341797,86.37000274658203,86.94999694824219,7449600
2016-11-29,56.62528991699219,85.9000015258789,86.08000183105469,85.08000183105469,85.41999816894531,9181100
2016-11-30,57.54816818237305,87.30000305175781,88.19000244140625,87.19999694824219,87.5999984741211,22696200
2016-12-01,57.508609771728516,87.23999786376953,88.5,87.23999786376953,87.9800033569336,13005600
2016-12-02,57.376800537109375,87.04000091552734,87.98999786376953,86.5999984741211,87.19000244140625,9706600
2016-12-05,57.666839599609375,87.4800033569336,87.81999969482422,86.91999816894531,87.38999938964844,11741100
2016-12-06,57.71957778930664,87.55999755859375,87.87000274658203,86.69999694824219,87.2699966430664,11293600
2016-12-07,58.05575180053711,88.06999969482422,88.1500015258789,87.19999694824219,87.62999725341797,11182600
2016-12-08,58.22055435180664,88.31999969482422,88.8499984741211,87.6500015258789,88.05000305175781,9086700
2016-12-09,58.668827056884766,89.0,89.0,88.18000030517578,88.63999938964844,8021700
2016-12-12,59.974029541015625,90.9800033569336,91.5,90.13999938964844,90.13999938964844,15545400
2016-12-13,61.02876663208008,92.58000183105469,93.22000122070312,91.16999816894531,91.88999938964844,18829300
2016-12-14,59.71035385131836,90.58000183105469,92.2699966430664,90.16999816894531,92.26000213623047,16325400
2016-12-15,59.91471862792969,90.88999938964844,90.9800033569336,89.76000213623047,90.0999984741211,11155100
2016-12-16,60.105865478515625,91.18000030517578,91.66999816894531,90.63999938964844,91.5199966430664,20560400
2016-12-19,59.604888916015625,90.41999816894531,91.54000091552734,90.19999694824219,91.37999725341797,9674400
2016-12-20,59.61146926879883,90.43000030517578,90.8499984741211,90.29000091552734,90.51000213623047,7221000
2016-12-21,59.51259231567383,90.27999877929688,90.9000015258789,90.18000030517578,90.68000030517578,7308000
2016-12-22,59.90153121948242,90.87000274658203,90.9000015258789,90.0199966430664,90.0199966430664,8003100
2016-12-23,59.796043395996094,90.70999908447266,90.95999908447266,90.5199966430664,90.88999938964844,4266500
2016-12-27,59.822418212890625,90.75,91.11000061035156,90.58000183105469,90.83000183105469,4960600
2016-12-28,59.52577209472656,90.30000305175781,91.11000061035156,90.26000213623047,90.68000030517578,6745900
2016-12-29,59.55873107910156,90.3499984741211,90.5999984741211,90.02999877929688,90.0999984741211,6684700
2016-12-30,59.4993896484375,90.26000213623047,90.69999694824219,90.01000213623047,90.02999877929688,9117800
2017-01-03,59.91471862792969,90.88999938964844,91.33999633789062,90.1500015258789,90.94000244140625,10360600
2017-01-04,59.25550842285156,89.88999938964844,91.1500015258789,89.75,91.12000274658203,9434200
2017-01-05,58.3721923828125,88.55000305175781,90.30000305175781,88.44000244140625,90.19000244140625,14443200
2017-01-06,58.3392219543457,88.5,88.9800033569336,87.81999969482422,88.79000091552734,16518100
2017-01-09,57.376800537109375,87.04000091552734,88.22000122070312,86.55000305175781,88.22000122070312,13762300
2017-01-10,56.64506912231445,85.93000030517578,87.30999755859375,85.91000366210938,87.16999816894531,13283100
2017-01-11,57.225181579589844,86.80999755859375,86.94999694824219,85.86000061035156,85.9000015258789,11183700
2017-01-12,56.915340423583984,86.33999633789062,87.37999725341797,86.06999969482422,87.2699966430664,10407000
2017-01-13,56.921939849853516,86.3499984741211,86.68000030517578,86.16999816894531,86.2699966430664,8415600
2017-01-17,57.58772659301758,87.36000061035156,87.38999938964844,86.25,86.58000183105469,13237300
2017-01-18,56.87578582763672,86.27999877929688,87.41000366210938,86.05000305175781,87.05999755859375,11831700
2017-01-19,55.85402297973633,84.7300033569336,86.0999984741211,84.58999633789062,85.97000122070312,16382900
2017-01-20,56.618690490722656,85.88999938964844,85.95999908447266,85.05000305175781,85.44000244140625,18739700
2017-01-23,56.01223373413086,84.97000122070312,85.87999725341797,84.75,85.68000030517578,11433900
2017-01-24,56.09133529663086,85.08999633789062,85.47000122070312,84.83000183105469,84.9800033569336,11858100
2017-01-25,56.256134033203125,85.33999633789062,85.87999725341797,85.25,85.33999633789062,9578500
2017-01-26,56.42754364013672,85.5999984741211,85.83000183105469,85.12000274658203,85.69000244140625,8779400
2017-01-27,56.368194580078125,85.51000213623047,85.75,85.04000091552734,85.30000305175781,10947900
2017-01-30,55.939727783203125,84.86000061035156,85.44999694824219,84.18000030517578,85.41999816894531,12789200
2017-01-31,55.3003044128418,83.88999938964844,85.06999969482422,83.12999725341797,85.04000091552734,19128100
2017-02-01,54.674072265625,82.94000244140625,84.16000366210938,82.54000091552734,84.0,15111800
2017-02-02,55.01026153564453,83.44999694824219,83.52999877929688,82.55000305175781,83.20999908447266,12200100
2017-02-03,55.069580078125,83.54000091552734,83.72000122070312,82.9000015258789,83.69999694824219,12746300
2017-02-06,54.917964935302734,83.30999755859375,83.6500015258789,82.93000030517578,83.55000305175781,9938200
2017-02-07,54.56199264526367,82.7699966430664,83.62000274658203,82.44999694824219,83.2300033569336,11705200
2017-02-08,54.20277404785156,81.4800033569336,82.12000274658203,81.16999816894531,81.98999786376953,14006300
2017-02-09,54.44226837158203,81.83999633789062,82.05000305175781,81.4800033569336,81.4800033569336,9603000
2017-02-10,54.89460372924805,82.5199966430664,82.7699966430664,82.12999725341797,82.26000213623047,8739800
2017-02-13,55.21391677856445,83.0,83.18000030517578,82.3499984741211,82.7699966430664,9071600
2017-02-14,55.09418869018555,82.81999969482422,83.0999984741211,82.05999755859375,82.91000366210938,11370500
2017-02-15,55.32033157348633,83.16000366210938,83.18000030517578,82.45999908447266,82.63999938964844,11768500
2017-02-16,54.74825668334961,82.30000305175781,83.41999816894531,82.16999816894531,83.12000274658203,10615000
2017-02-17,54.38904571533203,81.76000213623047,82.19000244140625,81.44000244140625,82.08999633789062,15646000
2017-02-21,54.47553634643555,81.88999938964844,82.1500015258789,81.30000305175781,82.12000274658203,16419600
2017-02-22,53.836917877197266,80.93000030517578,81.69999694824219,80.87000274658203,81.6500015258789,12917400
2017-02-23,54.402347564697266,81.77999877929688,82.22000122070312,81.02999877929688,81.41999816894531,13847000
2017-02-24,53.93667984008789,81.08000183105469,81.80000305175781,80.76000213623047,81.5999984741211,11338700
2017-02-27,54.2426872253418,81.54000091552734,81.70999908447266,80.80999755859375,81.12999725341797,13465900
2017-02-28,54.096343994140625,81.31999969482422,81.98999786376953,81.05000305175781,81.52999877929688,16834200
2017-03-01,55.22722244262695,83.0199966430664,83.33000183105469,81.69999694824219,81.69999694824219,17482100
2017-03-02,55.41349411010742,83.30000305175781,84.25,82.79000091552734,82.80000305175781,14170300
2017-03-03,54.854705810546875,82.45999908447266,83.5999984741211,82.26000213623047,83.30000305175781,12190400
2017-03-06,55.100826263427734,82.83000183105469,82.9000015258789,82.33000183105469,82.44000244140625,9617200
2017-03-07,54.89460372924805,82.5199966430664,83.29000091552734,82.13999938964844,83.11000061035156,12711500
2017-03-08,53.90342330932617,81.02999877929688,82.37999725341797,81.01000213623047,82.3499984741211,16817700
2017-03-09,54.32916259765625,81.66999816894531,81.72000122070312,80.30999755859375,80.63999938964844,14721800
2017-03-10,54.289249420166016,81.61000061035156,82.47000122070312,81.16000366210938,82.44000244140625,11355200
2017-03-13,54.162864685058594,81.41999816894531,81.94000244140625,81.05000305175781,81.5,9571400
2017-03-14,53.87681198120117,80.98999786376953,81.2300033569336,80.44000244140625,81.0,11335700
2017-03-15,54.5486946105957,82.0,82.05999755859375,81.05000305175781,81.3499984741211,11970300
2017-03-16,54.595272064208984,82.06999969482422,82.19999694824219,81.66999816894531,82.02999877929688,9923800
2017-03-17,54.5486946105957,82.0,82.26000213623047,81.81999969482422,82.02999877929688,18834100
2017-03-20,54.5486946105957,82.0,82.04000091552734,81.44000244140625,81.72000122070312,7700300
2017-03-21,54.43562316894531,81.83000183105469,82.3499984741211,81.5999984741211,82.16000366210938,13387700
2017-03-22,54.38904571533203,81.76000213623047,82.08999633789062,81.43000030517578,81.95999908447266,11168400
2017-03-23,54.4555549621582,81.86000061035156,82.22000122070312,81.45999908447266,81.62999725341797,8928000
2017-03-24,54.036476135253906,81.2300033569336,82.02999877929688,81.1500015258789,82.02999877929688,9128500
2017-03-27,54.049781799316406,81.25,81.43000030517578,80.79000091552734,80.81999969482422,8481200
2017-03-28,54.44226837158203,81.83999633789062,82.0199966430664,80.95999908447266,81.31999969482422,11028600
2017-03-29,54.56200408935547,82.0199966430664,82.27999877929688,81.55000305175781,81.69000244140625,8495500
2017-03-30,55.67959213256836,83.69999694824219,83.87000274658203,81.94000244140625,82.02999877929688,44704900
2017-03-31,54.55533981323242,82.01000213623047,83.30999755859375,81.86000061035156,83.26000213623047,21750400
2017-04-03,54.595272064208984,82.06999969482422,82.30999755859375,81.3499984741211,82.0199966430664,11438700
2017-04-04,54.79484558105469,82.37000274658203,82.41999816894531,81.33000183105469,82.0999984741211,9270900
2017-04-05,54.9012565612793,82.52999877929688,83.55000305175781,82.47000122070312,82.8499984741211,13809100
2017-04-06,55.22057342529297,83.01000213623047,83.20999908447266,82.45999908447266,82.75,9554900
2017-04-07,55.05427932739258,82.76000213623047,83.36000061035156,82.68000030517578,83.23999786376953,8909600
2017-04-10,55.3004150390625,83.12999725341797,83.47000122070312,82.91999816894531,83.12000274658203,8885300
2017-04-11,55.10747528076172,82.83999633789062,83.16999816894531,82.41999816894531,83.08000183105469,8576500
2017-04-12,55.19396209716797,82.97000122070312,83.3499984741211,82.69999694824219,82.86000061035156,9516100
2017-04-13,54.342472076416016,81.69000244140625,82.7300033569336,81.56999969482422,82.72000122070312,8667900
2017-04-17,54.26931381225586,81.58000183105469,81.97000122070312,81.44000244140625,81.8499984741211,9577200
2017-04-18,53.91674041748047,81.05000305175781,81.81999969482422,81.02999877929688,81.31999969482422,8821400
2017-04-19,53.544185638427734,80.48999786376953,81.51000213623047,80.30000305175781,81.16999816894531,10764400
2017-04-20,53.89011001586914,81.01000213623047,81.73999786376953,80.69999694824219,80.94999694824219,11649100
2017-04-21,53.6772575378418,80.69000244140625,81.0,80.47000122070312,80.93000030517578,9816700
2017-04-24,53.95665740966797,81.11000061035156,81.4000015258789,80.80999755859375,81.27999877929688,8729700
2017-04-25,54.369083404541016,81.7300033569336,81.93000030517578,81.27999877929688,81.43000030517578,10733800
2017-04-26,54.1495475769043,81.4000015258789,82.33000183105469,81.38999938964844,81.5199966430664,9445900
2017-04-27,54.05643844604492,81.26000213623047,81.30000305175781,80.94000244140625,81.06999969482422,12385300
2017-04-28,54.31586837768555,81.6500015258789,82.48999786376953,81.55999755859375,82.45999908447266,12072200
2017-05-01,54.588600158691406,82.05999755859375,82.20999908447266,81.4800033569336,81.51000213623047,8664100
2017-05-02,54.58193588256836,82.05000305175781,82.58999633789062,81.9000015258789,82.13999938964844,9102900
2017-05-03,55.01434326171875,82.69999694824219,83.06999969482422,81.91000366210938,81.97000122070312,10289000
2017-05-04,54.309207916259766,81.63999938964844,82.36000061035156,81.4000015258789,82.29000091552734,16164500
2017-05-05,54.56200408935547,82.0199966430664,82.23999786376953,81.61000061035156,81.62999725341797,10213000
2017-05-08,55.140769958496094,82.88999938964844,82.94000244140625,82.0,82.0,8097100
2017-05-09,54.754913330078125,82.30999755859375,83.0,82.16000366210938,82.95999908447266,8647100
2017-05-10,55.00338363647461,81.91000366210938,82.37000274658203,81.6500015258789,82.12000274658203,9520300
2017-05-11,55.47343826293945,82.61000061035156,82.70999908447266,82.0999984741211,82.58999633789062,10047300
2017-05-12,55.43312454223633,82.55000305175781,82.70999908447266,82.25,82.38999938964844,7480200
2017-05-15,55.601016998291016,82.80000305175781,83.18000030517578,82.6500015258789,83.0,10881500
2017-05-16,55.43312454223633,82.55000305175781,83.2300033569336,82.44999694824219,82.9000015258789,9574200
2017-05-17,55.057106018066406,81.98999786376953,83.04000091552734,81.95999908447266,82.55000305175781,11151100
2017-05-18,54.89593505859375,81.75,82.1500015258789,81.41999816894531,81.7699966430664,9905800
2017-05-19,55.01681137084961,81.93000030517578,82.08999633789062,81.69000244140625,82.0,13028500
2017-05-22,55.258548736572266,82.29000091552734,82.33000183105469,81.93000030517578,82.11000061035156,9218700
2017-05-23,55.453285217285156,82.58000183105469,82.88999938964844,82.23999786376953,82.31999969482422,6857200
2017-05-24,55.258548736572266,82.29000091552734,82.54000091552734,82.01000213623047,82.41999816894531,8136000
2017-05-25,54.89593505859375,81.75,82.70999908447266,81.5199966430664,82.33000183105469,12370900
2017-05-26,54.761627197265625,81.55000305175781,81.80000305175781,80.83000183105469,81.61000061035156,8227100
2017-05-30,54.4594612121582,81.0999984741211,81.33999633789062,81.04000091552734,81.27999877929688,8973600
2017-05-31,54.05653381347656,80.5,80.94999694824219,80.47000122070312,80.94000244140625,13572300
2017-06-01,54.19084548950195,80.69999694824219,80.9000015258789,80.19000244140625,80.37000274658203,9884100
2017-06-02,53.385032653808594,79.5,80.68000030517578,79.26000213623047,80.58999633789062,21687300
2017-06-05,53.801368713378906,80.12000274658203,80.38999938964844,79.4000015258789,79.44000244140625,11527100
2017-06-06,54.533329010009766,81.20999908447266,81.31999969482422,80.22000122070312,80.30000305175781,12208600
2017-06-07,54.33187484741211,80.91000366210938,81.4000015258789,80.33999633789062,81.05000305175781,13096500
2017-06-08,54.13711166381836,80.62000274658203,81.08000183105469,80.48999786376953,80.91000366210938,11720700
2017-06-09,55.15110397338867,82.12999725341797,82.13999938964844,80.69000244140625,81.1500015258789,13553900
2017-06-12,55.68831253051758,82.93000030517578,83.69000244140625,82.12999725341797,82.12999725341797,18172900
2017-06-13,55.70844268798828,82.95999908447266,83.2699966430664,82.56999969482422,82.8499984741211,12175500
2017-06-14,55.110836029052734,82.06999969482422,82.81999969482422,81.55999755859375,82.80999755859375,13714000
2017-06-15,55.238399505615234,82.26000213623047,82.4000015258789,81.58000183105469,81.77999877929688,11862600
2017-06-16,56.064361572265625,83.48999786376953,83.54000091552734,82.19999694824219,82.61000061035156,39726100
2017-06-19,55.57415771484375,82.76000213623047,83.48999786376953,82.55000305175781,83.48999786376953,10445700
2017-06-20,55.27197265625,82.30999755859375,82.47000122070312,81.41000366210938,82.06999969482422,13232600
2017-06-21,54.687747955322266,81.44000244140625,82.62999725341797,81.13999938964844,82.04000091552734,11422300
2017-06-22,54.44601821899414,81.08000183105469,81.58000183105469,80.9000015258789,81.44999694824219,8139900
2017-06-23,54.801910400390625,81.61000061035156,81.69000244140625,80.76000213623047,80.8499984741211,10611200
2017-06-26,54.553462982177734,81.23999786376953,81.75,80.91000366210938,81.56999969482422,7718700
2017-06-27,54.46617126464844,81.11000061035156,81.7300033569336,81.11000061035156,81.44999694824219,9221600
2017-06-28,54.74819564819336,81.52999877929688,81.76000213623047,81.19000244140625,81.41000366210938,9189700
2017-06-29,54.19084548950195,80.69999694824219,81.83999633789062,80.41000366210938,81.37000274658203,20525100
2017-06-30,54.210994720458984,80.7300033569336,81.23999786376953,80.69999694824219,81.08000183105469,14000600
2017-07-03,55.13097381591797,82.0999984741211,82.48999786376953,80.72000122070312,80.79000091552734,8422300
2017-07-05,54.29157638549805,80.8499984741211,81.68000030517578,80.5199966430664,81.68000030517578,9830800
2017-07-06,53.801368713378906,80.12000274658203,81.08000183105469,80.08999633789062,80.86000061035156,9822400
2017-07-07,53.868534088134766,80.22000122070312,80.5999984741211,79.80999755859375,80.19999694824219,10777800
2017-07-10,53.8282470703125,80.16000366210938,80.41000366210938,79.95999908447266,80.0,6338300
2017-07-11,54.12369918823242,80.5999984741211,80.75,80.04000091552734,80.33000183105469,9681100
2017-07-12,54.365440368652344,80.95999908447266,81.5199966430664,80.75,81.19000244140625,7974000
2017-07-13,54.37214660644531,80.97000122070312,81.08999633789062,80.7300033569336,80.97000122070312,5582300
2017-07-14,54.58032989501953,81.27999877929688,81.41000366210938,80.7699966430664,81.0,7497200
2017-07-17,54.29829406738281,80.86000061035156,81.43000030517578,80.83000183105469,81.0,7914700
2017-07-18,54.12369918823242,80.5999984741211,81.08000183105469,80.41000366210938,81.0199966430664,8046100
2017-07-19,54.29157638549805,80.8499984741211,80.87000274658203,80.2699966430664,80.44000244140625,9393200
2017-07-20,54.29829406738281,80.86000061035156,81.48999786376953,80.75,80.97000122070312,9681000
2017-07-21,53.801368713378906,80.12000274658203,80.83999633789062,80.0,80.6500015258789,12268600
2017-07-24,53.63350296020508,79.87000274658203,80.22000122070312,79.76000213623047,80.05999755859375,9403000
2017-07-25,53.90210723876953,80.2699966430664,81.05000305175781,80.2699966430664,80.7699966430664,11465300
2017-07-26,53.969242095947266,80.37000274658203,80.9000015258789,80.19999694824219,80.58000183105469,10465100
2017-07-27,54.27815628051758,80.83000183105469,80.87999725341797,79.9000015258789,80.23999786376953,11149700
2017-07-28,53.45218276977539,79.5999984741211,79.91999816894531,78.2699966430664,79.6500015258789,22800800
2017-07-31,53.747657775878906,80.04000091552734,80.38999938964844,79.5999984741211,79.83000183105469,12820200
2017-08-01,53.8349494934082,80.16999816894531,80.54000091552734,79.97000122070312,80.16000366210938,10421200
2017-08-02,54.12369918823242,80.5999984741211,80.63999938964844,79.80000305175781,79.9000015258789,10410100
2017-08-03,54.04981994628906,80.48999786376953,80.81999969482422,80.30000305175781,80.33999633789062,10136700
2017-08-04,53.8618049621582,80.20999908447266,80.55999755859375,80.05000305175781,80.44000244140625,8292200
2017-08-07,53.8282470703125,80.16000366210938,80.16999816894531,79.86000061035156,80.16999816894531,7893800
2017-08-08,53.69393539428711,79.95999908447266,80.22000122070312,79.83000183105469,80.0199966430664,9028400
2017-08-09,53.8618049621582,80.20999908447266,80.3499984741211,79.77999877929688,80.25,8087100
2017-08-10,53.543155670166016,78.97000122070312,79.77999877929688,78.91000366210938,79.76000213623047,12580300
2017-08-11,53.02783966064453,78.20999908447266,79.25,78.19999694824219,79.20999908447266,10192400
2017-08-14,53.041404724121094,78.2300033569336,78.79000091552734,78.12000274658203,78.62000274658203,8862500
2017-08-15,52.912601470947266,78.04000091552734,78.25,77.68000030517578,78.12000274658203,10350900
2017-08-16,52.52611541748047,77.47000122070312,78.16999816894531,77.30999755859375,78.04000091552734,9117100
2017-08-17,51.705711364746094,76.26000213623047,77.27999877929688,76.20999908447266,77.26000213623047,13400400
2017-08-18,51.96336364746094,76.63999938964844,77.11000061035156,76.05000305175781,76.18000030517578,14324300
2017-08-21,51.78707504272461,76.37999725341797,76.62000274658203,76.08000183105469,76.47000122070312,10084900
2017-08-22,52.03115463256836,76.73999786376953,77.33000183105469,76.52999877929688,76.55000305175781,9503600
2017-08-23,51.9429931640625,76.61000061035156,77.01000213623047,76.47000122070312,76.69999694824219,7054300
2017-08-24,51.753173828125,76.33000183105469,76.6500015258789,76.19999694824219,76.5,8678300
2017-08-25,52.01759338378906,76.72000122070312,77.12999725341797,76.43000030517578,76.55999755859375,6844900
2017-08-28,51.84809875488281,76.47000122070312,76.94000244140625,76.26000213623047,76.9000015258789,8229700
2017-08-29,51.83454513549805,76.44999694824219,76.48999786376953,76.08000183105469,76.20999908447266,7060400
2017-08-30,51.59722900390625,76.0999984741211,76.44999694824219,76.05999755859375,76.23999786376953,8218000
2017-08-31,51.753173828125,76.33000183105469,76.48999786376953,76.05000305175781,76.2699966430664,15641700
2017-09-01,51.9158935546875,76.56999969482422,76.8499984741211,76.31999969482422,76.37000274658203,7361100
2017-09-05,52.32947540283203,77.18000030517578,77.36000061035156,76.61000061035156,76.63999938964844,12784800
2017-09-06,53.414310455322266,78.77999877929688,79.22000122070312,77.58000183105469,77.88999938964844,18574400
2017-09-07,53.58381271362305,79.02999877929688,79.33000183105469,78.61000061035156,79.0199966430664,9836400
2017-09-08,53.44145202636719,78.81999969482422,79.04000091552734,78.62999725341797,79.01000213623047,8436000
2017-09-11,53.73299026489258,79.25,79.41999816894531,78.9000015258789,79.41000366210938,12955800
2017-09-12,53.902496337890625,79.5,79.69000244140625,79.23999786376953,79.4000015258789,7644400
2017-09-13,54.08556365966797,79.7699966430664,79.7699966430664,79.37999725341797,79.5,8369700
2017-09-14,54.30250549316406,80.08999633789062,80.2300033569336,79.7699966430664,79.8499984741211,9072600
2017-09-15,54.2889518737793,80.06999969482422,80.20999908447266,79.55000305175781,80.12000274658203,16043700
2017-09-18,54.30250549316406,80.08999633789062,80.13999938964844,79.69999694824219,79.79000091552734,8594400
2017-09-19,54.39067077636719,80.22000122070312,80.38999938964844,79.98999786376953,80.05999755859375,9277100
2017-09-20,54.61440658569336,80.55000305175781,80.66000366210938,80.26000213623047,80.27999877929688,10606900
2017-09-21,54.166927337646484,79.88999938964844,80.52999877929688,79.76000213623047,80.48999786376953,11984200
2017-09-22,54.187255859375,79.91999816894531,80.30000305175781,79.66999816894531,79.72000122070312,10205800
2017-09-25,54.90595626831055,80.9800033569336,81.0,79.9800033569336,80.02999877929688,10496600
2017-09-26,54.84491729736328,80.88999938964844,81.0,80.55999755859375,80.70999908447266,8755100
2017-09-27,55.2110710144043,81.43000030517578,81.44999694824219,80.79000091552734,80.88999938964844,9724500
2017-09-28,55.72636413574219,82.19000244140625,82.44999694824219,81.55999755859375,81.62999725341797,15581700
2017-09-29,55.583984375,81.9800033569336,82.05999755859375,81.58000183105469,81.94000244140625,9944000
2017-10-02,55.346683502197266,81.62999725341797,81.81999969482422,81.25,81.30000305175781,6777900
2017-10-03,55.434810638427734,81.76000213623047,81.97000122070312,81.30000305175781,81.41000366210938,6082000
2017-10-04,55.45513916015625,81.79000091552734,81.87000274658203,81.44999694824219,81.80000305175781,6357100
2017-10-05,55.61109924316406,82.0199966430664,82.23999786376953,81.58999633789062,81.72000122070312,7375900
2017-10-06,55.40092086791992,81.70999908447266,81.88999938964844,81.36000061035156,81.7699966430664,6070600
2017-10-09,55.61788558959961,82.02999877929688,82.18000030517578,81.76000213623047,81.83999633789062,7489900
2017-10-10,55.77383041381836,82.26000213623047,82.73999786376953,82.08999633789062,82.33999633789062,7218500
2017-10-11,56.00433349609375,82.5999984741211,82.73999786376953,82.13999938964844,82.16000366210938,7023700
2017-10-12,55.88908767700195,82.43000030517578,82.5,82.16999816894531,82.30999755859375,6647500
2017-10-13,55.875526428222656,82.41000366210938,83.08000183105469,82.36000061035156,82.7300033569336,7180000
2017-10-16,56.1467399597168,82.80999755859375,82.94999694824219,82.54000091552734,82.69999694824219,5734000
2017-10-17,56.24843215942383,82.95999908447266,82.97000122070312,82.54000091552734,82.62999725341797,6444100
2017-10-18,56.112831115722656,82.76000213623047,83.38999938964844,82.54000091552734,82.95999908447266,6367100
2017-10-19,56.099266052246094,82.73999786376953,83.05000305175781,82.33000183105469,82.3499984741211,7945500
2017-10-20,56.350135803222656,83.11000061035156,83.12999725341797,82.62000274658203,82.8499984741211,9574100
2017-10-23,56.43826675415039,83.23999786376953,83.76000213623047,83.04000091552734,83.1500015258789,9829900
2017-10-24,56.5942268371582,83.47000122070312,83.80999755859375,83.30999755859375,83.55000305175781,7551200
2017-10-25,56.390811920166016,83.16999816894531,83.7300033569336,82.94999694824219,83.44999694824219,9153300
2017-10-26,56.5942268371582,83.47000122070312,83.6500015258789,83.11000061035156,83.37000274658203,9154500
2017-10-27,56.75694274902344,83.70999908447266,84.23999786376953,82.01000213623047,83.0,14866200
2017-10-30,56.64167785644531,83.54000091552734,83.94999694824219,83.41000366210938,83.70999908447266,7811100
2017-10-31,56.512874603271484,83.3499984741211,83.68000030517578,83.16999816894531,83.6500015258789,9754200
2017-11-01,56.86542892456055,83.87000274658203,83.94000244140625,83.26000213623047,83.38999938964844,9430000
2017-11-02,56.63490676879883,83.52999877929688,83.70999908447266,82.91000366210938,83.5999984741211,7775500
2017-11-03,56.3975944519043,83.18000030517578,83.63999938964844,83.16000366210938,83.41999816894531,6903500
2017-11-06,56.78407287597656,83.75,83.87000274658203,83.05999755859375,83.30000305175781,9276700
2017-11-07,56.6688117980957,83.58000183105469,83.81999969482422,83.02999877929688,83.73999786376953,8471800
2017-11-08,56.5942268371582,83.47000122070312,83.5,82.86000061035156,83.36000061035156,8691600
2017-11-09,56.933231353759766,83.97000122070312,84.13999938964844,83.08000183105469,83.30000305175781,10528800
2017-11-10,56.755313873291016,82.94000244140625,83.08000183105469,82.41999816894531,83.01000213623047,8693700
2017-11-13,56.72112274169922,82.88999938964844,83.08999633789062,82.5999984741211,82.6500015258789,6720400
2017-11-14,56.276302337646484,82.23999786376953,82.75,82.08999633789062,82.41999816894531,9251700
2017-11-15,55.57148361206055,81.20999908447266,82.08999633789062,81.1500015258789,81.75,9663600
2017-11-16,55.12668991088867,80.55999755859375,80.8499984741211,80.1500015258789,80.44000244140625,10527200
2017-11-17,54.90773391723633,80.23999786376953,80.66000366210938,80.16000366210938,80.31999969482422,9536400
2017-11-20,55.119850158691406,80.55000305175781,80.63999938964844,80.01000213623047,80.2300033569336,8468600
2017-11-21,55.338829040527344,80.87000274658203,81.25,80.63999938964844,80.69000244140625,8838400
2017-11-22,55.49622344970703,81.0999984741211,81.41000366210938,81.05000305175781,81.16000366210938,7941600
2017-11-24,55.71518325805664,81.41999816894531,81.69999694824219,81.22000122070312,81.44000244140625,3851300
2017-11-27,55.503055572509766,81.11000061035156,81.4000015258789,81.0199966430664,81.31999969482422,9127500
2017-11-28,55.88625717163086,81.66999816894531,82.0,81.30999755859375,81.41000366210938,9794600
2017-11-29,56.29683303833008,82.2699966430664,82.30999755859375,81.4800033569336,81.6500015258789,9725000
2017-11-30,56.99482345581055,83.29000091552734,83.4000015258789,82.41000366210938,82.44999694824219,18592700
2017-12-01,57.111148834228516,83.45999908447266,84.12999725341797,82.41000366210938,83.44000244140625,13779300
2017-12-04,57.186424255371094,83.56999969482422,84.18000030517578,83.0,83.20999908447266,12597700
2017-12-05,56.72112274169922,82.88999938964844,83.7699966430664,82.70999908447266,83.41000366210938,9357200
2017-12-06,56.30367660522461,82.27999877929688,83.19999694824219,82.20999908447266,82.8499984741211,13398900
2017-12-07,56.488426208496094,82.55000305175781,82.62000274658203,82.16999816894531,82.4000015258789,11359600
2017-12-08,56.563716888427734,82.66000366210938,82.9000015258789,82.26000213623047,82.48999786376953,11988600
2017-12-11,56.81689453125,83.02999877929688,83.25,82.73999786376953,83.04000091552734,8760700
2017-12-12,56.63214874267578,82.76000213623047,83.37999725341797,82.69999694824219,82.88999938964844,11307000
2017-12-13,56.87848663330078,83.12000274658203,83.30000305175781,82.4800033569336,82.61000061035156,10172700
2017-12-14,56.72795486450195,82.9000015258789,83.33000183105469,82.88999938964844,83.02999877929688,9492400
2017-12-15,56.81689453125,83.02999877929688,83.27999877929688,82.87000274658203,83.16000366210938,26582300
2017-12-18,56.755313873291016,82.94000244140625,83.66999816894531,82.91000366210938,83.18000030517578,9363500
2017-12-19,56.41316604614258,82.44000244140625,83.16999816894531,82.33000183105469,83.02999877929688,10285100
2017-12-20,56.707435607910156,82.87000274658203,83.13999938964844,82.5199966430664,82.5999984741211,10620300
2017-12-21,57.37800979614258,83.8499984741211,84.2699966430664,82.95999908447266,83.3499984741211,13578100
2017-12-22,57.46012878417969,83.97000122070312,84.0199966430664,83.5999984741211,83.87999725341797,10161400
2017-12-26,57.466983795166016,83.9800033569336,84.36000061035156,83.9000015258789,83.95999908447266,4777200
2017-12-27,57.41222381591797,83.9000015258789,84.0999984741211,83.73999786376953,83.98999786376953,7000600
2017-12-28,57.49433898925781,84.0199966430664,84.05000305175781,83.80000305175781,83.9800033569336,7495300
2017-12-29,57.23430633544922,83.63999938964844,84.19999694824219,83.63999938964844,84.0,8523400
2018-01-02,58.185482025146484,85.02999877929688,85.19999694824219,83.66000366210938,83.81999969482422,11469300
2018-01-03,59.328250885009766,86.69999694824219,86.97000122070312,84.81999969482422,85.16000366210938,13957700
2018-01-04,59.4103889465332,86.81999969482422,87.22000122070312,86.43000030517578,86.79000091552734,10863000
2018-01-05,59.36246871948242,86.75,86.87999725341797,85.70999908447266,86.75,11047600
2018-01-08,59.62933349609375,87.13999938964844,87.1500015258789,86.5999984741211,86.69999694824219,10927100
2018-01-09,59.37616729736328,86.7699966430664,87.1500015258789,86.6500015258789,86.94000244140625,8131600
2018-01-10,58.90399169921875,86.08000183105469,87.19000244140625,85.9800033569336,87.0,10822300
2018-01-11,59.48565673828125,86.93000030517578,87.37000274658203,85.93000030517578,86.36000061035156,14366000
2018-01-12,59.889381408691406,87.5199966430664,87.98999786376953,87.18000030517578,87.19999694824219,9834500
2018-01-16,59.513023376464844,86.97000122070312,87.76000213623047,86.5999984741211,87.73999786376953,10882800
2018-01-17,60.21784210205078,88.0,88.20999908447266,86.93000030517578,87.19999694824219,10546000
2018-01-18,59.827789306640625,87.43000030517578,88.19000244140625,87.33999633789062,87.7699966430664,9223700
2018-01-19,59.636192321777344,87.1500015258789,87.76000213623047,86.61000061035156,87.56999969482422,13090000
2018-01-22,60.388919830322266,88.25,88.29000091552734,87.05000305175781,87.16999816894531,10270400
2018-01-23,60.42312240600586,88.30000305175781,88.45999908447266,87.73999786376953,88.25,10281800
2018-01-24,60.58053207397461,88.52999877929688,88.91999816894531,88.01000213623047,88.48999786376953,10316100
2018-01-25,60.471038818359375,88.37000274658203,88.87000274658203,88.19999694824219,88.55000305175781,11271900
2018-01-26,60.90214538574219,89.0,89.0,88.47000122070312,88.63999938964844,10514400
2018-01-29,60.22469711303711,88.01000213623047,89.30000305175781,87.94999694824219,88.58999633789062,9315700
2018-01-30,59.38300704956055,86.77999877929688,88.37999725341797,86.77999877929688,87.54000091552734,12408000
2018-01-31,59.73885726928711,87.30000305175781,87.47000122070312,86.33000183105469,86.55999755859375,14404700
2018-02-01,60.950042724609375,89.06999969482422,89.25,87.3499984741211,87.5,17971000
2018-02-02,57.84334182739258,84.52999877929688,86.01000213623047,83.0,85.12999725341797,29822100
2018-02-05,54.5518913269043,79.72000122070312,83.98999786376953,78.12999725341797,83.27999877929688,30452700
2018-02-06,53.61439895629883,78.3499984741211,80.3499984741211,76.9000015258789,78.51000213623047,36262800
2018-02-07,52.64955139160156,76.94000244140625,79.41000366210938,76.91999816894531,78.44000244140625,21994500
2018-02-08,52.05421447753906,76.06999969482422,77.58000183105469,76.02999877929688,77.44000244140625,25650800
2018-02-09,52.38603973388672,75.77999877929688,76.4800033569336,73.9000015258789,76.25,29491600
2018-02-12,52.828468322753906,76.41999816894531,77.62000274658203,75.83999633789062,77.05000305175781,19340400
2018-02-13,52.74551010131836,76.30000305175781,76.75,75.7300033569336,76.0999984741211,11926600
2018-02-14,52.85612106323242,76.45999908447266,76.66000366210938,75.16999816894531,75.79000091552734,17188400
2018-02-15,52.683292388916016,76.20999908447266,76.69999694824219,75.44999694824219,76.62000274658203,14432400
2018-02-16,52.91141891479492,76.54000091552734,77.12000274658203,75.8499984741211,76.1500015258789,13722400
2018-02-20,52.36531066894531,75.75,77.47000122070312,75.45999908447266,76.47000122070312,13387300
2018-02-21,51.77079772949219,74.88999938964844,76.44000244140625,74.87000274658203,75.81999969482422,11715000
2018-02-22,52.44134521484375,75.86000061035156,76.83999633789062,75.19000244140625,75.30000305175781,14020200
2018-02-23,53.59578323364258,77.52999877929688,77.62000274658203,75.94999694824219,76.08999633789062,13378800
2018-02-26,54.50139236450195,78.83999633789062,78.93000030517578,77.55999755859375,77.73999786376953,16940400
2018-02-27,53.57504653930664,77.5,79.87000274658203,77.5,79.0,14629500
2018-02-28,52.35837936401367,75.73999786376953,78.25,75.69999694824219,78.16000366210938,17087800
2018-03-01,51.98509979248047,75.19999694824219,76.68000030517578,74.86000061035156,75.52999877929688,15696700
2018-03-02,52.22704315185547,75.55000305175781,75.87000274658203,74.4800033569336,74.88999938964844,15630300
2018-03-05,52.724769592285156,76.2699966430664,76.55999755859375,75.12000274658203,75.2300033569336,14891000
2018-03-06,52.66257095336914,76.18000030517578,76.9800033569336,75.86000061035156,76.66999816894531,10754300
2018-03-07,51.33527374267578,74.26000213623047,75.23999786376953,73.55999755859375,75.0,27255500
2018-03-08,51.23849868774414,74.12000274658203,74.7699966430664,73.69000244140625,74.5,19299800
2018-03-09,51.542659759521484,74.55999755859375,75.05999755859375,74.20999908447266,74.81999969482422,19714100
2018-03-12,52.01274108886719,75.23999786376953,75.58000183105469,74.69000244140625,74.87000274658203,14226700
2018-03-13,51.521915435791016,74.52999877929688,75.81999969482422,74.25,75.33000183105469,13739700
2018-03-14,50.87900161743164,73.5999984741211,74.79000091552734,73.52999877929688,74.63999938964844,14820700
2018-03-15,51.44587326049805,74.41999816894531,75.0,74.0999984741211,74.3499984741211,15640600
2018-03-16,51.929786682128906,75.12000274658203,75.12000274658203,74.36000061035156,74.36000061035156,32109700
2018-03-19,51.259239196777344,74.1500015258789,75.01000213623047,73.86000061035156,75.0,12744800
2018-03-20,51.14863204956055,73.98999786376953,74.69999694824219,73.94999694824219,74.22000122070312,13003200
2018-03-21,51.874488830566406,75.04000091552734,75.63999938964844,73.9800033569336,74.2300033569336,15418500
2018-03-22,50.80989074707031,73.5,74.69999694824219,73.38999938964844,74.41999816894531,17737000
2018-03-23,50.3881950378418,72.88999938964844,74.20999908447266,72.66999816894531,73.80999755859375,20157300
2018-03-26,51.15554428100586,74.0,74.1500015258789,72.75,73.6500015258789,15032700
2018-03-27,50.948150634765625,73.69999694824219,74.88999938964844,73.27999877929688,74.0,15821900
2018-03-28,50.33289337158203,72.80999755859375,74.01000213623047,72.77999877929688,73.73999786376953,18163900
2018-03-29,51.577205657958984,74.61000061035156,74.88999938964844,73.26000213623047,73.33000183105469,14882900
2018-04-02,50.6163330078125,73.22000122070312,74.4000015258789,72.16000366210938,74.2699966430664,17891100
2018-04-03,51.860660552978516,75.0199966430664,75.13999938964844,73.0999984741211,73.44999694824219,15999200
2018-04-04,51.75697326660156,74.87000274658203,75.05999755859375,73.44000244140625,74.05000305175781,13122200
2018-04-05,52.551944732666016,76.0199966430664,76.31999969482422,75.0199966430664,75.05999755859375,14200000
2018-04-06,51.75697326660156,74.87000274658203,76.12000274658203,74.22000122070312,75.63999938964844,14299600
2018-04-09,51.75697326660156,74.87000274658203,75.79000091552734,74.80000305175781,75.22000122070312,11103100
2018-04-10,53.27780532836914,77.06999969482422,77.7699966430664,76.05999755859375,76.08000183105469,19006100
2018-04-11,53.52666473388672,77.43000030517578,78.04000091552734,76.75,77.11000061035156,13734000
2018-04-12,53.38151168823242,77.22000122070312,78.13999938964844,77.01000213623047,77.86000061035156,13270400
2018-04-13,53.810096740722656,77.83999633789062,78.19000244140625,77.5999984741211,77.80000305175781,10925000
2018-04-16,54.29399871826172,78.54000091552734,79.08000183105469,77.70999908447266,78.12000274658203,10743600
2018-04-17,54.148826599121094,78.33000183105469,78.76000213623047,78.04000091552734,78.54000091552734,10478100
2018-04-18,54.76408004760742,79.22000122070312,79.76000213623047,78.94000244140625,79.04000091552734,12061400
2018-04-19,54.90232849121094,79.41999816894531,79.81999969482422,78.80999755859375,79.31999969482422,11291500
2018-04-20,54.61198806762695,79.0,79.4000015258789,78.33000183105469,79.31999969482422,12072200
2018-04-23,55.006038665771484,79.56999969482422,79.5999984741211,78.75,78.91999816894531,11729800
2018-04-24,54.16264724731445,78.3499984741211,79.93000030517578,77.97000122070312,79.80000305175781,14102000
2018-04-25,54.957645416259766,79.5,79.62000274658203,77.48999786376953,78.19999694824219,13867500
2018-04-26,55.89780044555664,80.86000061035156,80.9000015258789,79.52999877929688,79.5999984741211,14554400
2018-04-27,53.775535583496094,77.79000091552734,78.6500015258789,76.4800033569336,76.94999694824219,16346800
2018-04-30,53.74787902832031,77.75,78.55999755859375,77.73999786376953,77.91000366210938,15028800
2018-05-01,53.19485855102539,76.94999694824219,77.26000213623047,75.9800033569336,77.26000213623047,16231000
2018-05-02,53.09115982055664,76.80000305175781,77.2300033569336,76.30000305175781,76.44999694824219,13883700
2018-05-03,52.91141891479492,76.54000091552734,76.61000061035156,75.4000015258789,76.38999938964844,12243100
2018-05-04,53.1602897644043,76.9000015258789,77.22000122070312,75.94000244140625,76.12999725341797,9887200
2018-05-07,53.74095153808594,77.73999786376953,79.08000183105469,77.4000015258789,77.73999786376953,15071500
2018-05-08,53.982933044433594,78.08999633789062,78.16000366210938,76.37000274658203,77.80000305175781,17430400
2018-05-09,55.25489044189453,79.93000030517578,80.23999786376953,78.94999694824219,78.9800033569336,17142100
2018-05-10,56.492305755615234,81.72000122070312,81.79000091552734,80.5,80.63999938964844,17710300
2018-05-11,56.75766372680664,81.27999877929688,81.97000122070312,80.91000366210938,81.18000030517578,14751000
2018-05-14,57.141727447509766,81.83000183105469,82.31999969482422,81.61000061035156,81.69999694824219,11852100
2018-05-15,57.113792419433594,81.79000091552734,82.02999877929688,81.4000015258789,81.8499984741211,12595700
2018-05-16,57.27439880371094,82.0199966430664,82.05000305175781,81.16999816894531,81.76000213623047,9570000
2018-05-17,57.17664337158203,81.87999725341797,82.27999877929688,81.44000244140625,82.19999694824219,11224100
2018-05-18,56.771636962890625,81.30000305175781,81.80000305175781,81.26000213623047,81.55000305175781,10030900
2018-05-21,57.45595169067383,82.27999877929688,82.3499984741211,81.5199966430664,81.7300033569336,8822400
2018-05-22,57.00904083251953,81.63999938964844,82.6500015258789,81.3499984741211,82.44000244140625,10753400
2018-05-23,57.36518859863281,82.1500015258789,82.2300033569336,80.56999969482422,80.94999694824219,15140900
2018-05-24,56.05237579345703,80.2699966430664,81.36000061035156,79.94999694824219,81.3499984741211,13360500
2018-05-25,54.96303939819336,78.70999908447266,79.33000183105469,78.08999633789062,79.27999877929688,14562000
2018-05-29,54.760520935058594,78.41999816894531,78.7300033569336,77.52999877929688,78.1500015258789,14644800
2018-05-30,56.911285400390625,81.5,81.66000366210938,79.22000122070312,79.25,16627500
2018-05-31,56.729713439941406,81.23999786376953,81.55000305175781,80.69000244140625,80.80999755859375,15803100
2018-06-01,57.141727447509766,81.83000183105469,82.3499984741211,81.55000305175781,81.87000274658203,9906100
2018-06-04,56.54118347167969,80.97000122070312,82.52999877929688,80.80999755859375,82.05000305175781,10954700
2018-06-05,56.33867645263672,80.68000030517578,81.6500015258789,80.41000366210938,80.58999633789062,12059300
2018-06-06,57.30233383178711,82.05999755859375,82.08999633789062,80.87000274658203,81.4800033569336,11603300
2018-06-07,57.874935150146484,82.87999725341797,83.29000091552734,82.55999755859375,82.7300033569336,13502500
2018-06-08,58.377708435058594,83.5999984741211,83.66000366210938,82.5,83.11000061035156,14350400
2018-06-11,58.02854919433594,83.0999984741211,83.79000091552734,82.93000030517578,83.72000122070312,10831600
2018-06-12,57.55373001098633,82.41999816894531,83.75,82.31999969482422,83.11000061035156,12351800
2018-06-13,56.918270111083984,81.51000213623047,82.5999984741211,81.47000122070312,82.44000244140625,12049300
2018-06-14,57.18363952636719,81.88999938964844,82.30000305175781,81.5,81.94000244140625,11477300
2018-06-15,56.324710845947266,80.66000366210938,81.81999969482422,80.51000213623047,81.72000122070312,23797500
2018-06-18,56.43645095825195,80.81999969482422,81.37999725341797,80.30000305175781,80.4000015258789,9192600
2018-06-19,56.3526611328125,80.69999694824219,80.95999908447266,79.70999908447266,79.88999938964844,8759700
2018-06-20,56.17808532714844,80.44999694824219,81.12999725341797,80.2699966430664,80.8499984741211,8917700
2018-06-21,55.64737319946289,79.69000244140625,80.37999725341797,79.33000183105469,80.0199966430664,10990700
2018-06-22,56.82749557495117,81.37999725341797,81.94000244140625,80.91999816894531,81.16000366210938,16012200
2018-06-25,55.682281494140625,79.73999786376953,81.23999786376953,79.30000305175781,80.77999877929688,10557200
2018-06-26,56.31073760986328,80.63999938964844,81.01000213623047,79.97000122070312,80.1500015258789,10382800
2018-06-27,57.05792999267578,81.70999908447266,82.4800033569336,81.05999755859375,81.05999755859375,12725900
2018-06-28,57.23947525024414,81.97000122070312,82.06999969482422,81.02999877929688,81.7300033569336,9390700
2018-06-29,57.77020263671875,82.7300033569336,83.54000091552734,82.29000091552734,82.44999694824219,17323200
2018-07-02,57.09285354614258,81.76000213623047,82.12999725341797,81.31999969482422,81.88999938964844,9998300
2018-07-03,57.42802047729492,82.23999786376953,83.44999694824219,82.08000183105469,82.58000183105469,7197300
2018-07-05,57.47689437866211,82.30999755859375,82.7699966430664,82.05000305175781,82.58999633789062,9035700
2018-07-06,57.4908561706543,82.33000183105469,82.69999694824219,81.66000366210938,81.95999908447266,7637100
2018-07-09,57.888919830322266,82.9000015258789,83.12999725341797,82.55999755859375,82.80999755859375,7158600
2018-07-10,58.41962432861328,83.66000366210938,84.12000274658203,83.51000213623047,83.69999694824219,8806200
2018-07-11,57.67242431640625,82.58999633789062,83.52999877929688,82.02999877929688,83.02999877929688,10405300
2018-07-12,57.74226760864258,82.69000244140625,83.23999786376953,82.30999755859375,83.01000213623047,9762200
2018-07-13,58.175209045410156,83.30999755859375,83.75,82.55999755859375,82.68000030517578,8720000
2018-07-16,57.602596282958984,82.48999786376953,82.79000091552734,82.0,82.5199966430664,8306900
2018-07-17,57.47689437866211,82.30999755859375,82.75,82.04000091552734,82.26000213623047,7373300
2018-07-18,57.414066314697266,82.22000122070312,82.31999969482422,81.48999786376953,81.80000305175781,8711900
2018-07-19,57.26742935180664,82.01000213623047,82.62000274658203,81.72000122070312,82.19999694824219,8659100
2018-07-20,56.84143829345703,81.4000015258789,81.93000030517578,81.25,81.72000122070312,9196300
2018-07-23,56.84143829345703,81.4000015258789,82.0,81.18000030517578,81.94999694824219,8425900
2018-07-24,57.9657096862793,83.01000213623047,83.0199966430664,81.4800033569336,81.5199966430664,11121000
2018-07-25,58.37071228027344,83.58999633789062,83.73999786376953,82.51000213623047,83.01000213623047,9523600
2018-07-26,58.82461166381836,84.23999786376953,84.4000015258789,83.37000274658203,83.83000183105469,13210100
2018-07-27,57.204566955566406,81.91999816894531,82.37999725341797,80.80999755859375,80.97000122070312,18220800
2018-07-30,57.078880310058594,81.73999786376953,82.12999725341797,80.70999908447266,82.12999725341797,11282800
2018-07-31,56.918270111083984,81.51000213623047,82.1500015258789,81.44000244140625,81.63999938964844,11716800
2018-08-01,56.136173248291016,80.38999938964844,80.93000030517578,80.22000122070312,80.88999938964844,8936300
2018-08-02,55.800994873046875,79.91000366210938,80.26000213623047,79.44999694824219,79.88999938964844,8364300
2018-08-03,56.00349807739258,80.19999694824219,80.30000305175781,79.62999725341797,79.97000122070312,7811100
2018-08-06,55.98952865600586,80.18000030517578,80.43000030517578,79.73999786376953,80.25,10041800
2018-08-07,56.75067138671875,81.2699966430664,81.58999633789062,80.30999755859375,80.91000366210938,10698100
2018-08-08,56.37358093261719,80.7300033569336,81.2300033569336,80.3499984741211,81.0199966430664,7275000
2018-08-09,56.08728790283203,80.31999969482422,80.91000366210938,80.11000061035156,80.7300033569336,9828500
2018-08-10,56.03085708618164,79.41999816894531,79.5199966430664,78.86000061035156,79.51000213623047,12954300
2018-08-13,55.42412185668945,78.55999755859375,79.75,78.43000030517578,79.44999694824219,10308500
2018-08-14,55.247764587402344,78.30999755859375,79.06999969482422,78.08000183105469,78.98999786376953,8005900
2018-08-15,54.281211853027344,76.94000244140625,77.9000015258789,76.51000213623047,77.77999877929688,16307800
2018-08-16,55.029052734375,78.0,78.0999984741211,77.19999694824219,77.27999877929688,11519900
2018-08-17,55.21248245239258,78.26000213623047,78.48999786376953,77.80000305175781,78.33999633789062,10178400
2018-08-20,55.600494384765625,78.80999755859375,79.0,78.16999816894531,78.26000213623047,8152100
2018-08-21,55.6146240234375,78.83000183105469,79.58000183105469,78.66999816894531,79.05000305175781,9192200
2018-08-22,56.41181945800781,79.95999908447266,80.05000305175781,79.0199966430664,79.11000061035156,10098200
2018-08-23,55.790985107421875,79.08000183105469,79.62999725341797,78.9000015258789,79.55999755859375,7203900
2018-08-24,56.17197036743164,79.62000274658203,80.05000305175781,79.41999816894531,79.5199966430664,6545200
2018-08-27,56.722251892089844,80.4000015258789,80.47000122070312,79.86000061035156,79.91000366210938,6671900
2018-08-28,56.6375846862793,80.27999877929688,80.81999969482422,80.19999694824219,80.58000183105469,8823400
2018-08-29,57.04676818847656,80.86000061035156,81.04000091552734,80.0999984741211,80.44000244140625,8004800
2018-08-30,56.79985809326172,80.51000213623047,80.77999877929688,80.12000274658203,80.44999694824219,7450900
2018-08-31,56.559974670410156,80.16999816894531,80.45999908447266,79.7699966430664,80.23999786376953,10700000
2018-09-04,56.64464569091797,80.29000091552734,80.69000244140625,79.80999755859375,80.41000366210938,8855000
2018-09-05,57.39954376220703,81.36000061035156,81.43000030517578,79.5999984741211,79.9000015258789,13878400
2018-09-06,56.76456069946289,80.45999908447266,81.63999938964844,80.33999633789062,81.11000061035156,13320600
2018-09-07,57.73112106323242,81.83000183105469,81.93000030517578,79.81999969482422,80.1500015258789,16417800
2018-09-10,57.64643859863281,81.70999908447266,82.73999786376953,81.66000366210938,82.23999786376953,10817900
2018-09-11,58.4577751159668,82.86000061035156,83.19000244140625,81.62999725341797,81.95999908447266,11891900
2018-09-12,58.64827346801758,83.12999725341797,83.77999877929688,82.87000274658203,83.25,11556300
2018-09-13,58.076812744140625,82.31999969482422,83.25,82.01000213623047,83.1500015258789,11162700
2018-09-14,58.5001106262207,82.91999816894531,83.1500015258789,82.2699966430664,82.41999816894531,9442600
2018-09-17,58.84579086303711,83.41000366210938,83.61000061035156,82.98999786376953,83.0,8403300
2018-09-18,59.0009880065918,83.62999725341797,84.12999725341797,83.44999694824219,83.9000015258789,9219900
2018-09-19,59.70650863647461,84.62999725341797,84.7699966430664,83.63999938964844,83.63999938964844,10413600
2018-09-20,59.840538024902344,84.81999969482422,85.33999633789062,84.54000091552734,84.86000061035156,11198200
2018-09-21,60.08748245239258,85.16999816894531,85.43000030517578,84.5199966430664,85.01000213623047,26639400
2018-09-24,61.096343994140625,86.5999984741211,87.08999633789062,85.72000122070312,85.79000091552734,13549500
2018-09-25,61.02580642700195,86.5,87.36000061035156,86.37000274658203,87.02999877929688,12200700
2018-09-26,60.517845153808594,85.77999877929688,86.5,85.69000244140625,86.0199966430664,10275500
2018-09-27,60.51077651977539,85.7699966430664,86.37999725341797,85.58999633789062,86.08999633789062,7895400
2018-09-28,59.98164749145508,85.0199966430664,85.93000030517578,84.98999786376953,85.25,9884900
2018-10-01,60.539005279541016,85.80999755859375,86.02999877929688,85.26000213623047,85.3499984741211,8566900
2018-10-02,60.99757766723633,86.45999908447266,86.66999816894531,85.62000274658203,85.80000305175781,8453100
2018-10-03,60.77885818481445,86.1500015258789,86.88999938964844,85.9800033569336,86.51000213623047,10206700
2018-10-04,60.37673568725586,85.58000183105469,86.08000183105469,85.25,85.5,10204600
2018-10-05,60.207420349121094,85.33999633789062,85.69999694824219,84.93000030517578,85.30999755859375,9217400
2018-10-08,60.76475524902344,86.12999725341797,86.30999755859375,84.6500015258789,84.79000091552734,13242400
2018-10-09,61.032859802246094,86.51000213623047,86.87999725341797,85.73999786376953,86.37999725341797,10177900
2018-10-10,59.6289176940918,84.5199966430664,86.81999969482422,84.5,86.7300033569336,16573400
2018-10-11,57.56882858276367,81.5999984741211,84.16999816894531,81.16999816894531,83.94000244140625,20320100
2018-10-12,57.41362762451172,81.37999725341797,82.23999786376953,80.2699966430664,82.12999725341797,15216300
2018-10-15,57.018558502197266,80.81999969482422,81.73999786376953,80.81999969482422,81.37999725341797,10558800
2018-10-16,57.286651611328125,81.19999694824219,81.2699966430664,80.01000213623047,80.51000213623047,9781800
2018-10-17,57.49827575683594,81.5,81.5199966430664,80.33999633789062,80.94000244140625,12247700
2018-10-18,57.745216369628906,81.8499984741211,82.47000122070312,81.19999694824219,81.19999694824219,17448600
2018-10-19,57.82988357543945,81.97000122070312,82.45999908447266,81.51000213623047,81.66000366210938,12098700
2018-10-22,57.251365661621094,81.1500015258789,82.18000030517578,80.63999938964844,82.0,9474100
2018-10-23,56.3271598815918,79.83999633789062,80.45999908447266,78.72000122070312,80.05999755859375,15465100
2018-10-24,54.76094436645508,77.62000274658203,80.26000213623047,77.55000305175781,80.12999725341797,16085700
2018-10-25,55.247764587402344,78.30999755859375,79.05000305175781,77.73999786376953,78.48999786376953,12315500
2018-10-26,54.697444915771484,77.52999877929688,78.41000366210938,76.95999908447266,77.87000274658203,18160100
2018-10-29,54.35881805419922,77.05000305175781,78.43000030517578,76.22000122070312,78.06999969482422,15707000
2018-10-30,55.5793342590332,78.77999877929688,79.02999877929688,77.41999816894531,77.62000274658203,17758200
2018-10-31,56.21428680419922,79.68000030517578,80.3499984741211,78.9000015258789,79.33999633789062,16629100
2018-11-01,56.9127311706543,80.66999816894531,80.75,79.30000305175781,79.83000183105469,14159300
2018-11-02,57.815765380859375,81.94999694824219,82.44999694824219,80.2300033569336,81.76000213623047,19350400
2018-11-05,57.59706115722656,81.63999938964844,82.87000274658203,81.44000244140625,82.5,15815000
2018-11-06,57.843994140625,81.98999786376953,82.0999984741211,81.3499984741211,81.73999786376953,9063200
2018-11-07,58.57770538330078,83.02999877929688,83.13999938964844,81.66000366210938,82.20999908447266,12699800
2018-11-08,57.64643859863281,81.70999908447266,83.75,81.54000091552734,83.12999725341797,16865500
2018-11-09,57.6322021484375,80.87000274658203,81.4000015258789,79.69000244140625,80.26000213623047,15070100
2018-11-12,56.891048431396484,79.83000183105469,81.7300033569336,79.7300033569336,81.66000366210938,11906600
2018-11-13,55.586883544921875,78.0,79.8499984741211,77.63999938964844,79.80000305175781,15530200
2018-11-14,55.15216827392578,77.38999938964844,79.08999633789062,76.75,78.86000061035156,18552100
2018-11-15,55.722293853759766,78.19000244140625,78.19000244140625,75.91000366210938,76.66999816894531,18976000
2018-11-16,56.271018981933594,78.95999908447266,79.19000244140625,78.0999984741211,78.37000274658203,13704900
2018-11-19,56.456329345703125,79.22000122070312,79.36000061035156,78.43000030517578,78.45999908447266,9430800
2018-11-20,54.852848052978516,76.97000122070312,78.9000015258789,76.37000274658203,78.41999816894531,15533700
2018-11-21,55.2733154296875,77.55999755859375,78.37999725341797,77.26000213623047,77.43000030517578,9685300
2018-11-23,53.79812240600586,75.48999786376953,76.19999694824219,74.69999694824219,76.05000305175781,10875400
2018-11-26,54.85997009277344,76.9800033569336,77.31999969482422,76.12000274658203,76.23999786376953,13741100
2018-11-27,54.909847259521484,77.05000305175781,77.44999694824219,76.4000015258789,76.56999969482422,10344500
2018-11-28,55.90757369995117,78.44999694824219,78.44999694824219,76.83999633789062,77.04000091552734,11482100
2018-11-29,56.34229278564453,79.05999755859375,79.52999877929688,78.19000244140625,78.22000122070312,10255200
2018-11-30,56.6558723449707,79.5,79.5999984741211,78.31999969482422,78.44999694824219,14040100
2018-12-03,57.881629943847656,81.22000122070312,81.45999908447266,80.13999938964844,80.23999786376953,19415100
2018-12-04,56.60596466064453,79.43000030517578,81.94999694824219,79.3499984741211,81.37999725341797,18540700
2018-12-06,55.86482238769531,78.38999938964844,78.44000244140625,76.91999816894531,78.0,23218100
2018-12-07,55.33032989501953,77.63999938964844,80.36000061035156,77.33000183105469,79.38999938964844,16224700
2018-12-10,54.54641342163086,76.54000091552734,77.86000061035156,74.80000305175781,77.86000061035156,17946200
2018-12-11,54.64617156982422,76.68000030517578,77.80000305175781,75.68000030517578,77.69999694824219,15742400
2018-12-12,54.175838470458984,76.0199966430664,78.19999694824219,76.0199966430664,78.04000091552734,14559800
2018-12-13,54.85997009277344,76.9800033569336,77.22000122070312,75.94999694824219,76.02999877929688,13749700
2018-12-14,53.862266540527344,75.58000183105469,76.87000274658203,75.08999633789062,76.72000122070312,12669300
2018-12-17,52.764793395996094,74.04000091552734,75.5999984741211,73.4800033569336,75.26000213623047,15464100
2018-12-18,51.31098556518555,72.0,73.86000061035156,71.62000274658203,73.62999725341797,18681200
2018-12-19,50.441532135009766,70.77999877929688,73.2699966430664,70.30000305175781,72.44999694824219,21679600
2018-12-20,48.90932083129883,68.62999725341797,70.66000366210938,68.05000305175781,70.08999633789062,28723700
2018-12-21,48.54587936401367,68.12000274658203,70.37000274658203,67.66999816894531,68.13999938964844,47287300
2018-12-24,46.68585205078125,65.51000213623047,67.52999877929688,65.44000244140625,66.87000274658203,14262800
2018-12-26,48.91646194458008,68.63999938964844,68.66000366210938,64.6500015258789,66.18000030517578,24887700
2018-12-27,49.1302490234375,68.94000244140625,68.94000244140625,66.08000183105469,67.73999786376953,22077000
2018-12-28,48.58151626586914,68.16999816894531,69.58000183105469,67.81999969482422,69.18000030517578,19710600
2018-12-31,48.59577178955078,68.19000244140625,69.1500015258789,67.66000366210938,68.31999969482422,15807000
2019-01-02,49.664737701416016,69.69000244140625,69.87000274658203,67.26000213623047,67.3499984741211,16727200
2019-01-03,48.9022102355957,68.62000274658203,70.25,68.36000061035156,70.0,13866100
2019-01-04,50.70521545410156,71.1500015258789,71.2699966430664,69.36000061035156,69.63999938964844,16043600
2019-01-07,50.96890640258789,71.5199966430664,72.0999984741211,70.73999786376953,71.25,10844200
2019-01-08,51.339481353759766,72.04000091552734,72.58999633789062,71.94000244140625,72.54000091552734,11439000
2019-01-09,51.61027526855469,72.41999816894531,72.5999984741211,71.6500015258789,72.5999984741211,13473500
2019-01-10,51.34660339355469,72.05000305175781,72.08000183105469,71.12000274658203,72.06999969482422,13151100
2019-01-11,51.11143493652344,71.72000122070312,71.88999938964844,71.06999969482422,71.8499984741211,9790100
2019-01-14,51.04728317260742,71.62999725341797,71.77999877929688,71.12000274658203,71.20999908447266,11012400
2019-01-15,51.0757942199707,71.66999816894531,72.36000061035156,71.31999969482422,71.94999694824219,10298300
2019-01-16,51.054420471191406,71.63999938964844,72.37999725341797,71.30999755859375,71.41999816894531,12595600
2019-01-17,51.403621673583984,72.12999725341797,72.33999633789062,70.9000015258789,71.19000244140625,10141700
2019-01-18,52.0164794921875,72.98999786376953,73.29000091552734,72.12999725341797,73.2699966430664,15759200
2019-01-22,51.23257827758789,71.88999938964844,72.70999908447266,71.68000030517578,72.38999938964844,15035600
2019-01-23,50.81209945678711,71.30000305175781,72.30000305175781,70.93000030517578,72.01000213623047,13187200
2019-01-24,50.88338088989258,71.4000015258789,71.97000122070312,70.63999938964844,71.0999984741211,11272500
2019-01-25,51.11143493652344,71.72000122070312,72.2699966430664,71.54000091552734,72.06999969482422,8996200
2019-01-28,50.76935577392578,71.23999786376953,71.27999877929688,70.37000274658203,71.0199966430664,13678400
2019-01-29,50.961761474609375,71.51000213623047,72.19000244140625,71.4800033569336,71.69999694824219,10513200
2019-01-30,51.517642974853516,72.29000091552734,72.56999969482422,71.51000213623047,71.7699966430664,11524700
2019-01-31,52.22317123413086,73.27999877929688,73.48999786376953,72.0199966430664,72.29000091552734,19876700
2019-02-01,54.104557037353516,75.91999816894531,76.48999786376953,74.31999969482422,74.91999816894531,22968700
2019-02-04,53.320655822753906,74.81999969482422,75.76000213623047,74.4000015258789,75.76000213623047,15483800
2019-02-05,53.86939239501953,75.58999633789062,75.63999938964844,75.01000213623047,75.18000030517578,12786700
2019-02-06,53.63421630859375,75.26000213623047,75.7699966430664,75.12999725341797,75.58000183105469,10866900
2019-02-07,53.220882415771484,74.68000030517578,75.19000244140625,73.9000015258789,74.94999694824219,14418900
2019-02-08,53.307350158691406,73.9800033569336,74.06999969482422,72.7300033569336,73.76000213623047,11959500
2019-02-11,53.39382553100586,74.0999984741211,74.22000122070312,73.4000015258789,73.87999725341797,10434800
2019-02-12,54.3305549621582,75.4000015258789,75.44999694824219,74.81999969482422,75.08000183105469,12599200
2019-02-13,54.94304275512695,76.25,76.54000091552734,75.51000213623047,75.58000183105469,13214600
2019-02-14,54.95744323730469,76.2699966430664,76.6500015258789,75.70999908447266,76.26000213623047,12772900
2019-02-15,55.99505615234375,77.70999908447266,77.76000213623047,76.75,76.94000244140625,14330300
2019-02-19,56.369728088378906,78.2300033569336,78.4800033569336,77.44999694824219,77.55999755859375,13551500
2019-02-20,56.58591842651367,78.52999877929688,78.80999755859375,78.0,78.30000305175781,12633100
2019-02-21,56.074310302734375,77.81999969482422,78.66000366210938,77.61000061035156,78.20999908447266,10266000
2019-02-22,56.50665283203125,78.41999816894531,78.94999694824219,77.62000274658203,78.70999908447266,9519300
2019-02-25,56.564308166503906,78.5,78.8499984741211,78.19999694824219,78.43000030517578,9274400
2019-02-26,56.679588317871094,78.66000366210938,79.12999725341797,78.38999938964844,78.68000030517578,10990600
2019-02-27,57.26325225830078,79.47000122070312,79.75,78.66000366210938,78.87999725341797,12398200
2019-02-28,56.946197509765625,79.02999877929688,79.75,78.70999908447266,79.44999694824219,14597900
2019-03-01,57.645137786865234,80.0,80.0,79.02999877929688,79.37999725341797,15419400
2019-03-04,57.86851119995117,80.30999755859375,80.55000305175781,79.01000213623047,80.23999786376953,18089900
2019-03-05,57.78204345703125,80.19000244140625,80.4000015258789,79.75,80.12000274658203,13745500
2019-03-06,57.126338958740234,79.27999877929688,79.37999725341797,77.86000061035156,78.8499984741211,18633600
2019-03-07,57.760440826416016,80.16000366210938,80.26000213623047,79.31999969482422,79.55000305175781,16541700
2019-03-08,56.931785583496094,79.01000213623047,79.31999969482422,78.25,78.88999938964844,16211300
2019-03-11,57.48662185668945,79.77999877929688,80.29000091552734,79.6500015258789,79.9800033569336,11060900
2019-03-12,57.645137786865234,80.0,80.58000183105469,79.88999938964844,80.11000061035156,11320000
2019-03-13,58.156742095947266,80.70999908447266,80.76000213623047,80.19999694824219,80.58999633789062,10260200
2019-03-14,57.962196350097656,80.44000244140625,80.91000366210938,80.3499984741211,80.80000305175781,9976700
2019-03-15,57.75322341918945,80.1500015258789,80.55000305175781,80.0999984741211,80.18000030517578,25316400
2019-03-18,58.42335891723633,81.08000183105469,81.25,80.44000244140625,80.44000244140625,9840600
2019-03-19,58.272037506103516,80.87000274658203,82.0,80.63999938964844,81.58000183105469,13936500
2019-03-20,58.59629440307617,81.31999969482422,81.91999816894531,80.55999755859375,80.75,13133600
2019-03-21,58.934959411621094,81.79000091552734,81.88999938964844,80.80000305175781,80.80999755859375,10117000
2019-03-22,57.99100875854492,80.4800033569336,81.44000244140625,80.30000305175781,81.2300033569336,12497700
2019-03-25,57.587493896484375,79.91999816894531,80.44000244140625,79.58999633789062,80.0,11320400
2019-03-26,58.33687973022461,80.95999908447266,81.2699966430664,80.18000030517578,80.33000183105469,9472800
2019-03-27,57.8901252746582,80.33999633789062,81.30999755859375,79.81999969482422,80.97000122070312,7258700
2019-03-28,58.17835998535156,80.73999786376953,80.79000091552734,80.0199966430664,80.02999877929688,7412300
2019-03-29,58.221595764160156,80.80000305175781,81.4800033569336,80.4800033569336,81.33000183105469,10889200
2019-04-01,58.891719818115234,81.7300033569336,81.77999877929688,81.08000183105469,81.2300033569336,10816400
2019-04-02,58.6395263671875,81.37999725341797,81.94999694824219,81.11000061035156,81.75,7646000
2019-04-03,58.29365158081055,80.9000015258789,81.7699966430664,80.61000061035156,81.7699966430664,8562900
2019-04-04,59.12232208251953,82.05000305175781,82.08000183105469,80.7699966430664,81.12000274658203,9360600
2019-04-05,59.43933868408203,82.48999786376953,82.52999877929688,81.94999694824219,82.1500015258789,10059100
2019-04-08,59.80683135986328,83.0,83.19999694824219,82.58999633789062,82.66999816894531,9108200
2019-04-09,59.03584289550781,81.93000030517578,82.58000183105469,81.73999786376953,82.5199966430664,8561600
2019-04-10,58.76922607421875,81.55999755859375,82.08000183105469,81.41000366210938,81.91999816894531,10324300
2019-04-11,59.05023956298828,81.94999694824219,82.06999969482422,81.0199966430664,81.54000091552734,9115100
2019-04-12,58.30805969238281,80.91999816894531,82.80999755859375,80.58000183105469,82.80999755859375,16638700
2019-04-15,58.11350631713867,80.6500015258789,81.05999755859375,80.5199966430664,80.88999938964844,8536100
2019-04-16,58.50981140136719,81.19999694824219,81.3499984741211,80.69000244140625,80.80999755859375,7005700
2019-04-17,58.67555618286133,81.43000030517578,81.69999694824219,81.08000183105469,81.55000305175781,8311400
2019-04-18,58.45936965942383,81.12999725341797,81.83000183105469,81.06999969482422,81.55999755859375,9493900
2019-04-22,59.73478317260742,82.9000015258789,83.22000122070312,81.63999938964844,81.87000274658203,10770600
2019-04-23,60.08065414428711,83.37999725341797,83.48999786376953,82.68000030517578,83.19000244140625,10595100
2019-04-24,58.913330078125,81.76000213623047,83.08000183105469,81.7300033569336,83.01000213623047,11684000
2019-04-25,59.24481964111328,82.22000122070312,82.83999633789062,81.4000015258789,81.6500015258789,11135000
2019-04-26,57.99822235107422,80.48999786376953,80.62999725341797,79.55999755859375,80.2699966430664,18053500
2019-04-29,57.62352752685547,79.97000122070312,80.37999725341797,79.66000366210938,80.12000274658203,10023700
2019-04-30,57.84690856933594,80.27999877929688,80.52999877929688,79.93000030517578,80.37000274658203,13721500
2019-05-01,56.686790466308594,78.66999816894531,80.26000213623047,78.62000274658203,79.94000244140625,13909800
2019-05-02,55.69240951538086,77.29000091552734,78.5,77.23999786376953,78.27999877929688,15360400
2019-05-03,55.82210159301758,77.47000122070312,78.20999908447266,77.44000244140625,77.79000091552734,12180700
2019-05-06,55.57711410522461,77.12999725341797,77.66000366210938,76.70999908447266,76.91999816894531,13367100
2019-05-07,55.28169250488281,76.72000122070312,76.79000091552734,75.7699966430664,76.5,13498800
2019-05-08,55.36815643310547,76.83999633789062,77.29000091552734,76.41999816894531,76.54000091552734,11352900
2019-05-09,55.31773376464844,76.7699966430664,76.87999725341797,75.95999908447266,76.3499984741211,13221600
2019-05-10,55.79875183105469,76.55999755859375,76.79000091552734,75.16999816894531,76.18000030517578,11056000
2019-05-13,55.17924499511719,75.70999908447266,76.2300033569336,75.36000061035156,75.6500015258789,12176100
2019-05-14,55.252132415771484,75.80999755859375,76.80000305175781,75.76000213623047,76.12999725341797,10548400
2019-05-15,55.66027069091797,76.37000274658203,76.55000305175781,75.20999908447266,75.56999969482422,8918000
2019-05-16,55.652976989746094,76.36000061035156,76.94999694824219,76.22000122070312,76.4000015258789,8105200
2019-05-17,55.325016021728516,75.91000366210938,76.30000305175781,75.58999633789062,75.6500015258789,9279400
2019-05-20,55.31773376464844,75.9000015258789,76.36000061035156,75.66999816894531,76.05000305175781,7154300
2019-05-21,55.57283020019531,76.25,76.45999908447266,75.93000030517578,76.2699966430664,8489900
2019-05-22,55.069923400878906,75.55999755859375,76.22000122070312,75.38999938964844,76.0199966430664,7858300
2019-05-23,53.7798957824707,73.79000091552734,74.80000305175781,73.04000091552734,74.7699966430664,14657200
2019-05-24,54.0058479309082,74.0999984741211,74.25,73.44000244140625,74.13999938964844,7056400
2019-05-28,52.919883728027344,72.61000061035156,74.25,72.48999786376953,74.23999786376953,14912900
2019-05-29,52.591922760009766,72.16000366210938,72.43000030517578,71.62000274658203,71.88999938964844,13645200
2019-05-30,52.45344161987305,71.97000122070312,72.12999725341797,71.52999877929688,72.0199966430664,9362100
2019-05-31,51.578861236572266,70.7699966430664,71.55000305175781,70.62999725341797,71.19000244140625,13983300
2019-06-03,52.387855529785156,71.87999725341797,72.01000213623047,70.97000122070312,71.08999633789062,11831000
2019-06-04,53.634132385253906,73.58999633789062,73.66000366210938,72.16999816894531,72.44999694824219,10423000
2019-06-05,53.18954849243164,72.9800033569336,73.63999938964844,72.58000183105469,73.63999938964844,10617800
2019-06-06,54.15888595581055,74.30999755859375,74.62000274658203,73.58999633789062,73.70999908447266,11738900
2019-06-07,54.35567855834961,74.58000183105469,74.95999908447266,74.43000030517578,74.51000213623047,9095500
2019-06-10,54.5962028503418,74.91000366210938,75.33000183105469,74.44999694824219,75.19000244140625,7760400
2019-06-11,54.545166015625,74.83999633789062,75.80999755859375,74.81999969482422,75.51000213623047,9415100
2019-06-12,53.95481491088867,74.02999877929688,74.61000061035156,73.80999755859375,74.4800033569336,7920800
2019-06-13,54.428550720214844,74.68000030517578,75.16999816894531,74.37999725341797,74.69999694824219,8986400
2019-06-14,54.18803405761719,74.3499984741211,74.80999755859375,74.2300033569336,74.68000030517578,8575900
2019-06-17,54.72737121582031,75.08999633789062,75.19000244140625,74.04000091552734,74.16000366210938,9355700
2019-06-18,55.20109939575195,75.73999786376953,76.22000122070312,75.3499984741211,75.41999816894531,10091500
2019-06-19,54.89501953125,75.31999969482422,75.8499984741211,75.16999816894531,75.4000015258789,9757400
2019-06-20,55.83518600463867,76.61000061035156,76.97000122070312,76.08000183105469,76.23999786376953,16229700
2019-06-21,56.622318267822266,77.69000244140625,77.76000213623047,76.87000274658203,77.13999938964844,23108100
2019-06-24,56.082977294921875,76.94999694824219,77.76000213623047,76.80999755859375,77.52999877929688,10011800
2019-06-25,55.587398529052734,76.2699966430664,77.22000122070312,76.19000244140625,77.08000183105469,9740000
2019-06-26,55.82789611816406,76.5999984741211,77.12999725341797,76.47000122070312,76.68000030517578,11365500
2019-06-27,55.25942611694336,75.81999969482422,76.75,75.76000213623047,76.58999633789062,8147800
2019-06-28,55.84977340698242,76.62999725341797,76.7300033569336,75.94000244140625,76.19000244140625,14781300
2019-07-01,55.79875183105469,76.55999755859375,77.93000030517578,76.29000091552734,77.12999725341797,11437900
2019-07-02,55.186546325683594,75.72000122070312,76.2699966430664,75.41000366210938,76.13999938964844,10475400
2019-07-03,55.71128463745117,76.44000244140625,76.5,75.62999725341797,75.81999969482422,5246100
2019-07-05,55.48534393310547,76.12999725341797,76.3499984741211,75.58999633789062,76.19000244140625,6880800
2019-07-08,55.740440368652344,76.4800033569336,76.69999694824219,75.91999816894531,76.13999938964844,7876100
2019-07-09,55.70399856567383,76.43000030517578,76.7699966430664,75.7300033569336,76.44999694824219,7863000
2019-07-10,56.491127014160156,77.51000213623047,77.62999725341797,76.73999786376953,76.80000305175781,8077400
2019-07-11,56.53485870361328,77.56999969482422,77.61000061035156,77.05000305175781,77.41000366210938,6404000
2019-07-12,56.57858657836914,77.62999725341797,77.87999725341797,77.5,77.75,6139000
2019-07-15,56.1777458190918,77.08000183105469,77.73999786376953,76.88999938964844,77.62999725341797,7116400
2019-07-16,55.339569091796875,75.93000030517578,77.06999969482422,75.79000091552734,76.91999816894531,10197400
2019-07-17,55.011600494384766,75.4800033569336,75.95999908447266,75.3499984741211,75.73999786376953,7419300
2019-07-18,54.545166015625,74.83999633789062,75.2699966430664,74.18000030517578,75.02999877929688,11424500
2019-07-19,54.654502868652344,74.98999786376953,75.25,74.54000091552734,74.9000015258789,11243100
2019-07-22,54.712806701660156,75.06999969482422,75.30000305175781,74.5,75.23999786376953,8368800
2019-07-23,54.93144607543945,75.37000274658203,75.7699966430664,74.75,75.1500015258789,8551200
2019-07-24,54.92415237426758,75.36000061035156,76.05000305175781,74.8499984741211,75.38999938964844,8260200
2019-07-25,54.61076354980469,74.93000030517578,75.77999877929688,74.80000305175781,75.77999877929688,9083900
2019-07-26,54.523292541503906,74.80999755859375,75.08000183105469,74.5999984741211,74.87000274658203,7677300
2019-07-29,54.90958786010742,75.33999633789062,75.37999725341797,74.69999694824219,74.87999725341797,7091900
2019-07-30,54.916866302490234,75.3499984741211,75.55999755859375,74.88999938964844,75.05999755859375,6961200
2019-07-31,54.1953239440918,74.36000061035156,75.66000366210938,74.26000213623047,75.04000091552734,13104600
2019-08-01,52.810577392578125,72.45999908447266,74.2699966430664,72.2699966430664,73.73999786376953,17132800
2019-08-02,52.29310607910156,71.75,73.26000213623047,71.18000030517578,72.61000061035156,21376700
2019-08-05,51.221736907958984,70.27999877929688,70.91999816894531,69.61000061035156,70.77999877929688,19080900
2019-08-06,51.71733474731445,70.95999908447266,71.01000213623047,70.27999877929688,70.29000091552734,12282400
2019-08-07,51.38206481933594,70.5,70.87999725341797,69.4000015258789,69.86000061035156,15231100
2019-08-08,52.752262115478516,72.37999725341797,72.41000366210938,70.62000274658203,70.8499984741211,14304100
2019-08-09,51.62986755371094,70.83999633789062,72.25,70.47000122070312,72.12999725341797,13686600
2019-08-12,51.378990173339844,69.62999725341797,70.16000366210938,69.33000183105469,70.05999755859375,9542600
2019-08-13,52.01357650756836,70.48999786376953,70.62000274658203,68.91999816894531,69.2699966430664,12403300
2019-08-14,49.91796875,67.6500015258789,69.08999633789062,67.6500015258789,69.06999969482422,18114400
2019-08-15,49.62281799316406,67.25,67.55999755859375,66.52999877929688,67.45999908447266,12874400
2019-08-16,50.39760208129883,68.30000305175781,68.45999908447266,67.2699966430664,67.77999877929688,12649000
2019-08-19,51.24618148803711,69.44999694824219,69.6500015258789,68.86000061035156,68.97000122070312,10032800
2019-08-20,50.93625259399414,69.02999877929688,69.30000305175781,68.70999908447266,69.30000305175781,9743500
2019-08-21,51.445396423339844,69.72000122070312,69.9800033569336,69.37000274658203,69.95999908447266,10134200
2019-08-22,51.334712982177734,69.56999969482422,69.95999908447266,69.25,69.91000366210938,8972000
2019-08-23,49.79991149902344,67.48999786376953,69.52999877929688,67.02999877929688,68.81999969482422,15371900
2019-08-26,50.065555572509766,67.8499984741211,68.26000213623047,67.52999877929688,68.12000274658203,7343900
2019-08-27,49.57854461669922,67.19000244140625,68.44000244140625,66.97000122070312,68.12999725341797,9490900
2019-08-28,49.94011306762695,67.68000030517578,67.9800033569336,67.16000366210938,67.52999877929688,9647400
2019-08-29,50.493526458740234,68.43000030517578,68.66999816894531,68.08999633789062,68.30000305175781,9004100
2019-08-30,50.53043746948242,68.4800033569336,69.08000183105469,68.05999755859375,68.61000061035156,9180800
2019-09-03,50.58945083618164,68.55999755859375,68.68000030517578,67.62999725341797,67.88999938964844,9849700
2019-09-04,51.12811279296875,69.29000091552734,69.61000061035156,69.08999633789062,69.5,6959200
2019-09-05,51.85123825073242,70.2699966430664,70.55000305175781,69.69999694824219,69.83999633789062,9901500
2019-09-06,52.33824157714844,70.93000030517578,70.94999694824219,70.12000274658203,70.3499984741211,10418500
2019-09-09,52.751461029052734,71.48999786376953,72.06999969482422,70.9800033569336,71.16000366210938,12840200
2019-09-10,53.1794319152832,72.06999969482422,72.8499984741211,71.62000274658203,72.13999938964844,13810800
2019-09-11,53.07613754272461,71.93000030517578,72.83999633789062,71.55000305175781,72.77999877929688,10525700
2019-09-12,53.1130256652832,71.9800033569336,72.16000366210938,70.69999694824219,70.9800033569336,9100700
2019-09-13,53.60002517700195,72.63999938964844,72.72000122070312,72.05999755859375,72.26000213623047,7337200
2019-09-16,54.40432357788086,73.7300033569336,75.18000030517578,73.5999984741211,75.04000091552734,19830200
2019-09-17,53.99110794067383,73.16999816894531,74.08000183105469,72.62999725341797,73.81999969482422,14452200
2019-09-18,53.732852935791016,72.81999969482422,72.97000122070312,72.33000183105469,72.6500015258789,7292200
2019-09-19,53.37128829956055,72.33000183105469,73.19000244140625,72.19000244140625,72.97000122070312,8050200
2019-09-20,53.18680953979492,72.08000183105469,72.5,71.86000061035156,72.48999786376953,19736600
2019-09-23,53.22370910644531,72.12999725341797,72.36000061035156,71.45999908447266,71.5199966430664,7495200
2019-09-24,52.493202209472656,71.13999938964844,71.87000274658203,70.81999969482422,71.80999755859375,13307100
2019-09-25,52.648162841796875,71.3499984741211,71.47000122070312,70.81999969482422,70.9800033569336,8035200
2019-09-26,52.36775207519531,70.97000122070312,71.3499984741211,70.68000030517578,71.22000122070312,8420200
2019-09-27,52.74409103393555,71.4800033569336,71.66999816894531,70.62999725341797,70.69999694824219,8224000
2019-09-30,52.10212326049805,70.61000061035156,71.44999694824219,70.58000183105469,71.23999786376953,9768900
2019-10-01,50.877235412597656,68.94999694824219,70.91000366210938,68.91000366210938,70.83000183105469,10279100
2019-10-02,49.54903030395508,67.1500015258789,68.58999633789062,67.01000213623047,68.2699966430664,14503700
2019-10-03,50.16149139404297,67.9800033569336,68.0,66.30999755859375,67.0,10788400
2019-10-04,50.89199447631836,68.97000122070312,69.06999969482422,67.81999969482422,68.11000061035156,10534800
2019-10-07,50.19099807739258,68.0199966430664,69.02999877929688,68.0199966430664,68.69999694824219,10993000
2019-10-08,49.21698760986328,66.69999694824219,67.91999816894531,66.63999938964844,67.54000091552734,9748700
2019-10-09,49.76302719116211,67.44000244140625,67.69999694824219,67.19999694824219,67.30000305175781,8580900
2019-10-10,50.3607063293457,68.25,68.36000061035156,67.37999725341797,67.43000030517578,7100100
2019-10-11,50.89936828613281,68.9800033569336,69.48999786376953,68.88999938964844,68.9800033569336,10101900
2019-10-14,51.046932220458984,69.18000030517578,69.37000274658203,68.58999633789062,68.5999984741211,6234600
2019-10-15,51.224037170410156,69.41999816894531,70.0,69.01000213623047,69.05999755859375,6645700
2019-10-16,50.345951080322266,68.2300033569336,69.52999877929688,68.20999908447266,69.20999908447266,9765800
2019-10-17,50.27955627441406,68.13999938964844,68.87999725341797,68.08000183105469,68.4800033569336,9757200
2019-10-18,49.888458251953125,67.61000061035156,68.1500015258789,67.61000061035156,67.87000274658203,13472700
2019-10-21,50.722267150878906,68.73999786376953,68.7699966430664,67.81999969482422,67.81999969482422,10199300
2019-10-22,50.98052978515625,69.08999633789062,69.76000213623047,68.6500015258789,68.77999877929688,9536000
2019-10-23,51.4675407409668,69.75,69.76000213623047,68.77999877929688,68.95999908447266,8641800
2019-10-24,50.98052978515625,69.08999633789062,70.05000305175781,69.0199966430664,69.95999908447266,9003600
2019-10-25,51.098594665527344,69.25,69.4800033569336,68.9000015258789,68.9000015258789,7607200
2019-10-28,50.648475646972656,68.63999938964844,69.66999816894531,68.58000183105469,69.45999908447266,11209600
2019-10-29,50.50090789794922,68.44000244140625,69.02999877929688,68.23999786376953,68.4800033569336,13894400
2019-10-30,49.969627380371094,67.72000122070312,68.37000274658203,67.2699966430664,68.37000274658203,12840600
2019-10-31,49.85895538330078,67.56999969482422,67.72000122070312,67.13999938964844,67.45999908447266,16169100
2019-11-01,51.35685348510742,69.5999984741211,69.61000061035156,68.30999755859375,68.38999938964844,14108700
2019-11-04,52.884273529052734,71.66999816894531,71.87000274658203,69.94000244140625,70.06999969482422,15858200
2019-11-05,53.93206787109375,73.08999633789062,73.12000274658203,71.8499984741211,72.04000091552734,14930400
2019-11-06,52.751461029052734,71.48999786376953,72.87000274658203,71.19999694824219,72.7300033569336,13996500
2019-11-07,53.873046875,73.01000213623047,73.02999877929688,72.0,72.02999877929688,13073800
2019-11-08,52.849952697753906,70.7699966430664,71.80000305175781,70.66000366210938,71.61000061035156,12106000
2019-11-11,52.52882766723633,70.33999633789062,70.61000061035156,69.97000122070312,70.20999908447266,8674000
2019-11-12,51.804443359375,69.37000274658203,70.41000366210938,68.9800033569336,70.2699966430664,13918600
2019-11-13,51.37879180908203,68.80000305175781,69.1500015258789,68.5999984741211,69.0199966430664,11773700
2019-11-14,51.154754638671875,68.5,68.97000122070312,68.18000030517578,68.86000061035156,11279800
2019-11-15,51.670021057128906,69.19000244140625,69.30000305175781,68.66999816894531,68.70999908447266,11252800
2019-11-18,51.169681549072266,68.5199966430664,68.81999969482422,68.30000305175781,68.69999694824219,10095600
2019-11-19,50.64692687988281,67.81999969482422,68.55999755859375,67.77999877929688,68.4000015258789,12605500
2019-11-20,50.803768157958984,68.02999877929688,68.54000091552734,67.31999969482422,67.66999816894531,16930700
2019-11-21,52.02848434448242,69.66999816894531,69.75,67.91999816894531,68.0199966430664,14080900
2019-11-22,51.804443359375,69.37000274658203,70.18000030517578,69.33000183105469,69.70999908447266,12143600
2019-11-25,51.4609375,68.91000366210938,69.44000244140625,68.70999908447266,69.37000274658203,10670000
2019-11-26,51.33396530151367,68.73999786376953,69.04000091552734,68.44000244140625,68.91999816894531,15457000
2019-11-27,51.304100036621094,68.69999694824219,69.08999633789062,68.41000366210938,68.76000213623047,8393900
2019-11-29,50.87843322753906,68.12999725341797,68.52999877929688,68.0,68.33000183105469,7980800
2019-12-02,51.094993591308594,68.41999816894531,68.87999725341797,68.37000274658203,68.5,11116900
2019-12-03,50.69174575805664,67.87999725341797,68.25,67.5199966430664,68.0,12245800
2019-12-04,51.26676940917969,68.6500015258789,68.76000213623047,68.13999938964844,68.25,11049700
2019-12-05,51.087547302246094,68.41000366210938,68.97000122070312,68.20999908447266,68.88999938964844,13109000
2019-12-06,51.909000396728516,69.51000213623047,69.87000274658203,68.76000213623047,68.76000213623047,13710800
2019-12-09,52.021026611328125,69.66000366210938,69.97000122070312,69.0199966430664,69.08000183105469,12397700
2019-12-10,51.57295227050781,69.05999755859375,70.1500015258789,68.69999694824219,69.66000366210938,14281800
2019-12-11,51.49826431274414,68.95999908447266,69.76000213623047,68.66999816894531,68.73999786376953,13748400
2019-12-12,52.52882766723633,70.33999633789062,70.37999725341797,68.9000015258789,68.95999908447266,17068500
2019-12-13,51.69990539550781,69.2300033569336,70.54000091552734,69.12000274658203,70.4800033569336,12274500
2019-12-16,52.274932861328125,70.0,70.25,69.69999694824219,69.69999694824219,15208700
2019-12-17,52.03596496582031,69.68000030517578,70.37999725341797,69.30999755859375,69.9800033569336,14450700
2019-12-18,52.17783737182617,69.87000274658203,70.29000091552734,69.27999877929688,69.62999725341797,13652300
2019-12-19,51.81938171386719,69.38999938964844,70.05000305175781,69.23999786376953,69.98999786376953,13273200
2019-12-20,52.23011016845703,69.94000244140625,70.2300033569336,69.38999938964844,69.86000061035156,35092000
2019-12-23,52.491485595703125,70.29000091552734,70.30000305175781,69.52999877929688,69.86000061035156,14172500
2019-12-24,52.28985595703125,70.0199966430664,70.5,69.91000366210938,70.3499984741211,3979400
2019-12-26,52.37200927734375,70.12999725341797,70.5,70.01000213623047,70.19000244140625,8840200
2019-12-27,52.19279098510742,69.88999938964844,70.30999755859375,69.87999725341797,70.19999694824219,10516100
2019-12-30,51.8865966796875,69.4800033569336,70.44000244140625,69.4000015258789,70.08999633789062,12689400
2019-12-31,52.110633850097656,69.77999877929688,69.80000305175781,69.01000213623047,69.0199966430664,13151800
2020-01-02,52.947044372558594,70.9000015258789,71.0199966430664,70.23999786376953,70.23999786376953,12456400
2020-01-03,52.5213623046875,70.33000183105469,71.37000274658203,70.16000366210938,71.33999633789062,17386900
2020-01-06,52.92462158203125,70.87000274658203,71.36000061035156,70.2300033569336,70.31999969482422,20081900
2020-01-07,52.491485595703125,70.29000091552734,70.5199966430664,69.51000213623047,70.5,17387700
2020-01-08,51.69990539550781,69.2300033569336,70.29000091552734,69.16999816894531,70.11000061035156,15137700
2020-01-09,52.09569549560547,69.76000213623047,69.9000015258789,68.62999725341797,69.13999938964844,14811800
2020-01-10,51.632694244384766,69.13999938964844,69.95999908447266,69.12000274658203,69.93000030517578,11995600
2020-01-13,52.12556457519531,69.80000305175781,69.87000274658203,69.11000061035156,69.19999694824219,9953900
2020-01-14,51.67749786376953,69.19999694824219,69.58000183105469,68.88999938964844,69.37999725341797,16261000
2020-01-15,51.59535217285156,69.08999633789062,69.58999633789062,68.88999938964844,69.19999694824219,11390300
2020-01-16,51.39371871948242,68.81999969482422,69.58000183105469,68.80000305175781,69.30000305175781,13340300
2020-01-17,51.19955062866211,68.55999755859375,69.08000183105469,68.29000091552734,68.75,18144100
2020-01-21,50.46772003173828,67.58000183105469,68.41999816894531,67.51000213623047,68.37999725341797,17982600
2020-01-22,50.17646408081055,67.19000244140625,67.69999694824219,67.0,67.55999755859375,17033100
2020-01-23,49.8628044128418,66.7699966430664,66.93000030517578,66.05000305175781,66.70999908447266,19605900
2020-01-24,49.52676010131836,66.31999969482422,66.68000030517578,66.04000091552734,66.54000091552734,18238600
2020-01-27,48.346839904785156,64.73999786376953,65.7300033569336,64.69999694824219,65.41999816894531,21231000
2020-01-28,48.279624938964844,64.6500015258789,65.19999694824219,64.62999725341797,65.11000061035156,19664700
2020-01-29,47.876365661621094,64.11000061035156,65.12999725341797,63.900001525878906,65.02999877929688,14202800
2020-01-30,48.38418197631836,64.79000091552734,64.87999725341797,63.43000030517578,63.779998779296875,18544700
2020-01-31,46.390254974365234,62.119998931884766,63.20000076293945,61.86000061035156,63.20000076293945,34282900
2020-02-03,45.35224151611328,60.72999954223633,61.41999816894531,60.369998931884766,61.380001068115234,27389300
2020-02-04,44.78466796875,59.970001220703125,61.90999984741211,59.88999938964844,61.45000076293945,31922100
2020-02-05,46.845802307128906,62.72999954223633,62.93000030517578,60.599998474121094,60.75,32099200
2020-02-06,46.21104431152344,61.880001068115234,63.0099983215332,61.779998779296875,62.93000030517578,16055400
2020-02-07,45.90485382080078,61.470001220703125,61.65999984741211,61.060001373291016,61.40999984741211,15112500
2020-02-10,45.420047760009766,59.959999084472656,60.52000045776367,59.619998931884766,60.47999954223633,20934500
2020-02-11,45.8518180847168,60.529998779296875,60.88999938964844,60.16999816894531,60.58000183105469,14908700
2020-02-12,46.41238021850586,61.27000045776367,61.529998779296875,60.560001373291016,61.34000015258789,17862100
2020-02-13,46.15483474731445,60.93000030517578,61.41999816894531,60.560001373291016,61.060001373291016,16949400
2020-02-14,45.94272994995117,60.650001525878906,61.15999984741211,60.279998779296875,61.150001525878906,10855300
2020-02-18,45.35945129394531,59.880001068115234,60.38999938964844,59.45000076293945,60.150001525878906,18948500
2020-02-19,45.70790481567383,60.34000015258789,60.619998931884766,59.83000183105469,60.11000061035156,12804900
2020-02-20,45.344295501708984,59.86000061035156,60.540000915527344,59.720001220703125,60.22999954223633,14817200
2020-02-21,44.791316986083984,59.130001068115234,59.5099983215332,58.790000915527344,59.5099983215332,20315700
2020-02-24,42.693031311035156,56.36000061035156,57.79999923706055,56.36000061035156,57.619998931884766,32096600
2020-02-25,41.05682373046875,54.20000076293945,56.75,53.970001220703125,56.75,36414500
2020-02-26,40.15538024902344,53.0099983215332,54.81999969482422,52.93000030517578,54.54999923706055,29801000
2020-02-27,37.73893356323242,49.81999969482422,52.439998626708984,49.79999923706055,51.709999084472656,48141300
2020-02-28,38.966102600097656,51.439998626708984,51.439998626708984,48.0099983215332,48.77000045776367,62446700
2020-03-02,40.81441116333008,53.880001068115234,53.88999938964844,51.130001068115234,52.59000015258789,38127600
2020-03-03,38.860042572021484,51.29999923706055,54.150001525878906,50.97999954223633,53.95000076293945,50580700
2020-03-04,39.70844650268555,52.41999816894531,52.47999954223633,51.119998931884766,52.22999954223633,24079600
2020-03-05,37.958614349365234,50.11000061035156,50.70000076293945,49.040000915527344,50.41999816894531,40788200
2020-03-06,36.125457763671875,47.689998626708984,49.0099983215332,47.20000076293945,48.84000015258789,55640500
2020-03-09,31.709192276000977,41.86000061035156,44.56999969482422,40.79999923706055,41.709999084472656,72896300
2020-03-10,32.883331298828125,43.40999984741211,46.2599983215332,41.45000076293945,46.16999816894531,60445900
2020-03-11,31.800090789794922,41.97999954223633,43.47999954223633,41.75,42.38999938964844,51986100
2020-03-12,28.1640682220459,37.18000030517578,40.650001525878906,37.0,39.900001525878906,65725300
2020-03-13,28.876121520996094,38.119998931884766,40.13999938964844,35.0,40.0099983215332,79891500
2020-03-16,26.126379013061523,34.4900016784668,37.880001068115234,33.25,34.400001525878906,48924700
2020-03-17,27.8837947845459,36.810001373291016,37.380001068115234,34.20000076293945,35.209999084472656,41204400
2020-03-18,25.088592529296875,33.119998931884766,36.709999084472656,31.229999542236328,34.54999923706055,54036400
2020-03-19,26.0809268951416,34.43000030517578,34.900001525878906,32.349998474121094,33.72999954223633,49412400
2020-03-20,24.800745010375977,32.7400016784668,35.18000030517578,31.559999465942383,34.84000015258789,76534600
2020-03-23,23.82355308532715,31.450000762939453,32.70000076293945,30.110000610351562,32.529998779296875,56952500
2020-03-24,26.84600830078125,35.439998626708984,36.16999816894531,33.33000183105469,34.41999816894531,61835600
2020-03-25,28.24739646911621,37.290000915527344,38.59000015258789,35.18000030517578,36.5099983215332,56607700
2020-03-26,29.406375885009766,38.81999969482422,39.560001373291016,36.720001220703125,37.5,46722000
2020-03-27,27.989837646484375,36.95000076293945,37.68000030517578,36.20000076293945,37.130001068115234,51558600
2020-03-30,28.40646743774414,37.5,38.150001525878906,35.86000061035156,36.22999954223633,45835000
2020-03-31,28.762502670288086,37.970001220703125,39.45000076293945,37.369998931884766,38.34000015258789,41491600
2020-04-01,28.429195404052734,37.529998779296875,38.70000076293945,36.34000015258789,36.86000061035156,36045900
2020-04-02,30.60323715209961,40.400001525878906,41.959999084472656,37.900001525878906,38.7400016784668,62000200
2020-04-03,29.701801300048828,39.209999084472656,42.18000030517578,38.52000045776367,41.45000076293945,48425700
2020-04-06,30.656259536743164,40.470001220703125,40.83000183105469,39.22999954223633,39.880001068115234,41301900
2020-04-07,31.239547729492188,41.2400016784668,43.31999969482422,41.15999984741211,42.900001525878906,48921800
2020-04-08,33.216636657714844,43.849998474121094,44.040000915527344,41.470001220703125,41.95000076293945,33355600
2020-04-09,32.67123794555664,43.130001068115234,46.709999084472656,41.7400016784668,45.459999084472656,60107300
2020-04-13,32.39094543457031,42.7599983215332,44.689998626708984,41.970001220703125,44.45000076293945,29651900
2020-04-14,32.14097213745117,42.43000030517578,43.75,41.90999984741211,43.0,30769000
2020-04-15,30.663841247558594,40.47999954223633,41.060001373291016,39.380001068115234,41.0,33125000
2020-04-16,29.656356811523438,39.150001525878906,40.47999954223633,38.93000030517578,40.47999954223633,30934000
2020-04-17,32.739402770996094,43.220001220703125,43.31999969482422,39.869998931884766,39.880001068115234,40829100
2020-04-20,31.194087982177734,41.18000030517578,42.7400016784668,40.540000915527344,40.75,39260800
2020-04-21,31.027442932128906,40.959999084472656,42.130001068115234,39.630001068115234,40.400001525878906,44381600
2020-04-22,31.913721084594727,42.130001068115234,42.93000030517578,41.86000061035156,42.599998474121094,27074200
2020-04-23,32.913631439208984,43.45000076293945,44.65999984741211,42.810001373291016,43.130001068115234,35271000
2020-04-24,33.12572479248047,43.72999954223633,44.88999938964844,43.130001068115234,44.400001525878906,28653800
2020-04-27,33.2848014831543,43.939998626708984,44.31999969482422,42.22999954223633,43.59000015258789,28274400
2020-04-28,34.06502914428711,44.970001220703125,45.38999938964844,44.11000061035156,44.369998931884766,26545100
2020-04-29,35.95123291015625,47.459999084472656,47.599998474121094,46.15999984741211,46.2599983215332,29502500
2020-04-30,35.20130157470703,46.470001220703125,47.68000030517578,45.77000045776367,47.68000030517578,37076300
2020-05-01,32.678794860839844,43.13999938964844,46.38999938964844,43.0,45.630001068115234,35399300
2020-05-04,33.996849060058594,44.880001068115234,44.939998626708984,42.220001220703125,42.5099983215332,27465600
2020-05-05,33.958984375,44.83000183105469,47.150001525878906,44.65999984741211,46.2599983215332,29276200
2020-05-06,33.32268524169922,43.9900016784668,45.27000045776367,43.900001525878906,44.93000030517578,22659000
2020-05-07,33.51205062866211,44.2400016784668,45.27000045776367,43.970001220703125,44.959999084472656,22160300
2020-05-08,34.981624603271484,46.18000030517578,46.220001220703125,44.97999954223633,45.310001373291016,19977400
2020-05-11,34.6483154296875,45.7400016784668,46.20000076293945,45.5099983215332,46.11000061035156,22258000
2020-05-12,34.06917190551758,44.119998931884766,45.66999816894531,44.119998931884766,45.41999816894531,25439100
2020-05-13,32.378074645996094,41.93000030517578,43.869998931884766,41.599998474121094,43.7400016784668,30827900
2020-05-14,32.663780212402344,42.29999923706055,42.54999923706055,40.20000076293945,41.06999969482422,24856500
2020-05-15,32.43210983276367,42.0,43.0099983215332,41.849998474121094,42.380001068115234,22445600
2020-05-18,35.011253356933594,45.34000015258789,45.58000183105469,44.060001373291016,44.400001525878906,32026100
2020-05-19,33.930171966552734,43.939998626708984,46.630001068115234,43.93000030517578,45.54999923706055,21771600
2020-05-20,35.03440475463867,45.369998931884766,45.58000183105469,44.56999969482422,44.619998931884766,19352400
2020-05-21,34.408935546875,44.560001373291016,45.790000915527344,44.38999938964844,45.439998626708984,19130700
2020-05-22,34.439823150634766,44.599998474121094,44.66999816894531,43.45000076293945,44.04999923706055,15406400
2020-05-26,35.45140838623047,45.90999984741211,46.29999923706055,45.470001220703125,45.7400016784668,20356500
2020-05-27,35.70621871948242,46.2400016784668,47.13999938964844,45.40999984741211,46.65999984741211,20788300
2020-05-28,34.77959442138672,45.040000915527344,46.459999084472656,44.93000030517578,46.43000030517578,19698000
2020-05-29,35.11163330078125,45.470001220703125,45.689998626708984,44.369998931884766,44.81999969482422,25874700
2020-06-01,35.73710632324219,46.279998779296875,46.45000076293945,44.79999923706055,45.31999969482422,19031000
2020-06-02,36.532466888427734,47.310001373291016,47.45000076293945,46.75,46.86000061035156,22319000
2020-06-03,38.022804260253906,49.2400016784668,49.400001525878906,47.95000076293945,48.0,23418000
2020-06-04,37.914703369140625,49.099998474121094,49.150001525878906,48.15999984741211,48.880001068115234,18731400
2020-06-05,40.98802185058594,53.08000183105469,53.45000076293945,51.599998474121094,51.650001525878906,41328900
2020-06-08,42.269866943359375,54.7400016784668,55.36000061035156,53.459999084472656,54.720001220703125,33579400
2020-06-09,41.327781677246094,53.52000045776367,53.970001220703125,52.45000076293945,52.880001068115234,27276900
2020-06-10,39.11159896850586,50.650001525878906,53.5,50.599998474121094,53.5,31156800
2020-06-11,35.65990447998047,46.18000030517578,48.84000015258789,46.099998474121094,47.529998779296875,39183000
2020-06-12,36.424354553222656,47.16999816894531,48.619998931884766,45.90999984741211,48.040000915527344,30978100
2020-06-15,36.40120315551758,47.13999938964844,47.7599983215332,44.75,45.349998474121094,27929300
2020-06-16,37.2197265625,48.20000076293945,49.75,47.2400016784668,49.56999969482422,26203400
2020-06-17,36.007389068603516,46.630001068115234,48.130001068115234,46.599998474121094,48.0,19279400
2020-06-18,36.2313117980957,46.91999816894531,47.33000183105469,45.77000045776367,46.11000061035156,21478700
2020-06-19,35.50543975830078,45.97999954223633,48.2599983215332,45.97999954223633,48.220001220703125,48899900
2020-06-22,35.84520721435547,46.41999816894531,46.439998626708984,45.400001525878906,45.689998626708984,17565400
2020-06-23,36.06142807006836,46.70000076293945,47.220001220703125,46.5,46.900001525878906,18916600
2020-06-24,34.36260986328125,44.5,45.959999084472656,44.25,45.90999984741211,27626900
2020-06-25,34.879974365234375,45.16999816894531,45.2400016784668,43.689998626708984,44.04999923706055,19353600
2020-06-26,33.68307876586914,43.619998931884766,44.939998626708984,43.5,44.880001068115234,31518600
2020-06-29,34.22360610961914,44.31999969482422,44.58000183105469,43.540000915527344,43.810001373291016,17052100
2020-06-30,34.532493591308594,44.720001220703125,44.970001220703125,43.15999984741211,43.43000030517578,22153600
2020-07-01,33.75257110595703,43.709999084472656,45.380001068115234,43.66999816894531,44.4900016784668,17290100
2020-07-02,34.03828811645508,44.08000183105469,45.189998626708984,43.93000030517578,44.619998931884766,18216600
2020-07-06,34.27765655517578,44.38999938964844,45.08000183105469,43.84000015258789,44.66999816894531,22692000
2020-07-07,33.389644622802734,43.2400016784668,44.0,43.11000061035156,43.900001525878906,17407600
2020-07-08,33.31242370605469,43.13999938964844,43.93000030517578,42.84000015258789,43.150001525878906,18291400
2020-07-09,31.937917709350586,41.36000061035156,43.099998474121094,41.290000915527344,42.900001525878906,25882000
2020-07-10,32.934043884277344,42.650001525878906,42.709999084472656,41.099998474121094,41.119998931884766,18951000
2020-07-13,32.9417724609375,42.65999984741211,43.290000915527344,42.22999954223633,42.97999954223633,20028300
2020-07-14,34.03055953979492,44.06999969482422,44.189998626708984,42.2599983215332,42.529998779296875,21444100
2020-07-15,34.46299362182617,44.630001068115234,45.09000015258789,44.209999084472656,45.029998779296875,17332400
2020-07-16,34.19272232055664,44.279998779296875,44.810001373291016,43.790000915527344,44.310001373291016,14673700
2020-07-17,33.60586166381836,43.52000045776367,44.689998626708984,43.38999938964844,44.33000183105469,17958900
2020-07-20,32.81821060180664,42.5,43.5099983215332,42.47999954223633,43.209999084472656,18553900
2020-07-21,34.47843551635742,44.650001525878906,45.189998626708984,43.11000061035156,43.150001525878906,28821800
2020-07-22,33.67535400390625,43.61000061035156,44.150001525878906,43.369998931884766,44.150001525878906,21345400
2020-07-23,33.744850158691406,43.70000076293945,43.81999969482422,43.02000045776367,43.400001525878906,17934400
2020-07-24,33.536354064941406,43.43000030517578,44.41999816894531,43.189998626708984,43.880001068115234,16415300
2020-07-27,34.03055953979492,44.06999969482422,44.09000015258789,42.970001220703125,43.22999954223633,18547900
2020-07-28,33.62901306152344,43.54999923706055,44.25,43.459999084472656,43.90999984741211,19190500
2020-07-29,33.99966812133789,44.029998779296875,44.09000015258789,43.34000015258789,43.709999084472656,14143200
2020-07-30,32.33173751831055,41.869998931884766,43.18000030517578,41.83000183105469,43.130001068115234,29901100
2020-07-31,32.493900299072266,42.08000183105469,42.16999816894531,40.90999984741211,41.15999984741211,32116200
2020-08-03,32.62517547607422,42.25,42.5,41.470001220703125,42.04999923706055,23033600
2020-08-04,33.56724166870117,43.470001220703125,43.599998474121094,42.2400016784668,42.34000015258789,17724000
2020-08-05,33.86068344116211,43.849998474121094,44.310001373291016,43.529998779296875,44.150001525878906,17175100
2020-08-06,33.698516845703125,43.63999938964844,43.900001525878906,43.25,43.400001525878906,14434900
2020-08-07,33.54408264160156,43.439998626708984,43.52000045776367,42.810001373291016,43.22999954223633,18757900
2020-08-10,34.37031555175781,44.5099983215332,44.599998474121094,43.599998474121094,43.9900016784668,24367800
2020-08-11,34.725528717041016,44.970001220703125,46.41999816894531,44.72999954223633,45.5,28987500
2020-08-12,34.7176628112793,44.09000015258789,44.939998626708984,43.630001068115234,44.459999084472656,22503200
2020-08-13,33.86724090576172,43.0099983215332,43.869998931884766,42.91999816894531,43.5,17338700
2020-08-14,34.01685333251953,43.20000076293945,43.279998779296875,42.40999984741211,42.599998474121094,13595700
2020-08-17,33.57588577270508,42.63999938964844,43.16999816894531,42.470001220703125,43.16999816894531,15554600
2020-08-18,33.41053771972656,42.43000030517578,43.189998626708984,42.290000915527344,42.59000015258789,13014000
2020-08-19,33.040435791015625,41.959999084472656,42.65999984741211,41.869998931884766,42.349998474121094,14473100
2020-08-20,32.53647994995117,41.31999969482422,41.88999938964844,41.29999923706055,41.689998626708984,15678500
2020-08-21,32.292381286621094,41.0099983215332,41.34000015258789,40.709999084472656,41.29999923706055,25517700
2020-08-24,33.245174407958984,42.220001220703125,42.5099983215332,41.09000015258789,41.279998779296875,18208900
2020-08-25,32.19001770019531,40.880001068115234,42.06999969482422,40.70000076293945,41.65999984741211,31285600
2020-08-26,31.504953384399414,40.0099983215332,40.84000015258789,40.0,40.63999938964844,26795000
2020-08-27,31.292360305786133,39.7400016784668,40.29999923706055,39.310001373291016,40.0,32034300
2020-08-28,32.04041290283203,40.689998626708984,40.91999816894531,39.7599983215332,39.84000015258789,33477100
2020-08-31,31.449831008911133,39.939998626708984,40.720001220703125,39.900001525878906,40.63999938964844,25259600
2020-09-01,31.048250198364258,39.43000030517578,39.75,39.04999923706055,39.75,22464100
2020-09-02,30.859270095825195,39.189998626708984,39.720001220703125,38.95000076293945,39.22999954223633,26413400
2020-09-03,30.7962703704834,39.11000061035156,40.029998779296875,38.880001068115234,39.20000076293945,28817200
2020-09-04,30.77264976501465,39.08000183105469,39.790000915527344,38.650001525878906,39.459999084472656,24632500
2020-09-08,30.063961029052734,38.18000030517578,38.68000030517578,37.349998474121094,38.25,38496400
2020-09-09,29.882862091064453,37.95000076293945,38.84000015258789,37.91999816894531,38.349998474121094,25886100
2020-09-10,29.134809494018555,37.0,38.369998931884766,36.900001525878906,38.27000045776367,34381200
2020-09-11,29.05606460571289,36.900001525878906,37.310001373291016,36.4900016784668,37.130001068115234,26838600
2020-09-14,28.86707878112793,36.65999984741211,37.0099983215332,36.4900016784668,36.90999984741211,26129900
2020-09-15,28.559986114501953,36.27000045776367,37.380001068115234,36.209999084472656,36.79999923706055,23724200
2020-09-16,29.772621154785156,37.810001373291016,38.150001525878906,36.27000045776367,36.459999084472656,30890900
2020-09-17,29.764741897583008,37.79999923706055,37.97999954223633,36.970001220703125,37.349998474121094,24696200
2020-09-18,29.28441619873047,37.189998626708984,37.81999969482422,36.70000076293945,37.529998779296875,46853800
2020-09-21,28.685970306396484,36.43000030517578,36.709999084472656,35.68000030517578,36.43000030517578,35351800
2020-09-22,27.977283477783203,35.529998779296875,36.84000015258789,35.470001220703125,36.459999084472656,27303200
2020-09-23,27.079622268676758,34.38999938964844,35.790000915527344,34.349998474121094,35.650001525878906,31251400
2020-09-24,27.024497985839844,34.31999969482422,34.81999969482422,33.7599983215332,34.400001525878906,26796000
2020-09-25,27.276473999023438,34.63999938964844,34.939998626708984,33.880001068115234,34.0,23486000
2020-09-28,27.80405616760254,35.310001373291016,35.900001525878906,35.099998474121094,35.13999938964844,23396500
2020-09-29,26.993000030517578,34.279998779296875,35.11000061035156,33.9900016784668,35.0,20770500
2020-09-30,27.03237533569336,34.33000183105469,34.91999816894531,34.130001068115234,34.63999938964844,22223700
2020-10-01,26.087459564208984,33.130001068115234,34.099998474121094,32.939998626708984,33.790000915527344,36890200
2020-10-02,25.969343185424805,32.97999954223633,33.349998474121094,32.209999084472656,32.25,32694300
2020-10-05,26.567792892456055,33.7400016784668,33.75,33.16999816894531,33.31999969482422,22965200
2020-10-06,26.292190551757812,33.38999938964844,34.41999816894531,33.310001373291016,34.119998931884766,26731800
2020-10-07,26.378808975219727,33.5,33.7400016784668,33.209999084472656,33.63999938964844,23779300
2020-10-08,27.764684677124023,35.2599983215332,35.34000015258789,33.7599983215332,33.880001068115234,34413700
2020-10-09,27.355215072631836,34.7400016784668,35.95000076293945,34.650001525878906,35.68000030517578,29228600
2020-10-12,27.268600463867188,34.630001068115234,34.72999954223633,34.22999954223633,34.540000915527344,17912800
2020-10-13,26.945755004882812,34.220001220703125,34.869998931884766,34.099998474121094,34.72999954223633,20995100
2020-10-14,26.89063835144043,34.150001525878906,34.83000183105469,34.029998779296875,34.060001373291016,17743000
2020-10-15,27.126867294311523,34.45000076293945,34.459999084472656,33.27000045776367,33.70000076293945,23251600
2020-10-16,26.851266860961914,34.099998474121094,34.63999938964844,33.880001068115234,34.369998931884766,22627200
2020-10-19,26.315811157226562,33.41999816894531,34.369998931884766,33.38999938964844,34.099998474121094,23645800
2020-10-20,26.53629493713379,33.70000076293945,33.93000030517578,33.33000183105469,33.65999984741211,23040600
2020-10-21,26.111085891723633,33.15999984741211,33.619998931884766,33.13999938964844,33.5099983215332,28619300
2020-10-22,27.449708938598633,34.86000061035156,34.959999084472656,33.02000045776367,33.18000030517578,31831500
2020-10-23,26.898509979248047,34.15999984741211,35.08000183105469,33.86000061035156,34.970001220703125,27429100
2020-10-26,26.260690689086914,33.349998474121094,33.77000045776367,32.95000076293945,33.61000061035156,30888700
2020-10-27,25.843360900878906,32.81999969482422,33.20000076293945,32.70000076293945,33.150001525878906,27100700
2020-10-28,24.85907745361328,31.56999969482422,32.380001068115234,31.520000457763672,32.099998474121094,42136400
2020-10-29,25.961469650268555,32.970001220703125,33.130001068115234,31.110000610351562,31.40999984741211,38622800
2020-10-30,25.685871124267578,32.619998931884766,33.13999938964844,32.0099983215332,32.40999984741211,47885700
2020-11-02,26.764650344848633,33.9900016784668,34.459999084472656,32.56999969482422,33.13999938964844,40130300
2020-11-03,26.307945251464844,33.40999984741211,34.4900016784668,33.130001068115234,34.4900016784668,36773000
2020-11-04,26.16620445251465,33.22999954223633,34.13999938964844,32.529998779296875,33.27000045776367,35410100
2020-11-05,26.11895751953125,33.16999816894531,33.91999816894531,33.13999938964844,33.369998931884766,30824100
2020-11-06,25.811861038208008,32.779998779296875,33.65999984741211,32.619998931884766,33.099998474121094,33985600
2020-11-09,29.079683303833008,36.93000030517578,38.0099983215332,36.060001373291016,36.41999816894531,76879400
2020-11-10,29.72482681274414,36.86000061035156,37.43000030517578,35.97999954223633,37.04999923706055,49055400
2020-11-11,29.418384552001953,36.47999954223633,37.119998931884766,36.189998626708984,37.09000015258789,34124500
2020-11-12,28.41034698486328,35.22999954223633,36.290000915527344,34.869998931884766,35.86000061035156,30933700
2020-11-13,29.09581756591797,36.08000183105469,36.25,35.380001068115234,35.400001525878906,29241500
2020-11-16,30.773174285888672,38.15999984741211,38.16999816894531,37.099998474121094,37.59000015258789,38596800
2020-11-17,31.184444427490234,38.66999816894531,38.709999084472656,37.380001068115234,37.810001373291016,26521100
2020-11-18,30.007064819335938,37.209999084472656,39.130001068115234,37.20000076293945,39.02000045776367,31068000
2020-11-19,30.160289764404297,37.400001525878906,37.5,36.560001373291016,36.86000061035156,26954400
2020-11-20,29.789339065551758,36.939998626708984,37.40999984741211,36.779998779296875,37.349998474121094,18351000
2020-11-23,31.74089241027832,39.36000061035156,39.43000030517578,37.279998779296875,37.5,29367600
2020-11-24,33.853721618652344,41.97999954223633,42.08000183105469,40.220001220703125,40.5099983215332,46979300
2020-11-25,32.91020965576172,40.810001373291016,41.709999084472656,40.650001525878906,41.66999816894531,28178200
2020-11-27,32.410221099853516,40.189998626708984,40.939998626708984,39.869998931884766,40.70000076293945,14971900
2020-11-30,30.748981475830078,38.130001068115234,39.880001068115234,37.970001220703125,39.79999923706055,45614300
2020-12-01,31.047353744506836,38.5,39.650001525878906,38.470001220703125,38.959999084472656,32472900
2020-12-02,32.2086067199707,39.939998626708984,40.41999816894531,38.34000015258789,38.38999938964844,29369500
2020-12-03,32.42634582519531,40.209999084472656,40.63999938964844,39.72999954223633,40.06999969482422,27038900
2020-12-04,33.611793518066406,41.68000030517578,41.7599983215332,40.650001525878906,40.77000045776367,28723600
2020-12-07,32.9827880859375,40.900001525878906,41.540000915527344,40.66999816894531,41.41999816894531,24899400
2020-12-08,34.06338882446289,42.2400016784668,42.59000015258789,40.439998626708984,40.529998779296875,32573800
2020-12-09,34.51498794555664,42.79999923706055,43.72999954223633,42.380001068115234,42.709999084472656,37824800
2020-12-10,35.49076843261719,44.0099983215332,44.470001220703125,42.7599983215332,43.20000076293945,38058700
2020-12-11,35.32140350341797,43.79999923706055,43.93000030517578,43.209999084472656,43.70000076293945,25478800
2020-12-14,34.04726791381836,42.220001220703125,44.459999084472656,42.18000030517578,44.34000015258789,30595000
2020-12-15,34.70852279663086,43.040000915527344,43.220001220703125,42.060001373291016,42.439998626708984,27138400
2020-12-16,35.24076843261719,43.70000076293945,44.11000061035156,42.959999084472656,43.75,34273000
2020-12-17,35.0633544921875,43.47999954223633,44.040000915527344,43.400001525878906,44.0,21204600
2020-12-18,34.45853805541992,42.72999954223633,43.779998779296875,42.41999816894531,43.27000045776367,46596800
2020-12-21,33.829532623291016,41.95000076293945,42.08000183105469,40.529998779296875,41.11000061035156,27869500
2020-12-22,33.2569580078125,41.2400016784668,41.900001525878906,41.22999954223633,41.58000183105469,21792900
2020-12-23,33.68437576293945,41.77000045776367,42.38999938964844,41.459999084472656,41.5099983215332,19085900
2020-12-24,33.547279357910156,41.599998474121094,41.849998474121094,41.380001068115234,41.650001525878906,8039000
2020-12-28,33.660179138183594,41.7400016784668,42.54999923706055,41.52000045776367,41.689998626708984,23877500
2020-12-29,33.281158447265625,41.27000045776367,42.119998931884766,41.20000076293945,42.040000915527344,20287700
2020-12-30,33.547279357910156,41.599998474121094,42.41999816894531,41.27000045776367,41.33000183105469,23807300
2020-12-31,33.24083709716797,41.220001220703125,41.68000030517578,40.970001220703125,41.470001220703125,22786500
2021-01-04,33.46663284301758,41.5,42.25,41.0,41.45000076293945,27764700
2021-01-05,35.07948303222656,43.5,44.79999923706055,41.83000183105469,41.84000015258789,44035100
2021-01-06,35.974613189697266,44.61000061035156,45.099998474121094,43.70000076293945,44.40999984741211,36484800
2021-01-07,36.25686264038086,44.959999084472656,45.56999969482422,44.529998779296875,45.0,29528100
2021-01-08,36.66007995605469,45.459999084472656,45.81999969482422,44.95000076293945,45.20000076293945,28628200
2021-01-11,37.77294921875,46.84000015258789,47.13999938964844,44.75,45.040000915527344,38246200
2021-01-12,38.611629486083984,47.880001068115234,48.16999816894531,46.90999984741211,47.459999084472656,36915100
2021-01-13,39.047088623046875,48.41999816894531,48.709999084472656,47.689998626708984,48.529998779296875,29000300
2021-01-14,40.57123565673828,50.310001373291016,51.08000183105469,48.5,48.5,35474800
2021-01-15,38.61970138549805,47.88999938964844,49.08000183105469,47.290000915527344,48.90999984741211,42411300
2021-01-19,39.38579177856445,48.84000015258789,49.439998626708984,48.349998474121094,48.45000076293945,24932600
2021-01-20,39.94223403930664,49.529998779296875,49.7400016784668,48.9900016784668,49.11000061035156,22342400
2021-01-21,38.79711151123047,48.11000061035156,49.38999938964844,47.68000030517578,49.33000183105469,29044500
2021-01-22,38.248741149902344,47.43000030517578,47.63999938964844,46.63999938964844,47.0099983215332,23264800
2021-01-25,37.82132339477539,46.900001525878906,47.04999923706055,46.15999984741211,46.900001525878906,26395800
2021-01-26,36.9907112121582,45.869998931884766,47.86000061035156,45.849998474121094,47.2599983215332,23976800
2021-01-27,36.571372985839844,45.349998474121094,46.65999984741211,44.529998779296875,45.0,32410300
2021-01-28,37.14393997192383,46.060001373291016,46.59000015258789,45.689998626708984,45.939998626708984,24967200
2021-01-29,36.160091400146484,44.84000015258789,46.040000915527344,44.5099983215332,45.54999923706055,38961100
2021-02-01,36.224605560302734,44.91999816894531,45.58000183105469,44.290000915527344,45.58000183105469,24412400
2021-02-02,36.79717254638672,45.630001068115234,46.9900016784668,45.279998779296875,45.810001373291016,31940400
2021-02-03,38.240665435791016,47.41999816894531,47.66999816894531,45.41999816894531,45.630001068115234,28459300
2021-02-04,38.974510192871094,48.33000183105469,48.380001068115234,47.25,47.880001068115234,25280300
2021-02-05,40.28092575073242,49.95000076293945,50.119998931884766,49.040000915527344,49.18000030517578,34980100
2021-02-08,42.01473617553711,52.099998474121094,52.36000061035156,50.709999084472656,50.91999816894531,36998700
2021-02-09,41.522666931152344,50.630001068115234,50.959999084472656,49.77000045776367,50.66999816894531,28977000
2021-02-10,41.92452621459961,51.119998931884766,51.41999816894531,50.38999938964844,50.630001068115234,25723800
2021-02-11,40.87477493286133,49.84000015258789,50.93000030517578,48.779998779296875,50.88999938964844,26972200
2021-02-12,41.43245315551758,50.52000045776367,50.709999084472656,49.40999984741211,49.43000030517578,19756700
2021-02-16,42.67903518676758,52.040000915527344,52.529998779296875,51.619998931884766,51.959999084472656,28060100
2021-02-17,43.34333801269531,52.849998474121094,53.27000045776367,51.79999923706055,52.349998474121094,25509700
2021-02-18,42.662635803222656,52.02000045776367,52.939998626708984,51.86000061035156,52.810001373291016,20627600
2021-02-19,42.949676513671875,52.369998931884766,52.560001373291016,51.91999816894531,52.11000061035156,22607200
2021-02-22,44.53250503540039,54.29999923706055,54.810001373291016,52.59000015258789,52.59000015258789,36435100
2021-02-23,45.147605895996094,55.04999923706055,55.2599983215332,53.7400016784668,54.97999954223633,33527900
2021-02-24,46.50079345703125,56.70000076293945,57.0,54.869998931884766,55.189998626708984,28728600
2021-02-25,45.72988510131836,55.7599983215332,57.25,55.349998474121094,56.97999954223633,29670900
2021-02-26,44.589908599853516,54.369998931884766,55.060001373291016,53.119998931884766,54.40999984741211,35291000
2021-03-01,46.254764556884766,56.400001525878906,57.61000061035156,56.130001068115234,56.470001220703125,36998300
2021-03-02,45.984127044677734,56.06999969482422,56.959999084472656,56.02000045776367,56.650001525878906,30302600
2021-03-03,46.35317611694336,56.52000045776367,57.959999084472656,55.880001068115234,56.41999816894531,35358900
2021-03-04,48.149234771728516,58.709999084472656,59.470001220703125,57.099998474121094,57.119998931884766,52137500
2021-03-05,49.969905853271484,60.93000030517578,61.04999923706055,59.11000061035156,59.83000183105469,51429800
2021-03-08,49.920692443847656,60.869998931884766,61.61000061035156,59.81999969482422,61.58000183105469,38154600
2021-03-09,49.149784088134766,59.93000030517578,61.38999938964844,59.470001220703125,60.61000061035156,35645900
2021-03-10,50.65879440307617,61.77000045776367,61.91999816894531,60.029998779296875,60.52000045776367,31579100
2021-03-11,50.28155517578125,61.310001373291016,62.54999923706055,61.2599983215332,61.779998779296875,24802600
2021-03-12,50.82282638549805,61.970001220703125,62.369998931884766,61.5,61.54999923706055,20422700
2021-03-15,49.527034759521484,60.38999938964844,61.86000061035156,59.869998931884766,61.4900016784668,31243600
2021-03-16,48.47727966308594,59.11000061035156,59.65999984741211,58.439998626708984,59.540000915527344,30624800
2021-03-17,48.69050979614258,59.369998931884766,59.72999954223633,58.619998931884766,58.689998626708984,25575500
2021-03-18,46.591007232666016,56.810001373291016,58.970001220703125,56.52000045776367,58.810001373291016,38622800
2021-03-19,46.328575134277344,56.4900016784668,57.470001220703125,55.810001373291016,56.709999084472656,84439400
2021-03-22,45.852901458740234,55.90999984741211,56.86000061035156,55.900001525878906,56.5,29315100
2021-03-23,45.28702163696289,55.220001220703125,56.290000915527344,54.45000076293945,54.939998626708984,33493300
2021-03-24,46.20555877685547,56.34000015258789,57.279998779296875,56.08000183105469,56.08000183105469,29781800
2021-03-25,46.074337005615234,56.18000030517578,56.5,54.5,55.209999084472656,31495900
2021-03-26,47.3291130065918,57.709999084472656,57.779998779296875,56.52000045776367,57.29999923706055,34226500
2021-03-29,47.074886322021484,57.400001525878906,57.81999969482422,56.7400016784668,57.34000015258789,21144400
2021-03-30,46.49258804321289,56.689998626708984,57.36000061035156,56.4900016784668,56.86000061035156,20303400
2021-03-31,45.787296295166016,55.83000183105469,56.630001068115234,55.79999923706055,56.349998474121094,23686500
2021-04-01,47.066673278808594,57.38999938964844,57.45000076293945,56.13999938964844,56.31999969482422,23194500
2021-04-05,46.336769104003906,56.5,57.31999969482422,56.13999938964844,57.29999923706055,23264800
2021-04-06,46.20555877685547,56.34000015258789,57.540000915527344,56.2599983215332,56.84000015258789,18926300
2021-04-07,46.41059112548828,56.59000015258789,56.77000045776367,56.2400016784668,56.38999938964844,22385000
2021-04-08,45.92671585083008,56.0,56.08000183105469,55.31999969482422,55.93000030517578,21999300
2021-04-09,45.82009506225586,55.869998931884766,56.439998626708984,55.529998779296875,56.0,20020700
2021-04-12,45.51664733886719,55.5,56.790000915527344,55.310001373291016,56.7599983215332,20238800
2021-04-13,45.688880920410156,55.709999084472656,55.97999954223633,55.09000015258789,55.29999923706055,19370600
2021-04-14,47.009273529052734,57.31999969482422,58.0099983215332,56.25,56.40999984741211,28051100
2021-04-15,46.73042678833008,56.97999954223633,57.41999816894531,56.779998779296875,57.41999816894531,23250300
2021-04-16,46.467987060546875,56.65999984741211,57.68000030517578,56.439998626708984,57.36000061035156,22752000
2021-04-19,46.32037353515625,56.47999954223633,57.13999938964844,55.959999084472656,56.75,21123300
2021-04-20,45.34442901611328,55.290000915527344,56.470001220703125,54.779998779296875,56.470001220703125,21782100
2021-04-21,45.92671585083008,56.0,56.130001068115234,54.29999923706055,54.5,16625600
2021-04-22,45.32802200317383,55.27000045776367,55.9900016784668,55.02000045776367,55.9900016784668,21600100
2021-04-23,45.57405471801758,55.56999969482422,55.939998626708984,55.18000030517578,55.27000045776367,15337900
2021-04-26,45.66427230834961,55.68000030517578,56.290000915527344,55.439998626708984,55.470001220703125,16083800
2021-04-27,46.262962341308594,56.40999984741211,56.630001068115234,55.810001373291016,56.0099983215332,19278600
2021-04-28,47.657161712646484,58.11000061035156,58.459999084472656,56.790000915527344,56.90999984741211,24729800
2021-04-29,48.337860107421875,58.939998626708984,59.47999954223633,58.150001525878906,58.91999816894531,27318400
2021-04-30,46.943660736083984,57.2400016784668,58.88999938964844,57.15999984741211,58.33000183105469,30518400
2021-05-03,48.23944091796875,58.81999969482422,58.9900016784668,57.7400016784668,57.97999954223633,20509600
2021-05-04,48.54289245605469,59.189998626708984,59.5,58.5099983215332,59.0,23522200
2021-05-05,50.00271224975586,60.970001220703125,61.04999923706055,59.400001525878906,59.77000045776367,31526200
2021-05-06,50.47837829589844,61.54999923706055,61.63999938964844,60.029998779296875,60.86000061035156,26836800
2021-05-07,51.20008850097656,62.43000030517578,62.470001220703125,60.849998474121094,61.06999969482422,33610600
2021-05-10,51.32310485839844,62.58000183105469,64.0199966430664,62.529998779296875,63.2400016784668,31956600
2021-05-11,49.69106674194336,60.59000015258789,62.38999938964844,60.38999938964844,61.630001068115234,34563800
2021-05-12,49.95732879638672,60.040000915527344,61.68000030517578,59.75,60.0099983215332,34426500
2021-05-13,49.341590881347656,59.29999923706055,60.45000076293945,58.75,59.0,24268200
2021-05-14,50.564727783203125,60.77000045776367,60.880001068115234,59.93000030517578,59.93000030517578,20735400
2021-05-17,51.74626541137695,62.189998626708984,62.25,60.43000030517578,60.540000915527344,25282500
2021-05-18,50.28182601928711,60.43000030517578,62.29999923706055,60.400001525878906,62.0,25170800
2021-05-19,49.0753288269043,58.97999954223633,59.86000061035156,58.41999816894531,59.099998474121094,28889800
2021-05-20,48.95884704589844,58.84000015258789,59.150001525878906,58.2400016784668,58.95000076293945,20692500
2021-05-21,49.02540588378906,58.91999816894531,59.83000183105469,58.849998474121094,59.41999816894531,20792700
2021-05-24,49.59953308105469,59.61000061035156,59.79999923706055,58.689998626708984,59.08000183105469,18400300
2021-05-25,48.47624588012695,58.2599983215332,59.540000915527344,58.119998931884766,59.5,25616100
2021-05-26,49.042049407958984,58.939998626708984,59.119998931884766,57.900001525878906,58.25,21698700
2021-05-27,48.725868225097656,58.560001373291016,59.70000076293945,58.02000045776367,59.22999954223633,33556000
2021-05-28,48.567771911621094,58.369998931884766,58.79999923706055,58.11000061035156,58.72999954223633,19246800
2021-06-01,50.30679702758789,60.459999084472656,60.70000076293945,59.45000076293945,59.45000076293945,28474200
2021-06-02,50.70618438720703,60.939998626708984,61.310001373291016,60.16999816894531,60.75,22978300
2021-06-03,50.9058837890625,61.18000030517578,61.40999984741211,60.349998474121094,60.54999923706055,20272800
2021-06-04,51.13053512573242,61.45000076293945,61.70000076293945,60.779998779296875,61.459999084472656,20427800
2021-06-07,50.79771423339844,61.04999923706055,61.72999954223633,61.02000045776367,61.33000183105469,15477900
2021-06-08,51.696346282958984,62.130001068115234,62.47999954223633,60.66999816894531,61.5,28953400
2021-06-09,52.1290168762207,62.650001525878906,63.41999816894531,62.189998626708984,62.66999816894531,29133000
2021-06-10,52.21223068237305,62.75,63.97999954223633,62.25,63.61000061035156,27488700
2021-06-11,51.7296257019043,62.16999816894531,63.189998626708984,62.13999938964844,63.0099983215332,17631700
2021-06-14,51.64642333984375,62.06999969482422,62.779998779296875,61.56999969482422,62.29999923706055,16997200
2021-06-15,53.52689743041992,64.33000183105469,64.4000015258789,62.349998474121094,62.47999954223633,30717100
2021-06-16,53.33551788330078,64.0999984741211,64.80000305175781,63.560001373291016,64.31999969482422,24803200
2021-06-17,51.57985305786133,61.9900016784668,64.45999908447266,61.27000045776367,63.86000061035156,28491800
2021-06-18,50.25686264038086,60.400001525878906,61.54999923706055,60.2400016784668,61.0,39590700
2021-06-21,52.079097747802734,62.59000015258789,62.70000076293945,60.900001525878906,60.93000030517578,33145400
2021-06-22,53.077579498291016,63.790000915527344,64.01000213623047,62.22999954223633,62.849998474121094,25140400
2021-06-23,53.468650817871094,64.26000213623047,64.69999694824219,63.58000183105469,64.05000305175781,20701600
2021-06-24,53.68498611450195,64.5199966430664,64.55999755859375,63.810001373291016,64.1500015258789,19568400
2021-06-25,53.80147933959961,64.66000366210938,64.93000030517578,64.36000061035156,64.61000061035156,18438300
2021-06-28,52.428558349609375,63.0099983215332,64.55999755859375,62.75,64.55999755859375,20570000
2021-06-29,52.10405731201172,62.619998931884766,63.77000045776367,62.59000015258789,63.209999084472656,19579300
2021-06-30,52.48681640625,63.08000183105469,63.22999954223633,62.45000076293945,62.70000076293945,17875500
2021-07-01,52.63657760620117,63.2599983215332,64.41999816894531,62.77000045776367,64.33000183105469,22530300
2021-07-02,52.56169509887695,63.16999816894531,63.31999969482422,62.41999816894531,63.0099983215332,14555300
2021-07-06,51.063968658447266,61.369998931884766,62.7599983215332,60.900001525878906,62.75,22110800
2021-07-07,50.265193939208984,60.40999984741211,61.810001373291016,59.619998931884766,61.18000030517578,21671400
2021-07-08,50.040531158447266,60.13999938964844,60.709999084472656,59.310001373291016,59.45000076293945,18935900
2021-07-09,50.947486877441406,61.22999954223633,61.45000076293945,60.2400016784668,60.70000076293945,20086000
2021-07-12,50.897560119628906,61.16999816894531,61.5,60.15999984741211,60.41999816894531,21809400
2021-07-13,50.65626525878906,60.880001068115234,61.5099983215332,60.5099983215332,61.0,17147300
2021-07-14,49.532962799072266,59.529998779296875,61.72999954223633,59.36000061035156,61.16999816894531,21573600
2021-07-15,49.05037307739258,58.95000076293945,59.70000076293945,58.77000045776367,59.16999816894531,15851100
2021-07-16,47.6941032409668,57.31999969482422,59.2599983215332,57.150001525878906,59.18000030517578,27049500
2021-07-19,46.05492401123047,55.349998474121094,56.20000076293945,54.599998474121094,55.63999938964844,37969100
2021-07-20,46.56248092651367,55.959999084472656,56.599998474121094,55.029998779296875,55.5,26756100
2021-07-21,48.06020736694336,57.7599983215332,58.29999923706055,56.83000183105469,56.86000061035156,20908700
2021-07-22,47.51936340332031,57.11000061035156,57.7400016784668,56.65999984741211,57.72999954223633,13493800
2021-07-23,47.46113204956055,57.040000915527344,57.290000915527344,56.470001220703125,57.290000915527344,14088200
2021-07-26,48.6593017578125,58.47999954223633,58.650001525878906,57.0,57.15999984741211,18387600
2021-07-27,48.11845779418945,57.83000183105469,58.0099983215332,57.209999084472656,58.0099983215332,16861400
2021-07-28,48.442962646484375,58.220001220703125,58.630001068115234,57.619998931884766,58.0,16855300
2021-07-29,49.03373718261719,58.93000030517578,59.33000183105469,58.560001373291016,59.0,18607800
2021-07-30,47.90211868286133,57.56999969482422,58.880001068115234,57.31999969482422,58.880001068115234,28652800
2021-08-02,47.91043472290039,57.58000183105469,59.060001373291016,57.400001525878906,57.54999923706055,20873800
2021-08-03,48.42631912231445,58.20000076293945,58.40999984741211,56.93000030517578,57.56999969482422,18208200
2021-08-04,47.29470443725586,56.84000015258789,57.880001068115234,56.810001373291016,57.189998626708984,20868300
2021-08-05,47.59424591064453,57.20000076293945,57.70000076293945,56.83000183105469,57.130001068115234,15180200
2021-08-06,48.1434211730957,57.86000061035156,58.06999969482422,57.529998779296875,57.65999984741211,14888500
2021-08-09,47.59424591064453,57.20000076293945,57.52000045776367,56.83000183105469,57.130001068115234,17828200
2021-08-10,48.40967559814453,58.18000030517578,58.36000061035156,57.29999923706055,57.41999816894531,16340200
2021-08-11,48.55112838745117,58.349998474121094,58.5,57.720001220703125,58.189998626708984,18278600
2021-08-12,48.44132614135742,57.349998474121094,57.790000915527344,56.869998931884766,57.400001525878906,19225500
2021-08-13,47.951416015625,56.77000045776367,57.06999969482422,56.29999923706055,57.029998779296875,20063000
2021-08-16,47.2503547668457,55.939998626708984,56.09000015258789,55.27000045776367,56.02000045776367,16959500
2021-08-17,46.92938232421875,55.560001373291016,56.29999923706055,55.0,55.5,16243700
2021-08-18,45.94112777709961,54.38999938964844,55.810001373291016,54.310001373291016,55.41999816894531,21890500
2021-08-19,44.53899383544922,52.72999954223633,53.709999084472656,52.099998474121094,53.470001220703125,30923500
2021-08-20,44.54743957519531,52.7400016784668,53.13999938964844,52.11000061035156,52.27000045776367,16918300
2021-08-23,46.38036346435547,54.90999984741211,55.060001373291016,53.95000076293945,53.95000076293945,21632600
2021-08-24,46.76044845581055,55.36000061035156,55.849998474121094,55.0099983215332,55.290000915527344,17915600
2021-08-25,46.844913482666016,55.459999084472656,55.77000045776367,54.869998931884766,55.2400016784668,13270300
2021-08-26,46.21141052246094,54.709999084472656,55.540000915527344,54.630001068115234,55.20000076293945,11842600
2021-08-27,47.10675811767578,55.77000045776367,56.209999084472656,55.400001525878906,55.400001525878906,15822500
2021-08-30,46.59151077270508,55.15999984741211,56.34000015258789,55.119998931884766,56.2400016784668,14086100
2021-08-31,46.050933837890625,54.52000045776367,55.310001373291016,54.459999084472656,54.93000030517578,27104100
2021-09-01,45.41743850708008,53.77000045776367,54.7599983215332,53.599998474121094,54.4900016784668,21644100
2021-09-02,46.523948669433594,55.08000183105469,55.63999938964844,54.27000045776367,54.290000915527344,23293300
2021-09-03,46.3465690612793,54.869998931884766,55.31999969482422,54.599998474121094,55.119998931884766,13840000
2021-09-07,46.076271057128906,54.54999923706055,55.27000045776367,54.470001220703125,54.66999816894531,14354400
2021-09-08,45.65393829345703,54.04999923706055,55.18000030517578,54.0099983215332,54.790000915527344,18756700
2021-09-09,45.68772506713867,54.09000015258789,55.0,53.29999923706055,53.619998931884766,19110800
2021-09-10,45.594825744628906,53.97999954223633,55.22999954223633,53.95000076293945,55.189998626708984,15123700
2021-09-13,46.768890380859375,55.369998931884766,55.93000030517578,54.619998931884766,54.650001525878906,22052300
2021-09-14,46.10161590576172,54.58000183105469,55.77000045776367,54.40999984741211,55.689998626708984,19940300
2021-09-15,47.65578079223633,56.41999816894531,56.529998779296875,55.310001373291016,55.369998931884766,23240900
2021-09-16,47.14899444580078,55.81999969482422,56.459999084472656,55.5,56.459999084472656,17907200
2021-09-17,46.59151077270508,55.15999984741211,56.75,55.099998474121094,55.34000015258789,30000400
2021-09-20,45.34986114501953,53.689998626708984,54.16999816894531,52.959999084472656,53.779998779296875,27555100
2021-09-21,45.30762481689453,53.63999938964844,54.5099983215332,53.25,54.369998931884766,19696800
2021-09-22,46.63374710083008,55.209999084472656,55.90999984741211,54.369998931884766,54.43000030517578,25690600
2021-09-23,48.2132682800293,57.08000183105469,57.2400016784668,55.279998779296875,55.41999816894531,23069400
2021-09-24,48.64404296875,57.59000015258789,57.81999969482422,56.68000030517578,56.70000076293945,22328600
2021-09-27,50.08841323852539,59.29999923706055,59.79999923706055,58.81999969482422,58.849998474121094,32972200
2021-09-28,50.61210250854492,59.91999816894531,60.47999954223633,59.5099983215332,59.900001525878906,37619300
2021-09-29,50.57832336425781,59.880001068115234,60.189998626708984,59.04999923706055,59.84000015258789,23422800
2021-09-30,49.6829719543457,58.81999969482422,60.16999816894531,58.810001373291016,60.119998931884766,31289600
2021-10-01,51.465206146240234,60.93000030517578,60.9900016784668,59.40999984741211,59.40999984741211,24407300
2021-10-04,52.13249588012695,61.720001220703125,62.06999969482422,60.95000076293945,61.31999969482422,33946700
2021-10-05,52.04802703857422,61.619998931884766,62.70000076293945,61.02000045776367,62.52000045776367,29641600
2021-10-06,51.093563079833984,60.4900016784668,61.119998931884766,59.75,60.470001220703125,25284900
2021-10-07,51.237152099609375,60.65999984741211,61.08000183105469,60.13999938964844,60.61000061035156,19513600
2021-10-08,52.52103805541992,62.18000030517578,62.41999816894531,61.25,61.25,22186900
2021-10-11,51.99736022949219,61.560001373291016,63.060001373291016,61.5,63.029998779296875,22121500
2021-10-12,51.72706604003906,61.2400016784668,61.97999954223633,60.849998474121094,61.56999969482422,20198600
2021-10-13,51.58346176147461,61.06999969482422,61.38999938964844,60.209999084472656,60.779998779296875,14991700
2021-10-14,52.368995666503906,62.0,62.220001220703125,61.16999816894531,61.709999084472656,18594500
2021-10-15,52.86735153198242,62.59000015258789,63.06999969482422,62.439998626708984,62.72999954223633,16092600
2021-10-18,52.84201431274414,62.560001373291016,63.13999938964844,62.27000045776367,63.09000015258789,18282800
2021-10-19,53.635990142822266,63.5,63.61000061035156,62.66999816894531,62.869998931884766,18933200
2021-10-20,53.93162536621094,63.849998474121094,63.869998931884766,62.720001220703125,62.88999938964844,14305200
2021-10-21,52.95181655883789,62.689998626708984,63.63999938964844,62.349998474121094,63.470001220703125,16564600
2021-10-22,53.31501388549805,63.119998931884766,63.220001220703125,62.349998474121094,62.77000045776367,14266800
2021-10-25,54.35395812988281,64.3499984741211,64.41999816894531,63.58000183105469,63.720001220703125,17939800
2021-10-26,55.61249542236328,65.83999633789062,65.94000244140625,64.36000061035156,64.48999786376953,25585100
2021-10-27,54.16812515258789,64.12999725341797,65.25,63.97999954223633,65.16000366210938,21764500
2021-10-28,54.320159912109375,64.30999755859375,64.47000122070312,63.630001068115234,63.81999969482422,16626400
2021-10-29,54.45531463623047,64.47000122070312,65.36000061035156,64.33000183105469,65.05000305175781,23966300
2021-11-01,55.435115814208984,65.62999725341797,66.08000183105469,65.0199966430664,65.06999969482422,19656400
2021-11-02,54.750946044921875,64.81999969482422,65.44999694824219,64.66000366210938,65.02999877929688,16300000
2021-11-03,53.999202728271484,63.93000030517578,64.44999694824219,63.65999984741211,64.04000091552734,17372800
2021-11-04,54.40463638305664,64.41000366210938,64.88999938964844,63.83000183105469,64.68000030517578,17720100
2021-11-05,54.91987609863281,65.0199966430664,65.33000183105469,64.55999755859375,65.05000305175781,18565100
2021-11-08,55.51114273071289,65.72000122070312,66.37999725341797,65.37999725341797,65.55000305175781,17696000
2021-11-09,56.051719665527344,66.36000061035156,66.37000274658203,65.30999755859375,65.7699966430664,18781300
2021-11-10,54.94746780395508,64.19000244140625,65.6500015258789,63.77000045776367,65.31999969482422,20177200
2021-11-11,55.0501823425293,64.30999755859375,64.83000183105469,64.0199966430664,64.19000244140625,13319300
2021-11-12,54.630741119384766,63.81999969482422,64.37000274658203,63.58000183105469,63.959999084472656,18158900
2021-11-15,55.10155487060547,64.37000274658203,64.7699966430664,63.220001220703125,63.7599983215332,18849200
2021-11-16,55.657955169677734,65.0199966430664,65.37000274658203,64.33999633789062,64.33999633789062,17028700
2021-11-17,55.0501823425293,64.30999755859375,65.23999786376953,64.18000030517578,64.37999725341797,15497000
2021-11-18,54.45097732543945,63.61000061035156,64.52999877929688,63.11000061035156,64.16000366210938,16948200
2021-11-19,51.93429946899414,60.66999816894531,62.029998779296875,60.40999984741211,61.88999938964844,32035500
2021-11-22,52.653350830078125,61.5099983215332,62.540000915527344,60.31999969482422,60.31999969482422,21994400
2021-11-23,54.04008865356445,63.130001068115234,63.380001068115234,61.91999816894531,62.189998626708984,21185900
2021-11-24,54.33969497680664,63.47999954223633,63.849998474121094,62.58000183105469,62.58000183105469,15869700
2021-11-26,52.4307861328125,61.25,61.41999816894531,59.540000915527344,60.52000045776367,24979600
2021-11-29,52.72183609008789,61.59000015258789,63.13999938964844,61.290000915527344,62.56999969482422,18946400
2021-11-30,51.223812103271484,59.84000015258789,61.189998626708984,59.65999984741211,60.459999084472656,34979800
2021-12-01,51.18101501464844,59.790000915527344,62.029998779296875,59.75,60.900001525878906,30630600
2021-12-02,52.45647048950195,61.279998779296875,61.58000183105469,59.13999938964844,59.7400016784668,29216000
2021-12-03,52.122623443603516,60.88999938964844,62.22999954223633,60.349998474121094,61.91999816894531,22014700
2021-12-06,52.71327209472656,61.58000183105469,62.15999984741211,61.41999816894531,61.720001220703125,19210500
2021-12-07,53.30392074584961,62.27000045776367,63.029998779296875,62.099998474121094,62.34000015258789,19800400
2021-12-08,53.458003997802734,62.45000076293945,63.189998626708984,62.34000015258789,62.61000061035156,18214400
2021-12-09,53.59497833251953,62.61000061035156,62.77000045776367,61.810001373291016,62.04999923706055,16910300
2021-12-10,53.937374114990234,63.0099983215332,63.349998474121094,62.22999954223633,63.27000045776367,17942400
2021-12-13,52.756080627441406,61.630001068115234,62.720001220703125,61.349998474121094,62.470001220703125,17793700
2021-12-14,52.67903518676758,61.540000915527344,62.470001220703125,61.220001220703125,61.2599983215332,22551100
2021-12-15,52.447906494140625,61.27000045776367,61.5,60.0099983215332,61.189998626708984,19961900
2021-12-16,52.533512115478516,61.369998931884766,62.45000076293945,61.29999923706055,61.439998626708984,21187800
2021-12-17,51.38645553588867,60.029998779296875,61.279998779296875,59.689998626708984,60.95000076293945,44338100
2021-12-20,50.641727447509766,59.15999984741211,59.25,57.959999084472656,58.790000915527344,21819300
2021-12-21,51.78878402709961,60.5,60.68000030517578,59.720001220703125,59.75,19798900
2021-12-22,52.208221435546875,60.9900016784668,61.369998931884766,59.970001220703125,60.34000015258789,14058300
2021-12-23,52.23391342163086,61.02000045776367,61.84000015258789,61.0,61.16999816894531,13543300
2021-12-27,52.97863006591797,61.88999938964844,61.95000076293945,60.41999816894531,60.93000030517578,12593700
2021-12-28,52.80743408203125,61.689998626708984,62.310001373291016,61.400001525878906,61.90999984741211,12781000
2021-12-29,52.345191955566406,61.150001525878906,61.599998474121094,60.91999816894531,61.47999954223633,12733600
2021-12-30,52.037025451660156,60.790000915527344,61.599998474121094,60.77000045776367,61.220001220703125,11940300
2021-12-31,52.379432678222656,61.189998626708984,61.470001220703125,60.70000076293945,60.7400016784668,14072000
2022-01-03,54.391048431396484,63.540000915527344,63.599998474121094,61.209999084472656,61.2400016784668,24282400
2022-01-04,56.43693161010742,65.93000030517578,66.19000244140625,64.0999984741211,64.12999725341797,38584000
2022-01-05,57.13886642456055,66.75,67.61000061035156,66.4800033569336,66.5,34033300
2022-01-06,58.48280334472656,68.31999969482422,68.4800033569336,67.06999969482422,68.0,30668500
2022-01-07,58.962158203125,68.87999725341797,69.18000030517578,67.9800033569336,68.5199966430664,23985400
2022-01-10,58.611209869384766,68.47000122070312,69.16999816894531,67.94999694824219,68.97000122070312,22760300
2022-01-11,61.07653045654297,71.3499984741211,71.4000015258789,68.58000183105469,68.88999938964844,32936100
2022-01-12,60.896759033203125,71.13999938964844,71.80999755859375,70.63999938964844,71.13999938964844,23045100
2022-01-13,60.460182189941406,70.62999725341797,71.58000183105469,70.30999755859375,71.12000274658203,21043200
2022-01-14,61.52165222167969,71.87000274658203,72.1500015258789,70.5999984741211,70.6500015258789,23012900
2022-01-18,62.55743408203125,73.08000183105469,73.87999725341797,72.01000213623047,72.81999969482422,32841200
2022-01-19,62.583106994628906,73.11000061035156,73.86000061035156,72.55000305175781,73.75,26431600
2022-01-20,62.72006607055664,73.2699966430664,74.37000274658203,72.26000213623047,72.5,26774600
2022-01-21,61.77845001220703,72.16999816894531,73.18000030517578,71.04000091552734,73.18000030517578,35995200
2022-01-24,62.30915832519531,72.79000091552734,73.08000183105469,69.80999755859375,70.87999725341797,41507000
2022-01-25,64.14104461669922,74.93000030517578,75.23999786376953,71.38999938964844,72.58999633789062,39278400
2022-01-26,63.490478515625,74.16999816894531,76.0,73.48999786376953,75.43000030517578,35252400
2022-01-27,64.3036880493164,75.12000274658203,76.01000213623047,73.98999786376953,75.45999908447266,29174700
2022-01-28,64.44065856933594,75.27999877929688,75.62000274658203,73.94999694824219,74.97000122070312,30595700
2022-01-31,65.02274322509766,75.95999908447266,76.41999816894531,74.2699966430664,74.97000122070312,36085500
2022-02-01,69.19152069091797,80.83000183105469,81.51000213623047,76.2699966430664,76.44999694824219,61033100
2022-02-02,69.01175689697266,80.62000274658203,80.80999755859375,79.1500015258789,80.05999755859375,30299300
2022-02-03,68.20710754394531,79.68000030517578,80.30999755859375,79.0199966430664,80.08999633789062,28529400
2022-02-04,69.6880111694336,81.41000366210938,82.52999877929688,80.87000274658203,80.87000274658203,32197500
2022-02-07,70.52690124511719,82.38999938964844,83.08000183105469,80.63999938964844,81.13999938964844,34949200
2022-02-08,68.7035903930664,80.26000213623047,82.5,79.91999816894531,82.2699966430664,34356300
2022-02-09,68.37470245361328,79.0,80.02999877929688,78.70999908447266,79.58000183105469,40106100
2022-02-10,67.7169189453125,78.23999786376953,79.68000030517578,77.79000091552734,78.72000122070312,28527700
2022-02-11,69.42195892333984,80.20999908447266,80.31999969482422,78.2300033569336,78.62000274658203,42002100
2022-02-14,68.35740661621094,78.9800033569336,79.83999633789062,77.05000305175781,79.58000183105469,34652800
2022-02-15,67.50053405761719,77.98999786376953,78.19000244140625,76.41999816894531,76.9000015258789,25075100
2022-02-16,67.81214141845703,78.3499984741211,79.7300033569336,78.04000091552734,78.79000091552734,21733800
2022-02-17,67.7082748413086,78.2300033569336,79.12000274658203,77.94999694824219,78.4800033569336,23738800
2022-02-18,66.95528411865234,77.36000061035156,78.16999816894531,76.88999938964844,77.16000366210938,23394800
2022-02-22,66.17632293701172,76.45999908447266,79.79000091552734,75.30999755859375,79.66999816894531,35947800
2022-02-23,66.44463348388672,76.7699966430664,77.47000122070312,76.12999725341797,76.45999908447266,25385000
2022-02-24,65.60509490966797,75.80000305175781,79.02999877929688,74.02999877929688,79.0,46199900
2022-02-25,67.37071228027344,77.83999633789062,77.98999786376953,76.26000213623047,76.69000244140625,28310300
2022-02-28,67.8727035522461,78.41999816894531,78.93000030517578,76.19999694824219,76.51000213623047,32204600
2022-03-01,68.52184295654297,79.16999816894531,80.6500015258789,78.33000183105469,78.7699966430664,40002300
2022-03-02,69.69891357421875,80.52999877929688,82.1500015258789,79.81999969482422,80.5999984741211,44321400
2022-03-03,70.14034271240234,81.04000091552734,81.7699966430664,79.62999725341797,79.86000061035156,30196600
2022-03-04,72.78009796142578,84.08999633789062,84.27999877929688,80.66000366210938,81.05000305175781,42802200
2022-03-07,75.40259552001953,87.12000274658203,87.2300033569336,83.9000015258789,84.91999816894531,55207900
2022-03-08,75.97383117675781,87.77999877929688,91.51000213623047,85.43000030517578,89.05000305175781,72082300
2022-03-09,71.65496063232422,82.79000091552734,86.56999969482422,81.5999984741211,84.02999877929688,65466700
2022-03-10,73.87930297851562,85.36000061035156,85.68000030517578,82.9000015258789,84.01000213623047,44644200
2022-03-11,73.49848937988281,84.91999816894531,86.2300033569336,83.97000122070312,84.06999969482422,35303400
2022-03-14,70.86734771728516,81.87999725341797,83.44999694824219,80.5,83.05999755859375,37462600
2022-03-15,66.8341064453125,77.22000122070312,79.16999816894531,76.37000274658203,78.81999969482422,47957900
2022-03-16,66.5831298828125,76.93000030517578,78.62000274658203,76.25,77.80999755859375,37812300
2022-03-17,68.35740661621094,78.9800033569336,79.1500015258789,77.06999969482422,78.18000030517578,34041900
2022-03-18,68.08908081054688,78.66999816894531,79.38999938964844,78.0999984741211,79.05999755859375,41461500
2022-03-21,71.14430236816406,82.19999694824219,82.5199966430664,79.73999786376953,80.12000274658203,33089300
2022-03-22,70.83271789550781,81.83999633789062,82.19999694824219,80.79000091552734,81.62999725341797,23132200
2022-03-23,71.9492416381836,83.12999725341797,84.2699966430664,83.05000305175781,83.33999633789062,27716300
2022-03-24,72.16559600830078,83.37999725341797,84.6500015258789,82.75,83.45999908447266,19871600
2022-03-25,73.74080657958984,85.19999694824219,85.48999786376953,82.79000091552734,82.91999816894531,22398300
2022-03-28,71.67225646972656,82.80999755859375,83.30999755859375,82.0199966430664,83.16999816894531,21552400
2022-03-29,71.29145050048828,82.37000274658203,82.48999786376953,79.76000213623047,80.80999755859375,27036300
2022-03-30,72.51181030273438,83.77999877929688,84.01000213623047,82.70999908447266,83.05999755859375,22079000
2022-03-31,71.48185729980469,82.58999633789062,84.4000015258789,82.55000305175781,82.87000274658203,27861500
2022-04-01,71.94058990478516,83.12000274658203,84.13999938964844,81.98999786376953,81.98999786376953,18671100
2022-04-04,71.9751968383789,83.16000366210938,83.66000366210938,82.05000305175781,83.55999755859375,20869400
2022-04-05,71.60304260253906,82.7300033569336,85.06999969482422,82.55999755859375,83.5,21753100
2022-04-06,72.3993148803711,83.6500015258789,84.69999694824219,82.94000244140625,83.41999816894531,24768200
2022-04-07,73.61100006103516,85.05000305175781,85.44000244140625,82.70999908447266,83.83000183105469,26122000
2022-04-08,75.16024017333984,86.83999633789062,87.20999908447266,85.16999816894531,85.16999816894531,24866500
2022-04-11,72.5723876953125,83.8499984741211,85.93000030517578,83.5,85.77999877929688,21800100
2022-04-12,74.0870132446289,85.5999984741211,86.81999969482422,85.37999725341797,85.70999908447266,22444200
2022-04-13,75.13428497314453,86.80999755859375,87.11000061035156,85.19000244140625,86.61000061035156,19306800
2022-04-14,76.01708984375,87.83000183105469,88.45999908447266,86.2300033569336,86.66999816894531,24566400
2022-04-18,76.64026641845703,88.55000305175781,88.88999938964844,87.75,88.5,19032300
2022-04-19,75.95651245117188,87.76000213623047,88.66000366210938,87.2699966430664,88.01000213623047,20382600
2022-04-20,76.1296157836914,87.95999908447266,88.5,87.30000305175781,87.97000122070312,20689400
2022-04-21,75.3246841430664,87.02999877929688,89.80000305175781,86.79000091552734,88.94999694824219,29010900
2022-04-22,73.68023681640625,85.12999725341797,88.12000274658203,85.0,86.66000366210938,23591600
2022-04-25,71.19625091552734,82.26000213623047,82.66000366210938,79.29000091552734,82.37000274658203,37698300
2022-04-26,71.22222137451172,82.29000091552734,84.72000122070312,82.18000030517578,82.7300033569336,28941500
2022-04-27,73.25614929199219,84.63999938964844,85.4800033569336,82.27999877929688,83.38999938964844,32773000
2022-04-28,75.47183227539062,87.19999694824219,88.13999938964844,84.06999969482422,84.87999725341797,33683800
2022-04-29,73.78411102294922,85.25,88.13999938964844,84.69999694824219,88.13999938964844,34656500
2022-05-02,74.7880859375,86.41000366210938,87.04000091552734,84.62999725341797,85.01000213623047,36335200
2022-05-03,76.32867431640625,88.19000244140625,88.77999877929688,86.12000274658203,86.26000213623047,33908100
2022-05-04,79.3666000366211,91.69999694824219,91.87999725341797,88.91000366210938,89.5,46188400
2022-05-05,78.16354370117188,90.30999755859375,92.05000305175781,88.38999938964844,92.04000091552734,41013400
2022-05-06,79.35794067382812,91.69000244140625,91.81999969482422,89.3499984741211,90.9800033569336,29619300
2022-05-09,73.10034942626953,84.45999908447266,89.55999755859375,84.0199966430664,89.44000244140625,45851600
2022-05-10,73.58502197265625,85.0199966430664,86.88999938964844,83.5199966430664,85.63999938964844,34483200
2022-05-11,75.11698150634766,86.79000091552734,88.94000244140625,86.27999877929688,86.43000030517578,33020600
2022-05-12,75.4579849243164,86.30000305175781,86.37999725341797,83.4000015258789,85.94999694824219,29491500
2022-05-13,77.69634246826172,88.86000061035156,88.94999694824219,86.3499984741211,87.36000061035156,25798400
2022-05-16,79.5237808227539,90.94999694824219,91.9800033569336,88.97000122070312,88.9800033569336,26101200
2022-05-17,80.53804779052734,92.11000061035156,92.44999694824219,91.12000274658203,91.7300033569336,23120700
2022-05-18,79.261474609375,90.6500015258789,92.91999816894531,89.83000183105469,92.51000213623047,25451200
2022-05-19,79.6899185180664,91.13999938964844,92.30000305175781,89.0,89.0,24387400
2022-05-20,80.3194580078125,91.86000061035156,93.58999633789062,90.4000015258789,91.93000030517578,28795000
2022-05-23,82.09442138671875,93.88999938964844,94.7699966430664,92.55000305175781,92.66000366210938,27239300
2022-05-24,82.54035186767578,94.4000015258789,94.79000091552734,92.31999969482422,92.81999969482422,24293300
2022-05-25,84.20166015625,96.30000305175781,96.52999877929688,94.47000122070312,94.58000183105469,29947800
2022-05-26,84.49893188476562,96.63999938964844,97.43000030517578,96.19999694824219,96.5999984741211,24314800
2022-05-27,85.3295669555664,97.58999633789062,97.93000030517578,95.30000305175781,95.94999694824219,25588800
2022-05-31,83.93934631347656,96.0,99.77999877929688,95.70999908447266,98.55999755859375,44888100
2022-06-01,85.54817962646484,97.83999633789062,98.70999908447266,96.62000274658203,97.0199966430664,25815400
2022-06-02,85.39954376220703,97.66999816894531,98.0999984741211,96.79000091552734,97.29000091552734,19089100
2022-06-03,86.6411361694336,99.08999633789062,99.66000366210938,97.9000015258789,97.9000015258789,21038200
2022-06-06,86.42255401611328,98.83999633789062,99.77999877929688,98.66999816894531,99.18000030517578,20682100
2022-06-07,90.38343048095703,103.37000274658203,103.43000030517578,99.48999786376953,99.69999694824219,37810200
2022-06-08,91.45018005371094,104.58999633789062,105.56999969482422,102.9800033569336,103.48999786376953,31613200
2022-06-09,89.47409057617188,102.33000183105469,104.56999969482422,102.16000366210938,103.41999816894531,26607000
2022-06-10,87.83901977539062,100.45999908447266,103.3499984741211,99.79000091552734,101.94000244140625,30950500
2022-06-13,83.80819702148438,95.8499984741211,97.7699966430664,93.91999816894531,97.5199966430664,33421000
2022-06-14,84.02677917480469,96.0999984741211,98.66999816894531,95.2699966430664,97.41000366210938,31264000
2022-06-15,82.96879577636719,94.88999938964844,96.56999969482422,93.2699966430664,95.98999786376953,29620800
2022-06-16,79.90849304199219,91.38999938964844,93.12999725341797,90.27999877929688,92.41000366210938,35696700
2022-06-17,75.30059814453125,86.12000274658203,91.3499984741211,85.66000366210938,90.95999908447266,64610200
2022-06-21,79.98721313476562,91.4800033569336,92.52999877929688,88.5199966430664,88.58000183105469,35951500
2022-06-22,76.82198333740234,87.86000061035156,89.76000213623047,87.52999877929688,87.54000091552734,29727200
2022-06-23,74.5049057006836,85.20999908447266,89.05000305175781,83.5199966430664,88.66000366210938,35757200
2022-06-24,75.98259735107422,86.9000015258789,88.4000015258789,85.80999755859375,86.94999694824219,26639000
2022-06-27,77.84500122070312,89.02999877929688,90.04000091552734,87.66999816894531,87.80999755859375,25478700
2022-06-28,80.00469207763672,91.5,93.23999786376953,90.3499984741211,91.12000274658203,33096900
2022-06-29,77.04932403564453,88.12000274658203,93.19999694824219,87.76000213623047,92.9800033569336,25400900
2022-06-30,74.88088989257812,85.63999938964844,87.5999984741211,84.66999816894531,86.13999938964844,39948100
2022-07-01,76.55093383789062,87.55000305175781,87.87999725341797,84.70999908447266,86.73999786376953,26327900
2022-07-05,74.15515899658203,84.80999755859375,86.69999694824219,83.01000213623047,86.33999633789062,34591100
2022-07-06,72.81737518310547,83.27999877929688,85.2300033569336,81.01000213623047,83.76000213623047,33375700
2022-07-07,75.1432113647461,85.94000244140625,86.76000213623047,85.30000305175781,85.37999725341797,23817400
2022-07-08,75.26560974121094,86.08000183105469,87.30000305175781,84.93000030517578,86.94999694824219,17673800
2022-07-11,74.88088989257812,85.63999938964844,86.12000274658203,84.36000061035156,85.16999816894531,15603800
2022-07-12,73.88411712646484,84.5,85.05000305175781,82.86000061035156,83.77999877929688,21013000
2022-07-13,74.181396484375,84.83999633789062,86.30999755859375,83.30000305175781,83.37999725341797,19928600
2022-07-14,72.69497680664062,83.13999938964844,83.30999755859375,80.69000244140625,81.8499984741211,26343000
2022-07-15,73.91908264160156,84.54000091552734,84.87999725341797,82.9000015258789,84.80000305175781,17243700
2022-07-18,75.28309631347656,86.0999984741211,87.94000244140625,85.75,86.58000183105469,19395800
2022-07-19,77.18047332763672,88.2699966430664,88.5199966430664,86.25,86.41999816894531,18248900
2022-07-20,78.02860260009766,89.23999786376953,89.6500015258789,87.25,87.58000183105469,16584400
2022-07-21,76.7258071899414,87.75,87.80000305175781,85.20999908447266,86.93000030517578,21375700
2022-07-22,76.13997650146484,87.08000183105469,88.47000122070312,86.62999725341797,87.55000305175781,15479500
2022-07-25,78.6756591796875,89.9800033569336,90.12999725341797,87.41999816894531,88.16000366210938,17536400
2022-07-26,78.36962127685547,89.62999725341797,91.27999877929688,89.0,91.12999725341797,15141200
2022-07-27,80.0658950805664,91.56999969482422,92.0,89.4000015258789,90.27999877929688,18047000
2022-07-28,81.00147247314453,92.63999938964844,93.25,91.01000213623047,92.18000030517578,20353100
2022-07-29,84.75251770019531,96.93000030517578,97.5199966430664,94.0999984741211,94.44999694824219,29825800
2022-08-01,82.61028289794922,94.4800033569336,95.3499984741211,93.2300033569336,94.79000091552734,20793200
2022-08-02,82.25182342529297,94.06999969482422,95.19999694824219,93.81999969482422,94.69000244140625,16722500
2022-08-03,79.58499145507812,91.0199966430664,94.41999816894531,90.79000091552734,94.41999816894531,23580800
2022-08-04,76.23617553710938,87.19000244140625,90.33999633789062,86.43000030517578,90.30999755859375,31821500
2022-08-05,77.33786010742188,88.44999694824219,89.69000244140625,86.27999877929688,86.36000061035156,17408000
2022-08-08,77.77505493164062,88.94999694824219,89.5999984741211,88.22000122070312,88.61000061035156,14458500
2022-08-09,79.208984375,90.58999633789062,91.61000061035156,89.94999694824219,90.05000305175781,19083400
2022-08-10,79.96095275878906,91.44999694824219,91.79000091552734,89.19000244140625,90.68000030517578,18302000
2022-08-11,82.27408599853516,93.19000244140625,94.30000305175781,91.44000244140625,91.83999633789062,18797900
2022-08-12,82.98919677734375,94.0,94.0199966430664,92.11000061035156,92.4800033569336,15058200
2022-08-15,81.5059814453125,92.31999969482422,92.7300033569336,89.66000366210938,90.52999877929688,20755200
2022-08-16,80.74671173095703,91.45999908447266,92.88999938964844,91.29000091552734,92.02999877929688,14038200
2022-08-17,81.40003967285156,92.19999694824219,93.20999908447266,90.91999816894531,91.2699966430664,13678000
2022-08-18,83.32466888427734,94.37999725341797,95.30999755859375,93.08999633789062,93.1500015258789,17770400
2022-08-19,83.05982971191406,94.08000183105469,95.19999694824219,93.80000305175781,94.16000366210938,16128600
2022-08-22,82.9980239868164,94.01000213623047,94.48999786376953,91.86000061035156,93.41999816894531,16019900
2022-08-23,86.52064514160156,98.0,98.41000366210938,95.44999694824219,95.55000305175781,23764700
2022-08-24,87.03269958496094,98.58000183105469,98.97000122070312,97.36000061035156,98.01000213623047,17050300
2022-08-25,87.48296356201172,99.08999633789062,99.86000061035156,98.0999984741211,98.91999816894531,15305700
2022-08-26,86.40587615966797,97.87000274658203,99.91000366210938,97.41999816894531,98.7699966430664,15531400
2022-08-29,88.39231872558594,100.12000274658203,101.55999755859375,98.13999938964844,98.18000030517578,23059200
2022-08-30,85.02860260009766,96.30999755859375,98.62000274658203,95.81999969482422,98.36000061035156,17086800
2022-08-31,84.3929443359375,95.58999633789062,96.83999633789062,93.58999633789062,94.02999877929688,18340900
2022-09-01,82.87442016601562,93.87000274658203,95.06999969482422,92.29000091552734,94.41999816894531,16423000
2022-09-02,84.3929443359375,95.58999633789062,96.79000091552734,95.11000061035156,96.3499984741211,18206800
2022-09-06,83.82792663574219,94.94999694824219,96.58999633789062,94.51000213623047,96.16000366210938,19201500
2022-09-07,83.11279296875,94.13999938964844,94.58999633789062,92.30000305175781,93.19000244140625,16274700
2022-09-08,83.79259490966797,94.91000366210938,95.41999816894531,93.72000122070312,94.66000366210938,18759200
2022-09-09,85.19635009765625,96.5,97.0,95.31999969482422,96.5199966430664,17158000
2022-09-12,86.17632293701172,97.61000061035156,99.19000244140625,96.87999725341797,97.6500015258789,16118900
2022-09-13,84.16339874267578,95.33000183105469,97.77999877929688,94.91000366210938,96.61000061035156,18229100
2022-09-14,86.22930145263672,97.66999816894531,98.55999755859375,96.1500015258789,96.19000244140625,22655700
2022-09-15,83.72196197509766,94.83000183105469,96.54000091552734,94.05000305175781,96.22000122070312,21092300
2022-09-16,82.2917251586914,93.20999908447266,95.33999633789062,92.0,95.06999969482422,37874700
2022-09-19,82.28288269042969,93.19999694824219,93.48999786376953,91.0,91.01000213623047,15342100
2022-09-20,81.6119155883789,92.44000244140625,92.93000030517578,91.63999938964844,92.7300033569336,14712500
2022-09-21,80.29646301269531,90.94999694824219,93.87999725341797,90.87000274658203,93.56999969482422,17332400
2022-09-22,79.96095275878906,90.56999969482422,92.66000366210938,90.5199966430664,92.19999694824219,16139400
2022-09-23,75.70556640625,85.75,87.5,84.8499984741211,87.5,27738800
2022-09-26,74.14290618896484,83.9800033569336,86.22000122070312,83.88999938964844,84.9000015258789,22043400
2022-09-27,75.69673919677734,85.73999786376953,86.95999908447266,84.80999755859375,85.61000061035156,17307300
2022-09-28,78.45125579833984,88.86000061035156,89.30000305175781,85.91999816894531,86.12000274658203,19543300
2022-09-29,78.29235076904297,88.68000030517578,89.36000061035156,87.12999725341797,88.18000030517578,17896000
2022-09-30,77.08283233642578,87.30999755859375,89.04000091552734,87.30999755859375,88.16999816894531,21357600
2022-10-03,81.15283203125,91.91999816894531,92.36000061035156,89.72000122070312,90.04000091552734,23881300
2022-10-04,84.11041259765625,95.2699966430664,95.36000061035156,92.70999908447266,93.23999786376953,22133700
2022-10-05,87.50946044921875,99.12000274658203,99.98999786376953,95.66000366210938,95.75,34857700
2022-10-06,90.10507202148438,102.05999755859375,102.18000030517578,98.33000183105469,98.47000122070312,29124700
2022-10-07,89.19572448730469,101.02999877929688,103.31999969482422,100.18000030517578,102.19000244140625,24507600
2022-10-10,87.26224517822266,98.83999633789062,102.02999877929688,98.72000122070312,101.48999786376953,16786100
2022-10-11,86.52064514160156,98.0,99.76000213623047,96.75,97.22000122070312,17804100
2022-10-12,86.90028381347656,98.43000030517578,98.91000366210938,97.2300033569336,97.5,12635800
2022-10-13,89.93732452392578,101.87000274658203,102.44999694824219,97.4000015258789,97.55000305175781,22019100
2022-10-14,87.57124328613281,99.19000244140625,102.23999786376953,99.04000091552734,101.12000274658203,15222000
2022-10-17,88.83375549316406,100.62000274658203,101.97000122070312,100.5,101.06999969482422,14283200
2022-10-18,88.99266052246094,100.80000305175781,102.3499984741211,99.2300033569336,101.54000091552734,14065400
2022-10-19,91.6324234008789,103.79000091552734,103.98999786376953,101.2300033569336,101.25,20921700
2022-10-20,91.75604248046875,103.93000030517578,105.0,103.41000366210938,104.31999969482422,17649000
2022-10-21,93.45996856689453,105.86000061035156,106.4000015258789,103.91000366210938,104.44999694824219,22814100
2022-10-24,94.11327362060547,106.5999984741211,107.68000030517578,105.12000274658203,105.66000366210938,17024200
2022-10-25,93.47760009765625,105.87999725341797,107.33000183105469,105.06999969482422,106.41000366210938,15719800
2022-10-26,94.59001922607422,107.13999938964844,107.83000183105469,106.0,106.26000213623047,17383800
2022-10-27,94.95199584960938,107.55000305175781,109.58000183105469,107.41999816894531,108.41000366210938,18214000
2022-10-28,97.7330093383789,110.69999694824219,111.20999908447266,108.12000274658203,109.45999908447266,28169400
2022-10-31,97.83012390136719,110.80999755859375,112.91000366210938,109.44000244140625,109.5,26401800
2022-11-01,98.80127716064453,111.91000366210938,112.56999969482422,110.6500015258789,112.37000274658203,22213100
2022-11-02,96.77069854736328,109.61000061035156,112.0999984741211,109.30999755859375,111.58000183105469,20654200
2022-11-03,98.08617401123047,111.0999984741211,111.81999969482422,108.30999755859375,108.58000183105469,17103700
2022-11-04,99.15442657470703,112.30999755859375,113.5,110.80000305175781,113.0,17541500
2022-11-07,100.3286361694336,113.63999938964844,113.98999786376953,112.12999725341797,112.41000366210938,16008000
2022-11-08,100.64646911621094,114.0,114.66000366210938,112.5999984741211,113.4800033569336,14661000
2022-11-09,96.14386749267578,108.9000015258789,113.27999877929688,108.56999969482422,113.0999984741211,19522800
2022-11-10,97.55644989013672,110.5,110.69999694824219,107.56999969482422,110.19000244140625,20146700
2022-11-11,100.60231018066406,113.94999694824219,114.5,112.48999786376953,112.58000183105469,20518900
2022-11-14,100.89601135253906,113.37000274658203,114.63999938964844,112.48999786376953,112.62999725341797,20858300
2022-11-15,101.5723876953125,114.12999725341797,114.52999877929688,112.87000274658203,113.80000305175781,19373800
2022-11-16,100.48661804199219,112.91000366210938,114.26000213623047,111.86000061035156,113.44000244140625,13591000
2022-11-17,100.6201171875,113.05999755859375,113.19999694824219,110.75,111.29000091552734,12425900
2022-11-18,99.74795532226562,112.08000183105469,112.4800033569336,109.61000061035156,110.9000015258789,15415000
2022-11-21,98.76009368896484,110.97000122070312,111.19999694824219,107.4800033569336,109.98999786376953,20973000
2022-11-22,101.61690521240234,114.18000030517578,114.47000122070312,111.43000030517578,112.20999908447266,17719100
2022-11-23,101.10961151123047,113.61000061035156,113.94999694824219,112.0999984741211,112.31999969482422,11546700
2022-11-25,100.75361633300781,113.20999908447266,114.61000061035156,113.05999755859375,113.87999725341797,7136000
2022-11-28,97.72773742675781,109.80999755859375,111.45999908447266,109.62000274658203,110.66000366210938,23015500
2022-11-29,98.37740325927734,110.54000091552734,111.80000305175781,109.79000091552734,110.61000061035156,14453200
2022-11-30,99.08936309814453,111.33999633789062,111.9000015258789,109.77999877929688,111.54000091552734,23158100
2022-12-01,98.60879516601562,110.80000305175781,112.06999969482422,110.18000030517578,111.63999938964844,14398300
2022-12-02,97.77222442626953,109.86000061035156,111.70999908447266,109.19999694824219,109.51000213623047,15248400
2022-12-05,95.09339904785156,106.8499984741211,111.36000061035156,105.94000244140625,110.69999694824219,19287700
2022-12-06,92.45018768310547,103.87999725341797,107.04000091552734,103.1500015258789,105.9000015258789,21197000
2022-12-07,92.24549102783203,103.6500015258789,104.8499984741211,102.37000274658203,103.77999877929688,20061700
2022-12-08,92.9307632446289,104.41999816894531,106.80000305175781,103.70999908447266,106.27999877929688,21128800
2022-12-09,92.14759063720703,103.54000091552734,105.94999694824219,103.30000305175781,104.58999633789062,21298200
2022-12-12,94.4170150756836,106.08999633789062,106.23999786376953,103.58999633789062,103.83000183105469,20413200
2022-12-13,95.44938659667969,107.25,108.54000091552734,107.0199966430664,107.80000305175781,24305300
2022-12-14,94.7463150024414,106.45999908447266,108.30000305175781,105.75,107.98999786376953,17597300
2022-12-15,93.83854675292969,105.44000244140625,106.16999816894531,103.69999694824219,105.33000183105469,15365100
2022-12-16,93.17996978759766,104.69999694824219,105.58000183105469,103.12999725341797,103.69000244140625,54596600
2022-12-19,93.59825134277344,105.16999816894531,106.19999694824219,104.37999725341797,105.26000213623047,13611100
2022-12-20,94.95101928710938,106.69000244140625,107.51000213623047,105.06999969482422,105.16999816894531,14680000
2022-12-21,96.1702651977539,108.05999755859375,108.58999633789062,107.16000366210938,108.29000091552734,13565400
2022-12-22,94.23011016845703,105.87999725341797,108.19000244140625,104.0999984741211,107.88999938964844,13213000
2022-12-23,96.72203826904297,108.68000030517578,108.73999786376953,106.9000015258789,106.94999694824219,11539400
2022-12-27,98.06591033935547,110.19000244140625,110.47000122070312,108.83000183105469,109.2699966430664,11962100
2022-12-28,96.45506286621094,108.37999725341797,110.0,107.9000015258789,109.91000366210938,10702100
2022-12-29,97.18482208251953,109.19999694824219,109.72000122070312,107.98999786376953,107.98999786376953,10534000
2022-12-30,98.16380310058594,110.30000305175781,110.5,108.61000061035156,108.61000061035156,11799600
2023-01-03,94.79082489013672,106.51000213623047,110.0199966430664,105.48999786376953,109.77999877929688,15146200
2023-01-04,95.06671142578125,106.81999969482422,107.16000366210938,104.76000213623047,104.80000305175781,18058400
2023-01-05,97.19373321533203,109.20999908447266,109.94999694824219,106.30999755859375,106.33999633789062,15946600
2023-01-06,98.3685073852539,110.52999877929688,111.98999786376953,109.66999816894531,110.08000183105469,16348100
2023-01-09,96.53516387939453,108.47000122070312,111.63999938964844,107.80999755859375,111.63999938964844,17964600
2023-01-10,97.97691345214844,110.08999633789062,110.33000183105469,108.01000213623047,109.79000091552734,15104600
2023-01-11,99.1160659790039,111.37000274658203,111.44999694824219,109.08999633789062,110.98999786376953,16710400
2023-01-12,100.76251220703125,113.22000122070312,113.73999786376953,111.73999786376953,111.81999969482422,15357300
2023-01-13,100.70022583007812,113.1500015258789,113.48999786376953,112.16000366210938,113.11000061035156,12011400
2023-01-17,100.50442504882812,112.93000030517578,114.08000183105469,112.66999816894531,113.41000366210938,16542200
2023-01-18,98.43968963623047,110.61000061035156,114.12000274658203,110.4000015258789,113.26000213623047,16399700
2023-01-19,99.07156372070312,111.31999969482422,112.12999725341797,109.58000183105469,110.06999969482422,12928000
2023-01-20,100.87820434570312,113.3499984741211,113.44000244140625,110.61000061035156,111.36000061035156,16515600
2023-01-23,100.35313415527344,112.76000213623047,114.58999633789062,112.63999938964844,113.63999938964844,16584400
2023-01-24,101.28759765625,113.80999755859375,114.0199966430664,104.87000274658203,109.16000366210938,13583000
2023-01-25,100.75361633300781,113.20999908447266,113.6500015258789,111.38999938964844,113.2300033569336,11914700
2023-01-26,104.80299377441406,117.76000213623047,117.77999877929688,114.33999633789062,114.72000122070312,21019700
2023-01-27,102.88953399658203,115.61000061035156,117.66999816894531,115.38999938964844,116.94999694824219,15179200
2023-01-30,101.06510925292969,113.55999755859375,115.48999786376953,113.1500015258789,115.08999633789062,18672100
2023-01-31,103.24554443359375,116.01000213623047,116.4000015258789,110.43000030517578,112.0999984741211,27861800
2023-02-01,102.1152572631836,114.73999786376953,117.37999725341797,113.33999633789062,115.83000183105469,19464900
2023-02-02,98.92029571533203,111.1500015258789,115.06999969482422,109.83000183105469,114.8499984741211,24562100
2023-02-03,99.60556030273438,111.91999816894531,114.11000061035156,111.55999755859375,111.9000015258789,20226600
2023-02-06,99.43647003173828,111.7300033569336,113.08999633789062,110.31999969482422,112.36000061035156,13855200
2023-02-07,102.27545928955078,114.91999816894531,115.30999755859375,112.0199966430664,112.38999938964844,16013300
2023-02-08,101.38549041748047,113.91999816894531,115.83000183105469,113.8499984741211,115.05000305175781,18459700
2023-02-09,101.7681884765625,114.3499984741211,116.23999786376953,114.18000030517578,114.62000274658203,17439300
2023-02-10,106.05784606933594,119.16999816894531,119.62999725341797,116.16000366210938,116.51000213623047,24918600
2023-02-13,105.64530181884766,117.80000305175781,118.18000030517578,115.9000015258789,117.72000122070312,14536200
2023-02-14,104.40770721435547,116.41999816894531,117.80999755859375,116.0199966430664,117.01000213623047,12079000
2023-02-15,104.09381866455078,116.06999969482422,116.08999633789062,114.13999938964844,115.72000122070312,13663400
2023-02-16,103.78888702392578,115.7300033569336,116.77999877929688,114.80000305175781,115.30999755859375,11360600
2023-02-17,99.79804992675781,111.27999877929688,114.19000244140625,110.9800033569336,114.19000244140625,20758300
2023-02-21,99.69939422607422,111.16999816894531,112.37999725341797,110.80999755859375,110.80999755859375,14469400
2023-02-22,98.40797424316406,109.7300033569336,110.97000122070312,108.63999938964844,110.4800033569336,13973800
2023-02-23,99.31375885009766,110.73999786376953,111.83000183105469,109.9000015258789,110.7300033569336,11289400
2023-02-24,99.32273864746094,110.75,110.95999908447266,109.0199966430664,109.33000183105469,14351000
2023-02-27,99.14337921142578,110.55000305175781,111.26000213623047,109.95999908447266,110.80000305175781,11710500
2023-02-28,98.56941223144531,109.91000366210938,111.36000061035156,109.22000122070312,111.23999786376953,18107000
2023-03-01,99.44827270507812,110.88999938964844,111.86000061035156,109.23999786376953,109.30999755859375,13200000
2023-03-02,99.90567016601562,111.4000015258789,111.69999694824219,110.16999816894531,110.62000274658203,10339900
2023-03-03,101.17017364501953,112.80999755859375,113.37000274658203,109.94999694824219,110.05000305175781,13006700
2023-03-06,102.0669937133789,113.80999755859375,113.83999633789062,111.87000274658203,111.98999786376953,14347400
2023-03-07,100.09400177001953,111.61000061035156,113.16999816894531,111.16999816894531,112.80999755859375,11525300
2023-03-08,98.6321792602539,109.9800033569336,112.41999816894531,109.06999969482422,111.2300033569336,13509800
2023-03-09,97.86988067626953,109.12999725341797,112.2300033569336,109.02999877929688,110.87000274658203,12961200
2023-03-10,96.65917205810547,107.77999877929688,111.04000091552734,107.1500015258789,109.55999755859375,15795700
2023-03-13,95.547119140625,106.54000091552734,107.86000061035156,103.72000122070312,105.33999633789062,20745600
2023-03-14,95.90584564208984,106.94000244140625,109.01000213623047,104.95999908447266,106.3499984741211,18263500
2023-03-15,91.13477325439453,101.62000274658203,104.19999694824219,100.22000122070312,102.81999969482422,25733800
2023-03-16,90.60565948486328,101.02999877929688,101.68000030517578,98.0199966430664,99.11000061035156,27465200
2023-03-17,89.53843688964844,99.83999633789062,101.61000061035156,99.13999938964844,100.5999984741211,43199500
2023-03-20,91.87911987304688,102.44999694824219,102.4800033569336,99.5,99.62999725341797,32042100
2023-03-21,95.99552154541016,107.04000091552734,107.27999877929688,104.12999725341797,104.16999816894531,31592300
2023-03-22,93.79833221435547,104.58999633789062,107.18000030517578,104.55999755859375,106.80000305175781,14952700
2023-03-23,92.74008178710938,103.41000366210938,106.33999633789062,102.44000244140625,105.36000061035156,14385900
2023-03-24,92.84770965576172,103.52999877929688,103.8499984741211,100.91000366210938,101.47000122070312,13401600
2023-03-27,94.88348388671875,105.80000305175781,106.4800033569336,103.91000366210938,104.73999786376953,14805900
2023-03-28,96.0672836303711,107.12000274658203,107.6500015258789,105.19000244140625,105.44000244140625,11047600
2023-03-29,97.71741485595703,108.95999908447266,109.16000366210938,107.48999786376953,108.05999755859375,14219100
2023-03-30,98.19271850585938,109.48999786376953,109.56999969482422,108.5199966430664,109.55000305175781,11578200
2023-03-31,98.3451919555664,109.66000366210938,110.16999816894531,109.05000305175781,109.68000030517578,14418000
2023-04-03,104.14762878417969,116.12999725341797,116.8499984741211,113.12000274658203,113.38999938964844,28087700
2023-04-04,103.15215301513672,115.0199966430664,116.69999694824219,114.16999816894531,116.26000213623047,16365500
2023-04-05,104.91889190673828,116.98999786376953,117.0,114.30999755859375,115.3499984741211,16479500
2023-04-06,103.17906188964844,115.05000305175781,117.18000030517578,114.7699966430664,116.86000061035156,15778000
2023-04-10,102.72168731689453,114.54000091552734,116.18000030517578,114.16999816894531,114.77999877929688,13006600
2023-04-11,103.4480972290039,115.3499984741211,116.19999694824219,114.37999725341797,114.95999908447266,11758500
2023-04-12,103.34049224853516,115.2300033569336,116.58999633789062,114.93000030517578,116.16000366210938,10919000
2023-04-13,103.82476043701172,115.7699966430664,115.88999938964844,114.12999725341797,114.5999984741211,12399700
2023-04-14,104.07587432861328,116.05000305175781,116.66000366210938,115.12000274658203,115.9000015258789,11530800
2023-04-17,102.86516571044922,114.69999694824219,116.51000213623047,114.41999816894531,115.48999786376953,13260400
2023-04-18,104.8740463256836,116.94000244140625,117.20999908447266,114.30000305175781,114.38999938964844,17436100
2023-04-19,104.5422134399414,116.56999969482422,116.9000015258789,115.7699966430664,116.08000183105469,10682600
2023-04-20,103.70817565917969,115.63999938964844,115.68000030517578,113.2300033569336,115.12999725341797,17038700
2023-04-21,104.04000854492188,116.01000213623047,116.87999725341797,115.26000213623047,116.48999786376953,14315300
2023-04-24,106.00403594970703,118.19999694824219,118.88999938964844,115.87999725341797,115.91999816894531,15831300
2023-04-25,104.49736785888672,116.5199966430664,117.73999786376953,115.62999725341797,117.55000305175781,12179800
2023-04-26,103.53778076171875,115.44999694824219,117.08999633789062,114.68000030517578,116.02999877929688,15566100
2023-04-27,104.77539825439453,116.83000183105469,117.01000213623047,114.87999725341797,115.62000274658203,16279200
2023-04-28,106.12959289550781,118.33999633789062,119.91999816894531,116.83000183105469,117.25,24381900
2023-05-01,102.8382568359375,114.66999816894531,117.30000305175781,114.44999694824219,115.98999786376953,17355000
2023-05-02,98.73979949951172,110.0999984741211,113.94000244140625,109.29000091552734,113.94000244140625,24324100
2023-05-03,96.79371643066406,107.93000030517578,109.80999755859375,107.76000213623047,109.08000183105469,16212300
2023-05-04,95.09872436523438,106.04000091552734,108.75,105.91000366210938,107.9000015258789,17177200
2023-05-05,97.46632385253906,108.68000030517578,109.43000030517578,107.52999877929688,108.55000305175781,14968200
2023-05-08,97.85195922851562,109.11000061035156,110.97000122070312,109.04000091552734,110.5,11187800
2023-05-09,97.87885284423828,109.13999938964844,110.2300033569336,108.20999908447266,108.33999633789062,11370800
2023-05-10,96.62330627441406,107.73999786376953,110.01000213623047,106.70999908447266,109.73999786376953,14884800
2023-05-11,94.87451171875,105.79000091552734,106.81999969482422,104.93000030517578,106.48999786376953,17165900
2023-05-12,94.86553955078125,105.77999877929688,107.01000213623047,104.77999877929688,106.30999755859375,12613300
2023-05-15,95.04645538330078,105.06999969482422,105.93000030517578,104.58000183105469,105.51000213623047,13715600
2023-05-16,92.7397232055664,102.5199966430664,104.80999755859375,102.0199966430664,104.62999725341797,14795200
2023-05-17,94.82030487060547,104.81999969482422,105.2300033569336,102.8499984741211,103.38999938964844,14064700
2023-05-18,95.67967224121094,105.7699966430664,105.91000366210938,104.12999725341797,104.55000305175781,12005600
2023-05-19,96.12293243408203,106.26000213623047,107.05000305175781,105.81999969482422,106.56999969482422,13359600
2023-05-22,94.95600128173828,104.97000122070312,107.04000091552734,104.87999725341797,105.83999633789062,12882000
2023-05-23,96.24958801269531,106.4000015258789,108.22000122070312,105.75,105.98999786376953,14394400
2023-05-24,97.32604217529297,107.58999633789062,108.51000213623047,106.7300033569336,107.37999725341797,16340300
2023-05-25,95.58016967773438,105.66000366210938,106.43000030517578,104.70999908447266,105.94000244140625,14316500
2023-05-26,94.95600128173828,104.97000122070312,106.94999694824219,104.83000183105469,106.47000122070312,12370300
2023-05-30,94.11471557617188,104.04000091552734,104.12000274658203,102.61000061035156,103.29000091552734,11938000
2023-05-31,92.43216705322266,102.18000030517578,103.04000091552734,101.73999786376953,102.29000091552734,24926100
2023-06-01,93.49959564208984,103.36000061035156,105.58000183105469,101.26000213623047,101.75,13551900
2023-06-02,95.67062377929688,105.76000213623047,106.12999725341797,104.52999877929688,105.16000366210938,14112000
2023-06-05,95.24547576904297,105.29000091552734,107.19000244140625,105.08999633789062,107.19000244140625,10628000
2023-06-06,96.0234375,106.1500015258789,106.2699966430664,103.9800033569336,104.1500015258789,12209800
2023-06-07,98.17638397216797,108.52999877929688,108.88999938964844,106.7300033569336,106.79000091552734,16027100
2023-06-08,97.86882019042969,108.19000244140625,109.13999938964844,105.9000015258789,108.7699966430664,13517100
2023-06-09,97.14513397216797,107.38999938964844,108.61000061035156,107.16000366210938,108.45999908447266,12251600
2023-06-12,96.2676773071289,106.41999816894531,107.05999755859375,105.55999755859375,105.80999755859375,14112000
2023-06-13,96.28577423095703,106.44000244140625,108.33999633789062,106.27999877929688,107.37999725341797,13533800
2023-06-14,95.12789154052734,105.16000366210938,108.11000061035156,104.38999938964844,107.44999694824219,16627700
2023-06-15,95.78823852539062,105.88999938964844,107.02999877929688,105.44000244140625,105.5,16224100
2023-06-16,95.1007308959961,105.12999725341797,106.7699966430664,104.95999908447266,106.36000061035156,43128900
2023-06-20,92.92063903808594,102.72000122070312,104.7699966430664,102.12000274658203,104.68000030517578,17514100
2023-06-21,93.96095275878906,103.87000274658203,104.62999725341797,102.33000183105469,102.5,13285700
2023-06-22,93.44532012939453,103.30000305175781,103.88999938964844,102.6500015258789,102.83999633789062,12455300
2023-06-23,92.63117218017578,102.4000015258789,102.81999969482422,101.62000274658203,102.58999633789062,17933600
2023-06-26,94.34087371826172,104.29000091552734,104.91000366210938,102.19999694824219,102.19999694824219,14283400
2023-06-27,94.57606506347656,104.55000305175781,104.61000061035156,103.2699966430664,104.05000305175781,13227500
2023-06-28,95.34497833251953,105.4000015258789,105.81999969482422,103.19999694824219,104.30999755859375,13084100
2023-06-29,96.52093505859375,106.69999694824219,106.7300033569336,105.12999725341797,105.66000366210938,11364400
2023-06-30,97.01849365234375,107.25,107.87999725341797,106.80999755859375,107.31999969482422,13544700
2023-07-03,97.20845794677734,107.45999908447266,108.45999908447266,107.06999969482422,107.48999786376953,7397000
2023-07-05,96.71092987060547,106.91000366210938,107.91999816894531,106.0999984741211,107.62999725341797,12491200
2023-07-06,93.1015625,102.91999816894531,105.72000122070312,102.43000030517578,105.08999633789062,17961400
2023-07-07,93.31867980957031,103.16000366210938,104.0,101.55999755859375,101.91999816894531,21929200
2023-07-10,94.70271301269531,104.69000244140625,104.75,102.75,102.97000122070312,14877600
2023-07-11,95.86060333251953,105.97000122070312,106.16000366210938,104.80999755859375,105.26000213623047,12576500
2023-07-12,96.33099365234375,106.48999786376953,107.6500015258789,106.12999725341797,107.0,13238200
2023-07-13,94.56700897216797,104.54000091552734,106.2300033569336,103.31999969482422,105.97000122070312,26826800
2023-07-14,91.31046295166016,100.94000244140625,104.05000305175781,100.52999877929688,104.05000305175781,28181900
2023-07-17,91.70846557617188,101.37999725341797,101.66999816894531,100.22000122070312,100.72000122070312,18051300
2023-07-18,91.2923583984375,100.91999816894531,102.19999694824219,100.33999633789062,100.91999816894531,24617800
2023-07-19,91.92559051513672,101.62000274658203,102.4000015258789,100.80000305175781,101.05000305175781,15556500
2023-07-20,93.54483032226562,103.41000366210938,103.66000366210938,102.36000061035156,102.54000091552734,15740200
2023-07-21,93.97903442382812,103.88999938964844,104.37999725341797,103.26000213623047,104.16000366210938,17121500
2023-07-24,95.45352935791016,105.5199966430664,106.16000366210938,103.95999908447266,104.36000061035156,15090900
2023-07-25,95.59825897216797,105.68000030517578,106.08999633789062,104.54000091552734,105.05999755859375,14116100
2023-07-26,95.06453704833984,105.08999633789062,105.72000122070312,104.63999938964844,105.11000061035156,15159600
2023-07-27,95.3630599975586,105.41999816894531,106.98999786376953,104.73999786376953,106.0,17677900
2023-07-28,94.22328186035156,104.16000366210938,105.16000366210938,102.31999969482422,105.11000061035156,17566400
2023-07-31,97.00945281982422,107.23999786376953,107.86000061035156,105.19000244140625,105.19000244140625,24197000
2023-08-01,96.44857025146484,106.62000274658203,107.31999969482422,105.52999877929688,106.94999694824219,14177400
2023-08-02,95.24547576904297,105.29000091552734,106.37999725341797,104.56999969482422,106.26000213623047,13484100
2023-08-03,96.90088653564453,107.12000274658203,107.87999725341797,105.30000305175781,105.88999938964844,16280400
2023-08-04,97.1722640991211,107.41999816894531,109.23999786376953,107.33000183105469,107.95999908447266,14279600
2023-08-07,96.97325897216797,107.19999694824219,108.41999816894531,106.51000213623047,107.9000015258789,12410800
2023-08-08,97.45269775390625,107.7300033569336,107.75,104.83999633789062,106.04000091552734,14065600
2023-08-09,99.10810852050781,109.55999755859375,110.41999816894531,108.30999755859375,108.70999908447266,19919600
2023-08-10,99.61470794677734,110.12000274658203,111.62999725341797,109.44000244140625,110.19000244140625,15837200
2023-08-11,101.16156005859375,111.83000183105469,112.06999969482422,110.05000305175781,110.37000274658203,14047000
2023-08-14,101.24296569824219,111.91999816894531,111.9800033569336,110.77999877929688,111.68000030517578,12973400
2023-08-15,98.64371490478516,108.16000366210938,110.86000061035156,107.97000122070312,110.75,14909600
2023-08-16,96.98385620117188,106.33999633789062,109.33000183105469,106.27999877929688,108.27999877929688,13695100
2023-08-17,98.86261749267578,108.4000015258789,110.1500015258789,107.41999816894531,107.41999816894531,16709500
2023-08-18,100.35832214355469,110.04000091552734,110.19999694824219,107.62000274658203,107.63999938964844,16224000
2023-08-21,99.14533996582031,108.70999908447266,110.9800033569336,108.13999938964844,110.36000061035156,11092400
2023-08-22,98.58900451660156,108.0999984741211,109.72000122070312,107.94999694824219,109.16999816894531,10518800
2023-08-23,97.72258758544922,107.1500015258789,107.30000305175781,105.72000122070312,107.04000091552734,11435600
2023-08-24,96.99297332763672,106.3499984741211,107.7699966430664,106.06999969482422,106.41999816894531,10818500
2023-08-25,98.72582244873047,108.25,108.93000030517578,106.62000274658203,107.43000030517578,13579300
2023-08-28,99.55574035644531,109.16000366210938,110.04000091552734,108.44000244140625,108.44999694824219,10382100
2023-08-29,100.14855194091797,109.80999755859375,110.0199966430664,108.41999816894531,109.66000366210938,9665000
2023-08-30,101.1244125366211,110.87999725341797,111.13999938964844,109.9800033569336,110.44000244140625,11922100
2023-08-31,101.40713500976562,111.19000244140625,111.41999816894531,110.62000274658203,111.12000274658203,17479800
2023-09-01,103.53214263916016,113.5199966430664,113.81999969482422,112.19999694824219,112.19999694824219,14843500
2023-09-05,103.54125213623047,113.52999877929688,115.83000183105469,113.5,114.0999984741211,18304000
2023-09-06,104.43502807617188,114.51000213623047,114.58999633789062,113.2300033569336,113.4800033569336,13325500
2023-09-07,103.92430114746094,113.94999694824219,115.8499984741211,113.69999694824219,114.6500015258789,13248500
2023-09-08,105.43824768066406,115.61000061035156,116.05000305175781,114.31999969482422,114.52999877929688,14283200
2023-09-11,104.1158218383789,114.16000366210938,116.68000030517578,113.56999969482422,116.18000030517578,14383600
2023-09-12,107.15283966064453,117.48999786376953,117.66999816894531,115.2699966430664,115.33999633789062,20145800
2023-09-13,106.19522857666016,116.44000244140625,117.95999908447266,115.9000015258789,117.41000366210938,13472800
2023-09-14,108.09220886230469,118.5199966430664,118.66000366210938,117.33000183105469,117.55000305175781,15210700
2023-09-15,106.43235778808594,116.69999694824219,118.51000213623047,116.5,117.9000015258789,34568400
2023-09-18,107.28964233398438,117.63999938964844,118.23999786376953,116.69999694824219,117.52999877929688,14045300
2023-09-19,107.00692749023438,117.33000183105469,118.83999633789062,116.61000061035156,118.62000274658203,12562900
2023-09-20,106.15876007080078,116.4000015258789,118.0199966430664,116.31999969482422,116.54000091552734,11879900
2023-09-21,104.66304016113281,114.76000213623047,117.37000274658203,114.5999984741211,116.9800033569336,14400600
2023-09-22,104.82720184326172,114.94000244140625,116.68000030517578,114.80999755859375,115.70999908447266,13197300
2023-09-25,106.00370788574219,116.2300033569336,116.6500015258789,114.83000183105469,115.08999633789062,11316000
2023-09-26,106.16787719726562,116.41000366210938,116.7300033569336,115.37000274658203,115.5,11805400
2023-09-27,109.62440490722656,120.19999694824219,120.5,117.4000015258789,117.88999938964844,23976200
2023-09-28,108.95862579345703,119.47000122070312,120.69999694824219,118.19000244140625,119.9800033569336,16808100
2023-09-29,107.23493194580078,117.58000183105469,119.18000030517578,116.7300033569336,119.0999984741211,18813600
2023-10-02,105.45648956298828,115.62999725341797,117.79000091552734,114.55000305175781,117.52999877929688,14395000
2023-10-03,105.6388931274414,115.83000183105469,116.44000244140625,115.02999877929688,115.44000244140625,13297100
2023-10-04,101.68987274169922,111.5,114.08999633789062,110.5,114.05000305175781,19622200
2023-10-05,99.40069580078125,108.98999786376953,110.9000015258789,108.69999694824219,109.80000305175781,20128800
2023-10-06,97.7408218383789,107.16999816894531,108.2699966430664,105.11000061035156,105.7300033569336,25367500
2023-10-09,101.16089630126953,110.91999816894531,112.06999969482422,109.5199966430664,110.44000244140625,22369900
2023-10-10,100.73223876953125,110.44999694824219,111.44999694824219,110.12000274658203,111.0199966430664,13892000
2023-10-11,97.12066650390625,106.48999786376953,107.16999816894531,104.83000183105469,106.95999908447266,57939000
2023-10-12,97.10242462158203,106.47000122070312,107.83999633789062,106.08999633789062,107.58999633789062,31183000
2023-10-13,100.20328521728516,109.87000274658203,110.19999694824219,107.83999633789062,108.02999877929688,30276500
2023-10-16,100.27623748779297,109.94999694824219,110.68000030517578,109.12999725341797,110.5,18452000
2023-10-17,101.58953857421875,111.38999938964844,111.80000305175781,109.68000030517578,109.7300033569336,19775400
2023-10-18,103.01229095458984,112.94999694824219,113.38999938964844,111.69999694824219,111.81999969482422,23380300
2023-10-19,103.07611846923828,113.0199966430664,113.97000122070312,111.33000183105469,112.72000122070312,20972500
2023-10-20,101.30681610107422,111.08000183105469,113.31999969482422,110.79000091552734,112.91999816894531,22445300
2023-10-23,99.8202133178711,109.44999694824219,110.95999908447266,108.68000030517578,110.62999725341797,18185000
2023-10-24,98.8534927368164,108.38999938964844,109.81999969482422,108.12000274658203,109.69999694824219,16786100
2023-10-25,99.03589630126953,108.58999633789062,109.5,108.12999725341797,108.5199966430664,22047300
2023-10-26,98.13298797607422,107.5999984741211,108.33999633789062,106.5,107.44999694824219,18768300
2023-10-27,96.26336669921875,105.55000305175781,109.86000061035156,104.95999908447266,108.88999938964844,23092000
2023-10-30,96.5643310546875,105.87999725341797,106.41999816894531,105.20999908447266,105.73999786376953,19379900
2023-10-31,96.5369644165039,105.8499984741211,106.16000366210938,104.54000091552734,105.58000183105469,22185200
2023-11-01,96.34545135498047,105.63999938964844,107.16999816894531,105.45999908447266,106.52999877929688,28984900
2023-11-02,99.5101547241211,109.11000061035156,109.19000244140625,105.5,105.87999725341797,25212700
2023-11-03,98.29715728759766,107.77999877929688,108.77999877929688,106.54000091552734,108.4000015258789,30555600
2023-11-06,96.55521392822266,105.87000274658203,108.2699966430664,105.7699966430664,108.16999816894531,19097300
2023-11-07,95.041259765625,104.20999908447266,104.86000061035156,103.29000091552734,104.47000122070312,20272500
2023-11-08,93.8738784790039,102.93000030517578,104.9000015258789,102.88999938964844,103.7300033569336,19184100
2023-11-09,93.90123748779297,102.95999908447266,103.97000122070312,102.86000061035156,103.66999816894531,18380500
2023-11-10,94.62173461914062,103.75,104.41000366210938,102.91000366210938,103.93000030517578,17825500
2023-11-13,95.61582946777344,104.83999633789062,105.13999938964844,103.80999755859375,104.05000305175781,15308400
2023-11-14,95.98397064208984,104.29000091552734,104.81999969482422,103.87000274658203,104.30000305175781,18260500
2023-11-15,95.4041519165039,103.66000366210938,105.1500015258789,103.5,103.95999908447266,20137600
2023-11-16,94.29972076416016,102.45999908447266,103.2699966430664,101.1500015258789,102.9000015258789,22469100
2023-11-17,96.60061645507812,104.95999908447266,105.43000030517578,102.75,103.05999755859375,22984900
2023-11-20,96.17724609375,104.5,105.87999725341797,104.43000030517578,105.37999725341797,17458800
2023-11-21,96.14044189453125,104.45999908447266,104.69999694824219,103.22000122070312,104.20999908447266,14989000
2023-11-22,95.72628021240234,104.01000213623047,104.12000274658203,101.94000244140625,102.58000183105469,18072000
2023-11-24,96.24166870117188,104.56999969482422,105.47000122070312,103.91000366210938,104.0199966430664,9480800
2023-11-27,95.68025207519531,103.95999908447266,104.4000015258789,103.18000030517578,104.0999984741211,18013500
2023-11-28,95.62503814697266,103.9000015258789,104.91000366210938,103.87999725341797,104.23999786376953,20629500
2023-11-29,94.18927001953125,102.33999633789062,104.58000183105469,101.63999938964844,104.2699966430664,26802100
2023-11-30,94.55743408203125,102.73999786376953,104.4800033569336,101.80999755859375,103.11000061035156,29254700
2023-12-01,94.78752136230469,102.98999786376953,104.22000122070312,102.22000122070312,102.5,17845300
2023-12-04,94.27210998535156,102.43000030517578,103.36000061035156,101.58999633789062,102.12999725341797,21523900
2023-12-05,92.44059753417969,100.44000244140625,102.33999633789062,100.29000091552734,102.2699966430664,22250300
2023-12-06,91.2165298461914,99.11000061035156,100.72000122070312,98.33999633789062,100.0,31154800
2023-12-07,90.58148193359375,98.41999816894531,100.83999633789062,98.08999633789062,99.86000061035156,29990700
2023-12-08,91.62149047851562,99.55000305175781,99.79000091552734,98.75,99.0199966430664,22074900
2023-12-11,91.68592834472656,99.62000274658203,99.86000061035156,98.58000183105469,99.80000305175781,22252300
2023-12-12,90.24095153808594,98.05000305175781,98.68000030517578,97.4800033569336,98.68000030517578,26084000
2023-12-13,91.04165649414062,98.91999816894531,99.02999877929688,97.66000366210938,98.04000091552734,19915400
2023-12-14,93.48979949951172,101.58000183105469,102.13999938964844,99.72000122070312,99.8499984741211,26165700
2023-12-15,92.86397552490234,100.9000015258789,101.0,100.30999755859375,100.58999633789062,55527000
2023-12-18,93.55423736572266,101.6500015258789,103.11000061035156,101.5199966430664,102.12999725341797,21610400
2023-12-19,94.78752136230469,102.98999786376953,103.19000244140625,101.79000091552734,102.0,18904700
2023-12-20,93.20450592041016,101.2699966430664,103.94000244140625,101.12999725341797,103.5,20988900
2023-12-21,93.62787628173828,101.7300033569336,102.01000213623047,100.80999755859375,101.47000122070312,19250900
2023-12-22,93.79351806640625,101.91000366210938,102.94000244140625,101.81999969482422,102.30999755859375,12927800
2023-12-26,94.00520324707031,102.13999938964844,103.02999877929688,102.12000274658203,102.73999786376953,16835100
2023-12-27,93.56343841552734,101.66000366210938,102.55000305175781,101.33999633789062,102.04000091552734,14558800
2023-12-28,92.21051788330078,100.19000244140625,101.61000061035156,100.12999725341797,101.38999938964844,16329300
2023-12-29,92.01725006103516,99.9800033569336,100.58999633789062,99.62000274658203,100.37000274658203,17746400
2024-01-02,94.20768737792969,102.36000061035156,103.0999984741211,100.8499984741211,100.91999816894531,23483000
2024-01-03,94.99919128417969,103.22000122070312,103.62000274658203,101.66000366210938,102.2699966430664,23490800
2024-01-04,94.1708755493164,102.31999969482422,104.56999969482422,102.05000305175781,104.08000183105469,19395200
2024-01-05,94.4561767578125,102.62999725341797,103.4000015258789,102.12999725341797,103.16999816894531,15827400
2024-01-08,92.88237762451172,100.91999816894531,101.04000091552734,98.9000015258789,100.7300033569336,23370100
2024-01-09,91.73192596435547,99.66999816894531,101.29000091552734,99.19000244140625,101.29000091552734,19496600
2024-01-10,90.8299789428711,98.69000244140625,99.80000305175781,98.16000366210938,99.80000305175781,18206100
2024-01-11,90.81156921386719,98.66999816894531,99.5,98.55999755859375,99.04000091552734,15833400
2024-01-12,91.9896240234375,99.94999694824219,100.6500015258789,99.16999816894531,100.13999938964844,18041700
2024-01-16,89.90962219238281,97.69000244140625,100.01000213623047,97.52999877929688,99.81999969482422,20235700
2024-01-17,89.25617980957031,96.9800033569336,97.95999908447266,96.58000183105469,96.5999984741211,18384000
2024-01-18,89.09049987792969,96.80000305175781,97.08999633789062,95.81999969482422,97.0,20940300
2024-01-19,89.22854614257812,96.94999694824219,97.0199966430664,96.41000366210938,96.72000122070312,20088400
2024-01-22,89.10892486572266,96.81999969482422,97.0999984741211,95.7699966430664,96.69999694824219,19955900
2024-01-23,90.11211395263672,97.91000366210938,98.5,96.7300033569336,96.80999755859375,15863400
2024-01-24,91.6675033569336,99.5999984741211,99.6500015258789,97.73999786376953,98.31999969482422,17330600
2024-01-25,93.99601745605469,102.12999725341797,102.18000030517578,99.62000274658203,100.30999755859375,22089500
2024-01-26,94.79670715332031,103.0,103.08000183105469,101.19000244140625,101.97000122070312,20817200
2024-01-29,94.9163589477539,103.12999725341797,103.19999694824219,101.86000061035156,102.9800033569336,18317500
2024-01-30,96.49938201904297,104.8499984741211,104.87999725341797,102.0999984741211,102.41000366210938,19610900
2024-01-31,94.6218490600586,102.80999755859375,104.87999725341797,102.7699966430664,104.73999786376953,22415300
2024-02-01,94.23529815673828,102.38999938964844,104.01000213623047,101.62000274658203,103.56999969482422,19240700
2024-02-02,93.84876251220703,101.97000122070312,104.0,101.61000061035156,103.75,21973400
2024-02-05,93.46219635009766,101.55000305175781,102.37999725341797,100.5,101.44999694824219,17190900
2024-02-06,94.10645294189453,102.25,103.04000091552734,101.56999969482422,102.06999969482422,13347900
2024-02-07,94.07884216308594,102.22000122070312,102.7300033569336,101.18000030517578,102.25,13826800
2024-02-08,95.68946075439453,103.97000122070312,104.41999816894531,102.11000061035156,102.33999633789062,19636900
2024-02-09,93.66468048095703,101.7699966430664,104.83999633789062,101.69999694824219,104.0999984741211,20410500
2024-02-12,94.95317077636719,103.16999816894531,103.4000015258789,102.0,102.16000366210938,18173100
2024-02-13,94.13573455810547,101.33999633789062,103.08999633789062,100.5999984741211,102.76000213623047,18917400
2024-02-14,93.67127990722656,100.83999633789062,102.62000274658203,100.41999816894531,101.87000274658203,17651300
2024-02-15,96.35582733154297,103.7300033569336,103.94000244140625,100.5999984741211,100.5999984741211,23196300
2024-02-16,96.35582733154297,103.7300033569336,104.62999725341797,103.5199966430664,104.01000213623047,20151400
2024-02-20,95.44549560546875,102.75,104.12000274658203,102.6500015258789,103.83999633789062,17650000
2024-02-21,97.3962173461914,104.8499984741211,104.9800033569336,102.98999786376953,103.0199966430664,20991300
2024-02-22,97.31261444091797,104.76000213623047,105.41000366210938,103.44999694824219,104.16000366210938,20470700
2024-02-23,96.4580078125,103.83999633789062,104.08999633789062,102.87999725341797,103.87999725341797,15975900
2024-02-26,96.83885955810547,104.25,104.94000244140625,103.05000305175781,103.72000122070312,13360800
2024-02-27,96.63449096679688,104.02999877929688,105.1500015258789,103.8499984741211,104.68000030517578,16360000
2024-02-28,96.90389251708984,104.31999969482422,105.43000030517578,104.0,104.47000122070312,14810500
2024-02-29,97.08966827392578,104.5199966430664,105.06999969482422,104.22000122070312,104.68000030517578,17566100
2024-03-01,98.31582641601562,105.83999633789062,106.38999938964844,105.37999725341797,105.72000122070312,18460100
2024-03-04,96.94105529785156,104.36000061035156,105.8499984741211,104.02999877929688,105.66000366210938,18138000
2024-03-05,98.13005065917969,105.63999938964844,106.2699966430664,104.31999969482422,104.52999877929688,19952700
2024-03-06,99.17971801757812,106.7699966430664,107.56999969482422,106.1500015258789,106.62000274658203,20472800
2024-03-07,99.73706817626953,107.37000274658203,107.9800033569336,106.5999984741211,106.5999984741211,15195400
2024-03-08,100.6752700805664,108.37999725341797,108.4000015258789,106.7699966430664,107.2300033569336,16281500
2024-03-11,101.2697525024414,109.0199966430664,109.12000274658203,107.33999633789062,108.25,17577300
2024-03-12,100.61952209472656,108.31999969482422,109.27999877929688,108.02999877929688,109.05999755859375,14957200
2024-03-13,101.74349975585938,109.52999877929688,110.3499984741211,109.11000061035156,109.13999938964844,17122200
2024-03-14,103.54560089111328,111.47000122070312,111.55000305175781,109.69000244140625,109.83000183105469,22121000
2024-03-15,103.35979461669922,111.2699966430664,112.30000305175781,110.8499984741211,110.8499984741211,38264400
2024-03-18,104.31659698486328,112.30000305175781,112.86000061035156,111.0999984741211,111.79000091552734,16770500
2024-03-19,105.0504150390625,113.08999633789062,113.48999786376953,112.05999755859375,112.22000122070312,14878800
2024-03-20,104.9575424194336,112.98999786376953,113.4000015258789,112.12999725341797,112.72000122070312,16119700
2024-03-21,105.4219970703125,113.48999786376953,113.91000366210938,112.56999969482422,112.91999816894531,14878000
2024-03-22,105.4219970703125,113.48999786376953,113.69000244140625,112.81999969482422,113.4800033569336,14701900
2024-03-25,106.49951934814453,114.6500015258789,115.77999877929688,113.83000183105469,113.83000183105469,14011700
2024-03-26,105.7006607055664,113.79000091552734,114.9800033569336,113.41000366210938,114.66000366210938,13152300
2024-03-27,106.79678344726562,114.97000122070312,115.05999755859375,113.41000366210938,113.4800033569336,12415700
2024-03-28,107.97650146484375,116.23999786376953,116.44999694824219,115.05999755859375,115.52999877929688,18482100
2024-04-01,108.67316436767578,116.98999786376953,117.23999786376953,115.37999725341797,116.41000366210938,13817000
2024-04-02,110.80037689208984,119.27999877929688,119.5999984741211,117.33000183105469,117.91999816894531,19919600
2024-04-03,110.81896209716797,119.30000305175781,119.75,118.7300033569336,119.4800033569336,16504300
2024-04-04,111.2090835571289,119.72000122070312,119.87999725341797,118.63999938964844,119.05000305175781,18467400
2024-04-05,112.7417984008789,121.37000274658203,122.1500015258789,119.63999938964844,119.9800033569336,21720600
2024-04-08,111.9801025390625,120.55000305175781,121.73999786376953,120.20999908447266,121.08000183105469,17513900
2024-04-09,112.5653076171875,121.18000030517578,121.6500015258789,120.33999633789062,121.0,14132300
2024-04-10,113.51280212402344,122.19999694824219,122.47000122070312,120.7300033569336,121.22000122070312,17409200
2024-04-11,113.13194274902344,121.79000091552734,122.69000244140625,120.33999633789062,122.69000244140625,17555900
2024-04-12,111.8128890991211,120.37000274658203,123.75,119.66999816894531,122.94999694824219,21556200
2024-04-15,111.17193603515625,119.68000030517578,121.69000244140625,119.44999694824219,121.08999633789062,15029500
2024-04-16,110.2523193359375,118.69000244140625,120.22000122070312,117.91999816894531,119.55999755859375,18082200
2024-04-17,110.19658660888672,118.62999725341797,119.3499984741211,117.12000274658203,118.55000305175781,14538600
2024-04-18,110.09439849853516,118.5199966430664,119.72000122070312,117.97000122070312,119.0,13821400
2024-04-19,111.35771942138672,119.87999725341797,120.93000030517578,118.94999694824219,119.16000366210938,21572400
2024-04-22,111.9893798828125,120.55999755859375,121.56999969482422,118.43000030517578,119.26000213623047,16340700
2024-04-23,112.42597198486328,121.02999877929688,121.05999755859375,119.44999694824219,120.0,13929800
2024-04-24,112.44454956054688,121.05000305175781,121.26000213623047,119.38999938964844,120.30000305175781,12101200
2024-04-25,112.70465087890625,121.33000183105469,121.76000213623047,119.4000015258789,121.02999877929688,16041000
2024-04-26,109.57423400878906,117.95999908447266,119.0999984741211,116.22000122070312,119.0,27289500
2024-04-29,111.13477325439453,119.63999938964844,120.05000305175781,117.76000213623047,117.76000213623047,17309900
2024-04-30,109.86217498779297,118.2699966430664,120.19999694824219,117.9800033569336,119.11000061035156,21083300
2024-05-01,107.78141784667969,116.02999877929688,118.47000122070312,115.66000366210938,118.27999877929688,27777700
2024-05-02,107.97650146484375,116.23999786376953,117.26000213623047,115.9000015258789,116.26000213623047,25513600
2024-05-03,107.75355529785156,116.0,116.06999969482422,114.12999725341797,116.0,28023300
2024-05-06,108.45023345947266,116.75,118.33999633789062,116.4000015258789,116.66999816894531,31401300
2024-05-07,107.9114761352539,116.16999816894531,117.58000183105469,115.93000030517578,117.27999877929688,30122000
2024-05-08,107.89289093017578,116.1500015258789,116.94999694824219,115.41000366210938,115.70999908447266,18957200
2024-05-09,110.02008819580078,118.44000244140625,118.52999877929688,116.19000244140625,116.19999694824219,17564000
2024-05-10,109.57423400878906,117.95999908447266,118.66000366210938,117.58000183105469,118.54000091552734,13648100
2024-05-13,109.52777099609375,117.91000366210938,119.04000091552734,117.12000274658203,118.41999816894531,15060600
2024-05-14,110.19267272949219,117.66999816894531,117.73999786376953,116.4800033569336,116.79000091552734,15079100
2024-05-15,111.04483032226562,118.58000183105469,118.83999633789062,116.08000183105469,117.61000061035156,18244300
2024-05-16,110.37994384765625,117.87000274658203,119.30000305175781,117.54000091552734,118.54000091552734,15745200
2024-05-17,112.03746032714844,119.63999938964844,119.83000183105469,117.95999908447266,118.30000305175781,15104500
2024-05-20,111.12910461425781,118.66999816894531,119.88999938964844,118.55000305175781,119.7300033569336,11551300
2024-05-21,110.3612289428711,117.8499984741211,119.44999694824219,117.77999877929688,118.4000015258789,14495000
2024-05-22,108.1418228149414,115.4800033569336,117.45999908447266,114.95999908447266,117.45999908447266,17879300
2024-05-23,106.29700469970703,113.51000213623047,117.51000213623047,113.36000061035156,115.5999984741211,15979800
2024-05-24,106.21272277832031,113.41999816894531,115.08000183105469,113.04000091552734,114.83999633789062,12212900
2024-05-28,107.56123352050781,114.86000061035156,115.11000061035156,113.06999969482422,113.5199966430664,13978300
2024-05-29,106.40936279296875,113.62999725341797,114.55000305175781,112.80999755859375,114.52999877929688,13902000
2024-05-30,106.74649810791016,113.98999786376953,114.12999725341797,112.95999908447266,113.2699966430664,14683700
2024-05-31,109.80870819091797,117.26000213623047,117.48999786376953,113.98999786376953,114.12000274658203,29037400
2024-06-03,107.17726135253906,114.44999694824219,116.36000061035156,113.76000213623047,116.30000305175781,19589300
2024-06-04,105.51036834716797,112.66999816894531,113.08999633789062,110.91999816894531,113.0,19412200
2024-06-05,105.93179321289062,113.12000274658203,113.19000244140625,111.4800033569336,112.88999938964844,14863500
2024-06-06,106.72777557373047,113.97000122070312,114.04000091552734,112.11000061035156,112.75,13154100
2024-06-07,105.58529663085938,112.75,114.9000015258789,112.66999816894531,113.79000091552734,13289200
2024-06-10,105.89434051513672,113.08000183105469,114.22000122070312,112.69999694824219,113.05999755859375,15239700
2024-06-11,105.04216003417969,112.16999816894531,112.66999816894531,111.30999755859375,112.48999786376953,12462400
2024-06-12,103.88095092773438,110.93000030517578,113.30000305175781,110.54000091552734,113.30000305175781,13606800
2024-06-13,103.04750061035156,110.04000091552734,110.86000061035156,109.72000122070312,110.83999633789062,14466900
2024-06-14,102.1766128540039,109.11000061035156,110.20999908447266,108.58999633789062,110.0199966430664,13313400
2024-06-17,101.4742660522461,108.36000061035156,109.45999908447266,108.18000030517578,109.16999816894531,21147900
2024-06-18,102.429443359375,109.37999725341797,110.72000122070312,108.80000305175781,109.02999877929688,17762900
2024-06-20,104.63948822021484,111.73999786376953,112.62000274658203,109.58999633789062,109.91000366210938,17433200
2024-06-21,103.72175598144531,110.76000213623047,112.69999694824219,110.76000213623047,111.9000015258789,52212500
2024-06-24,106.80268859863281,114.05000305175781,114.52999877929688,111.63999938964844,111.63999938964844,16266700
2024-06-25,107.10236358642578,114.37000274658203,114.55000305175781,113.45999908447266,114.11000061035156,14188900
2024-06-26,107.13980865478516,114.41000366210938,114.81999969482422,113.13999938964844,114.38999938964844,15771800
2024-06-27,107.59867858886719,114.9000015258789,114.98999786376953,114.11000061035156,114.98999786376953,16812700
2024-06-28,107.8047103881836,115.12000274658203,116.54000091552734,114.68000030517578,115.86000061035156,24565900
2024-07-01,107.65486145019531,114.95999908447266,116.73999786376953,114.52999877929688,115.70999908447266,11972900
2024-07-02,106.92443084716797,114.18000030517578,115.94000244140625,113.48999786376953,115.9000015258789,13326700
2024-07-03,107.46757507324219,114.76000213623047,115.66000366210938,114.2699966430664,114.2699966430664,7732900
2024-07-05,106.16590118408203,113.37000274658203,114.62999725341797,112.69000244140625,114.61000061035156,12631000
2024-07-08,105.05152130126953,112.18000030517578,113.55000305175781,111.41999816894531,112.38999938964844,13350500
2024-07-09,103.89031219482422,110.94000244140625,112.54000091552734,110.62000274658203,111.11000061035156,11727000
2024-07-10,104.80804443359375,111.91999816894531,111.95999908447266,110.41999816894531,110.91999816894531,10004100
2024-07-11,106.05352783203125,113.25,113.31999969482422,110.93000030517578,111.43000030517578,13082700
2024-07-12,106.0722427368164,113.2699966430664,114.1500015258789,112.62999725341797,113.98999786376953,11684900
2024-07-15,107.88897705078125,115.20999908447266,116.16000366210938,113.58000183105469,114.2699966430664,13032500
2024-07-16,108.6662368774414,116.04000091552734,116.3499984741211,113.70999908447266,114.3499984741211,13614100
2024-07-17,110.16455841064453,117.63999938964844,118.18000030517578,116.55000305175781,116.73999786376953,13602800
2024-07-18,111.2508544921875,118.80000305175781,119.91999816894531,117.44000244140625,117.94999694824219,13033600
2024-07-19,108.69432830810547,116.06999969482422,118.87999725341797,115.87000274658203,118.58999633789062,16157700
2024-07-22,107.94515228271484,115.2699966430664,115.94000244140625,114.58000183105469,115.18000030517578,12065900
2024-07-23,106.20335388183594,113.41000366210938,115.16999816894531,113.16999816894531,114.80999755859375,11251700
2024-07-24,107.7016830444336,115.01000213623047,115.19999694824219,113.06999969482422,113.7699966430664,14925200
2024-07-25,109.96791076660156,117.43000030517578,118.02999877929688,114.55999755859375,115.16999816894531,17021700
2024-07-26,109.874267578125,117.33000183105469,118.02999877929688,116.47000122070312,116.7699966430664,11252500
2024-07-29,108.7224349975586,116.0999984741211,117.38999938964844,115.37999725341797,117.31999969482422,8861800
2024-07-30,110.66088104248047,118.16999816894531,118.5999984741211,116.2300033569336,116.36000061035156,12483900
2024-07-31,111.05419921875,118.58999633789062,119.76000213623047,118.55999755859375,119.63999938964844,15137700
2024-08-01,109.5184097290039,116.94999694824219,119.48999786376953,116.36000061035156,118.3499984741211,15051500
2024-08-02,109.4528579711914,116.87999725341797,118.87000274658203,115.41999816894531,115.97000122070312,20403800
2024-08-05,107.4769287109375,114.7699966430664,116.02999877929688,113.25,115.54000091552734,18025900
2024-08-06,106.90570831298828,114.16000366210938,115.62999725341797,113.62999725341797,114.44999694824219,13647800
2024-08-07,108.32911682128906,115.68000030517578,117.12000274658203,115.26000213623047,115.44999694824219,13660700
2024-08-08,110.398681640625,117.88999938964844,118.11000061035156,115.7300033569336,116.08000183105469,13851000
2024-08-09,111.29768371582031,118.8499984741211,119.30999755859375,117.36000061035156,117.88999938964844,12151900
2024-08-12,111.4381332397461,119.0,120.16999816894531,118.0199966430664,119.55000305175781,13228900
2024-08-13,110.37059020996094,117.86000061035156,118.51000213623047,117.5,118.27999877929688,11585100
2024-08-14,111.39131164550781,118.94999694824219,119.9000015258789,117.62999725341797,118.0999984741211,12194500
2024-08-15,112.08043670654297,118.7300033569336,119.62999725341797,118.12000274658203,118.25,11579400
2024-08-16,111.55179595947266,118.16999816894531,118.4800033569336,117.66000366210938,117.98999786376953,10056000
2024-08-19,111.89163208007812,118.52999877929688,120.5,118.16999816894531,118.4000015258789,12417500
2024-08-20,108.16285705566406,114.58000183105469,118.6500015258789,114.51000213623047,118.6500015258789,15632000
2024-08-21,107.4737319946289,113.8499984741211,115.56999969482422,113.76000213623047,115.01000213623047,11752400
2024-08-22,108.30445098876953,114.7300033569336,115.01000213623047,113.63999938964844,113.77999877929688,10609500
2024-08-23,109.8053970336914,116.31999969482422,116.72000122070312,115.02999877929688,115.02999877929688,10381400
2024-08-26,112.15596008300781,118.80999755859375,118.94000244140625,116.91999816894531,117.76000213623047,13671000
2024-08-27,111.08924865722656,117.68000030517578,119.41000366210938,117.4000015258789,118.95999908447266,9991600
2024-08-28,109.99420928955078,116.5199966430664,117.58000183105469,116.26000213623047,117.0,10742900
2024-08-29,111.51403045654297,118.12999725341797,118.79000091552734,116.3499984741211,117.19999694824219,10753900
2024-08-30,111.33468627929688,117.94000244140625,118.0199966430664,116.29000091552734,116.79000091552734,13284700
2024-09-03,109.00301361083984,115.47000122070312,116.08999633789062,114.04000091552734,115.83999633789062,15725100
2024-09-04,107.67198181152344,114.05999755859375,116.1500015258789,113.9800033569336,115.29000091552734,12620600
2024-09-05,106.83182525634766,113.16999816894531,115.27999877929688,113.06999969482422,115.06999969482422,17200800
2024-09-06,106.33151245117188,112.63999938964844,114.18000030517578,111.7300033569336,113.58999633789062,13467700
2024-09-09,108.56877136230469,115.01000213623047,116.1500015258789,112.66000366210938,112.87000274658203,21645300
2024-09-10,104.61344146728516,110.81999969482422,115.4000015258789,110.16999816894531,115.0999984741211,20913400
2024-09-11,103.57504272460938,109.72000122070312,110.94999694824219,107.7699966430664,110.77999877929688,19571900
2024-09-12,105.00048065185547,111.2300033569336,111.33000183105469,109.76000213623047,109.9000015258789,15919500
2024-09-13,104.92496490478516,111.1500015258789,112.47000122070312,110.93000030517578,111.47000122070312,10035400
2024-09-16,106.39759063720703,112.70999908447266,113.08999633789062,111.69000244140625,112.05000305175781,11729000
2024-09-17,107.78526306152344,114.18000030517578,114.37000274658203,112.12000274658203,112.31999969482422,12202600
2024-09-18,108.16285705566406,114.58000183105469,115.62999725341797,113.80999755859375,114.11000061035156,12569900
2024-09-19,109.50332641601562,116.0,117.58000183105469,115.19000244140625,116.16000366210938,12660600
2024-09-20,108.814208984375,115.2699966430664,115.51000213623047,114.25,115.45999908447266,36206200
2024-09-23,110.78717041015625,117.36000061035156,117.79000091552734,115.12000274658203,115.33000183105469,16066300
2024-09-24,110.49453735351562,117.05000305175781,118.16000366210938,116.83000183105469,117.83999633789062,11984900
2024-09-25,108.34221649169922,114.7699966430664,117.05000305175781,114.04000091552734,116.48999786376953,13816000
2024-09-26,106.4825439453125,112.80000305175781,113.4800033569336,111.13999938964844,111.13999938964844,16887900
2024-09-27,109.33341217041016,115.81999969482422,116.08999633789062,113.25,113.76000213623047,15964000
2024-09-30,110.6550064086914,117.22000122070312,117.38999938964844,114.95999908447266,115.45999908447266,13247600
2024-10-01,113.21321868896484,119.93000030517578,120.5999984741211,115.93000030517578,116.04000091552734,23235900
2024-10-02,114.71417236328125,121.5199966430664,122.81999969482422,120.19999694824219,121.93000030517578,17129700
2024-10-03,115.71481323242188,122.58000183105469,123.16999816894531,120.93000030517578,121.9000015258789,16524300
2024-10-04,117.83879852294922,124.83000183105469,125.19000244140625,122.43000030517578,123.19999694824219,19752300
2024-10-07,118.34856414794922,125.37000274658203,126.33999633789062,124.86000061035156,125.25,15714400
2024-10-08,115.2050552368164,122.04000091552734,124.0199966430664,121.26000213623047,123.87999725341797,14818500
2024-10-09,115.25225830078125,122.08999633789062,122.58000183105469,120.80000305175781,120.9000015258789,11144900
2024-10-10,116.24344635009766,123.13999938964844,123.69999694824219,122.29000091552734,123.16000366210938,10243300
2024-10-11,116.6871337890625,123.61000061035156,124.02999877929688,122.94000244140625,123.0999984741211,8294800
2024-10-14,117.13080596923828,124.08000183105469,124.26000213623047,122.62000274658203,123.23999786376953,9808100
2024-10-15,113.60971069335938,120.3499984741211,121.94999694824219,119.77999877929688,120.81999969482422,15771300
2024-10-16,113.90234375,120.66000366210938,121.44000244140625,120.5999984741211,120.88999938964844,8426800
2024-10-17,113.60971069335938,120.3499984741211,121.58000183105469,119.70999908447266,120.76000213623047,11204900
2024-10-18,113.28874969482422,120.01000213623047,120.63999938964844,119.1500015258789,120.44000244140625,12898600
2024-10-21,113.35482788085938,120.08000183105469,121.4800033569336,119.72000122070312,120.9800033569336,10177800
2024-10-22,113.94010162353516,120.69999694824219,121.19000244140625,119.94000244140625,120.26000213623047,9201400
2024-10-23,113.53417205810547,120.2699966430664,120.75,119.4000015258789,119.97000122070312,8320300
2024-10-24,112.89227294921875,119.58999633789062,120.44000244140625,119.12999725341797,120.0,9905600
2024-10-25,112.7978744506836,119.48999786376953,120.43000030517578,119.31999969482422,120.19999694824219,10714600
2024-10-28,112.24090576171875,118.9000015258789,119.01000213623047,116.7699966430664,116.79000091552734,11844500
2024-10-29,110.71163940429688,117.27999877929688,119.16999816894531,117.06999969482422,118.58000183105469,14731000
2024-10-30,110.1546859741211,116.69000244140625,118.2699966430664,116.4800033569336,117.66000366210938,12303700
2024-10-31,110.23963928222656,116.77999877929688,118.66999816894531,116.68000030517578,117.1500015258789,20512000
2024-11-01,108.51212310791016,114.94999694824219,119.94999694824219,114.83999633789062,119.93000030517578,20939300
2024-11-04,111.96715545654297,118.61000061035156,118.69999694824219,115.93000030517578,116.06999969482422,14965400
2024-11-05,112.29755401611328,118.95999908447266,119.20999908447266,118.01000213623047,119.08000183105469,10436700
2024-11-06,114.22329711914062,121.0,121.91000366210938,119.30000305175781,121.1500015258789,20807700
2024-11-07,114.36490631103516,121.1500015258789,121.5,119.61000061035156,121.30000305175781,12184400
2024-11-08,114.32714080810547,121.11000061035156,121.41999816894531,119.66000366210938,120.9800033569336,12836000
2024-11-11,113.72298431396484,120.47000122070312,121.62000274658203,120.06999969482422,121.0,11969700
2024-11-12,113.60971069335938,120.3499984741211,121.30999755859375,119.83999633789062,121.12999725341797,11972800
2024-11-13,114.66697692871094,121.47000122070312,122.05000305175781,118.80000305175781,120.56999969482422,15127900
2024-11-14,114.74311828613281,120.55999755859375,121.87999725341797,120.33000183105469,121.66000366210938,13041800
2024-11-15,113.55343627929688,119.30999755859375,121.23999786376953,119.12999725341797,120.4000015258789,19051700
2024-11-18,114.50518035888672,120.30999755859375,120.62000274658203,119.2699966430664,119.79000091552734,14239700
2024-11-19,112.9062271118164,118.62999725341797,119.75,118.19999694824219,119.75,11584400
2024-11-20,114.51469421386719,120.31999969482422,120.47000122070312,118.63999938964844,119.16999816894531,11360900
2024-11-21,116.0470199584961,121.93000030517578,122.55000305175781,120.2699966430664,121.08000183105469,14675400
2024-11-22,115.91377258300781,121.79000091552734,123.20999908447266,121.63999938964844,121.81999969482422,13323400
2024-11-25,114.18157958984375,119.97000122070312,121.87999725341797,119.61000061035156,121.43000030517578,26580300
2024-11-26,112.27809143066406,117.97000122070312,119.68000030517578,117.8499984741211,119.52999877929688,14827300
2024-11-27,111.98304748535156,117.66000366210938,118.7300033569336,117.43000030517578,118.08999633789062,11079100
2024-11-29,112.26856994628906,117.95999908447266,118.5,116.94999694824219,117.44000244140625,9426500
2024-12-02,112.16387939453125,117.8499984741211,118.19999694824219,116.81999969482422,118.05000305175781,12687300
2024-12-03,111.9925537109375,117.66999816894531,118.72000122070312,117.26000213623047,118.72000122070312,11756600
2024-12-04,108.76612854003906,114.27999877929688,117.55000305175781,113.86000061035156,117.5,19520600
2024-12-05,109.24198913574219,114.77999877929688,115.62000274658203,114.05999755859375,114.70999908447266,15751200
2024-12-06,108.09038543701172,113.56999969482422,114.7699966430664,113.5,114.54000091552734,16171100
2024-12-09,107.45270538330078,112.9000015258789,114.94000244140625,112.75,114.63999938964844,17412600
2024-12-10,107.23379516601562,112.66999816894531,113.87999725341797,111.75,113.58999633789062,20990900
2024-12-11,106.51998901367188,111.91999816894531,112.38999938964844,111.11000061035156,112.0,32392200
2024-12-12,106.4248046875,111.81999969482422,112.37999725341797,110.77999877929688,111.58999633789062,14543300
2024-12-13,105.4920883178711,110.83999633789062,111.9000015258789,110.25,111.9000015258789,13106100
2024-12-16,103.23644256591797,108.47000122070312,110.4000015258789,108.16000366210938,110.19999694824219,20256100
2024-12-17,102.79865264892578,108.01000213623047,108.16999816894531,106.79000091552734,107.23999786376953,17554000
2024-12-18,101.28535461425781,106.41999816894531,108.83000183105469,106.30999755859375,107.56999969482422,17114500
2024-12-19,100.41926574707031,105.51000213623047,107.66999816894531,105.20999908447266,107.38999938964844,20565600
2024-12-20,100.76190185546875,105.87000274658203,106.13999938964844,104.83999633789062,105.44999694824219,40141200
2024-12-23,101.171142578125,106.30000305175781,106.5999984741211,104.91999816894531,105.30999755859375,12285100
2024-12-24,101.26632690429688,106.4000015258789,107.19000244140625,105.69999694824219,106.5199966430664,7807000
2024-12-26,101.35198211669922,106.48999786376953,107.02999877929688,105.94000244140625,106.5199966430664,9652400
2024-12-27,101.34246826171875,106.4800033569336,107.98999786376953,105.7699966430664,106.30000305175781,11943900
2024-12-30,100.65721130371094,105.76000213623047,106.55999755859375,105.51000213623047,106.30000305175781,11080800
2024-12-31,102.3798599243164,107.56999969482422,107.9000015258789,105.77999877929688,106.16999816894531,12387800
2025-01-02,102.13240814208984,107.30999755859375,109.0,106.87999725341797,108.27999877929688,12685400
2025-01-03,102.65587615966797,107.86000061035156,108.48999786376953,107.45999908447266,108.0,14237900
2025-01-06,102.54167175292969,107.73999786376953,109.77999877929688,107.5199966430664,108.23999786376953,15623700
2025-01-07,103.5029296875,108.75,110.05999755859375,108.27999877929688,108.94000244140625,12625900
2025-01-08,101.770751953125,106.93000030517578,107.70999908447266,106.01000213623047,107.30999755859375,17858100
2025-01-10,101.39956665039062,106.54000091552734,110.0999984741211,105.77999877929688,108.69999694824219,19304500
2025-01-13,104.01688385009766,109.29000091552734,109.62999725341797,107.12999725341797,107.12999725341797,17073400
2025-01-14,104.42613983154297,109.72000122070312,109.76000213623047,107.83000183105469,108.79000091552734,11191200
2025-01-15,106.12976837158203,111.51000213623047,111.7300033569336,109.47000122070312,110.05000305175781,14521100
2025-01-16,105.94893646240234,111.31999969482422,111.69000244140625,110.55000305175781,111.19000244140625,10366600
2025-01-17,106.90068817138672,112.31999969482422,112.87000274658203,110.81999969482422,111.02999877929688,19298500
2025-01-21,106.0916976928711,111.47000122070312,112.18000030517578,111.12999725341797,112.05000305175781,20416300
2025-01-22,104.24530029296875,109.52999877929688,111.56999969482422,109.4000015258789,111.19999694824219,15718000
2025-01-23,104.83539581298828,110.1500015258789,111.13999938964844,109.61000061035156,110.30999755859375,13726800
2025-01-24,103.41727447509766,108.66000366210938,110.70999908447266,108.41000366210938,110.23999786376953,14235900
2025-01-27,104.85443115234375,110.16999816894531,110.44999694824219,108.38999938964844,109.01000213623047,15926700
2025-01-28,102.82719421386719,108.04000091552734,110.87000274658203,107.79000091552734,110.41000366210938,15862000
2025-01-29,103.42679595947266,108.66999816894531,108.77999877929688,107.47000122070312,107.70999908447266,12345500
2025-01-30,104.28338623046875,109.56999969482422,109.8499984741211,108.69999694824219,109.23999786376953,14346300
2025-01-31,101.67558288574219,106.83000183105469,110.55000305175781,106.0999984741211,110.55000305175781,20376500
2025-02-03,101.92302703857422,107.08999633789062,107.30000305175781,105.31999969482422,106.63999938964844,14623200
2025-02-04,104.65454864501953,109.95999908447266,110.27999877929688,106.52999877929688,106.70999908447266,14835700
2025-02-05,104.57842254638672,109.87999725341797,110.01000213623047,109.0999984741211,109.73999786376953,13364400
2025-02-06,103.19837951660156,108.43000030517578,111.05000305175781,107.98999786376953,110.7699966430664,13411400
2025-02-07,103.63618469238281,108.88999938964844,109.7300033569336,108.31999969482422,108.77999877929688,10051600
2025-02-10,105.61582946777344,110.97000122070312,111.02999877929688,109.87999725341797,110.01000213623047,12142200
2025-02-11,106.28205871582031,111.66999816894531,112.51000213623047,110.81999969482422,111.5999984741211,12713100
2025-02-12,103.08436584472656,107.3499984741211,110.2300033569336,107.18000030517578,110.05000305175781,18244100
2025-02-13,103.8333740234375,108.12999725341797,108.41000366210938,106.5199966430664,107.1500015258789,15460000
2025-02-14,103.93901062011719,108.23999786376953,110.2300033569336,108.0999984741211,108.5199966430664,15733500
2025-02-18,105.76351165771484,110.13999938964844,110.98999786376953,108.31999969482422,108.62999725341797,20060300
2025-02-19,105.91715240478516,110.30000305175781,112.12999725341797,110.05999755859375,110.76000213623047,10964700
2025-02-20,107.54960632324219,112.0,112.41999816894531,109.94999694824219,110.56999969482422,16325800
2025-02-21,106.29166412353516,110.69000244140625,111.8499984741211,110.55999755859375,111.31999969482422,14710000
2025-02-24,106.8486099243164,111.2699966430664,111.86000061035156,110.31999969482422,110.93000030517578,13153500
2025-02-25,105.36980438232422,109.7300033569336,112.12999725341797,108.88999938964844,111.30000305175781,14497000
2025-02-26,105.11052703857422,109.45999908447266,109.87000274658203,108.5199966430664,109.73999786376953,10446400
2025-02-27,105.77311706542969,110.1500015258789,111.29000091552734,109.27999877929688,110.01000213623047,15293200
2025-02-28,106.90621948242188,111.33000183105469,111.58000183105469,109.33999633789062,110.11000061035156,18821700
2025-03-03,103.47808074951172,107.76000213623047,112.16000366210938,106.51000213623047,111.69999694824219,18706900
2025-03-04,103.2668228149414,107.54000091552734,108.95999908447266,105.94000244140625,106.36000061035156,19394900
2025-03-05,101.2502670288086,105.44000244140625,106.33000183105469,103.66999816894531,105.83999633789062,24822200
2025-03-06,103.3436508178711,107.62000274658203,108.11000061035156,104.36000061035156,105.43000030517578,17150200
2025-03-07,104.68800354003906,109.0199966430664,110.4000015258789,108.30000305175781,108.41000366210938,19625000
2025-03-10,107.35755157470703,111.80000305175781,112.56999969482422,109.08000183105469,109.27999877929688,22749100
2025-03-11,104.82245635986328,109.16000366210938,112.0999984741211,108.79000091552734,111.91999816894531,19904700
2025-03-12,104.79364013671875,109.12999725341797,110.12999725341797,108.41999816894531,109.05000305175781,14051500
2025-03-13,104.35192108154297,108.66999816894531,110.81999969482422,107.62999725341797,108.33000183105469,17767800
2025-03-14,107.45356750488281,111.9000015258789,112.18000030517578,108.30999755859375,108.94000244140625,15890100
2025-03-17,109.23967742919922,113.76000213623047,114.5,111.7300033569336,111.80000305175781,19908800
2025-03-18,109.12443542480469,113.63999938964844,114.54000091552734,112.56999969482422,114.08999633789062,15998700
2025-03-19,110.82410430908203,115.41000366210938,115.81999969482422,113.83000183105469,114.19999694824219,17315000
2025-03-20,111.29463195800781,115.9000015258789,116.47000122070312,114.20999908447266,114.72000122070312,16230800
2025-03-21,110.9105224609375,115.5,115.98999786376953,114.3499984741211,115.5,41102800
2025-03-24,111.19860076904297,115.80000305175781,116.91000366210938,115.58000183105469,115.68000030517578,14207500
2025-03-25,111.95721435546875,116.58999633789062,117.63999938964844,115.95999908447266,116.43000030517578,12081800
2025-03-26,113.5704574584961,118.2699966430664,119.18000030517578,117.68000030517578,117.68000030517578,14110800
2025-03-27,113.20555877685547,117.88999938964844,119.06999969482422,117.26000213623047,118.0999984741211,12740800
2025-03-28,113.05192565917969,117.7300033569336,118.45999908447266,117.23999786376953,118.0999984741211,10233400
2025-03-31,114.20423889160156,118.93000030517578,119.91000366210938,117.79000091552734,117.79000091552734,21652300
2025-04-01,114.30986785888672,119.04000091552734,119.27999877929688,117.93000030517578,119.22000122070312,12425400
2025-04-02,113.95455932617188,118.66999816894531,118.83999633789062,117.66000366210938,118.38999938964844,12614600
2025-04-03,107.96251678466797,112.43000030517578,115.44999694824219,112.2300033569336,114.37000274658203,21204600
2025-04-04,100.19397735595703,104.33999633789062,110.83000183105469,103.83000183105469,109.87000274658203,30841300
2025-04-07,98.84960174560547,102.94000244140625,105.80000305175781,98.45999908447266,100.38999938964844,35068500
2025-04-08,96.76583099365234,100.7699966430664,105.5999984741211,99.01000213623047,105.45999908447266,27147800
2025-04-09,101.59596252441406,105.80000305175781,106.58000183105469,98.12999725341797,99.37000274658203,30063300
2025-04-10,95.95921325683594,99.93000030517578,103.77999877929688,97.80000305175781,103.70999908447266,33999300
2025-04-11,99.04165649414062,103.13999938964844,103.93000030517578,98.79000091552734,100.30000305175781,22884600
2025-04-14,99.28172302246094,103.38999938964844,105.08999633789062,102.72000122070312,105.02999877929688,18020000
2025-04-15,99.00325012207031,103.0999984741211,105.41000366210938,103.0,103.63999938964844,13164900
2025-04-16,100.04994201660156,104.19000244140625,105.58999633789062,103.69999694824219,103.94999694824219,13607000
2025-04-17,102.67145538330078,106.91999816894531,108.55000305175781,104.45999908447266,104.69000244140625,17916500
2025-04-21,101.1638412475586,105.3499984741211,105.62999725341797,104.12000274658203,105.61000061035156,16926500
2025-04-22,103.99662780761719,108.30000305175781,108.94000244140625,106.13999938964844,106.13999938964844,13147000
2025-04-23,103.10357666015625,107.37000274658203,109.30000305175781,106.47000122070312,108.80999755859375,14235700
2025-04-24,104.31351470947266,108.62999725341797,108.87999725341797,106.95999908447266,107.97000122070312,9849600
2025-04-25,104.25589752197266,108.56999969482422,108.76000213623047,107.41999816894531,108.13999938964844,11245800
2025-04-28,104.31351470947266,108.62999725341797,109.25,107.68000030517578,108.75,13890900
2025-04-29,104.05424499511719,108.36000061035156,108.83000183105469,107.5199966430664,107.73999786376953,9483100
2025-04-30,101.4327163696289,105.62999725341797,107.41999816894531,104.1500015258789,107.41999816894531,20379300
2025-05-01,101.5767593383789,105.77999877929688,106.91999816894531,104.9800033569336,105.0999984741211,18610300
2025-05-02,101.98966979980469,106.20999908447266,109.0,104.55000305175781,107.72000122070312,16581900
2025-05-05,99.16649627685547,103.2699966430664,104.66000366210938,103.06999969482422,104.6500015258789,19624000
2025-05-06,100.54927825927734,104.70999908447266,105.9800033569336,103.4800033569336,103.88999938964844,16303400
2025-05-07,100.45325469970703,104.61000061035156,105.29000091552734,104.06999969482422,104.98999786376953,12332200
2025-05-08,101.85523223876953,106.06999969482422,107.38999938964844,105.33999633789062,105.33999633789062,19196500
2025-05-09,103.04595947265625,107.30999755859375,107.75,106.37999725341797,107.13999938964844,10992100
2025-05-12,104.82245635986328,109.16000366210938,110.44000244140625,108.31999969482422,110.2699966430664,14244600
2025-05-13,105.11052703857422,109.45999908447266,110.51000213623047,109.0199966430664,109.31999969482422,13350800
2025-05-14,104.16947174072266,108.4800033569336,108.86000061035156,107.93000030517578,108.86000061035156,15494900
2025-05-15,105.2258071899414,108.58000183105469,108.6500015258789,105.97000122070312,106.48999786376953,15004300
2025-05-16,104.84785461425781,108.19000244140625,108.88999938964844,107.44999694824219,108.6500015258789,14042500
2025-05-19,103.18098449707031,106.47000122070312,107.56999969482422,105.72000122070312,107.56999969482422,16802700
2025-05-20,101.70793151855469,104.94999694824219,106.72000122070312,104.77999877929688,106.38999938964844,12429300
2025-05-21,100.45779418945312,103.66000366210938,104.97000122070312,103.63999938964844,104.52999877929688,16716100
2025-05-22,99.78910064697266,102.97000122070312,103.47000122070312,101.88999938964844,103.05999755859375,13417400
2025-05-23,99.84724426269531,103.02999877929688,103.47000122070312,102.06999969482422,102.5999984741211,12061600
2025-05-27,100.32210540771484,103.5199966430664,103.86000061035156,102.9000015258789,103.48999786376953,13043600
2025-05-28,98.9556655883789,102.11000061035156,104.43000030517578,101.79000091552734,104.29000091552734,14292400
2025-05-29,99.51775360107422,102.69000244140625,102.8499984741211,101.75,102.27999877929688,13825300
2025-05-30,99.13980865478516,102.30000305175781,102.38999938964844,101.19000244140625,102.16000366210938,28645800
2025-06-02,99.86663055419922,103.05000305175781,103.8499984741211,102.22000122070312,103.75,17290500
2025-06-03,100.59346008300781,103.80000305175781,104.66000366210938,102.20999908447266,102.9000015258789,19194300
2025-06-04,99.13980865478516,102.30000305175781,104.91999816894531,102.30000305175781,103.91999816894531,15648500
2025-06-05,98.68431854248047,101.83000183105469,103.05000305175781,101.7300033569336,102.9800033569336,13924800
2025-06-06,101.04894256591797,104.2699966430664,104.5,102.68000030517578,102.76000213623047,15487800
2025-06-09,101.72732543945312,104.97000122070312,105.8499984741211,103.83000183105469,104.33000183105469,17087300
2025-06-10,103.9078140258789,107.22000122070312,107.6500015258789,105.93000030517578,106.08000183105469,17634800
2025-06-11,105.9332504272461,109.30999755859375,109.38999938964844,106.45999908447266,107.76000213623047,22648200
2025-06-12,106.34028625488281,109.7300033569336,110.19000244140625,108.22000122070312,108.91999816894531,17469400
2025-06-13,108.65644073486328,112.12000274658203,112.52999877929688,110.68000030517578,112.3499984741211,28540200
2025-06-16,109.00533294677734,112.4800033569336,113.16000366210938,111.12999725341797,111.81999969482422,22986100
2025-06-17,110.4783706665039,114.0,114.93000030517578,113.11000061035156,113.94999694824219,19451700
2025-06-18,109.69339752197266,113.19000244140625,115.23999786376953,112.94000244140625,114.61000061035156,17968900
2025-06-20,111.15674591064453,114.69999694824219,115.04000091552734,113.18000030517578,113.44999694824219,36273300
2025-06-23,108.28817749023438,111.73999786376953,116.94999694824219,111.16000366210938,116.69999694824219,26631100
2025-06-24,104.99320220947266,108.33999633789062,110.94000244140625,107.91000366210938,109.25,24828300
2025-06-25,105.02229309082031,108.37000274658203,109.23999786376953,107.69999694824219,108.11000061035156,17483200
2025-06-26,106.59224700927734,109.98999786376953,110.44000244140625,108.55000305175781,108.94000244140625,18304800
2025-06-27,106.00109100341797,109.37999725341797,110.0999984741211,108.37000274658203,109.94000244140625,22002100
2025-06-30,104.46990203857422,107.80000305175781,108.83999633789062,107.72000122070312,108.63999938964844,19199000
2025-07-01,105.86540985107422,109.23999786376953,109.63999938964844,107.1500015258789,108.12999725341797,15536900
2025-07-02,107.6195068359375,111.05000305175781,111.36000061035156,108.83000183105469,110.0,11892200
2025-07-03,108.73397064208984,112.19999694824219,112.47000122070312,110.62000274658203,110.86000061035156,11223600
2025-07-07,107.67764282226562,111.11000061035156,112.05000305175781,110.22000122070312,111.54000091552734,15415900
2025-07-08,110.66250610351562,114.19000244140625,114.45999908447266,110.8499984741211,110.88999938964844,17913400
2025-07-09,110.28455352783203,113.80000305175781,114.2699966430664,113.2699966430664,113.91999816894531,10652100
2025-07-10,111.37964630126953,114.93000030517578,115.2699966430664,113.06999969482422,113.70999908447266,14901700
2025-07-11,111.86419677734375,115.43000030517578,115.76000213623047,114.51000213623047,114.8499984741211,11683900
2025-07-14,110.40084075927734,113.91999816894531,115.2300033569336,113.22000122070312,115.2300033569336,13220300
2025-07-15,109.42205047607422,112.91000366210938,114.05999755859375,112.5999984741211,113.66000366210938,10959300
2025-07-16,108.76304626464844,112.2300033569336,113.5,112.0999984741211,112.87999725341797,11158900
2025-07-17,108.21065521240234,111.66000366210938,112.2300033569336,111.08999633789062,111.48999786376953,13151400
2025-07-18,104.44082641601562,107.7699966430664,111.7300033569336,107.33999633789062,111.11000061035156,32366600
2025-07-21,104.71217346191406,108.05000305175781,108.7699966430664,107.44000244140625,107.5999984741211,17010400
2025-07-22,105.1870346069336,108.54000091552734,109.44000244140625,107.61000061035156,107.9800033569336,13970900
2025-07-23,106.53408813476562,109.93000030517578,110.0,108.8499984741211,108.93000030517578,12002700
2025-07-24,107.36753845214844,110.79000091552734,110.94999694824219,109.12999725341797,109.66000366210938,15647200
2025-07-25,106.98957824707031,110.4000015258789,110.9800033569336,109.69999694824219,110.7300033569336,10548900
2025-07-28,107.99744415283203,111.44000244140625,112.11000061035156,110.83999633789062,111.0,12353000
2025-07-29,109.3929672241211,112.87999725341797,113.0,111.41000366210938,111.9000015258789,15928000
2025-07-30,108.44325256347656,111.9000015258789,112.61000061035156,111.26000213623047,112.41000366210938,12996900
2025-07-31,108.19126892089844,111.63999938964844,112.5,110.36000061035156,110.36000061035156,17233700
2025-08-01,106.2530517578125,109.63999938964844,112.54000091552734,108.86000061035156,112.0,19652000
2025-08-04,104.05318450927734,107.37000274658203,109.91999816894531,107.08999633789062,109.22000122070312,19129500
2025-08-05,103.92720031738281,107.23999786376953,107.81999969482422,106.06999969482422,107.22000122070312,21314300
2025-08-06,103.2197494506836,106.51000213623047,109.05000305175781,106.37000274658203,108.30999755859375,15321800
2025-08-07,102.67704772949219,105.94999694824219,108.05999755859375,105.88999938964844,107.13999938964844,13468300
2025-08-08,103.50079345703125,106.80000305175781,107.51000213623047,105.94999694824219,106.5,14417700
2025-08-11,102.56075286865234,105.83000183105469,107.52999877929688,105.52999877929688,107.11000061035156,13570700
2025-08-12,102.85148620605469,106.12999725341797,107.27999877929688,105.77999877929688,106.33999633789062,14109400
2025-08-13,104.27606964111328,107.5999984741211,107.5999984741211,105.73999786376953,106.0,17958700
2025-08-14,104.0628662109375,107.37999725341797,107.58999633789062,106.44000244140625,107.55000305175781,13683500
2025-08-15,104.16068267822266,106.48999786376953,107.55999755859375,105.94999694824219,106.19000244140625,19271900
2025-08-18,104.38565826416016,106.72000122070312,107.2300033569336,105.66999816894531,106.0999984741211,13040000
2025-08-19,105.07034301757812,107.41999816894531,107.45999908447266,106.1500015258789,106.19999694824219,16113600
2025-08-20,106.15606689453125,108.52999877929688,109.33000183105469,107.68000030517578,107.87999725341797,18959700
2025-08-21,106.84075927734375,109.2300033569336,109.56999969482422,107.95999908447266,108.41999816894531,12194900
2025-08-22,108.84590911865234,111.27999877929688,111.41000366210938,109.5999984741211,109.5999984741211,13586700
2025-08-25,109.29583740234375,111.73999786376953,111.91999816894531,110.54000091552734,110.9000015258789,9744900
2025-08-26,109.05130767822266,111.48999786376953,111.80999755859375,110.36000061035156,111.37000274658203,18143900
2025-08-27,110.28375244140625,112.75,112.9800033569336,111.41999816894531,111.41999816894531,15262600
2025-08-28,110.8706283569336,113.3499984741211,113.6500015258789,112.06999969482422,112.87000274658203,14189800
2025-08-29,111.7900619506836,114.29000091552734,114.79000091552734,113.58000183105469,113.72000122070312,14597900
2025-09-02,112.18132019042969,114.69000244140625,115.23999786376953,113.33000183105469,114.18000030517578,15206700
2025-09-03,109.46212768554688,111.91000366210938,114.43000030517578,111.45999908447266,113.97000122070312,14920100
2025-09-04,109.94140625,112.4000015258789,113.12999725341797,111.37999725341797,112.11000061035156,12864400
2025-09-05,106.84075927734375,109.2300033569336,111.77999877929688,109.0199966430664,111.5999984741211,16826700
2025-09-08,107.44718170166016,109.8499984741211,110.05000305175781,108.3499984741211,109.7300033569336,15440500
2025-09-09,108.22969055175781,110.6500015258789,112.51000213623047,110.52999877929688,110.52999877929688,14899500
2025-09-10,110.03922271728516,112.5,112.55999755859375,110.83999633789062,111.16000366210938,15837600
2025-09-11,109.68709564208984,112.13999938964844,112.7699966430664,110.87000274658203,111.4000015258789,11534500
2025-09-12,109.7066650390625,112.16000366210938,113.22000122070312,111.87999725341797,112.86000061035156,11105700
2025-09-15,109.89250183105469,112.3499984741211,112.45999908447266,111.31999969482422,112.18000030517578,12880500
2025-09-16,112.17153930664062,114.68000030517578,115.31999969482422,112.77999877929688,112.95999908447266,17208000
2025-09-17,112.76819610595703,115.29000091552734,115.48999786376953,114.05000305175781,114.52999877929688,13302000
2025-09-18,111.43794250488281,113.93000030517578,115.3499984741211,113.4000015258789,115.16999816894531,14628700
2025-09-19,110.35222625732422,112.81999969482422,113.9800033569336,112.63999938964844,113.9000015258789,38746500
2025-09-22,109.56971740722656,112.0199966430664,112.80000305175781,111.55999755859375,112.44999694824219,15611500
2025-09-23,111.45750427246094,113.94999694824219,114.75,112.4800033569336,112.72000122070312,25369100
2025-09-24,112.05415344238281,114.55999755859375,115.76000213623047,114.47000122070312,114.56999969482422,14756100
2025-09-25,113.06163024902344,115.58999633789062,115.9000015258789,114.41000366210938,114.63999938964844,15012600
2025-09-26,114.6559829711914,117.22000122070312,118.36000061035156,115.91999816894531,115.95999908447266,18568900
2025-09-29,111.72160339355469,114.22000122070312,116.5,113.66999816894531,116.05999755859375,19189300
2025-09-30,110.28375244140625,112.75,113.48999786376953,111.94000244140625,113.3499984741211,18076200
2025-10-01,109.54037475585938,111.98999786376953,113.0199966430664,111.29000091552734,112.55999755859375,16614000
2025-10-02,108.8556900024414,111.29000091552734,113.08999633789062,111.02999877929688,111.97000122070312,13062600
2025-10-03,110.78260803222656,113.26000213623047,113.75,111.9000015258789,111.9000015258789,12950100
2025-10-06,111.70204162597656,114.19999694824219,114.7699966430664,113.18000030517578,113.29000091552734,12036800
2025-10-07,111.76072692871094,114.26000213623047,114.51000213623047,111.73999786376953,114.06999969482422,11945000
2025-10-08,111.52597045898438,114.0199966430664,115.01000213623047,113.41000366210938,114.37999725341797,12301000
2025-10-09,110.44026184082031,112.91000366210938,115.51000213623047,112.73999786376953,114.43000030517578,10976200
2025-10-10,108.30793762207031,110.7300033569336,112.62000274658203,110.70999908447266,112.26000213623047,13811600
2025-10-13,109.78490447998047,112.23999786376953,112.30000305175781,111.31999969482422,111.54000091552734,10296500
2025-10-14,109.83381652832031,112.29000091552734,112.95999908447266,110.70999908447266,110.76000213623047,11167200
2025-10-15,109.16868591308594,111.61000061035156,113.56999969482422,110.97000122070312,112.80000305175781,12182900
2025-10-16,108.21991729736328,110.63999938964844,112.19000244140625,110.38999938964844,111.87999725341797,11782200
2025-10-17,109.78490447998047,112.23999786376953,112.91000366210938,111.18000030517578,111.62999725341797,13460100
2025-10-20,110.2348403930664,112.69999694824219,113.1500015258789,111.9800033569336,112.0,9523600
2025-10-21,110.24462890625,112.70999908447266,113.36000061035156,111.98999786376953,112.88999938964844,9202300
2025-10-22,112.20088195800781,114.70999908447266,115.18000030517578,113.08000183105469,113.44999694824219,12938800
2025-10-23,113.44310760498047,115.9800033569336,116.8499984741211,115.36000061035156,116.62999725341797,15001100
2025-10-24,112.86600494384766,115.38999938964844,116.47000122070312,115.18000030517578,116.3499984741211,9919400
2025-10-27,113.40398406982422,115.94000244140625,115.98999786376953,115.0999984741211,115.69999694824219,10975400
2025-10-28,112.51387786865234,115.02999877929688,116.18000030517578,114.98999786376953,115.48999786376953,9535200
2025-10-29,113.90281677246094,116.44999694824219,117.05000305175781,114.80999755859375,114.91999816894531,12570600
2025-10-30,112.18132019042969,114.69000244140625,116.5199966430664,114.52999877929688,116.43000030517578,16172900
2025-10-31,111.85853576660156,114.36000061035156,115.2300033569336,112.62000274658203,113.9800033569336,20213400
2025-11-03,111.27166748046875,113.76000213623047,114.98999786376953,113.63999938964844,114.5,12290300
2025-11-04,111.64334869384766,114.13999938964844,114.3499984741211,112.51000213623047,113.37999725341797,16860700
2025-11-05,111.19341278076172,113.68000030517578,115.18000030517578,113.66999816894531,114.08999633789062,12400900
2025-11-06,111.9954833984375,114.5,114.94000244140625,113.63999938964844,113.63999938964844,14219700
2025-11-07,114.6559829711914,117.22000122070312,117.51000213623047,114.9000015258789,115.20999908447266,17181100
2025-11-10,115.63410949707031,118.22000122070312,118.44999694824219,115.45999908447266,117.44000244140625,13048000
2025-11-11,117.15998077392578,119.77999877929688,120.80999755859375,118.83000183105469,118.83000183105469,16077100
2025-11-12,115.53630065917969,118.12000274658203,119.27999877929688,117.79000091552734,119.0999984741211,13790900
2025-11-13,116.19164276123047,118.79000091552734,119.76000213623047,118.27999877929688,118.62999725341797,17291900
2025-11-14,117.70126342773438,119.29000091552734,119.4800033569336,116.66000366210938,118.44999694824219,17064300
2025-11-17,116.11270141601562,117.68000030517578,119.5,117.11000061035156,118.97000122070312,16034900
2025-11-18,117.4447250366211,119.02999877929688,119.4800033569336,116.4800033569336,117.26000213623047,15808500
2025-11-19,115.78709411621094,117.3499984741211,118.18000030517578,115.93000030517578,116.8499984741211,15919200
2025-11-20,115.46148681640625,117.0199966430664,119.01000213623047,116.73999786376953,117.9800033569336,14401000
2025-11-21,115.52069091796875,117.08000183105469,117.37999725341797,115.6500015258789,116.98999786376953,15667600
2025-11-24,114.42547607421875,115.97000122070312,117.19999694824219,114.73999786376953,117.19999694824219,18034900
2025-11-25,112.98491668701172,114.51000213623047,115.9000015258789,114.19000244140625,115.18000030517578,14434600
2025-11-26,113.241455078125,114.7699966430664,115.73999786376953,114.30999755859375,114.41000366210938,11650600
2025-11-28,114.37614440917969,115.91999816894531,118.73999786376953,114.81999969482422,114.94999694824219,7240800
2025-12-01,115.0766830444336,116.62999725341797,117.41000366210938,116.0999984741211,116.0999984741211,12658100
2025-12-02,113.84333038330078,115.37999725341797,116.5999984741211,114.69000244140625,116.44000244140625,14607700
2025-12-03,116.2311019897461,117.80000305175781,117.9800033569336,115.87999725341797,115.94999694824219,16819100
2025-12-04,115.57989501953125,117.13999938964844,118.33999633789062,116.66000366210938,117.5,13686900
2025-12-05,114.98788452148438,116.54000091552734,118.77999877929688,116.41000366210938,116.75,12516900
2025-12-08,114.43534851074219,115.9800033569336,117.0,115.04000091552734,115.83000183105469,14904200
2025-12-09,116.67510986328125,118.25,120.47000122070312,116.88999938964844,116.9000015258789,23790800
2025-12-10,117.94792938232422,119.54000091552734,119.87000274658203,118.37000274658203,118.7300033569336,19845200
2025-12-11,117.94792938232422,119.54000091552734,120.36000061035156,119.06999969482422,119.11000061035156,14781800
2025-12-12,117.23751831054688,118.81999969482422,119.91999816894531,118.30999755859375,119.44000244140625,14459500
2025-12-15,116.19164276123047,117.76000213623047,119.02999877929688,116.8499984741211,119.01000213623047,16358700
2025-12-16,113.15265655517578,114.68000030517578,116.83999633789062,114.61000061035156,116.7699966430664,17638700
2025-12-17,115.84630584716797,117.41000366210938,117.62000274658203,115.16999816894531,115.20999908447266,18502200
2025-12-18,114.98788452148438,116.54000091552734,116.98999786376953,115.62999725341797,116.98999786376953,13705600
2025-12-19,115.1358871459961,116.69000244140625,117.56999969482422,115.95999908447266,116.75,45412800
2025-12-22,116.5764389038086,118.1500015258789,118.45999908447266,117.33999633789062,117.33999633789062,11768600
2025-12-23,117.82952117919922,119.41999816894531,120.02999877929688,118.31999969482422,118.47000122070312,12567600
2025-12-24,117.63219451904297,119.22000122070312,120.05000305175781,119.12000274658203,119.33000183105469,6137400
2025-12-26,117.5236587524414,119.11000061035156,119.55000305175781,118.52999877929688,118.88999938964844,8066100
2025-12-29,118.92474365234375,120.52999877929688,121.30000305175781,119.4000015258789,120.1500015258789,14782500
2025-12-30,119.37861633300781,120.98999786376953,121.80000305175781,120.62999725341797,121.0999984741211,11150500
